profile_id,source_file,category,authored_components,component_groups,minimum_component_groups,all_groups_required,evidence_fields,render_gates,exact_terms,project_aliases,exact_has_korean,semantic_text_has_korean,component_groups_with_korean,all_component_groups_have_korean,exact_min_words,exact_max_words,all_exact_terms_10plus_words,exact_includes_complete_definition,paraphrases,contrasts,reject_substitutes,has_claim_limits,has_context_disambiguation,has_hard_activation,requires_component_evidence_for_discovery,has_core_assertion_discovery,has_affected_dimensions,has_affected_properties,requires_adult_context,runtime_mode,has_runtime_forbidden_labels,has_typed_visual_relation
inner_thigh_negative_space,photo_prompt_visual_obligations.json,pose_geometry,False,3,2,False,5,5,3,3,True,True,3,True,2,3,False,False,8,4,7,True,False,False,False,False,False,False,True,label_plus_definition,False,False
composite_overwhelmed_expression,photo_prompt_visual_obligations.json,composite_expression,False,3,2,False,9,7,3,0,True,True,3,True,1,1,False,False,6,3,5,True,False,False,False,False,False,False,True,definition_only,True,False
hands_free_supported_drink_load,photo_prompt_visual_obligations.json,support_mechanics,False,3,2,False,6,5,4,0,True,True,3,True,2,3,False,False,5,3,5,False,False,False,False,False,False,False,True,definition_with_optional_label,False,False
deliberate_underarm_salience,photo_prompt_visual_obligations.json,pose_salience,False,3,2,False,5,5,4,0,True,True,3,True,1,1,False,False,4,3,5,True,False,True,False,False,False,False,True,definition_with_optional_label,False,False
embodied_corruption_transition,photo_prompt_visual_obligations.json,state_transition,False,4,2,False,5,5,7,0,True,True,4,True,1,3,False,False,6,3,5,False,True,False,False,False,False,False,True,definition_with_optional_label,False,False
contained_affect_self_presentation,photo_prompt_visual_obligations.json,affective_self_presentation,False,3,3,True,5,7,3,0,True,True,3,True,1,1,False,False,4,4,6,True,True,True,False,False,False,False,True,definition_only,True,False
adult_mesugaki_status_play,photo_prompt_visual_obligations.json,behavioral_archetype,False,4,2,False,5,4,3,0,True,True,4,True,1,1,False,False,6,3,5,False,False,False,False,False,False,False,True,definition_only,True,False
yandere_affection_control_relation,photo_prompt_visual_obligations.json,behavioral_archetype,False,4,4,True,6,6,3,0,True,True,4,True,1,1,False,False,5,5,8,True,True,False,True,False,False,False,True,definition_only,True,False
kuudere_composed_warmth_relation,photo_prompt_visual_obligations.json,behavioral_archetype,False,8,5,False,8,8,7,0,True,True,8,True,1,2,False,False,5,6,13,False,True,False,False,False,False,False,True,definition_only,True,False
medium_native_glitch,photo_prompt_visual_obligations.json,media_failure_aesthetic,False,4,3,False,6,7,11,0,True,True,4,True,1,2,False,False,7,5,9,False,False,False,False,False,False,False,False,definition_with_optional_label,False,False
diegetic_reality_invariant_failure,photo_prompt_visual_obligations.json,world_invariant_failure,False,6,4,False,8,10,11,0,True,True,6,True,1,3,False,False,11,9,16,False,False,False,False,False,False,False,False,definition_with_optional_label,False,False
uncanny_coherence_mismatch,photo_prompt_visual_obligations.json,perceptual_coherence_mismatch,False,4,3,False,5,5,7,0,True,True,4,True,1,3,False,False,8,4,7,False,False,False,False,False,False,False,False,definition_with_optional_label,False,False
aircraft_pilot_operation,photo_prompt_visual_obligations.json,professional_role,False,4,3,False,5,5,8,0,True,True,4,True,1,2,False,False,4,4,7,True,True,True,False,False,False,False,True,label_plus_definition,False,False
cabin_crew_safety_role,photo_prompt_visual_obligations.json,professional_role,False,4,3,False,5,5,8,0,True,True,4,True,1,2,False,False,4,4,6,True,True,True,False,False,False,False,True,label_plus_definition,False,False
school_uniform_institutional_system,photo_prompt_visual_obligations.json,institutional_garment,False,4,3,False,5,5,5,0,True,True,4,True,1,2,False,False,4,4,6,False,True,False,False,False,False,False,False,definition_with_optional_label,False,False
one_piece_dress_construction,photo_prompt_visual_obligations.json,garment_construction,False,4,3,False,5,5,5,0,True,True,4,True,1,3,False,False,4,4,6,False,True,False,False,False,False,False,False,definition_with_optional_label,False,False
sheer_garment_optical_layering,photo_prompt_visual_obligations.json,material_optics,False,4,3,False,5,5,8,0,True,True,4,True,1,3,False,False,4,4,7,False,True,False,False,False,False,False,False,definition_with_optional_label,False,False
military_uniform_duty_system,photo_prompt_visual_obligations.json,institutional_garment,False,4,3,False,5,5,8,0,True,True,4,True,1,3,False,False,4,4,7,False,True,False,False,False,False,False,False,definition_with_optional_label,False,False
wearable_protective_armor_system,photo_prompt_visual_obligations.json,wearable_protective_system,False,4,3,False,5,5,9,0,True,True,4,True,1,3,False,False,4,4,8,False,True,False,False,False,False,False,False,definition_with_optional_label,False,False
commercial_appeal_revealing_armor,photo_prompt_visual_obligations.json,adult_fantasy_garment_mixin,False,5,4,False,6,7,9,4,True,True,5,True,2,3,False,False,4,4,8,False,True,False,False,False,False,False,True,definition_only,True,False
upper_lip_philtral_contour,photo_prompt_visual_obligations.json,facial_surface_landmark,False,4,3,False,4,4,7,0,True,True,4,True,1,2,False,False,3,3,4,False,False,False,False,False,False,False,False,label_plus_definition,False,False
clavicle_supraclavicular_hollow,photo_prompt_visual_obligations.json,upper_torso_surface_landmark,False,4,3,False,4,4,6,0,True,True,4,True,1,3,False,False,3,3,4,False,False,False,False,False,False,False,False,label_plus_definition,False,False
decolletage_neckline_exposure,photo_prompt_visual_obligations.json,adult_garment_body_boundary,False,4,3,False,4,4,6,0,True,True,4,True,1,1,False,False,3,3,4,False,False,False,False,False,False,False,True,label_plus_definition,False,False
lateral_waist_hip_contour_transition,photo_prompt_visual_obligations.json,adult_body_contour_relation,False,5,4,False,5,5,9,0,True,True,5,True,1,4,False,False,3,3,5,False,False,False,False,False,False,False,True,label_plus_definition,False,False
posterior_lumbosacral_landmarks,photo_prompt_visual_obligations.json,adult_posterior_surface_landmark,False,4,3,False,4,4,7,0,True,True,4,True,2,3,False,False,3,3,4,False,False,False,False,False,False,False,True,label_plus_definition,False,False
contrapposto_weight_shift,photo_prompt_visual_obligations.json,classical_pose_geometry,False,4,4,True,4,4,5,0,True,True,4,True,1,2,False,False,3,3,4,False,False,False,False,False,False,False,False,label_plus_definition,False,False
figura_serpentinata_spiral_pose,photo_prompt_visual_obligations.json,classical_pose_geometry,False,4,4,True,4,4,5,0,True,True,4,True,2,3,False,False,3,3,5,False,False,False,False,False,False,False,False,label_plus_definition,False,False
tribhanga_three_bend_pose,photo_prompt_visual_obligations.json,classical_pose_geometry,False,4,4,True,4,4,6,0,True,True,4,True,1,3,False,False,3,3,5,False,False,False,False,False,False,False,False,label_plus_definition,False,False
body_bounded_negative_space,photo_prompt_visual_obligations.json,body_composition_geometry,False,4,3,False,4,4,6,0,True,True,4,True,3,5,False,False,3,4,5,False,False,False,False,False,False,False,False,label_plus_definition,False,False
hogarth_waving_line_of_beauty,photo_prompt_visual_obligations.json,classical_composition_line,False,4,3,False,4,4,5,0,True,True,4,True,3,4,False,False,3,3,4,False,False,False,False,False,False,False,False,label_plus_definition,False,False
hogarth_serpentine_line_of_grace,photo_prompt_visual_obligations.json,classical_composition_line,False,4,4,True,4,4,5,0,True,True,4,True,3,4,False,False,3,3,4,False,False,False,False,False,False,False,False,label_plus_definition,False,False
hourglass_silhouette_relation,photo_prompt_visual_obligations.json,adult_silhouette_relation,False,5,4,False,5,5,6,0,True,True,5,True,2,3,False,False,3,3,5,False,False,False,False,False,False,False,True,label_plus_definition,False,False
slender_linear_build,photo_prompt_visual_obligations.json,adult_body_build_relation,False,4,4,True,4,4,5,0,True,True,4,True,2,3,False,False,3,3,5,True,False,False,False,False,False,False,True,label_plus_definition,False,False
soft_full_figure_volume,photo_prompt_visual_obligations.json,adult_body_build_relation,False,4,4,True,4,4,5,0,True,True,4,True,2,3,False,False,3,3,5,True,False,False,False,False,False,False,True,definition_only,True,False
curvilinear_figure_relation,photo_prompt_visual_obligations.json,adult_body_build_relation,False,4,4,True,4,4,6,0,True,True,4,True,2,3,False,False,3,3,5,False,False,False,False,False,False,False,True,label_plus_definition,False,False
toned_muscular_build,photo_prompt_visual_obligations.json,adult_body_build_relation,False,4,4,True,4,4,6,0,True,True,4,True,2,3,False,False,3,3,5,True,False,False,False,False,False,False,True,label_plus_definition,False,False
bust_prominence_relation,photo_prompt_visual_obligations.json,adult_regional_body_relation,False,4,4,True,4,4,7,0,True,True,4,True,2,4,False,False,3,3,5,True,False,False,False,False,False,False,True,definition_only,True,False
top_hourglass_silhouette_relation,photo_prompt_visual_obligations.json,adult_silhouette_relation,False,4,4,True,4,4,5,0,True,True,4,True,3,4,False,False,3,3,5,False,False,False,False,False,False,False,True,label_plus_definition,False,False
bottom_hourglass_silhouette_relation,photo_prompt_visual_obligations.json,adult_silhouette_relation,False,4,4,True,4,4,5,0,True,True,4,True,3,4,False,False,3,3,5,False,False,False,False,False,False,False,True,label_plus_definition,False,False
triangle_lower_body_dominant_relation,photo_prompt_visual_obligations.json,adult_silhouette_relation,False,4,4,True,4,4,7,0,True,True,4,True,2,4,False,False,3,3,5,False,False,False,False,False,False,False,True,label_plus_definition,False,False
spoon_high_hip_silhouette_relation,photo_prompt_visual_obligations.json,adult_silhouette_relation,False,4,4,True,4,4,6,0,True,True,4,True,2,3,False,False,3,3,5,False,False,False,False,False,False,False,True,label_plus_definition,False,False
rectangle_silhouette_relation,photo_prompt_visual_obligations.json,adult_silhouette_relation,False,4,4,True,4,4,6,0,True,True,4,True,2,3,False,False,3,3,5,False,False,False,False,False,False,False,True,label_plus_definition,False,False
inverted_triangle_upper_body_dominant_relation,photo_prompt_visual_obligations.json,adult_silhouette_relation,False,4,4,True,4,4,5,0,True,True,4,True,2,4,False,False,3,3,5,False,False,False,False,False,False,False,True,label_plus_definition,False,False
oval_central_torso_silhouette_relation,photo_prompt_visual_obligations.json,adult_silhouette_relation,False,4,4,True,4,4,7,0,True,True,4,True,2,4,False,False,3,3,5,True,False,False,False,False,False,False,True,label_plus_definition,False,False
diamond_central_torso_silhouette_relation,photo_prompt_visual_obligations.json,adult_silhouette_relation,False,4,4,True,4,4,6,0,True,True,4,True,2,4,False,False,3,3,5,True,False,False,False,False,False,False,True,label_plus_definition,False,False
achievement_reward_smile,photo_prompt_visual_obligations.json,context_bound_affect_display,False,4,4,True,4,4,4,0,True,True,4,True,3,4,False,False,3,4,7,False,False,False,True,False,False,False,True,label_plus_definition,False,False
affiliative_reassurance_smile,photo_prompt_visual_obligations.json,context_bound_affect_display,False,4,4,True,4,4,4,0,True,True,4,True,3,4,False,False,3,4,5,False,False,False,True,False,False,False,True,label_plus_definition,False,False
decision_uncertainty_display,photo_prompt_visual_obligations.json,context_bound_affect_display,False,5,5,True,5,5,4,0,True,True,5,True,3,4,False,False,3,4,7,False,False,False,True,False,False,False,True,label_plus_definition,False,False
embarrassment_repair_display,photo_prompt_visual_obligations.json,context_bound_affect_display,False,4,4,True,4,4,4,0,True,True,4,True,3,5,False,False,3,4,5,False,False,False,True,False,False,False,True,label_plus_definition,False,False
verified_safety_relief,photo_prompt_visual_obligations.json,context_bound_affect_display,False,4,4,True,5,4,4,0,True,True,4,True,2,4,False,False,3,4,8,False,False,False,True,False,False,False,True,label_plus_definition,False,False
self_possessed_sensual_presence,photo_prompt_visual_obligations.json,adult_appeal_relational_display,False,4,4,True,4,4,4,0,True,True,4,True,2,4,False,False,3,4,6,False,False,False,True,False,False,False,True,definition_only,True,False
target_directed_seductive_display,photo_prompt_visual_obligations.json,adult_appeal_relational_display,False,4,4,True,4,4,4,0,True,True,4,True,3,4,False,False,3,4,6,False,False,False,True,False,False,False,True,definition_only,True,False
playful_flirtation_interaction,photo_prompt_visual_obligations.json,adult_appeal_relational_display,False,4,4,True,4,4,4,0,True,True,4,True,3,3,False,False,3,4,7,False,False,False,True,False,False,False,True,definition_only,True,False
controlled_languid_movement_display,photo_prompt_visual_obligations.json,adult_motion_display,False,4,4,True,4,4,4,0,True,True,4,True,3,4,False,False,3,4,7,False,False,False,True,False,False,False,True,definition_only,True,False
decadent_languor_environment,photo_prompt_visual_obligations.json,adult_environmental_appeal_display,False,4,4,True,4,4,4,0,True,True,4,True,3,4,False,False,3,4,7,False,False,False,True,False,False,False,True,definition_only,True,False
oval_face_contour_relation,photo_prompt_visual_obligations.json,facial_shape_relation,False,5,5,True,5,5,8,0,True,True,5,True,1,3,False,False,3,4,6,False,False,False,True,False,False,False,False,label_plus_definition,False,False
round_compact_face_relation,photo_prompt_visual_obligations.json,facial_shape_relation,False,5,5,True,5,5,6,0,True,True,5,True,1,3,False,False,3,4,6,False,False,False,True,False,False,False,False,label_plus_definition,False,False
oblong_elongated_face_relation,photo_prompt_visual_obligations.json,facial_shape_relation,False,5,5,True,5,5,7,0,True,True,5,True,1,4,False,False,3,4,6,False,False,False,True,False,False,False,False,label_plus_definition,False,False
square_face_contour_relation,photo_prompt_visual_obligations.json,facial_shape_relation,False,5,5,True,5,5,6,0,True,True,5,True,1,3,False,False,3,4,6,False,False,False,True,False,False,False,False,label_plus_definition,False,False
rectangular_face_contour_relation,photo_prompt_visual_obligations.json,facial_shape_relation,False,5,5,True,5,5,7,0,True,True,5,True,1,4,False,False,3,4,6,False,False,False,True,False,False,False,False,label_plus_definition,False,False
triangle_lower_face_dominant_relation,photo_prompt_visual_obligations.json,facial_shape_relation,False,5,5,True,5,5,7,0,True,True,5,True,1,3,False,False,3,4,6,False,False,False,True,False,False,False,False,definition_with_optional_label,False,False
diamond_zygomatic_dominant_relation,photo_prompt_visual_obligations.json,facial_shape_relation,False,5,5,True,5,5,6,0,True,True,5,True,1,3,False,False,3,4,6,False,False,False,True,False,False,False,False,label_plus_definition,False,False
upper_face_to_chin_taper_relation,photo_prompt_visual_obligations.json,facial_shape_relation,False,5,5,True,5,5,7,0,True,True,5,True,1,4,False,False,3,4,6,False,False,False,True,False,False,False,False,definition_with_optional_label,False,False
v_tapered_lower_face_relation,photo_prompt_visual_obligations.json,facial_shape_relation,False,5,5,True,5,5,8,0,True,True,5,True,1,3,False,False,3,4,6,False,False,False,True,False,False,False,False,definition_only,True,False
u_rounded_lower_face_relation,photo_prompt_visual_obligations.json,facial_shape_relation,False,5,5,True,5,5,8,0,True,True,5,True,1,3,False,False,3,4,6,False,False,False,True,False,False,False,False,definition_only,True,False
cjk_seed_face_relation,photo_prompt_visual_obligations.json,facial_shape_relation,False,5,5,True,5,5,6,0,True,True,5,True,1,4,False,False,3,4,6,False,False,False,True,False,False,False,False,definition_only,True,False
no_makeup_makeup_layering,photo_prompt_visual_obligations.json,makeup_layer_balance,False,4,4,True,4,4,6,0,True,True,4,True,2,3,False,False,3,4,5,False,False,False,True,False,False,False,False,definition_only,True,False
smoky_eye_diffused_gradient,photo_prompt_visual_obligations.json,eye_makeup_geometry,False,4,4,True,4,4,6,0,True,True,4,True,2,3,False,False,3,4,5,False,False,False,True,False,False,False,False,label_plus_definition,False,False
cut_crease_lid_separation,photo_prompt_visual_obligations.json,eye_makeup_geometry,False,4,4,True,4,4,5,0,True,True,4,True,2,3,False,False,3,4,5,False,False,False,True,False,False,False,False,label_plus_definition,False,False
graphic_negative_space_eyeliner,photo_prompt_visual_obligations.json,eye_makeup_geometry,False,4,4,True,4,4,5,0,True,True,4,True,2,3,False,False,3,4,5,False,False,False,True,False,False,False,False,label_plus_definition,False,False
glass_skin_specular_diffuse_balance,photo_prompt_visual_obligations.json,complexion_optics,False,4,4,True,4,4,5,0,True,True,4,True,2,3,False,False,3,4,5,False,False,False,True,False,False,False,False,definition_only,True,False
gradient_lip_center_distribution,photo_prompt_visual_obligations.json,lip_color_distribution,False,4,4,True,4,4,5,0,True,True,4,True,2,3,False,False,3,4,5,False,False,False,True,False,False,False,False,label_plus_definition,False,False
sunburn_blush_cross_face_distribution,photo_prompt_visual_obligations.json,cheek_color_distribution,False,4,4,True,4,4,5,0,True,True,4,True,2,3,False,False,3,4,5,False,False,False,True,False,False,False,False,definition_only,True,False
contour_highlight_cosmetic_sculpting,photo_prompt_visual_obligations.json,cosmetic_plane_sculpting,False,4,4,True,4,4,5,0,True,True,4,True,2,4,False,False,3,4,5,False,False,False,True,False,False,False,False,label_plus_definition,False,False
two_block_disconnected_cut,photo_prompt_visual_obligations.json,hair_cut_structure,False,5,5,True,5,5,5,0,True,True,5,True,2,3,False,False,3,4,5,False,False,False,True,False,False,False,False,label_plus_definition,False,False
hime_cut_structural,photo_prompt_visual_obligations.json,hair_cut_structure,False,5,5,True,5,5,5,0,True,True,5,True,1,3,False,False,3,4,5,False,False,False,True,False,False,False,False,label_plus_definition,False,False
cornrow_scalp_row_topology,photo_prompt_visual_obligations.json,hair_braid_topology,False,5,5,True,5,5,5,0,True,True,5,True,1,2,False,False,3,4,5,False,False,False,True,False,False,False,False,label_plus_definition,False,False
locs_cord_structure,photo_prompt_visual_obligations.json,hair_lock_topology,False,5,5,True,5,5,6,0,True,True,5,True,1,2,False,False,3,4,5,False,False,False,True,False,False,False,False,definition_with_optional_label,True,False
bilateral_twin_tail_gather,photo_prompt_visual_obligations.json,hair_arrangement_topology,False,5,5,True,5,5,5,0,True,True,5,True,2,3,False,False,3,4,5,False,False,False,True,False,False,False,False,label_plus_definition,False,False
balayage_ribbon_color_placement,photo_prompt_visual_obligations.json,hair_color_placement,False,5,5,True,5,5,5,0,True,True,5,True,1,3,False,False,3,4,5,False,False,False,True,False,False,False,False,label_plus_definition,False,False
wet_damp_clumped_hair_state,photo_prompt_visual_obligations.json,hair_finish_state,False,5,5,True,5,5,6,0,True,True,5,True,2,3,False,False,3,4,5,False,False,False,True,False,False,False,False,label_plus_definition,False,False
restrained_polished_natural_makeup_balance,photo_prompt_visual_obligations.json,makeup_layer_balance,False,8,8,True,8,8,6,0,True,True,8,True,4,4,False,False,3,5,6,False,False,False,True,False,False,False,False,definition_only,True,False
necromancer_dead_causality,photo_prompt_visual_obligations.json,supernatural_dead_relation,False,5,4,False,5,5,6,0,True,True,5,True,1,2,False,False,3,5,6,False,True,False,True,False,False,False,False,label_plus_definition,False,False
human_ghost_identity_breach,photo_prompt_visual_obligations.json,disembodied_dead_presence,False,4,3,False,4,5,6,0,True,True,4,True,1,2,False,False,3,6,6,False,True,False,True,False,False,False,False,label_plus_definition,False,False
korean_afterlife_guide_escort,photo_prompt_visual_obligations.json,culture_bounded_afterlife_role,False,5,4,False,5,5,5,0,True,True,5,True,1,3,False,False,3,5,6,False,True,False,True,False,False,False,False,label_plus_definition,False,False
western_death_personification,photo_prompt_visual_obligations.json,mortality_personification,False,4,3,False,4,5,6,0,True,True,4,True,2,4,False,False,3,6,6,False,True,False,True,False,False,False,False,label_plus_definition,False,False
fictional_human_remains_inert_dignity,photo_prompt_visual_obligations.json,fictional_human_remains,False,5,4,False,5,5,7,0,True,True,5,True,1,3,False,False,3,6,6,False,True,False,True,False,False,False,False,label_plus_definition,False,False
qipao_standing_collar_diagonal_closure_system,photo_prompt_visual_obligations.json,culture_bounded_garment_system,False,5,4,False,5,5,4,0,True,True,5,True,1,1,False,False,3,4,6,False,True,False,True,False,False,False,False,definition_with_optional_label,False,False
kebaya_front_open_blouse_sarong_system,photo_prompt_visual_obligations.json,culture_bounded_garment_system,False,5,4,False,5,5,2,0,True,True,5,True,1,1,False,False,3,4,6,False,True,False,True,False,False,False,False,definition_with_optional_label,False,False
nivi_sari_continuous_pleat_pallu_system,photo_prompt_visual_obligations.json,culture_bounded_garment_system,False,5,4,False,5,5,5,0,True,True,5,True,2,2,False,False,3,4,6,False,True,False,True,False,False,False,False,definition_with_optional_label,False,False
andean_poncho_central_opening_panel_system,photo_prompt_visual_obligations.json,culture_bounded_garment_system,False,5,4,False,5,5,4,0,True,True,5,True,2,2,False,False,3,4,6,False,True,False,True,False,False,False,False,definition_with_optional_label,False,False
west_african_grand_boubou_volume_system,photo_prompt_visual_obligations.json,culture_bounded_garment_system,False,5,4,False,5,5,5,0,True,True,5,True,2,4,False,False,3,4,6,False,True,False,True,False,False,False,False,definition_with_optional_label,False,False
biological_human_clone_provenance,photo_prompt_visual_obligations.json,biological_origin_relation,False,5,4,False,5,5,8,0,True,True,5,True,1,3,False,False,4,4,6,False,True,False,True,False,False,False,False,definition_with_optional_label,False,False
human_cellular_chimera_lineage,photo_prompt_visual_obligations.json,cellular_origin_composition,False,5,4,False,5,5,7,0,True,True,5,True,2,3,False,False,4,4,6,False,True,False,True,False,False,False,False,definition_with_optional_label,False,False
anthrobot_microscopic_ciliated_biobot,photo_prompt_visual_obligations.json,microscopic_living_biorobot,False,5,4,False,5,5,6,0,True,True,5,True,1,2,False,False,4,4,6,False,False,False,True,False,False,False,False,label_plus_definition,False,False
human_digital_twin_bidirectional_sync,photo_prompt_visual_obligations.json,referent_synchronization_relation,False,5,5,True,5,5,7,0,True,True,5,True,3,4,False,False,4,4,6,False,True,False,True,False,False,False,False,label_plus_definition,False,False
biohybrid_robot_living_synthetic_integration,photo_prompt_visual_obligations.json,living_synthetic_integration,False,5,4,False,5,5,7,0,True,True,5,True,2,3,False,False,4,4,6,False,True,False,True,False,False,False,False,label_plus_definition,False,False
low_brand_prominence_material_luxury,photo_prompt_visual_obligations.json,luxury_visual_grammar,False,4,4,True,4,5,5,0,True,True,4,True,2,2,False,False,2,4,5,False,False,False,True,False,False,False,False,label_plus_definition,False,False
conspicuous_original_house_code_display,photo_prompt_visual_obligations.json,luxury_visual_grammar,False,4,4,True,4,5,5,0,True,True,4,True,2,2,False,False,2,4,5,False,False,False,True,False,False,False,False,definition_only,True,False
couture_atelier_individual_construction,photo_prompt_visual_obligations.json,luxury_craft_process,False,4,4,True,4,5,5,0,True,True,4,True,2,3,False,False,2,4,5,False,False,False,True,False,False,False,False,label_plus_definition,False,False
bespoke_tailoring_individual_pattern,photo_prompt_visual_obligations.json,luxury_craft_process,False,4,4,True,4,5,4,0,True,True,4,True,2,3,False,False,2,4,4,False,False,False,True,False,False,False,False,label_plus_definition,False,False
heritage_travel_object_construction,photo_prompt_visual_obligations.json,luxury_object_construction,False,4,4,True,4,5,5,0,True,True,4,True,2,3,False,False,2,4,5,False,False,False,True,False,False,False,False,definition_only,True,False
high_jewelry_setting_integration,photo_prompt_visual_obligations.json,luxury_object_construction,False,4,4,True,4,5,5,0,True,True,4,True,2,2,False,False,2,4,5,False,False,False,True,False,False,False,False,label_plus_definition,False,False
fine_watchmaking_mechanical_finishing,photo_prompt_visual_obligations.json,luxury_object_construction,False,4,4,True,4,5,4,0,True,True,4,True,2,2,False,False,2,4,5,False,False,False,True,False,False,False,False,label_plus_definition,False,False
private_client_service_interaction,photo_prompt_visual_obligations.json,luxury_service_interaction,False,4,4,True,4,5,5,0,True,True,4,True,3,3,False,False,2,4,6,False,False,False,True,False,False,False,False,definition_only,True,False
button_down_collar_fastening,photo_prompt_visual_obligations.json,garment_collar_closure_topology,False,5,5,True,5,5,7,0,True,True,5,True,2,4,False,False,3,4,5,False,False,False,True,False,False,False,False,label_plus_definition,False,False
cold_shoulder_cutout_topology,photo_prompt_visual_obligations.json,garment_shoulder_sleeve_topology,False,5,5,True,5,5,9,0,True,True,5,True,2,3,False,False,3,4,5,False,False,False,True,False,False,False,False,label_plus_definition,False,False
wrap_front_overlap_closure,photo_prompt_visual_obligations.json,garment_front_closure_topology,False,5,5,True,5,5,10,0,True,True,5,True,2,3,False,False,3,4,5,False,False,False,True,False,False,False,False,label_plus_definition,False,False
bifurcated_one_piece_jumpsuit,photo_prompt_visual_obligations.json,garment_one_piece_bifurcated_topology,False,5,5,True,5,5,12,0,True,True,5,True,1,2,False,False,3,4,5,False,False,False,True,False,False,False,False,label_plus_definition,False,False
culotte_cropped_wide_leg_topology,photo_prompt_visual_obligations.json,garment_trouser_leg_topology,False,5,5,True,5,5,10,0,True,True,5,True,1,2,False,False,3,4,5,False,False,False,True,False,False,False,False,label_plus_definition,False,False
gayageum_movable_bridge_pluck_press,photo_prompt_visual_obligations.json,instrument_korean_bridge_zither,False,5,5,True,5,5,6,0,True,True,5,True,1,2,False,False,2,4,5,False,False,False,True,False,False,False,False,label_plus_definition,False,False
geomungo_fretted_suldae_zither,photo_prompt_visual_obligations.json,instrument_korean_fretted_zither,False,5,5,True,5,5,6,0,True,True,5,True,1,2,False,False,2,4,5,False,False,False,True,False,False,False,False,label_plus_definition,False,False
alto_tenor_saxophone_reed_conical_body,photo_prompt_visual_obligations.json,instrument_single_reed_keyed_wind,False,5,5,True,5,5,8,0,True,True,5,True,2,3,False,False,2,4,5,False,False,False,True,False,False,False,False,label_plus_definition,False,False
modern_piston_trumpet_three_valve,photo_prompt_visual_obligations.json,instrument_lip_reed_valved_brass,False,5,5,True,5,5,9,0,True,True,5,True,1,2,False,False,2,4,5,False,False,False,True,False,False,False,False,label_plus_definition,False,False
cello_endpin_seated_bowed,photo_prompt_visual_obligations.json,instrument_bowed_string_floor_supported,False,5,5,True,5,5,7,0,True,True,5,True,1,2,False,False,2,4,5,False,False,False,True,False,False,False,False,label_plus_definition,False,False
double_bass_human_scale_floor_supported,photo_prompt_visual_obligations.json,instrument_bowed_string_human_scale,False,5,5,True,5,5,8,0,True,True,5,True,1,3,False,False,2,4,5,False,False,False,True,False,False,False,False,label_plus_definition,False,False
vibraphone_metal_bars_motor_pedal,photo_prompt_visual_obligations.json,instrument_keyboard_percussion_metal,False,5,5,True,5,5,6,0,True,True,5,True,1,2,False,False,2,4,5,False,False,False,True,False,False,False,False,label_plus_definition,False,False
xylophone_wooden_bar_resonator,photo_prompt_visual_obligations.json,instrument_keyboard_percussion_wood,False,5,5,True,5,5,6,0,True,True,5,True,1,2,False,False,2,4,5,False,False,False,True,False,False,False,False,label_plus_definition,False,False
theremin_dual_antenna_noncontact,photo_prompt_visual_obligations.json,instrument_electronic_noncontact_control,False,5,5,True,5,5,7,0,True,True,5,True,1,2,False,False,2,4,5,False,False,False,True,False,False,False,False,label_plus_definition,False,False
midi_controller_external_sound_source,photo_prompt_visual_obligations.json,instrument_digital_control_interface,False,5,5,True,5,5,9,0,True,True,5,True,2,3,False,False,2,4,5,False,False,False,True,False,False,False,False,label_plus_definition,False,False
rapier_acute_point_elaborate_guard,photo_prompt_visual_obligations.json,weapon_edged_thrusting_sword_morphology,False,5,5,True,5,5,9,0,True,True,5,True,1,3,False,False,2,4,5,False,False,False,True,False,False,False,False,label_plus_definition,False,False
halberd_axe_point_rear_spike,photo_prompt_visual_obligations.json,weapon_polearm_composite_head_morphology,False,5,5,True,5,5,6,0,True,True,5,True,1,2,False,False,2,4,5,False,False,False,True,False,False,False,False,label_plus_definition,False,False
compound_bow_cam_cable_system,photo_prompt_visual_obligations.json,weapon_archery_compound_bow_morphology,False,5,5,True,5,5,8,0,True,True,5,True,1,3,False,False,2,4,5,False,False,False,True,False,False,False,False,label_plus_definition,False,False
crossbow_stock_prod_release_system,photo_prompt_visual_obligations.json,weapon_archery_crossbow_morphology,False,5,5,True,5,5,8,0,True,True,5,True,1,2,False,False,2,4,5,False,False,False,True,False,False,False,False,label_plus_definition,False,False
revolver_chambered_cylinder_system,photo_prompt_visual_obligations.json,weapon_firearm_revolver_external_morphology,False,5,5,True,5,5,8,0,True,True,5,True,1,2,False,False,2,4,5,False,False,False,True,False,False,False,False,label_plus_definition,False,False
ground_mortar_tube_bipod_baseplate_system,photo_prompt_visual_obligations.json,weapon_crew_served_ground_mortar_morphology,False,5,5,True,5,5,9,0,True,True,5,True,1,3,False,False,2,4,5,False,False,False,True,False,False,False,False,label_plus_definition,False,False
wuxia_rooftop_qinggong_traversal,photo_prompt_visual_obligations.json,wuxia_qinggong_rooftop_spatial_relation,False,5,5,True,5,5,6,0,True,True,5,True,3,4,False,False,2,5,5,False,False,False,True,False,False,False,True,label_plus_definition,False,False
wuxia_bamboo_forest_aerial_duel,photo_prompt_visual_obligations.json,wuxia_bamboo_duel_two_actor_spatial_relation,False,5,5,True,5,5,6,0,True,True,5,True,4,5,False,False,2,5,5,False,False,False,True,False,False,False,True,label_plus_definition,False,False
jianghu_inn_identity_standoff,photo_prompt_visual_obligations.json,wuxia_jianghu_inn_multifaction_standoff_relation,False,5,5,True,5,5,6,0,True,True,5,True,4,5,False,False,2,5,5,False,False,False,True,False,False,False,True,label_plus_definition,False,False
formal_biwu_reciprocal_salute_standoff,photo_prompt_visual_obligations.json,wuxia_biwu_two_actor_precontact_relation,False,5,5,True,5,5,6,0,True,True,5,True,3,5,False,False,2,5,5,False,False,False,True,False,False,False,True,label_plus_definition,False,False
xia_protective_intervention_event,photo_prompt_visual_obligations.json,wuxia_xia_three_role_protective_event,False,5,5,True,5,5,6,0,True,True,5,True,3,4,False,False,2,5,5,False,False,False,True,False,False,False,True,label_plus_definition,False,False
biaoju_guarded_cargo_departure,photo_prompt_visual_obligations.json,wuxia_biaoju_escort_cargo_institution_relation,False,5,5,True,5,5,6,0,True,True,5,True,3,5,False,False,2,5,5,False,False,False,True,False,False,False,True,label_plus_definition,False,False
fantasy_portal_two_world_threshold,photo_prompt_visual_obligations.json,fantasy_threshold_relation,False,5,5,True,5,5,8,0,True,True,5,True,1,2,False,False,2,4,5,False,False,False,True,False,False,False,False,label_plus_definition,False,False
summoner_distinct_entity_arrival,photo_prompt_visual_obligations.json,fantasy_summoning_causal_relation,False,5,5,True,5,5,8,0,True,True,5,True,1,3,False,False,2,4,5,False,False,False,True,False,False,False,False,label_plus_definition,False,False
alchemist_material_transmutation_process,photo_prompt_visual_obligations.json,fantasy_alchemy_process_relation,False,5,5,True,5,5,7,0,True,True,5,True,1,3,False,False,2,4,5,False,False,False,True,False,False,False,False,label_plus_definition,False,False
golem_constructed_material_agency,photo_prompt_visual_obligations.json,fantasy_construct_material_agency,False,5,5,True,5,5,8,0,True,True,5,True,1,2,False,False,2,4,5,False,False,False,True,False,False,False,False,label_plus_definition,False,False
living_armor_hollow_articulated_agency,photo_prompt_visual_obligations.json,fantasy_living_armor_agency,False,5,5,True,5,5,7,0,True,True,5,True,1,2,False,False,2,4,5,False,False,False,True,False,False,False,False,label_plus_definition,False,False
wyvern_two_leg_wing_tail_topology,photo_prompt_visual_obligations.json,fantasy_creature_topology,False,5,5,True,5,5,6,0,True,True,5,True,1,2,False,False,2,4,5,False,False,False,True,False,False,False,False,label_plus_definition,False,False
griffin_eagle_lion_topology,photo_prompt_visual_obligations.json,fantasy_creature_topology,False,5,5,True,5,5,6,0,True,True,5,True,1,1,False,False,2,4,5,False,False,False,True,False,False,False,False,label_plus_definition,False,False
hippogriff_eagle_horse_topology,photo_prompt_visual_obligations.json,fantasy_creature_topology,False,5,5,True,5,5,5,0,True,True,5,True,1,1,False,False,2,4,5,False,False,False,True,False,False,False,False,label_plus_definition,False,False
hydra_multi_neck_single_body,photo_prompt_visual_obligations.json,fantasy_creature_topology,False,5,5,True,5,5,7,0,True,True,5,True,1,2,False,False,2,4,5,False,False,False,True,False,False,False,False,label_plus_definition,False,False
phoenix_rebirth_causal_cycle,photo_prompt_visual_obligations.json,fantasy_rebirth_causal_relation,False,5,5,True,5,5,7,0,True,True,5,True,1,4,False,False,2,4,5,False,False,False,True,False,False,False,False,label_plus_definition,False,False
familiar_practitioner_reciprocal_bond,photo_prompt_visual_obligations.json,fantasy_familiar_relation,False,5,5,True,5,5,8,0,True,True,5,True,1,2,False,False,2,4,5,False,False,False,True,False,False,False,False,label_plus_definition,False,False
magic_circle_local_rule_boundary,photo_prompt_visual_obligations.json,fantasy_bounded_magic_relation,False,5,5,True,5,5,7,0,True,True,5,True,1,3,False,False,2,4,5,False,False,False,True,False,False,False,False,label_plus_definition,False,False
racerback_sports_bra_strap_convergence,photo_prompt_visual_obligations.json,activewear_back_strap_topology,False,5,5,True,5,5,4,0,True,True,5,True,2,3,False,False,3,5,5,False,False,False,True,False,False,False,False,label_plus_definition,False,False
longline_sports_bra_extended_underband,photo_prompt_visual_obligations.json,activewear_bra_length_topology,False,5,5,True,5,5,4,0,True,True,5,True,2,3,False,False,3,5,5,False,False,False,True,False,False,False,False,label_plus_definition,False,False
encapsulated_sports_bra_separate_cups,photo_prompt_visual_obligations.json,activewear_bra_cup_topology,False,5,5,True,5,5,3,0,True,True,5,True,2,3,False,False,3,5,5,False,False,False,True,False,False,False,False,label_plus_definition,False,False
two_in_one_running_shorts_dual_layer,photo_prompt_visual_obligations.json,activewear_short_layer_topology,False,5,5,True,5,5,5,0,True,True,5,True,2,3,False,False,3,5,5,False,False,False,True,False,False,False,False,label_plus_definition,False,False
split_running_shorts_side_opening,photo_prompt_visual_obligations.json,activewear_short_side_topology,False,5,5,True,5,5,4,0,True,True,5,True,3,3,False,False,3,5,5,False,False,False,True,False,False,False,False,label_plus_definition,False,False
active_skort_outer_skirt_inner_shorts,photo_prompt_visual_obligations.json,activewear_skirt_short_layer_topology,False,5,5,True,5,5,7,0,True,True,5,True,2,2,False,False,3,5,5,False,False,False,True,False,False,False,False,label_plus_definition,False,False
exercise_dress_integrated_short_liner,photo_prompt_visual_obligations.json,activewear_dress_liner_topology,False,5,5,True,5,5,4,0,True,True,5,True,4,5,False,False,3,5,5,False,False,False,True,False,False,False,False,label_plus_definition,False,False
cycling_bib_shorts_strap_pad_continuity,photo_prompt_visual_obligations.json,activewear_cycling_bib_topology,False,5,5,True,5,5,4,0,True,True,5,True,3,3,False,False,3,5,5,False,False,False,True,False,False,False,False,label_plus_definition,False,False
unitard_upper_crotch_leg_continuity,photo_prompt_visual_obligations.json,activewear_one_piece_leg_topology,False,5,5,True,5,5,6,0,True,True,5,True,2,2,False,False,3,5,5,False,False,False,True,False,False,False,False,label_plus_definition,False,False
stirrup_leggings_underfoot_loop,photo_prompt_visual_obligations.json,activewear_leg_hem_foot_topology,False,5,5,True,5,5,4,0,True,True,5,True,2,2,False,False,3,5,5,False,False,False,True,False,False,False,False,label_plus_definition,False,False
clinical_nursing_duty_system,photo_prompt_visual_obligations.json,professional_role,False,4,3,False,5,5,6,0,True,True,4,True,1,4,False,False,2,3,5,True,True,True,True,False,False,False,True,definition_with_optional_label,False,False
police_public_safety_duty_system,photo_prompt_visual_obligations.json,professional_role,False,4,3,False,5,5,6,0,True,True,4,True,1,4,False,False,2,3,5,True,True,True,True,False,False,False,True,definition_with_optional_label,False,False
firefighter_protective_response_system,photo_prompt_visual_obligations.json,professional_role,False,4,3,False,5,5,6,0,True,True,4,True,1,4,False,False,2,3,5,True,True,True,True,False,False,False,True,definition_with_optional_label,False,False
emergency_medical_transport_system,photo_prompt_visual_obligations.json,professional_role,False,4,3,False,5,5,6,0,True,True,4,True,1,5,False,False,2,3,5,True,True,True,True,False,False,False,True,definition_with_optional_label,False,False
maritime_safety_coast_guard_role,photo_prompt_visual_obligations.json,professional_role,False,4,3,False,5,5,6,0,True,True,4,True,1,5,False,False,2,3,5,True,True,True,True,False,False,False,True,definition_with_optional_label,False,False
rail_driver_operation,photo_prompt_visual_obligations.json,professional_role,False,4,3,False,5,5,6,0,True,True,4,True,2,5,False,False,2,3,5,True,True,True,True,False,False,False,True,definition_with_optional_label,False,False
rail_platform_dispatch_operation,photo_prompt_visual_obligations.json,professional_role,False,4,3,False,5,5,6,0,True,True,4,True,2,5,False,False,2,3,5,True,True,True,True,False,False,False,True,definition_with_optional_label,False,False
private_security_access_control,photo_prompt_visual_obligations.json,professional_role,False,4,3,False,5,5,6,0,True,True,4,True,1,5,False,False,2,3,5,True,True,True,True,False,False,False,True,definition_with_optional_label,False,False
old_growth_forest_multilayer_deadwood_structure,photo_prompt_visual_obligations.json,natural_environment_forest_structure,False,4,4,True,4,5,2,0,True,True,0,False,2,3,False,False,1,2,5,False,False,False,True,False,False,False,False,label_plus_definition,False,False
wetland_hydrology_soil_vegetation_mosaic,photo_prompt_visual_obligations.json,natural_environment_wetland_hydrology,False,4,4,True,4,5,2,0,True,True,0,False,4,4,False,False,1,2,5,False,False,False,True,False,False,False,False,label_plus_definition,False,False
intertidal_high_low_exposure_zonation,photo_prompt_visual_obligations.json,natural_environment_coastal_zonation,False,4,4,True,4,5,2,0,True,True,0,False,3,3,False,False,1,2,5,False,False,False,True,False,False,False,False,label_plus_definition,False,False
karst_closed_depression_losing_stream_resurgence,photo_prompt_visual_obligations.json,natural_environment_karst_drainage,False,4,4,True,4,5,2,0,True,True,0,False,4,4,False,False,1,2,5,False,False,False,True,False,False,False,False,label_plus_definition,False,False
active_glacier_flow_valley_moraine_system,photo_prompt_visual_obligations.json,natural_environment_glacial_landform,False,4,4,True,4,5,2,0,True,True,0,False,4,4,False,False,1,2,5,False,False,False,True,False,False,False,False,label_plus_definition,False,False
aeolian_dune_stoss_crest_slipface_transport,photo_prompt_visual_obligations.json,natural_environment_aeolian_landform,False,4,4,True,4,5,2,0,True,True,0,False,3,4,False,False,1,2,5,False,False,False,True,False,False,False,False,label_plus_definition,False,False
cumulonimbus_tower_anvil_precipitation_outflow,photo_prompt_visual_obligations.json,natural_environment_convective_cloud_structure,False,4,4,True,4,5,2,0,True,True,0,False,4,4,False,False,1,2,5,False,False,False,True,False,False,False,False,label_plus_definition,False,False
alpine_treeline_forest_krummholz_tundra_gradient,photo_prompt_visual_obligations.json,natural_environment_alpine_ecotone,False,4,4,True,4,5,2,0,True,True,0,False,4,4,False,False,1,2,5,False,False,False,True,False,False,False,False,label_plus_definition,False,False
oneiric_dream_logic_discontinuity,photo_prompt_visual_obligations.json,oneiric_spatial_discontinuity,False,5,5,True,5,5,6,0,True,True,5,True,2,3,False,False,3,6,6,False,False,False,True,False,False,False,False,label_plus_definition,False,False
ambiguous_figure_ground_dual_read,photo_prompt_visual_obligations.json,reversible_figure_ground_perception,False,5,5,True,5,5,6,0,True,True,5,True,2,2,False,False,3,6,6,False,False,False,True,False,False,False,False,label_plus_definition,False,False
impossible_object_global_connection,photo_prompt_visual_obligations.json,globally_impossible_local_topology,False,5,5,True,5,5,6,0,True,True,5,True,2,2,False,False,3,6,6,False,False,False,True,False,False,False,False,label_plus_definition,False,False
liminal_transition_use_gap,photo_prompt_visual_obligations.json,between_use_transition_place,False,5,5,True,5,5,6,0,True,True,5,True,2,3,False,False,3,6,6,False,False,False,True,False,False,False,False,label_plus_definition,False,False
magical_realism_matter_of_fact_anomaly,photo_prompt_visual_obligations.json,ordinary_reality_naturalized_impossibility,False,5,5,True,5,5,6,0,True,True,5,True,2,3,False,False,3,6,6,False,False,False,True,False,False,False,False,label_plus_definition,False,False
mirror_reflection_action_mismatch,photo_prompt_visual_obligations.json,aligned_reflection_behavior_breach,False,5,5,True,5,5,7,0,True,True,5,True,2,4,False,False,3,6,6,False,False,False,True,False,False,False,False,label_plus_definition,False,False
face_pareidolia_embedded_nonface_pattern,photo_prompt_visual_obligations.json,face_like_pattern_in_nonface_substrate,False,5,5,True,5,5,6,0,True,True,5,True,2,4,False,False,3,6,6,False,False,False,True,False,False,False,False,label_plus_definition,False,False
continuous_metamorphosis_source_target_bridge,photo_prompt_visual_obligations.json,single_subject_contiguous_transformation,False,5,5,True,5,5,7,0,True,True,5,True,1,3,False,False,3,6,6,False,False,False,True,False,False,False,False,label_plus_definition,False,False
phantasmagoria_projected_spectral_sequence,photo_prompt_visual_obligations.json,apparatus_bound_spectral_projection_show,False,5,5,True,5,5,7,0,True,True,5,True,2,4,False,False,3,6,6,False,False,False,True,False,False,False,False,label_plus_definition,False,False
earth_diver_first_land_creation,photo_prompt_visual_obligations.json,comparative_creation_earth_diver_causality,False,5,5,True,5,5,3,0,True,True,0,False,3,5,False,False,2,4,5,False,False,False,True,False,False,False,False,label_plus_definition,False,False
cosmic_egg_world_emergence,photo_prompt_visual_obligations.json,comparative_creation_cosmic_egg_transition,False,5,5,True,5,5,3,0,True,True,0,False,4,4,False,False,2,4,5,False,False,False,True,False,False,False,False,label_plus_definition,False,False
world_parent_separation_creation,photo_prompt_visual_obligations.json,comparative_creation_world_parent_separation,False,5,5,True,5,5,3,0,True,True,0,False,3,5,False,False,2,4,5,False,False,False,True,False,False,False,False,label_plus_definition,False,False
axis_mundi_three_realm_connection,photo_prompt_visual_obligations.json,comparative_cosmology_axis_mundi_relation,False,5,5,True,5,5,3,0,True,True,0,False,3,4,False,False,2,4,5,False,False,False,True,False,False,False,False,label_plus_definition,False,False
moirai_fate_thread_life_allocation,photo_prompt_visual_obligations.json,greek_myth_moirai_life_thread_roles,False,5,5,True,5,5,3,0,True,True,0,False,3,4,False,False,2,4,5,False,False,False,True,False,False,False,False,label_plus_definition,False,False
mythic_apotheosis_mortal_divine_transition,photo_prompt_visual_obligations.json,mythic_apotheosis_identity_continuity,False,5,5,True,5,5,3,0,True,True,0,False,3,5,False,False,2,4,5,False,False,False,True,False,False,False,False,label_plus_definition,False,False
katabasis_living_underworld_descent,photo_prompt_visual_obligations.json,mythic_katabasis_living_traveler_relation,False,5,5,True,5,5,3,0,True,True,0,False,4,5,False,False,2,4,5,False,False,False,True,False,False,False,False,label_plus_definition,False,False
egyptian_heart_weighing_judgment,photo_prompt_visual_obligations.json,ancient_egyptian_afterlife_heart_weighing,False,5,5,True,5,5,3,0,True,True,0,False,5,7,False,False,2,4,5,False,False,False,True,False,False,False,False,label_plus_definition,False,False
mythic_flood_preservation_vessel,photo_prompt_visual_obligations.json,comparative_flood_myth_preservation_causality,False,5,5,True,5,5,3,0,True,True,0,False,4,5,False,False,2,4,5,False,False,False,True,False,False,False,False,label_plus_definition,False,False
chaoskampf_cosmogonic_ordering,photo_prompt_visual_obligations.json,comparative_combat_myth_cosmogonic_consequence,False,5,5,True,5,5,3,0,True,True,0,False,3,6,False,False,2,4,5,False,False,False,True,False,False,False,False,label_plus_definition,False,False
active_comet_coma_tail_system,photo_prompt_visual_obligations.json,astronomy_small_body_active_comet_structure,False,4,4,True,4,4,3,0,True,True,0,False,5,6,False,False,2,4,4,False,False,False,True,False,False,False,False,label_plus_definition,False,False
barred_spiral_galaxy_structure,photo_prompt_visual_obligations.json,astronomy_galaxy_barred_spiral_morphology,False,4,4,True,4,4,3,0,True,True,0,False,4,4,False,False,2,4,4,False,False,False,True,False,False,False,False,label_plus_definition,False,False
interacting_galaxies_tidal_structure,photo_prompt_visual_obligations.json,astronomy_galaxy_interaction_tidal_morphology,False,4,4,True,4,4,3,0,True,True,0,False,5,6,False,False,2,4,4,False,False,False,True,False,False,False,False,label_plus_definition,False,False
einstein_ring_lens_alignment,photo_prompt_visual_obligations.json,astronomy_gravitational_lensing_ring_geometry,False,4,4,True,4,4,3,0,True,True,0,False,4,5,False,False,2,4,4,False,False,False,True,False,False,False,False,label_plus_definition,False,False
black_hole_shadow_reconstruction,photo_prompt_visual_obligations.json,astronomy_compact_object_measurement_reconstruction,False,4,4,True,4,4,3,0,True,True,0,False,4,4,False,False,2,4,4,False,False,False,True,False,False,False,False,label_plus_definition,False,False
relativistic_accretion_disk_visualization,photo_prompt_visual_obligations.json,astronomy_compact_object_scientific_visualization,False,4,4,True,4,4,3,0,True,True,0,False,3,7,False,False,2,4,4,False,False,False,True,False,False,False,False,label_plus_definition,False,False
protostar_disk_bipolar_outflow,photo_prompt_visual_obligations.json,astronomy_stellar_birth_disk_outflow_geometry,False,4,4,True,4,4,3,0,True,True,0,False,5,6,False,False,2,4,4,False,False,False,True,False,False,False,False,label_plus_definition,False,False
supernova_remnant_shock_shell,photo_prompt_visual_obligations.json,astronomy_stellar_death_expanding_remnant,False,4,4,True,4,4,3,0,True,True,0,False,4,4,False,False,2,4,4,False,False,False,True,False,False,False,False,label_plus_definition,False,False
auroral_arc_curtain_atmosphere,photo_prompt_visual_obligations.json,space_weather_auroral_atmospheric_structure,False,4,4,True,4,4,3,0,True,True,0,False,4,7,False,False,2,4,4,False,False,False,True,False,False,False,False,label_plus_definition,False,False
solar_prominence_magnetic_loop,photo_prompt_visual_obligations.json,solar_activity_prominence_limb_geometry,False,4,4,True,4,4,3,0,True,True,0,False,4,5,False,False,2,4,4,False,False,False,True,False,False,False,False,label_plus_definition,False,False
solar_flare_active_region_burst,photo_prompt_visual_obligations.json,solar_activity_flare_active_region_emission,False,4,4,True,4,4,3,0,True,True,0,False,4,7,False,False,2,4,4,False,False,False,True,False,False,False,False,label_plus_definition,False,False
cme_coronagraph_snapshot,photo_prompt_visual_obligations.json,solar_space_weather_coronagraph_measurement,False,4,4,True,4,4,3,0,True,True,0,False,3,5,False,False,2,4,4,False,False,False,True,False,False,False,False,label_plus_definition,False,False
eva_spacewalk_work_system,photo_prompt_visual_obligations.json,human_spaceflight_eva_task_geometry,False,4,4,True,4,4,3,0,True,True,0,False,4,4,False,False,2,4,4,False,False,False,True,False,False,False,True,label_plus_definition,False,False
microgravity_orbital_interior,photo_prompt_visual_obligations.json,human_spaceflight_microgravity_interior_evidence,False,4,4,True,4,4,3,0,True,True,0,False,3,7,False,False,2,4,4,False,False,False,True,False,False,False,False,label_plus_definition,False,False
spacecraft_docking_capture_alignment,photo_prompt_visual_obligations.json,spaceflight_docking_interface_capture_geometry,False,4,4,True,4,4,3,0,True,True,0,False,4,5,False,False,2,4,4,False,False,False,True,False,False,False,False,label_plus_definition,False,False
planetary_rover_surface_operation,photo_prompt_visual_obligations.json,planetary_exploration_rover_instrument_operation,False,4,4,True,4,4,3,0,True,True,0,False,4,5,False,False,2,4,4,False,False,False,True,False,False,False,False,label_plus_definition,False,False
interpersonal_credible_threat_relation,photo_prompt_visual_obligations.json,interpersonal_violence_threat_relation,False,4,4,True,4,4,4,0,True,True,0,False,2,6,False,False,2,4,4,False,True,False,True,False,False,False,True,label_plus_definition,False,False
interpersonal_physical_assault_event,photo_prompt_visual_obligations.json,interpersonal_physical_force_event,False,4,4,True,4,4,4,0,True,True,0,False,2,4,False,False,2,4,4,False,True,False,True,False,False,False,True,label_plus_definition,False,False
robbery_forced_property_transfer,photo_prompt_visual_obligations.json,violent_property_transfer_event,False,4,4,True,4,4,4,0,True,True,0,False,2,4,False,False,2,4,4,False,True,False,True,False,False,False,True,label_plus_definition,False,False
forced_relocation_abduction_event,photo_prompt_visual_obligations.json,abduction_forced_relocation_event,False,4,4,True,4,4,4,0,True,True,0,False,1,2,False,False,2,4,4,False,True,False,True,False,False,False,True,label_plus_definition,False,False
hostage_third_party_compulsion,photo_prompt_visual_obligations.json,hostage_third_party_coercion_relation,False,4,4,True,4,4,4,0,True,True,0,False,1,3,False,False,2,4,4,False,True,False,True,False,False,False,True,label_plus_definition,False,False
fictional_intentional_homicide_causality,photo_prompt_visual_obligations.json,fictional_fatal_interpersonal_causality,False,4,4,True,4,4,4,0,True,True,0,False,3,3,False,False,2,4,4,False,True,False,True,False,False,False,True,label_plus_definition,False,False
fictional_organized_crime_operation,photo_prompt_visual_obligations.json,fictional_organized_criminal_group_operation,False,4,4,True,4,4,4,0,True,True,0,False,2,4,False,False,2,4,4,False,True,False,True,False,False,False,True,label_plus_definition,False,False
deliberate_arson_causality,photo_prompt_visual_obligations.json,deliberate_fire_setting_event,False,4,4,True,4,4,4,0,True,True,0,False,1,3,False,False,2,4,4,False,True,False,True,False,False,False,True,label_plus_definition,False,False
burglary_forced_entry_crime_event,photo_prompt_visual_obligations.json,unlawful_building_entry_crime_event,False,4,4,True,4,4,4,0,True,True,0,False,1,5,False,False,2,4,4,False,True,False,True,False,False,False,True,label_plus_definition,False,False
retaliatory_violence_prior_harm_relation,photo_prompt_visual_obligations.json,retaliation_prior_harm_consequence_relation,False,4,4,True,4,4,4,0,True,True,0,False,2,3,False,False,2,4,4,False,True,False,True,False,False,False,True,label_plus_definition,False,False
forensic_scene_documentation_process,photo_prompt_visual_obligations.json,forensic_scene_preservation_documentation,False,4,4,True,4,4,4,0,True,True,0,False,2,4,False,False,2,4,4,False,True,False,True,False,False,False,False,label_plus_definition,False,False
bloodstain_observation_documentation,photo_prompt_visual_obligations.json,bloodstain_pattern_observation_documentation,False,4,4,True,4,4,4,0,True,True,0,False,2,3,False,False,2,4,4,False,True,False,True,False,False,False,False,label_plus_definition,False,False
custodial_torture_purpose_relation,photo_prompt_visual_obligations.json,custodial_torture_authority_purpose_relation,False,4,4,True,4,4,4,0,True,True,0,False,1,4,False,False,2,4,4,False,True,False,True,False,False,False,True,label_plus_definition,False,False
genocidal_group_destruction_campaign,photo_prompt_visual_obligations.json,declared_genocidal_group_destruction_campaign,False,4,4,True,4,4,4,0,True,True,0,False,1,3,False,False,2,4,4,False,True,False,True,False,False,False,False,label_plus_definition,False,False
armed_conflict_protected_status_breach,photo_prompt_visual_obligations.json,declared_war_crime_protected_status_breach,False,4,4,True,4,4,4,0,True,True,0,False,1,3,False,False,2,4,4,False,True,False,True,False,False,False,False,label_plus_definition,False,False
controlled_execution_custody_causality,photo_prompt_visual_obligations.json,execution_custody_controlled_killing_event,False,4,4,True,4,4,6,0,True,True,0,False,1,3,False,False,2,4,4,False,True,False,True,False,False,False,True,label_plus_definition,False,False
adult_nonconsensual_sexual_violence_relation,photo_prompt_visual_obligations.json,adult_nonconsensual_sexual_act_or_attempt,False,4,4,True,4,4,4,0,True,True,0,False,3,4,False,False,2,4,4,False,True,False,True,False,False,False,True,label_plus_definition,False,False
declared_minor_targeted_crime_relation,photo_prompt_visual_obligations.json,declared_minor_victim_specific_crime_relation,False,4,4,True,4,4,4,0,True,True,1,False,3,5,False,False,2,4,4,True,True,False,True,False,False,False,False,label_plus_definition,False,False
adult_human_trafficking_exploitation_chain,photo_prompt_visual_obligations.json,adult_trafficking_action_means_exploitation_chain,False,4,4,True,4,4,4,0,True,True,0,False,2,4,False,False,2,4,4,False,True,False,True,False,False,False,True,label_plus_definition,False,False
terrorism_civilian_coercion_purpose_relation,photo_prompt_visual_obligations.json,terrorism_civilian_harm_public_compulsion_relation,False,4,4,True,4,4,4,0,True,True,0,False,1,4,False,False,2,4,4,False,True,False,True,False,False,False,False,label_plus_definition,False,False
critical_threshold_pretransition_accumulation,photo_prompt_visual_obligations.json,bounded_system_pretransition_critical_approach,False,5,5,True,5,5,4,0,True,True,0,False,3,4,False,False,2,5,5,False,False,False,True,False,False,False,False,label_plus_definition,False,False
barrier_breakthrough_causal_event,photo_prompt_visual_obligations.json,resisting_barrier_contact_rupture_crossing,False,5,5,True,5,5,4,0,True,True,0,False,4,4,False,False,2,5,5,False,False,False,True,False,False,False,False,label_plus_definition,False,False
dormant_capacity_limiter_release,photo_prompt_visual_obligations.json,functional_restraint_disengagement_same_source_output,False,5,5,True,5,5,4,0,True,True,0,False,4,5,False,False,2,5,5,False,False,False,True,False,False,False,False,label_plus_definition,False,False
technical_overload_progressive_failure,photo_prompt_visual_obligations.json,rated_system_excess_load_dependency_failure,False,5,5,True,5,5,4,0,True,True,0,False,4,4,False,False,2,5,5,False,False,False,True,False,False,False,False,label_plus_definition,False,False
phase_transition_nucleation_growth,photo_prompt_visual_obligations.json,single_specimen_new_phase_nucleation_interface_growth,False,5,5,True,5,5,4,0,True,True,0,False,3,7,False,False,2,5,5,False,False,False,True,False,False,False,False,label_plus_definition,False,False
irreversible_threshold_crossing_consequence,photo_prompt_visual_obligations.json,one_way_threshold_lost_return_committed_state,False,5,5,True,5,5,4,0,True,True,0,False,3,5,False,False,2,5,5,False,False,False,True,False,False,False,False,label_plus_definition,False,False
inaccessible_target_longing_relation,photo_prompt_visual_obligations.json,identifiable_target_blocked_approach_relation,False,5,5,True,5,5,4,0,True,True,0,False,4,7,False,False,2,5,5,False,False,False,True,False,False,False,True,label_plus_definition,False,False
temptation_goal_conflict_choice,photo_prompt_visual_obligations.json,immediate_reward_long_term_goal_conflict_event,False,5,5,True,5,5,4,0,True,True,0,False,5,7,False,False,2,5,5,False,False,False,True,False,False,False,True,label_plus_definition,False,False
repeated_acquisition_without_use_cycle,photo_prompt_visual_obligations.json,same_category_reacquisition_visible_nonuse_cycle,False,5,5,True,5,5,4,0,True,True,0,False,5,6,False,False,2,5,5,False,False,False,True,False,False,False,True,label_plus_definition,False,False
excess_accumulation_overflow_event,photo_prompt_visual_obligations.json,continued_input_beyond_visible_capacity_event,False,5,5,True,5,5,4,0,True,True,0,False,4,6,False,False,2,5,5,False,False,False,True,False,False,False,True,label_plus_definition,False,False
other_owned_object_covetous_approach,photo_prompt_visual_obligations.json,overt_claim_toward_currently_owned_object_relation,False,5,5,True,5,5,4,0,True,True,0,False,7,7,False,False,2,5,5,False,False,False,True,False,False,False,True,label_plus_definition,False,False
pleonexia_unfair_share_taking_event,photo_prompt_visual_obligations.json,assigned_share_boundary_crossing_shortage_event,False,5,5,True,5,5,4,0,True,True,0,False,4,6,False,False,2,5,5,False,False,False,True,False,False,False,True,label_plus_definition,False,False
public_recognition_bid_audience_response,photo_prompt_visual_obligations.json,public_presentation_multiobserver_recognition_event,False,5,5,True,5,5,4,0,True,True,0,False,6,7,False,False,2,5,5,False,False,False,True,False,False,False,True,label_plus_definition,False,False
next_milestone_ambition_pursuit,photo_prompt_visual_obligations.json,completed_current_next_goal_progress_event,False,5,5,True,5,5,4,0,True,True,0,False,4,8,False,False,2,5,5,False,False,False,True,False,False,False,True,label_plus_definition,False,False
resource_control_acquisition_event,photo_prompt_visual_obligations.json,valued_resource_control_claim_affected_access_event,False,5,5,True,5,5,4,0,True,True,0,False,5,8,False,False,2,5,5,False,False,False,True,False,False,False,True,label_plus_definition,False,False
local_legend_site_transmission,photo_prompt_visual_obligations.json,site_evidence_teller_listener_transmission,False,5,5,True,5,5,4,0,True,True,0,False,3,7,False,False,2,6,6,False,False,False,True,False,False,False,False,label_plus_definition,False,False
legendary_rock_trace_evidence,photo_prompt_visual_obligations.json,fixed_rock_anomalous_trace_scale_site_evidence,False,5,5,True,5,5,4,0,True,True,0,False,3,6,False,False,2,6,6,False,False,False,True,False,False,False,False,label_plus_definition,False,False
legendary_landform_origin_causality,photo_prompt_visual_obligations.json,extraordinary_agent_terrain_contact_deformation_result,False,5,5,True,5,5,4,0,True,True,0,False,4,5,False,False,2,6,6,False,False,False,True,False,False,False,False,label_plus_definition,False,False
guarded_hidden_treasure_attempt_failure,photo_prompt_visual_obligations.json,fixed_cache_active_attempt_guardian_interruption_failed_transfer,False,5,5,True,5,5,4,0,True,True,0,False,4,6,False,False,2,6,6,False,False,False,True,False,False,False,True,label_plus_definition,False,False
submerged_settlement_in_situ_structure,photo_prompt_visual_obligations.json,underwater_multi_structure_foundation_plan_in_situ,False,5,5,True,5,5,4,0,True,True,0,False,4,5,False,False,2,6,6,False,False,False,True,False,False,False,False,label_plus_definition,False,False
ghost_ship_former_vessel_breach,photo_prompt_visual_obligations.json,same_vessel_physical_baseline_spectral_breach_service_residue,False,5,5,True,5,5,4,0,True,True,0,False,5,6,False,False,2,6,6,False,False,False,True,False,False,False,False,label_plus_definition,False,False
capri_trouser_below_knee_clear_ankle_gap,photo_prompt_visual_obligations.json,garment_trouser_length_topology,False,5,5,True,5,5,8,0,True,True,5,True,1,2,False,False,3,5,5,False,False,False,True,False,False,False,False,label_plus_definition,False,False
gathered_ankle_voluminous_trouser,photo_prompt_visual_obligations.json,garment_trouser_volume_cuff_topology,False,5,5,True,5,5,8,0,True,True,5,True,1,2,False,False,3,5,5,False,False,False,True,False,False,False,False,label_plus_definition,False,False
balloon_curved_leg_tapered_hem,photo_prompt_visual_obligations.json,garment_trouser_curved_leg_topology,False,5,5,True,5,5,7,0,True,True,5,True,1,3,False,False,3,5,5,False,False,False,True,False,False,False,False,label_plus_definition,False,False
wrap_skirt_overlap_closure,photo_prompt_visual_obligations.json,garment_skirt_overlap_closure_topology,False,5,5,True,5,5,8,0,True,True,5,True,1,3,False,False,3,5,5,False,False,False,True,False,False,False,False,label_plus_definition,False,False
lace_trim_attached_edge,photo_prompt_visual_obligations.json,garment_attached_trim_material_topology,False,5,5,True,5,5,8,0,True,True,5,True,1,3,False,False,3,5,5,False,False,False,True,False,False,False,False,label_plus_definition,False,False
jelly_footwear_molded_translucent_surface,photo_prompt_visual_obligations.json,footwear_molded_translucent_material_topology,False,5,5,True,5,5,10,0,True,True,5,True,1,2,False,False,3,5,5,False,False,False,True,False,False,False,False,label_plus_definition,False,False
fan_side_public_event_telephoto,photo_prompt_visual_obligations.json,capture_relation_public_event_fan_side,False,5,5,True,5,5,7,1,True,True,5,True,4,6,False,False,3,5,5,False,False,False,True,False,False,False,True,definition_with_optional_label,False,False
camera_display_rephotographed_preview,photo_prompt_visual_obligations.json,capture_relation_camera_display_rephotograph,False,5,5,True,5,5,6,1,True,True,5,True,3,5,False,False,3,5,5,False,False,False,True,False,False,False,True,definition_with_optional_label,False,False
companion_viewpoint_everyday_candid,photo_prompt_visual_obligations.json,capture_relation_off_camera_companion,False,5,5,True,5,5,6,2,True,True,5,True,4,5,False,False,3,5,5,False,False,False,True,False,False,False,True,definition_with_optional_label,False,False
production_gap_behind_scenes,photo_prompt_visual_obligations.json,capture_relation_between_takes_production,False,5,5,True,5,5,6,1,True,True,5,True,3,5,False,False,3,5,5,False,False,False,True,False,False,False,True,definition_with_optional_label,False,False
physical_print_scan_material_context,photo_prompt_visual_obligations.json,capture_relation_physical_print_scan,False,5,5,True,5,5,6,1,True,True,5,True,3,5,False,False,3,5,5,False,False,False,True,False,False,False,True,definition_with_optional_label,False,False
early_2000s_compact_digicam_social_repost,photo_prompt_visual_obligations.json,capture_processing_compact_digicam_social_repost,False,5,5,True,5,5,6,1,True,True,5,True,4,6,False,False,3,5,5,False,False,False,True,False,False,False,True,definition_with_optional_label,False,False
contact_sheet_selection_context,photo_prompt_visual_obligations.json,capture_relation_contact_sheet_selection,False,5,5,True,5,5,6,1,True,True,5,True,3,6,False,False,3,5,5,False,False,False,True,False,False,False,True,definition_with_optional_label,False,False
ottoman_imperial_harem_household_complex,photo_prompt_visual_obligations.json,historical_private_household_spatial_relation,False,5,5,True,5,5,4,0,True,True,5,True,6,7,False,False,3,5,5,False,False,False,True,False,False,False,True,definition_only,True,False
mughal_zenana_courtyard_household,photo_prompt_visual_obligations.json,historical_screened_courtyard_household_relation,False,5,5,True,5,5,4,0,True,True,5,True,6,8,False,False,3,5,5,False,False,False,True,False,False,False,True,definition_only,True,False
orientalist_harem_constructed_tableau,photo_prompt_visual_obligations.json,constructed_art_historical_tableau,False,5,5,True,5,5,4,0,True,True,5,True,6,7,False,False,3,5,5,False,False,False,True,False,False,False,True,definition_with_optional_label,False,False
adult_multi_interest_harem_ensemble_relation,photo_prompt_visual_obligations.json,adult_multi_interest_relation_topology,False,5,5,True,5,5,4,0,True,True,5,True,4,5,False,False,3,5,5,False,False,False,True,False,False,False,True,definition_with_optional_label,False,False
adult_central_target_romantic_rivalry_event,photo_prompt_visual_obligations.json,adult_competing_suitor_event_topology,False,5,5,True,5,5,4,0,True,True,5,True,5,6,False,False,3,5,5,False,False,False,True,False,False,False,True,definition_with_optional_label,False,False
wide_angle_near_field_perspective,photo_prompt_visual_obligations.json,capture_geometry_wide_angle_near_field_perspective,False,5,5,True,5,5,4,0,True,True,5,True,4,6,False,False,3,5,5,False,False,False,True,False,False,False,False,definition_with_optional_label,False,False
telephoto_distance_compression_relation,photo_prompt_visual_obligations.json,capture_geometry_telephoto_distance_compression,False,5,5,True,5,5,4,0,True,True,5,True,3,4,False,False,3,5,5,False,False,False,True,False,False,False,False,definition_with_optional_label,False,False
shallow_depth_focus_falloff_relation,photo_prompt_visual_obligations.json,capture_focus_shallow_depth_transition,False,5,5,True,5,5,4,0,True,True,5,True,3,5,False,False,3,5,5,False,False,False,True,False,False,False,False,definition_with_optional_label,False,False
focus_stacked_extended_depth_composite,photo_prompt_visual_obligations.json,capture_focus_extended_depth_composite,False,5,5,True,5,5,4,0,True,True,5,True,3,5,False,False,3,5,5,False,False,False,True,False,False,False,False,definition_with_optional_label,False,False
split_diopter_dual_focus_planes,photo_prompt_visual_obligations.json,capture_focus_split_diopter_dual_plane,True,5,5,True,5,5,4,0,True,True,5,True,3,6,False,False,3,5,5,True,False,False,True,False,False,False,False,definition_with_optional_label,False,False
panning_subject_tracking_motion_relation,photo_prompt_visual_obligations.json,capture_motion_panning_subject_tracking,False,5,5,True,5,5,4,0,True,True,5,True,4,5,False,False,3,5,5,False,False,False,True,False,False,False,False,definition_with_optional_label,False,False
rear_curtain_flash_motion_trace,photo_prompt_visual_obligations.json,capture_motion_rear_curtain_flash_trace,False,5,5,True,5,5,4,0,True,True,5,True,4,5,False,False,3,5,5,False,False,False,True,False,False,False,False,definition_with_optional_label,False,False
rolling_shutter_readout_skew,photo_prompt_visual_obligations.json,capture_sensor_readout_rolling_shutter_skew,False,5,5,True,5,5,4,0,True,True,5,True,3,5,False,False,3,5,5,False,False,False,True,False,False,False,False,definition_with_optional_label,False,False
rembrandt_face_light_pattern,photo_prompt_visual_obligations.json,capture_lighting_rembrandt_face_pattern,True,5,5,True,5,5,4,0,True,True,5,True,3,5,False,False,3,5,5,False,False,False,True,False,False,False,True,definition_with_optional_label,False,False
clamshell_dual_source_portrait_light,photo_prompt_visual_obligations.json,capture_lighting_clamshell_dual_source,True,5,5,True,5,5,4,0,True,True,5,True,4,6,False,False,3,5,5,False,False,False,True,False,False,False,True,definition_with_optional_label,False,False
negative_fill_shadow_deepening_relation,photo_prompt_visual_obligations.json,capture_lighting_negative_fill_relation,False,5,5,True,5,5,4,0,True,True,5,True,3,5,False,False,3,5,5,False,False,False,True,False,False,False,False,definition_with_optional_label,False,False
diffusion_filter_highlight_halation,photo_prompt_visual_obligations.json,capture_optical_diffusion_highlight_halation,False,5,5,True,5,5,4,0,True,True,5,True,3,5,False,False,3,5,5,False,False,False,True,False,False,False,False,definition_with_optional_label,False,False
mixed_illuminant_white_balance_relation,photo_prompt_visual_obligations.json,capture_color_mixed_illuminant_white_balance,False,5,5,True,5,5,4,0,True,True,5,True,3,5,False,False,3,5,5,False,False,False,True,False,False,False,False,definition_with_optional_label,False,False
highlight_rolloff_tone_response,photo_prompt_visual_obligations.json,capture_tone_highlight_rolloff_response,False,5,5,True,5,5,4,0,True,True,5,True,3,5,False,False,3,5,5,False,False,False,True,False,False,False,False,definition_with_optional_label,False,False
hard_light_shadow_edge_relation,photo_prompt_visual_obligations.json,capture_lighting_hard_light_shadow_edge_relation,False,5,5,True,5,5,4,0,True,False,0,False,3,5,False,False,3,5,5,False,False,False,True,False,False,False,False,definition_with_optional_label,False,False
soft_light_shadow_edge_relation,photo_prompt_visual_obligations.json,capture_lighting_soft_light_shadow_edge_relation,False,5,5,True,5,5,4,0,True,False,0,False,4,5,False,False,3,5,5,False,False,False,True,False,False,False,False,definition_with_optional_label,False,False
loop_face_light_pattern,photo_prompt_visual_obligations.json,capture_lighting_loop_face_light_pattern,False,5,5,True,5,5,4,0,True,False,0,False,4,5,False,False,3,5,5,False,False,False,True,False,False,False,True,definition_with_optional_label,False,False
butterfly_face_light_pattern,photo_prompt_visual_obligations.json,capture_lighting_butterfly_face_light_pattern,False,5,5,True,5,5,4,0,True,False,0,False,4,5,False,False,3,5,5,False,False,False,True,False,False,False,True,definition_with_optional_label,False,False
split_face_light_pattern,photo_prompt_visual_obligations.json,capture_lighting_split_face_light_pattern,False,5,5,True,5,5,4,0,True,False,0,False,4,4,False,False,3,5,5,False,False,False,True,False,False,False,True,definition_with_optional_label,False,False
broad_face_light_orientation_relation,photo_prompt_visual_obligations.json,capture_lighting_broad_face_light_orientation_relation,False,5,5,True,5,5,4,0,True,False,0,False,3,5,False,False,3,5,5,False,False,False,True,False,False,False,True,definition_with_optional_label,False,False
short_face_light_orientation_relation,photo_prompt_visual_obligations.json,capture_lighting_short_face_light_orientation_relation,False,5,5,True,5,5,4,0,True,False,0,False,3,5,False,False,3,5,5,False,False,False,True,False,False,False,True,definition_with_optional_label,False,False
key_fill_separation_background_roles,photo_prompt_visual_obligations.json,capture_lighting_key_fill_separation_background_roles,False,5,5,True,5,5,4,0,True,False,0,False,4,6,False,False,3,5,5,False,False,False,True,False,False,False,False,definition_with_optional_label,False,False
backlit_rim_edge_separation_relation,photo_prompt_visual_obligations.json,capture_lighting_backlit_rim_edge_separation_relation,False,5,5,True,5,5,4,0,True,False,0,False,4,5,False,False,3,5,5,False,False,False,True,False,False,False,False,definition_with_optional_label,False,False
backlit_silhouette_mass_relation,photo_prompt_visual_obligations.json,capture_lighting_backlit_silhouette_mass_relation,False,5,5,True,5,5,4,0,True,False,0,False,4,5,False,False,3,5,5,False,False,False,True,False,False,False,False,definition_with_optional_label,False,False
high_key_tonal_distribution,photo_prompt_visual_obligations.json,capture_lighting_high_key_tonal_distribution,False,5,5,True,5,5,4,0,True,False,0,False,4,5,False,False,3,5,5,False,False,False,True,False,False,False,False,definition_with_optional_label,False,False
low_key_selective_illumination,photo_prompt_visual_obligations.json,capture_lighting_low_key_selective_illumination,False,5,5,True,5,5,4,0,True,False,0,False,4,5,False,False,3,5,5,False,False,False,True,False,False,False,False,definition_with_optional_label,False,False
chiaroscuro_form_modeling_relation,photo_prompt_visual_obligations.json,capture_lighting_chiaroscuro_form_modeling_relation,False,5,5,True,5,5,4,0,True,False,0,False,4,4,False,False,3,5,5,False,False,False,True,False,False,False,False,definition_with_optional_label,False,False
tenebrist_dark_field_isolation,photo_prompt_visual_obligations.json,capture_lighting_tenebrist_dark_field_isolation,False,5,5,True,5,5,4,0,True,False,0,False,3,4,False,False,3,5,5,False,False,False,True,False,False,False,False,definition_with_optional_label,False,False
direct_on_camera_flash_snapshot_signature,photo_prompt_visual_obligations.json,capture_lighting_direct_on_camera_flash_snapshot_signature,False,5,5,True,5,5,4,0,True,False,0,False,4,5,False,False,3,5,5,False,False,False,True,False,False,False,False,definition_with_optional_label,False,False
motivated_practical_mixed_interior_relation,photo_prompt_visual_obligations.json,capture_lighting_motivated_practical_mixed_interior_relation,False,5,5,True,5,5,4,0,True,False,0,False,4,6,False,False,3,5,5,False,False,False,True,False,False,False,False,definition_with_optional_label,False,False
volumetric_occluded_light_shafts,photo_prompt_visual_obligations.json,capture_lighting_volumetric_occluded_light_shafts,False,5,5,True,5,5,4,0,True,False,0,False,4,5,False,False,3,5,5,False,False,False,True,False,False,False,False,definition_with_optional_label,False,False
golden_hour_low_sun_relation,photo_prompt_visual_obligations.json,capture_lighting_golden_hour_low_sun_relation,False,5,5,True,5,5,4,0,True,False,0,False,4,6,False,False,3,5,5,False,False,False,True,False,False,False,False,definition_with_optional_label,False,False
blue_hour_ambient_practical_balance,photo_prompt_visual_obligations.json,capture_lighting_blue_hour_ambient_practical_balance,False,5,5,True,5,5,4,0,True,False,0,False,4,6,False,False,3,5,5,False,False,False,True,False,False,False,False,definition_with_optional_label,False,False
lens_ghosting_flare_alignment,photo_prompt_visual_obligations.json,capture_lighting_lens_ghosting_flare_alignment,False,5,5,True,5,5,4,0,True,False,0,False,3,5,False,False,3,5,5,False,False,False,True,False,False,False,False,definition_with_optional_label,False,False
veiling_flare_contrast_loss_relation,photo_prompt_visual_obligations.json,capture_lighting_veiling_flare_contrast_loss_relation,False,5,5,True,5,5,4,0,True,False,0,False,4,6,False,False,3,5,5,False,False,False,True,False,False,False,False,definition_with_optional_label,False,False
film_halation_highlight_edge_relation,photo_prompt_visual_obligations.json,capture_lighting_film_halation_highlight_edge_relation,False,5,5,True,5,5,4,0,True,False,0,False,3,5,False,False,3,5,5,False,False,False,True,False,False,False,False,definition_with_optional_label,False,False
third_grid_focal_anchor_relation,photo_prompt_visual_obligations.json,composition_third_grid_focal_anchor_relation,False,4,4,True,4,4,4,0,True,True,4,True,3,5,False,False,3,4,4,False,False,False,True,False,False,False,False,definition_with_optional_label,False,False
centered_primary_anchor_relation,photo_prompt_visual_obligations.json,composition_centered_primary_anchor_relation,False,4,4,True,4,4,4,0,True,True,4,True,3,5,False,False,3,4,4,False,False,False,True,False,False,False,False,definition_with_optional_label,False,False
axial_bilateral_symmetry_relation,photo_prompt_visual_obligations.json,composition_axial_bilateral_symmetry_relation,False,4,4,True,4,4,4,0,True,True,4,True,3,4,False,False,3,4,4,False,False,False,True,False,False,False,False,definition_with_optional_label,False,False
asymmetric_counterbalance_relation,photo_prompt_visual_obligations.json,composition_asymmetric_counterbalance_relation,False,4,4,True,4,4,4,0,True,True,4,True,3,5,False,False,3,4,4,False,False,False,True,False,False,False,False,definition_with_optional_label,False,False
leading_line_target_continuity,photo_prompt_visual_obligations.json,composition_leading_line_target_continuity,False,4,4,True,4,4,4,0,True,True,4,True,3,5,False,False,3,4,4,False,False,False,True,False,False,False,False,definition_with_optional_label,False,False
look_motion_room_direction_relation,photo_prompt_visual_obligations.json,composition_look_motion_room_direction_relation,False,4,4,True,4,4,4,0,True,True,4,True,3,5,False,False,3,4,4,False,False,False,True,False,False,False,False,definition_with_optional_label,False,False
subject_field_negative_space_relation,photo_prompt_visual_obligations.json,composition_subject_field_negative_space_relation,False,4,4,True,4,4,4,0,True,True,4,True,3,6,False,False,3,4,4,False,False,False,True,False,False,False,False,definition_with_optional_label,False,False
frame_within_frame_boundary_relation,photo_prompt_visual_obligations.json,composition_frame_within_frame_boundary_relation,False,4,4,True,4,4,4,0,True,True,4,True,3,5,False,False,3,4,4,False,False,False,True,False,False,False,False,definition_with_optional_label,False,False
three_plane_depth_chain,photo_prompt_visual_obligations.json,composition_three_plane_depth_chain,False,4,4,True,4,4,4,0,True,True,4,True,3,4,False,False,3,4,4,False,False,False,True,False,False,False,False,definition_with_optional_label,False,False
pattern_break_focal_exception,photo_prompt_visual_obligations.json,composition_pattern_break_focal_exception,False,4,4,True,4,4,4,0,True,True,4,True,3,5,False,False,3,4,4,False,False,False,True,False,False,False,False,definition_with_optional_label,False,False
primary_secondary_figure_ground_hierarchy,photo_prompt_visual_obligations.json,composition_primary_secondary_figure_ground_hierarchy,False,4,4,True,4,4,4,0,True,True,4,True,3,5,False,False,3,4,4,False,False,False,True,False,False,False,False,definition_with_optional_label,False,False
peak_action_event_phase,photo_prompt_visual_obligations.json,composition_peak_action_event_phase,False,4,4,True,4,4,4,0,True,True,4,True,3,5,False,False,3,4,4,False,False,False,True,False,False,False,False,definition_with_optional_label,False,False
mirror_selfie_reflection_device_topology,photo_prompt_visual_obligations.json,social_capture_mirror_selfie_topology,False,5,5,True,5,5,5,0,True,True,5,True,1,3,False,False,3,5,5,False,False,False,True,False,False,False,True,definition_with_optional_label,False,False
overhead_social_snapshot_relation,photo_prompt_visual_obligations.json,social_capture_close_overhead_relation,False,5,5,True,5,5,5,0,True,True,5,True,2,5,False,False,3,5,5,False,False,False,True,False,False,False,True,definition_with_optional_label,False,False
intentional_face_occluded_mood_portrait,photo_prompt_visual_obligations.json,social_portrait_intentional_face_occlusion,False,5,5,True,5,5,4,0,True,True,5,True,4,4,False,False,3,5,5,False,False,False,True,False,False,False,True,definition_only,True,False
sheer_complexion_texture_preservation,photo_prompt_visual_obligations.json,makeup_sheer_complexion_texture_preservation,False,4,4,True,4,4,5,0,True,True,4,True,3,5,False,False,3,5,5,False,False,False,True,False,False,False,False,definition_only,True,False
under_eye_high_cheek_blush_distribution,photo_prompt_visual_obligations.json,makeup_under_eye_high_cheek_blush_distribution,False,4,4,True,4,4,5,0,True,True,4,True,2,4,False,False,3,5,5,False,False,False,True,False,False,False,False,definition_with_optional_label,False,False
cheekbone_temple_blush_drape,photo_prompt_visual_obligations.json,makeup_cheekbone_temple_blush_drape,False,4,4,True,4,4,5,0,True,True,4,True,2,5,False,False,3,5,5,False,False,False,True,False,False,False,False,definition_with_optional_label,False,False
photobooth_four_cut_sequence,photo_prompt_visual_obligations.json,social_format_photobooth_four_cut_sequence,False,5,5,True,5,5,6,0,True,True,5,True,1,4,False,False,3,5,5,False,False,False,True,False,False,False,True,definition_with_optional_label,False,False
adult_everyday_controlled_reveal_moment,photo_prompt_visual_obligations.json,adult_editorial_controlled_reveal_relation,False,9,9,True,9,9,4,0,True,True,9,True,4,6,False,False,3,9,9,False,False,False,True,False,False,False,True,definition_only,True,False
strategic_coverage_figure_study,photo_prompt_visual_obligations.json,adult_figure_study_strategic_coverage,False,7,7,True,7,7,4,0,True,True,7,True,4,5,False,False,3,7,7,False,False,False,True,False,False,False,True,definition_only,True,False
underwear_as_outerwear_layer_system,photo_prompt_visual_obligations.json,adult_fashion_underwear_outerwear_layer_system,False,5,5,True,5,5,4,0,True,True,5,True,3,5,False,False,3,5,5,False,False,False,True,False,False,False,True,definition_only,True,False
soft_window_private_room_adult_portrait,photo_prompt_visual_obligations.json,adult_private_room_soft_window_portrait,False,5,5,True,5,5,4,0,True,True,5,True,4,6,False,False,3,5,5,False,False,False,True,False,False,False,True,definition_only,True,False
window_seat_daylight_activity_relation,photo_prompt_visual_obligations.json,place_activity_light_relation,False,5,5,True,5,5,4,0,True,False,0,False,6,11,False,False,2,5,5,False,False,False,True,False,False,False,False,definition_with_optional_label,False,False
architectural_threshold_frame_depth_relation,photo_prompt_visual_obligations.json,architectural_visibility_relation,False,5,5,True,5,5,4,0,True,False,0,False,8,11,False,False,2,5,5,False,False,False,True,False,False,False,False,definition_with_optional_label,False,False
circulation_path_mid_action_depth_relation,photo_prompt_visual_obligations.json,movement_space_relation,False,5,5,True,5,5,4,0,True,False,0,False,8,12,False,False,2,5,5,False,False,False,True,False,False,False,False,definition_with_optional_label,False,False
wet_surface_light_reflection_owner_relation,photo_prompt_visual_obligations.json,weather_light_surface_relation,False,5,5,True,5,5,4,0,True,False,0,False,7,10,False,False,2,5,5,False,False,False,True,False,False,False,False,definition_with_optional_label,False,False
overlook_edge_foreground_vista_relation,photo_prompt_visual_obligations.json,elevated_view_relation,False,5,5,True,5,5,4,0,True,False,0,False,8,14,False,False,2,5,5,False,False,False,True,False,False,False,False,definition_with_optional_label,False,False
gallery_viewer_art_attention_relation,photo_prompt_visual_obligations.json,cultural_space_attention_relation,False,5,5,True,5,5,4,0,True,False,0,False,7,11,False,False,2,5,5,False,False,False,True,False,False,False,False,definition_with_optional_label,False,False
retail_browse_source_selection_relation,photo_prompt_visual_obligations.json,browse_interaction_relation,False,5,5,True,5,5,4,0,True,False,0,False,7,14,False,False,2,5,5,False,False,False,True,False,False,False,False,definition_with_optional_label,False,False
transit_waiting_departure_relation,photo_prompt_visual_obligations.json,transit_state_relation,False,5,5,True,5,5,4,0,True,False,0,False,7,14,False,False,2,5,5,False,False,False,True,False,False,False,False,definition_with_optional_label,False,False
adaptive_reuse_old_new_material_junction,photo_prompt_visual_obligations.json,adaptive_reuse_relation,False,5,5,True,5,5,4,0,True,False,0,False,8,14,False,False,2,5,5,False,False,False,True,False,False,False,False,definition_with_optional_label,False,False
hanok_madang_maru_inside_outside_relation,photo_prompt_visual_obligations.json,hanok_spatial_topology,False,5,5,True,5,5,4,0,True,False,0,False,5,10,False,False,2,5,5,False,False,False,True,False,False,False,False,definition_with_optional_label,False,False
handled_environment_surface_layer,photo_prompt_visual_obligations_tactile_reality.json,contact_driven_environmental_layer,False,5,5,True,5,5,4,0,True,True,5,True,1,5,False,False,4,9,8,False,False,False,True,False,False,False,False,definition_with_optional_label,False,False
patterned_cast_shadow_receiver_continuity,photo_prompt_visual_obligations_reactorprompt.json,lighting_receiver_relation,False,5,5,True,5,5,5,0,True,True,5,True,4,6,False,False,3,4,5,False,False,False,True,False,False,False,False,definition_with_optional_label,False,True
two_adult_shared_target_handoff,photo_prompt_visual_obligations_reactorprompt.json,multi_subject_object_relation,False,5,5,True,5,5,5,0,True,True,5,True,5,8,False,False,3,4,5,False,False,False,True,False,False,False,True,definition_with_optional_label,False,True
satin_directional_luster_drape_surface,photo_prompt_visual_obligations_reactorprompt.json,garment_material_optical_relation,False,5,5,True,5,5,5,0,True,True,5,True,3,5,False,False,3,4,6,False,False,False,True,False,False,False,False,definition_with_optional_label,False,True
daguerreotype_reflective_cased_plate_object,photo_prompt_visual_obligations_photo_era.json,photo_era_capture_process_material_object,False,5,5,True,5,5,2,0,True,True,0,False,5,5,False,False,2,5,5,False,False,False,True,False,False,False,False,definition_with_optional_label,False,False
calotype_salted_paper_fiber_image_relation,photo_prompt_visual_obligations_photo_era.json,photo_era_capture_process_material_object,False,5,5,True,5,5,2,0,True,False,0,False,5,6,False,False,2,5,5,False,False,False,True,False,False,False,False,definition_with_optional_label,False,False
wet_collodion_glass_plate_coating_trace,photo_prompt_visual_obligations_photo_era.json,photo_era_capture_process_material_object,False,5,5,True,5,5,2,0,True,True,0,False,5,5,False,False,2,5,5,False,False,False,True,False,False,False,False,definition_with_optional_label,False,False
albumen_card_mount_print_material_relation,photo_prompt_visual_obligations_photo_era.json,photo_era_capture_process_material_object,False,5,5,True,5,5,2,0,True,False,0,False,5,6,False,False,2,5,5,False,False,False,True,False,False,False,False,definition_with_optional_label,False,False
cyanotype_contact_print_prussian_blue_relation,photo_prompt_visual_obligations_photo_era.json,photo_era_capture_process_material_object,False,5,5,True,5,5,2,0,True,True,0,False,4,6,False,False,2,5,5,False,False,False,True,False,False,False,False,definition_with_optional_label,False,False
autochrome_glass_transparency_color_screen,photo_prompt_visual_obligations_photo_era.json,photo_era_capture_process_material_object,False,5,5,True,5,5,2,0,True,False,0,False,5,6,False,False,2,5,5,False,False,False,True,False,False,False,False,definition_with_optional_label,False,False
integral_instant_print_object_relation,photo_prompt_visual_obligations_photo_era.json,photo_era_material_object_output_container,False,5,5,True,5,5,2,0,True,True,0,False,5,6,False,False,2,5,5,False,False,False,True,False,False,False,False,definition_with_optional_label,False,False
mounted_slide_transparency_object_relation,photo_prompt_visual_obligations_photo_era.json,photo_era_material_object_output_container,False,5,5,True,5,5,2,0,True,False,0,False,5,6,False,False,2,5,5,False,False,False,True,False,False,False,False,definition_with_optional_label,False,False
pictorialist_handworked_print_relation,photo_prompt_visual_obligations_photo_era.json,photo_era_genre_practice_output_container,False,5,5,True,5,5,2,0,True,True,0,False,5,5,False,False,2,5,5,False,False,False,True,False,False,False,False,definition_with_optional_label,False,False
new_vision_modernist_camera_geometry,photo_prompt_visual_obligations_photo_era.json,photo_era_genre_practice_composition,False,5,5,True,5,5,2,0,True,False,0,False,5,5,False,False,2,5,5,False,False,False,True,False,False,False,False,definition_with_optional_label,False,False
press_flash_newsprint_reproduction_relation,photo_prompt_visual_obligations_photo_era.json,photo_era_capture_response_genre_practice_output_container,False,5,5,True,5,5,2,0,True,True,0,False,4,6,False,False,2,5,5,False,False,False,True,False,False,False,False,definition_with_optional_label,False,False
late_century_minilab_flash_print_relation,photo_prompt_visual_obligations_photo_era.json,photo_era_capture_response_output_container,False,5,5,True,5,5,2,0,True,False,0,False,5,6,False,False,2,5,5,False,False,False,True,False,False,False,False,definition_with_optional_label,False,False
smartphone_ultrawide_near_far_perspective_relation,photo_prompt_visual_obligations_photo_era.json,photo_era_capture_response_composition,False,5,5,True,5,5,2,0,True,True,0,False,4,5,False,False,2,5,5,False,False,False,True,False,False,False,False,definition_with_optional_label,False,False
computational_hdr_local_tone_balance_look,photo_prompt_visual_obligations_photo_era.json,photo_era_capture_response,False,5,5,True,5,5,2,0,True,False,0,False,6,7,False,False,2,5,5,False,False,False,True,False,False,False,False,definition_with_optional_label,False,False
computational_low_light_multiframe_look,photo_prompt_visual_obligations_photo_era.json,photo_era_capture_response,False,5,5,True,5,5,2,0,True,True,0,False,4,4,False,False,2,5,5,False,False,False,True,False,False,False,False,definition_with_optional_label,False,False
silver_mirroring_surface_region_relation,photo_prompt_visual_obligations_photo_era.json,photo_era_deterioration,False,5,5,True,5,5,2,0,True,False,0,False,4,5,False,False,2,5,5,False,False,False,True,False,False,False,False,definition_with_optional_label,False,False
acetate_channeling_shrinkage_relation,photo_prompt_visual_obligations_photo_era.json,photo_era_deterioration,False,5,5,True,5,5,2,0,True,True,0,False,5,6,False,False,2,5,5,False,False,False,True,False,False,False,False,definition_with_optional_label,False,False
chromogenic_dye_fade_covered_edge_relation,photo_prompt_visual_obligations_photo_era.json,photo_era_deterioration,False,5,5,True,5,5,2,0,True,False,0,False,4,6,False,False,2,5,5,False,False,False,True,False,False,False,False,definition_with_optional_label,False,False
food_access_budget_choice_event,photo_prompt_visual_obligations_poverty.json,poverty_access_food_access_resource_constraint,True,5,5,True,5,5,4,0,True,False,0,False,12,23,True,False,2,6,6,True,False,False,True,False,False,False,True,definition_only,True,False
household_food_depletion_portioning_event,photo_prompt_visual_obligations_poverty.json,poverty_access_food_supply_allocation_relation,True,5,5,True,5,5,4,0,True,False,0,False,12,20,True,False,2,6,6,True,False,False,True,False,False,False,True,definition_only,True,False
basic_needs_budget_tradeoff_deferral,photo_prompt_visual_obligations_poverty.json,poverty_access_basic_needs_choice_constraint,True,5,5,True,5,5,4,0,True,False,0,False,13,20,True,False,2,6,6,True,False,False,True,False,False,False,True,definition_only,True,False
household_energy_affordability_coping_relation,photo_prompt_visual_obligations_poverty.json,poverty_access_energy_service_affordability_relation,True,5,5,True,5,5,4,0,True,False,0,False,13,23,True,False,2,6,6,True,False,False,True,False,False,False,True,definition_only,True,False
occupied_housing_habitability_mitigation_relation,photo_prompt_visual_obligations_poverty.json,poverty_access_housing_habitability_defect_relation,True,5,5,True,5,5,4,0,True,False,0,False,12,23,True,False,2,6,6,True,False,False,True,False,False,False,True,definition_only,True,False
working_income_essential_cost_gap_relation,photo_prompt_visual_obligations_poverty.json,poverty_access_paid_work_household_resource_gap,True,5,5,True,5,5,4,0,True,False,0,False,14,20,True,False,2,6,6,True,False,False,True,False,False,False,True,definition_only,True,False
transport_affordability_access_barrier_event,photo_prompt_visual_obligations_poverty.json,poverty_access_transport_cost_access_event,True,5,5,True,5,5,4,0,True,False,0,False,15,21,True,False,2,6,6,True,False,False,True,False,False,False,True,definition_only,True,False
material_replacement_deferral_repair_cycle,photo_prompt_visual_obligations_poverty.json,poverty_access_essential_item_use_extension_relation,True,5,5,True,5,5,4,0,True,False,0,False,11,21,True,False,2,6,6,True,False,False,True,False,False,False,True,definition_only,True,False
relative_participation_affordability_barrier,photo_prompt_visual_obligations_poverty.json,poverty_access_relative_access_participation_relation,True,5,5,True,5,5,4,0,True,False,0,False,15,23,True,False,2,6,6,True,False,False,True,False,False,False,True,definition_only,True,False
opening_hanbok_handheld_parasol,photo_prompt_visual_obligations_opening_era.json,opening_era_visible_form_relation,True,4,4,True,4,4,2,0,True,False,0,False,13,42,True,False,1,3,3,True,False,False,True,False,False,False,False,definition_with_optional_label,False,False
opening_reformed_hanbok_length_closure,photo_prompt_visual_obligations_opening_era.json,opening_era_visible_form_relation,True,4,4,True,4,4,2,0,True,False,0,False,13,43,True,False,1,3,3,True,False,False,True,False,False,False,False,definition_with_optional_label,False,False
opening_durumagi_seasonal_layer,photo_prompt_visual_obligations_opening_era.json,opening_era_visible_form_relation,True,4,4,True,4,4,2,0,True,False,0,False,11,44,True,False,1,3,3,True,False,False,True,False,False,False,False,definition_with_optional_label,False,False
opening_tailcoat_formal_tail_topology,photo_prompt_visual_obligations_opening_era.json,opening_era_visible_form_relation,True,4,4,True,4,4,2,0,True,False,0,False,12,41,True,False,1,3,3,True,False,False,True,False,False,False,False,definition_with_optional_label,False,False
opening_frock_coat_long_skirt,photo_prompt_visual_obligations_opening_era.json,opening_era_visible_form_relation,True,4,4,True,4,4,2,0,True,False,0,False,11,41,True,False,1,3,3,True,False,False,True,False,False,False,False,definition_with_optional_label,False,False
opening_western_blouse_reference,photo_prompt_visual_obligations_opening_era.json,opening_era_visible_form_relation,True,4,4,True,4,4,2,0,True,False,0,False,10,40,True,False,1,3,3,True,False,False,True,False,False,False,False,definition_with_optional_label,False,False
opening_bob_cloche_optional_pair,photo_prompt_visual_obligations_opening_era.json,opening_era_visible_form_relation,True,4,4,True,4,4,2,0,True,False,0,False,10,41,True,False,1,3,3,True,False,False,True,False,False,False,False,definition_with_optional_label,False,False
opening_hybrid_veranda_architecture,photo_prompt_visual_obligations_opening_era.json,opening_era_visible_form_relation,True,4,4,True,4,4,2,0,True,False,0,False,13,49,True,False,1,3,3,True,False,False,True,False,False,False,False,definition_with_optional_label,False,False
opening_hanok_chair_contact,photo_prompt_visual_obligations_opening_era.json,opening_era_visible_form_relation,True,4,4,True,4,4,2,0,True,False,0,False,10,45,True,False,1,3,3,True,False,False,True,False,False,False,False,definition_with_optional_label,False,False
opening_hotel_coffee_service,photo_prompt_visual_obligations_opening_era.json,opening_era_visible_form_relation,True,4,4,True,4,4,2,0,True,False,0,False,9,40,False,False,1,3,3,True,False,False,True,False,False,False,False,definition_with_optional_label,False,False
opening_later_cafe_reading,photo_prompt_visual_obligations_opening_era.json,opening_era_visible_form_relation,True,4,4,True,4,4,2,0,True,False,0,False,11,41,True,False,1,3,3,True,False,False,True,False,False,False,False,definition_with_optional_label,False,False
opening_disc_gramophone_listening,photo_prompt_visual_obligations_opening_era.json,opening_era_visible_form_relation,True,4,4,True,4,4,2,0,True,False,0,False,9,46,False,False,1,3,3,True,False,False,True,False,False,False,False,definition_with_optional_label,False,False
opening_wall_phone_separate_receiver,photo_prompt_visual_obligations_opening_era.json,opening_era_visible_form_relation,True,4,4,True,4,4,2,0,True,False,0,False,13,41,True,False,1,3,3,True,False,False,True,False,False,False,False,definition_with_optional_label,False,False
opening_bellows_camera_sitting,photo_prompt_visual_obligations_opening_era.json,opening_era_visible_form_relation,True,4,4,True,4,4,2,0,True,False,0,False,8,45,False,False,1,3,3,True,False,False,True,False,False,False,False,definition_with_optional_label,False,False
opening_rail_platform_departure,photo_prompt_visual_obligations_opening_era.json,opening_era_visible_form_relation,True,4,4,True,4,4,2,0,True,False,0,False,9,42,False,False,1,3,3,True,False,False,True,False,False,False,False,definition_with_optional_label,False,False
opening_modern_reinterpretation_layers,photo_prompt_visual_obligations_opening_era.json,opening_era_visible_form_relation,True,4,4,True,4,4,2,0,True,False,0,False,11,44,True,False,1,3,3,True,False,False,True,False,False,False,False,definition_with_optional_label,False,False
hw_francaise_free_back,photo_prompt_visual_obligations_historical_womenswear.json,historical_womenswear_visible_relation,True,2,2,True,2,2,2,0,True,True,0,False,10,22,True,False,5,3,3,True,False,False,True,False,False,False,False,definition_with_optional_label,False,False
hw_anglaise_fitted_back,photo_prompt_visual_obligations_historical_womenswear.json,historical_womenswear_visible_relation,True,2,2,True,2,2,2,0,True,True,0,False,8,18,False,False,5,2,2,True,False,False,True,False,False,False,False,definition_with_optional_label,False,False
hw_polonaise_three_lifts,photo_prompt_visual_obligations_historical_womenswear.json,historical_womenswear_visible_relation,True,2,2,True,2,2,2,0,True,True,0,False,10,21,True,False,4,2,2,True,False,False,True,False,False,False,False,definition_with_optional_label,False,False
hw_lateral_pannier,photo_prompt_visual_obligations_historical_womenswear.json,historical_womenswear_visible_relation,True,2,2,True,2,2,2,0,True,True,0,False,11,23,True,False,5,3,3,True,False,False,True,False,False,False,False,definition_with_optional_label,False,False
hw_stomacher_insert,photo_prompt_visual_obligations_historical_womenswear.json,historical_womenswear_visible_relation,True,2,2,True,2,2,2,0,True,True,0,False,12,21,True,False,3,3,3,True,False,False,True,False,False,False,False,definition_with_optional_label,False,False
hw_chemise_gown_sash,photo_prompt_visual_obligations_historical_womenswear.json,historical_womenswear_visible_relation,True,2,2,True,2,2,2,0,True,True,0,False,13,21,True,False,5,3,3,True,False,False,True,False,False,False,False,definition_with_optional_label,False,False
hw_empire_raised_waist,photo_prompt_visual_obligations_historical_womenswear.json,historical_womenswear_visible_relation,True,2,2,True,2,2,2,0,True,True,0,False,12,22,True,False,6,3,3,True,False,False,True,False,False,False,False,definition_with_optional_label,False,False
hw_shelf_bustle,photo_prompt_visual_obligations_historical_womenswear.json,historical_womenswear_visible_relation,True,2,2,True,2,2,2,0,True,True,0,False,13,20,True,False,4,3,3,True,False,False,True,False,False,False,False,definition_with_optional_label,False,False
hw_tippet_back_sleeve,photo_prompt_visual_obligations_historical_womenswear.json,historical_womenswear_visible_relation,True,2,2,True,2,2,2,0,True,True,0,False,13,26,True,False,3,1,1,True,False,False,True,False,False,False,False,definition_with_optional_label,False,False
hw_wimple_chin_neck,photo_prompt_visual_obligations_historical_womenswear.json,historical_womenswear_visible_relation,True,2,2,True,2,2,2,0,True,True,0,False,12,21,True,False,3,1,1,True,False,False,True,False,False,False,False,definition_with_optional_label,False,False
hw_barbette_underchin_band,photo_prompt_visual_obligations_historical_womenswear.json,historical_womenswear_visible_relation,True,2,2,True,2,2,2,0,True,True,0,False,12,25,True,False,3,1,1,True,False,False,True,False,False,False,False,definition_with_optional_label,False,False
hw_lingerie_daydress,photo_prompt_visual_obligations_historical_womenswear.json,historical_womenswear_visible_relation,True,3,3,True,3,3,2,0,True,True,0,False,17,28,True,False,3,1,1,True,False,False,True,False,False,False,False,definition_with_optional_label,False,False
hw_drop_waist_1920,photo_prompt_visual_obligations_historical_womenswear.json,historical_womenswear_visible_relation,True,2,2,True,2,2,2,0,True,True,0,False,12,23,True,False,5,1,1,True,False,False,True,False,False,False,False,definition_with_optional_label,False,False
hw_cloche_bell,photo_prompt_visual_obligations_historical_womenswear.json,historical_womenswear_visible_relation,True,2,2,True,2,2,2,0,True,True,0,False,11,23,True,False,5,1,1,True,False,False,True,False,False,False,False,definition_with_optional_label,False,False
hw_jangot_headcover,photo_prompt_visual_obligations_historical_womenswear.json,historical_womenswear_visible_relation,True,3,3,True,3,3,2,0,True,True,0,False,15,37,True,False,3,1,1,True,False,False,True,False,False,False,False,definition_with_optional_label,False,False
hw_sseugaechima_headcover,photo_prompt_visual_obligations_historical_womenswear.json,historical_womenswear_visible_relation,True,3,3,True,3,3,2,0,True,True,0,False,14,33,True,False,4,1,1,True,False,False,True,False,False,False,False,definition_with_optional_label,False,False
hw_dangui_open_sides,photo_prompt_visual_obligations_historical_womenswear.json,historical_womenswear_visible_relation,True,3,3,True,3,3,2,0,True,True,0,False,15,30,True,False,3,1,1,True,False,False,True,False,False,False,False,definition_with_optional_label,False,False
hw_kosode_small_opening,photo_prompt_visual_obligations_historical_womenswear.json,historical_womenswear_visible_relation,True,2,2,True,2,2,2,0,True,True,0,False,15,25,True,False,3,1,1,True,False,False,True,False,False,False,False,definition_with_optional_label,False,False
hw_qing_embroidered_robe,photo_prompt_visual_obligations_historical_womenswear.json,historical_womenswear_visible_relation,True,3,3,True,3,3,2,0,True,True,0,False,16,31,True,False,4,1,1,True,False,False,True,False,False,False,False,definition_with_optional_label,False,False
hw_qipao_1920_loose,photo_prompt_visual_obligations_historical_womenswear.json,historical_womenswear_visible_relation,True,2,2,True,2,2,2,0,True,True,0,False,15,21,True,False,7,1,1,True,False,False,True,False,False,False,False,definition_with_optional_label,False,False
hw_lace_insertion,photo_prompt_visual_obligations_historical_womenswear.json,historical_womenswear_visible_relation,True,1,1,True,1,1,2,0,True,True,0,False,10,12,True,False,3,1,1,True,False,False,True,False,False,False,False,definition_with_optional_label,False,False
hw_brocade_raised_motifs,photo_prompt_visual_obligations_historical_womenswear.json,historical_womenswear_visible_relation,True,1,1,True,1,1,2,0,True,True,0,False,10,11,True,False,3,1,1,True,False,False,True,False,False,False,False,definition_with_optional_label,False,False
hw_damask_tonal_pattern,photo_prompt_visual_obligations_historical_womenswear.json,historical_womenswear_visible_relation,True,1,1,True,1,1,2,0,True,True,0,False,12,15,True,False,3,1,1,True,False,False,True,False,False,False,False,definition_with_optional_label,False,False
hw_chatelaine_waist_tools,photo_prompt_visual_obligations_historical_womenswear.json,historical_womenswear_visible_relation,True,2,2,True,2,2,2,0,True,True,0,False,10,21,True,False,5,1,1,True,False,False,True,False,False,False,False,definition_with_optional_label,False,False
costume_ccx_cc01_01,photo_prompt_visual_obligations_costume_cosplay.json,costume_cosplay_visible_relation,True,1,1,True,1,1,2,0,True,True,1,True,4,13,False,True,1,2,2,True,False,True,True,False,False,False,False,definition_with_optional_label,False,False
costume_ccx_cc01_02,photo_prompt_visual_obligations_costume_cosplay.json,costume_cosplay_visible_relation,True,1,1,True,1,1,2,0,True,True,1,True,5,14,False,True,1,2,2,True,False,True,True,False,False,False,False,definition_with_optional_label,False,False
costume_ccx_cc01_03,photo_prompt_visual_obligations_costume_cosplay.json,costume_cosplay_visible_relation,True,1,1,True,1,1,2,0,True,True,1,True,4,11,False,True,1,2,2,True,False,True,True,False,False,False,False,definition_with_optional_label,False,False
costume_ccx_cc02_01,photo_prompt_visual_obligations_costume_cosplay.json,costume_cosplay_visible_relation,True,1,1,True,1,1,2,0,True,True,1,True,5,14,False,True,1,2,2,True,False,True,True,False,False,False,False,definition_with_optional_label,False,False
costume_ccx_cc02_02,photo_prompt_visual_obligations_costume_cosplay.json,costume_cosplay_visible_relation,True,1,1,True,1,1,2,0,True,True,1,True,5,10,False,True,1,2,2,True,False,True,True,False,False,False,False,definition_with_optional_label,False,False
costume_ccx_cc03_01,photo_prompt_visual_obligations_costume_cosplay.json,costume_cosplay_visible_relation,True,1,1,True,1,1,2,0,True,True,1,True,5,13,False,True,1,2,2,True,False,True,True,False,False,False,False,definition_with_optional_label,False,False
costume_ccx_cc03_02,photo_prompt_visual_obligations_costume_cosplay.json,costume_cosplay_visible_relation,True,1,1,True,1,1,2,0,True,True,1,True,5,13,False,True,1,2,2,True,False,True,True,False,False,False,False,definition_with_optional_label,False,False
costume_ccx_cc04_01,photo_prompt_visual_obligations_costume_cosplay.json,costume_cosplay_visible_relation,True,1,1,True,1,1,2,0,True,True,1,True,5,10,False,True,1,2,2,True,False,True,True,False,False,False,False,definition_with_optional_label,False,False
costume_ccx_cc04_02,photo_prompt_visual_obligations_costume_cosplay.json,costume_cosplay_visible_relation,True,1,1,True,1,1,2,0,True,True,1,True,5,14,False,True,1,2,2,True,False,True,True,False,False,False,False,definition_with_optional_label,False,False
costume_ccx_cc05_01,photo_prompt_visual_obligations_costume_cosplay.json,costume_cosplay_visible_relation,True,1,1,True,1,1,2,0,True,True,1,True,5,10,False,True,1,2,2,True,False,True,True,False,False,False,False,definition_with_optional_label,False,False
costume_ccx_cc05_02,photo_prompt_visual_obligations_costume_cosplay.json,costume_cosplay_visible_relation,True,1,1,True,1,1,2,0,True,True,1,True,5,14,False,True,1,2,2,True,False,True,True,False,False,False,False,definition_with_optional_label,False,False
costume_ccx_cc06_01,photo_prompt_visual_obligations_costume_cosplay.json,costume_cosplay_visible_relation,True,1,1,True,1,1,2,0,True,True,1,True,3,14,False,True,1,2,2,True,False,True,True,False,False,False,False,definition_with_optional_label,False,False
costume_ccx_cc06_02,photo_prompt_visual_obligations_costume_cosplay.json,costume_cosplay_visible_relation,True,1,1,True,1,1,2,0,True,True,1,True,5,15,False,True,1,2,2,True,False,True,True,False,False,False,False,definition_with_optional_label,False,False
costume_ccx_cc07_01,photo_prompt_visual_obligations_costume_cosplay.json,costume_cosplay_visible_relation,True,1,1,True,1,1,2,0,True,True,1,True,5,13,False,True,1,2,2,True,False,True,True,False,False,False,False,definition_with_optional_label,False,False
costume_ccx_cc07_02,photo_prompt_visual_obligations_costume_cosplay.json,costume_cosplay_visible_relation,True,1,1,True,1,1,2,0,True,True,1,True,5,13,False,True,1,2,2,True,False,True,True,False,False,False,False,definition_with_optional_label,False,False
costume_ccx_cc08_01,photo_prompt_visual_obligations_costume_cosplay.json,costume_cosplay_visible_relation,True,1,1,True,1,1,2,0,True,True,1,True,5,14,False,True,1,2,2,True,False,True,True,False,False,False,False,definition_with_optional_label,False,False
costume_ccx_cc08_02,photo_prompt_visual_obligations_costume_cosplay.json,costume_cosplay_visible_relation,True,1,1,True,1,1,2,0,True,True,1,True,4,12,False,True,1,2,2,True,False,True,True,False,False,False,False,definition_with_optional_label,False,False
costume_ccx_cc09_01,photo_prompt_visual_obligations_costume_cosplay.json,costume_cosplay_visible_relation,True,1,1,True,1,1,2,0,True,True,1,True,6,12,False,True,1,2,2,True,False,True,True,False,False,False,False,definition_with_optional_label,False,False
costume_ccx_cc09_02,photo_prompt_visual_obligations_costume_cosplay.json,costume_cosplay_visible_relation,True,1,1,True,1,1,2,0,True,True,1,True,5,12,False,True,1,2,2,True,False,True,True,False,False,False,False,definition_with_optional_label,False,False
costume_ccx_cc10_01,photo_prompt_visual_obligations_costume_cosplay.json,costume_cosplay_visible_relation,True,1,1,True,1,1,2,0,True,True,1,True,4,14,False,True,1,2,2,True,False,True,True,False,False,False,False,definition_with_optional_label,False,False
costume_ccx_cc10_02,photo_prompt_visual_obligations_costume_cosplay.json,costume_cosplay_visible_relation,True,1,1,True,1,1,2,0,True,True,1,True,5,12,False,True,1,2,2,True,False,True,True,False,False,False,False,definition_with_optional_label,False,False
costume_ccx_cc10_03,photo_prompt_visual_obligations_costume_cosplay.json,costume_cosplay_visible_relation,True,1,1,True,1,1,2,0,True,True,1,True,5,12,False,True,1,2,2,True,False,True,True,False,False,False,False,definition_with_optional_label,False,False
costume_ccx_cc11_01,photo_prompt_visual_obligations_costume_cosplay.json,costume_cosplay_visible_relation,True,1,1,True,1,1,2,0,True,True,1,True,5,11,False,True,1,2,2,True,False,True,True,False,False,False,False,definition_with_optional_label,False,False
costume_ccx_cc11_02,photo_prompt_visual_obligations_costume_cosplay.json,costume_cosplay_visible_relation,True,1,1,True,1,1,2,0,True,True,1,True,5,13,False,True,1,2,2,True,False,True,True,False,False,False,False,definition_with_optional_label,False,False
costume_ccx_cc12_01,photo_prompt_visual_obligations_costume_cosplay.json,costume_cosplay_visible_relation,True,1,1,True,1,1,2,0,True,True,1,True,5,12,False,True,1,2,2,True,False,True,True,False,False,False,False,definition_with_optional_label,False,False
costume_ccx_cc12_02,photo_prompt_visual_obligations_costume_cosplay.json,costume_cosplay_visible_relation,True,1,1,True,1,1,2,0,True,True,1,True,4,11,False,True,1,2,2,True,False,True,True,False,False,False,False,definition_with_optional_label,False,False
costume_ccx_cc13_01,photo_prompt_visual_obligations_costume_cosplay.json,costume_cosplay_visible_relation,True,1,1,True,1,1,2,0,True,True,1,True,6,13,False,True,1,2,2,True,False,True,True,False,False,False,False,definition_with_optional_label,False,False
costume_ccx_cc13_02,photo_prompt_visual_obligations_costume_cosplay.json,costume_cosplay_visible_relation,True,1,1,True,1,1,2,0,True,True,1,True,5,13,False,True,1,2,2,True,False,True,True,False,False,False,False,definition_with_optional_label,False,False
costume_ccx_cc13_03,photo_prompt_visual_obligations_costume_cosplay.json,costume_cosplay_visible_relation,True,1,1,True,1,1,2,0,True,True,1,True,6,14,False,True,1,2,2,True,False,True,True,False,False,False,False,definition_with_optional_label,False,False
costume_ccx_cc14_01,photo_prompt_visual_obligations_costume_cosplay.json,costume_cosplay_visible_relation,True,1,1,True,1,1,2,0,True,True,1,True,6,11,False,True,1,2,2,True,False,True,True,False,False,False,False,definition_with_optional_label,False,False
costume_ccx_cc14_02,photo_prompt_visual_obligations_costume_cosplay.json,costume_cosplay_visible_relation,True,1,1,True,1,1,2,0,True,True,1,True,5,10,False,True,1,2,2,True,False,True,True,False,False,False,False,definition_with_optional_label,False,False
costume_ccx_cc15_01,photo_prompt_visual_obligations_costume_cosplay.json,costume_cosplay_visible_relation,True,1,1,True,1,1,2,0,True,True,1,True,6,11,False,True,1,2,2,True,False,True,True,False,False,False,False,definition_with_optional_label,False,False
costume_ccx_cc15_02,photo_prompt_visual_obligations_costume_cosplay.json,costume_cosplay_visible_relation,True,1,1,True,1,1,2,0,True,True,1,True,4,13,False,True,1,2,2,True,False,True,True,False,False,False,False,definition_with_optional_label,False,False
costume_ccx_cc16_01,photo_prompt_visual_obligations_costume_cosplay.json,costume_cosplay_visible_relation,True,1,1,True,1,1,2,0,True,True,1,True,6,12,False,True,1,2,2,True,False,True,True,False,False,False,False,definition_with_optional_label,False,False
costume_ccx_cc16_02,photo_prompt_visual_obligations_costume_cosplay.json,costume_cosplay_visible_relation,True,1,1,True,1,1,2,0,True,True,1,True,6,11,False,True,1,2,2,True,False,True,True,False,False,False,False,definition_with_optional_label,False,False
costume_ccx_cc17_01,photo_prompt_visual_obligations_costume_cosplay.json,costume_cosplay_visible_relation,True,1,1,True,1,1,2,0,True,True,1,True,4,12,False,True,1,2,2,True,False,True,True,False,False,False,False,definition_with_optional_label,False,False
costume_ccx_cc17_02,photo_prompt_visual_obligations_costume_cosplay.json,costume_cosplay_visible_relation,True,1,1,True,1,1,2,0,True,True,1,True,5,13,False,True,1,2,2,True,False,True,True,False,False,False,False,definition_with_optional_label,False,False
costume_ccx_cc18_01,photo_prompt_visual_obligations_costume_cosplay.json,costume_cosplay_visible_relation,True,1,1,True,1,1,2,0,True,True,1,True,4,13,False,True,1,2,2,True,False,True,True,False,False,False,False,definition_with_optional_label,False,False
costume_ccx_cc18_02,photo_prompt_visual_obligations_costume_cosplay.json,costume_cosplay_visible_relation,True,1,1,True,1,1,2,0,True,True,1,True,6,15,False,True,1,2,2,True,False,True,True,False,False,False,False,definition_with_optional_label,False,False
costume_ccx_cc19_01,photo_prompt_visual_obligations_costume_cosplay.json,costume_cosplay_visible_relation,True,1,1,True,1,1,2,0,True,True,1,True,4,11,False,True,1,2,2,True,False,True,True,False,False,False,False,definition_with_optional_label,False,False
costume_ccx_cc19_02,photo_prompt_visual_obligations_costume_cosplay.json,costume_cosplay_visible_relation,True,1,1,True,1,1,2,0,True,True,1,True,5,11,False,True,1,2,2,True,False,True,True,False,False,False,False,definition_with_optional_label,False,False
costume_ccx_cc20_01,photo_prompt_visual_obligations_costume_cosplay.json,costume_cosplay_visible_relation,True,1,1,True,1,1,2,0,True,True,1,True,5,12,False,True,1,2,2,True,False,True,True,False,False,False,False,definition_with_optional_label,False,False
costume_ccx_cc20_02,photo_prompt_visual_obligations_costume_cosplay.json,costume_cosplay_visible_relation,True,1,1,True,1,1,2,0,True,True,1,True,6,11,False,True,1,2,2,True,False,True,True,False,False,False,False,definition_with_optional_label,False,False
costume_ccx_cc21_01,photo_prompt_visual_obligations_costume_cosplay.json,costume_cosplay_visible_relation,True,1,1,True,1,1,2,0,True,True,1,True,5,13,False,True,1,2,2,True,False,True,True,False,False,False,False,definition_with_optional_label,False,False
costume_ccx_cc21_02,photo_prompt_visual_obligations_costume_cosplay.json,costume_cosplay_visible_relation,True,1,1,True,1,1,2,0,True,True,1,True,5,12,False,True,1,2,2,True,False,True,True,False,False,False,False,definition_with_optional_label,False,False
costume_ccx_cc22_01,photo_prompt_visual_obligations_costume_cosplay.json,costume_cosplay_visible_relation,True,1,1,True,1,1,2,0,True,True,1,True,6,15,False,True,1,2,2,True,False,True,True,False,False,False,False,definition_with_optional_label,False,False
costume_ccx_cc22_02,photo_prompt_visual_obligations_costume_cosplay.json,costume_cosplay_visible_relation,True,1,1,True,1,1,2,0,True,True,1,True,5,11,False,True,1,2,2,True,False,True,True,False,False,False,False,definition_with_optional_label,False,False
costume_ccx_cc23_01,photo_prompt_visual_obligations_costume_cosplay.json,costume_cosplay_visible_relation,True,1,1,True,1,1,2,0,True,True,1,True,5,13,False,True,1,2,2,True,False,True,True,False,False,False,False,definition_with_optional_label,False,False
costume_ccx_cc23_02,photo_prompt_visual_obligations_costume_cosplay.json,costume_cosplay_visible_relation,True,1,1,True,1,1,2,0,True,True,1,True,5,11,False,True,1,2,2,True,False,True,True,False,False,False,False,definition_with_optional_label,False,False
costume_ccx_cc24_01,photo_prompt_visual_obligations_costume_cosplay.json,costume_cosplay_visible_relation,True,1,1,True,1,1,2,0,True,True,1,True,5,11,False,True,1,2,2,True,False,True,True,False,False,False,False,definition_with_optional_label,False,False
costume_ccx_cc24_02,photo_prompt_visual_obligations_costume_cosplay.json,costume_cosplay_visible_relation,True,1,1,True,1,1,2,0,True,True,1,True,5,12,False,True,1,2,2,True,False,True,True,False,False,False,False,definition_with_optional_label,False,False
costume_ccx_cc25_01,photo_prompt_visual_obligations_costume_cosplay.json,costume_cosplay_visible_relation,True,1,1,True,1,1,2,0,True,True,1,True,6,10,False,True,1,2,2,True,False,True,True,False,False,False,False,definition_with_optional_label,False,False
costume_ccx_cc25_02,photo_prompt_visual_obligations_costume_cosplay.json,costume_cosplay_visible_relation,True,1,1,True,1,1,2,0,True,True,1,True,5,11,False,True,1,2,2,True,False,True,True,False,False,False,False,definition_with_optional_label,False,False
costume_ccx_cc26_01,photo_prompt_visual_obligations_costume_cosplay.json,costume_cosplay_visible_relation,True,1,1,True,1,1,2,0,True,True,1,True,5,11,False,True,1,2,2,True,False,True,True,False,False,False,False,definition_with_optional_label,False,False
costume_ccx_cc26_02,photo_prompt_visual_obligations_costume_cosplay.json,costume_cosplay_visible_relation,True,1,1,True,1,1,2,0,True,True,1,True,4,12,False,True,1,2,2,True,False,True,True,False,False,False,False,definition_with_optional_label,False,False
costume_ccx_cc27_01,photo_prompt_visual_obligations_costume_cosplay.json,costume_cosplay_visible_relation,True,1,1,True,1,1,2,0,True,True,1,True,5,12,False,True,1,2,2,True,False,True,True,False,False,False,False,definition_with_optional_label,False,False
costume_ccx_cc27_02,photo_prompt_visual_obligations_costume_cosplay.json,costume_cosplay_visible_relation,True,1,1,True,1,1,2,0,True,True,1,True,5,15,False,True,1,2,2,True,False,True,True,False,False,False,False,definition_with_optional_label,False,False
costume_ccx_cc28_01,photo_prompt_visual_obligations_costume_cosplay.json,costume_cosplay_visible_relation,True,1,1,True,1,1,2,0,True,True,1,True,5,10,False,True,1,2,2,True,False,True,True,False,False,False,False,definition_with_optional_label,False,False
costume_ccx_cc28_02,photo_prompt_visual_obligations_costume_cosplay.json,costume_cosplay_visible_relation,True,1,1,True,1,1,2,0,True,True,1,True,5,11,False,True,1,2,2,True,False,True,True,False,False,False,False,definition_with_optional_label,False,False
costume_ccx_cc29_01,photo_prompt_visual_obligations_costume_cosplay.json,costume_cosplay_visible_relation,True,1,1,True,1,1,2,0,True,True,1,True,5,12,False,True,1,2,2,True,False,True,True,False,False,False,False,definition_with_optional_label,False,False
costume_ccx_cc29_02,photo_prompt_visual_obligations_costume_cosplay.json,costume_cosplay_visible_relation,True,1,1,True,1,1,2,0,True,True,1,True,4,12,False,True,1,2,2,True,False,True,True,False,False,False,False,definition_with_optional_label,False,False
costume_ccx_cc30_01,photo_prompt_visual_obligations_costume_cosplay.json,costume_cosplay_visible_relation,True,1,1,True,1,1,2,0,True,True,1,True,6,11,False,True,1,2,2,True,False,True,True,False,False,False,False,definition_with_optional_label,False,False
costume_ccx_cc30_02,photo_prompt_visual_obligations_costume_cosplay.json,costume_cosplay_visible_relation,True,1,1,True,1,1,2,0,True,True,1,True,5,14,False,True,1,2,2,True,False,True,True,False,False,False,False,definition_with_optional_label,False,False
costume_ccx_cc31_01,photo_prompt_visual_obligations_costume_cosplay.json,costume_cosplay_visible_relation,True,1,1,True,1,1,2,0,True,True,1,True,6,10,False,True,1,2,2,True,False,True,True,False,False,False,False,definition_with_optional_label,False,False
costume_ccx_cc31_02,photo_prompt_visual_obligations_costume_cosplay.json,costume_cosplay_visible_relation,True,1,1,True,1,1,2,0,True,True,1,True,6,11,False,True,1,2,2,True,False,True,True,False,False,False,False,definition_with_optional_label,False,False
costume_ccx_cc32_01,photo_prompt_visual_obligations_costume_cosplay.json,costume_cosplay_visible_relation,True,1,1,True,1,1,2,0,True,True,1,True,4,14,False,True,1,2,2,True,False,True,True,False,False,False,False,definition_with_optional_label,False,False
costume_ccx_cc32_02,photo_prompt_visual_obligations_costume_cosplay.json,costume_cosplay_visible_relation,True,1,1,True,1,1,2,0,True,True,1,True,6,12,False,True,1,2,2,True,False,True,True,False,False,False,False,definition_with_optional_label,False,False
costume_ccx_cc33_01,photo_prompt_visual_obligations_costume_cosplay.json,costume_cosplay_visible_relation,True,1,1,True,1,1,2,0,True,True,1,True,5,16,False,True,1,2,2,True,False,True,True,False,False,False,False,definition_with_optional_label,False,False
costume_ccx_cc33_02,photo_prompt_visual_obligations_costume_cosplay.json,costume_cosplay_visible_relation,True,1,1,True,1,1,2,0,True,True,1,True,5,11,False,True,1,2,2,True,False,True,True,False,False,False,False,definition_with_optional_label,False,False
costume_ccx_cc34_01,photo_prompt_visual_obligations_costume_cosplay.json,costume_cosplay_visible_relation,True,1,1,True,1,1,2,0,True,True,1,True,5,11,False,True,1,2,2,True,False,True,True,False,False,False,False,definition_with_optional_label,False,False
costume_ccx_cc34_02,photo_prompt_visual_obligations_costume_cosplay.json,costume_cosplay_visible_relation,True,1,1,True,1,1,2,0,True,True,1,True,6,12,False,True,1,2,2,True,False,True,True,False,False,False,False,definition_with_optional_label,False,False
costume_ccx_cc35_01,photo_prompt_visual_obligations_costume_cosplay.json,costume_cosplay_visible_relation,True,1,1,True,1,1,2,0,True,True,1,True,5,8,False,True,1,2,2,True,False,True,True,False,False,False,False,definition_with_optional_label,False,False
costume_ccx_cc35_02,photo_prompt_visual_obligations_costume_cosplay.json,costume_cosplay_visible_relation,True,1,1,True,1,1,2,0,True,True,1,True,5,11,False,True,1,2,2,True,False,True,True,False,False,False,False,definition_with_optional_label,False,False
costume_ccx_cc36_01,photo_prompt_visual_obligations_costume_cosplay.json,costume_cosplay_visible_relation,True,1,1,True,1,1,2,0,True,True,1,True,4,11,False,True,1,2,2,True,False,True,True,False,False,False,False,definition_with_optional_label,False,False
costume_ccx_cc36_02,photo_prompt_visual_obligations_costume_cosplay.json,costume_cosplay_visible_relation,True,1,1,True,1,1,2,0,True,True,1,True,4,10,False,True,1,2,2,True,False,True,True,False,False,False,False,definition_with_optional_label,False,False
costume_ccx_cc37_01,photo_prompt_visual_obligations_costume_cosplay.json,costume_cosplay_visible_relation,True,1,1,True,1,1,2,0,True,True,1,True,5,13,False,True,1,2,2,True,False,True,True,False,False,False,False,definition_with_optional_label,False,False
costume_ccx_cc37_02,photo_prompt_visual_obligations_costume_cosplay.json,costume_cosplay_visible_relation,True,1,1,True,1,1,2,0,True,True,1,True,5,12,False,True,1,2,2,True,False,True,True,False,False,False,False,definition_with_optional_label,False,False
costume_ccx_cc38_01,photo_prompt_visual_obligations_costume_cosplay.json,costume_cosplay_visible_relation,True,1,1,True,1,1,2,0,True,True,1,True,4,12,False,True,1,2,2,True,False,True,True,False,False,False,False,definition_with_optional_label,False,False
costume_ccx_cc38_02,photo_prompt_visual_obligations_costume_cosplay.json,costume_cosplay_visible_relation,True,1,1,True,1,1,2,0,True,True,1,True,5,12,False,True,1,2,2,True,False,True,True,False,False,False,False,definition_with_optional_label,False,False
costume_ccx_cc39_01,photo_prompt_visual_obligations_costume_cosplay.json,costume_cosplay_visible_relation,True,1,1,True,1,1,2,0,True,True,1,True,5,13,False,True,1,2,2,True,False,True,True,False,False,False,False,definition_with_optional_label,False,False
costume_ccx_cc39_02,photo_prompt_visual_obligations_costume_cosplay.json,costume_cosplay_visible_relation,True,1,1,True,1,1,2,0,True,True,1,True,4,11,False,True,1,2,2,True,False,True,True,False,False,False,False,definition_with_optional_label,False,False
costume_ccx_cc40_01,photo_prompt_visual_obligations_costume_cosplay.json,costume_cosplay_visible_relation,True,1,1,True,1,1,2,0,True,True,1,True,6,13,False,True,1,2,2,True,False,True,True,False,False,False,False,definition_with_optional_label,False,False
costume_ccx_cc40_02,photo_prompt_visual_obligations_costume_cosplay.json,costume_cosplay_visible_relation,True,1,1,True,1,1,2,0,True,True,1,True,4,11,False,True,1,2,2,True,False,True,True,False,False,False,False,definition_with_optional_label,False,False
costume_ccx_cc41_01,photo_prompt_visual_obligations_costume_cosplay.json,costume_cosplay_visible_relation,True,1,1,True,1,1,2,0,True,True,1,True,4,12,False,True,1,2,2,True,False,True,True,False,False,False,False,definition_with_optional_label,False,False
costume_ccx_cc41_02,photo_prompt_visual_obligations_costume_cosplay.json,costume_cosplay_visible_relation,True,1,1,True,1,1,2,0,True,True,1,True,5,13,False,True,1,2,2,True,False,True,True,False,False,False,False,definition_with_optional_label,False,False
costume_ccx_cc42_01,photo_prompt_visual_obligations_costume_cosplay.json,costume_cosplay_visible_relation,True,1,1,True,1,1,2,0,True,True,1,True,7,13,False,True,1,2,2,True,False,True,True,False,False,False,False,definition_with_optional_label,False,False
costume_ccx_cc42_02,photo_prompt_visual_obligations_costume_cosplay.json,costume_cosplay_visible_relation,True,1,1,True,1,1,2,0,True,True,1,True,5,11,False,True,1,2,2,True,False,True,True,False,False,False,False,definition_with_optional_label,False,False
pf_motte_bailey,photo_prompt_visual_obligations_palace_fortification.json,palace_fortification_visible_relation,True,3,3,True,3,3,2,0,True,True,0,False,16,23,True,False,4,2,2,True,False,False,True,False,False,False,False,definition_with_optional_label,False,False
pf_keep_ward,photo_prompt_visual_obligations_palace_fortification.json,palace_fortification_visible_relation,True,3,3,True,3,3,2,0,True,True,0,False,18,24,True,False,7,3,3,True,False,False,True,False,False,False,False,definition_with_optional_label,False,False
pf_concentric,photo_prompt_visual_obligations_palace_fortification.json,palace_fortification_visible_relation,True,3,3,True,3,3,2,0,True,True,0,False,19,23,True,False,4,3,3,True,False,False,True,False,False,False,False,definition_with_optional_label,False,False
pf_walled_town,photo_prompt_visual_obligations_palace_fortification.json,palace_fortification_visible_relation,True,3,3,True,3,3,2,0,True,True,0,False,17,25,True,False,4,3,3,True,False,False,True,False,False,False,False,definition_with_optional_label,False,False
pf_wall_tower_walk,photo_prompt_visual_obligations_palace_fortification.json,palace_fortification_visible_relation,True,3,3,True,3,3,2,0,True,True,0,False,16,22,True,False,6,3,3,True,False,False,True,False,False,False,False,definition_with_optional_label,False,False
pf_crenellation,photo_prompt_visual_obligations_palace_fortification.json,palace_fortification_visible_relation,True,3,3,True,3,3,2,0,True,True,0,False,17,25,True,False,6,3,3,True,False,False,True,False,False,False,False,definition_with_optional_label,False,False
pf_gate_sequence,photo_prompt_visual_obligations_palace_fortification.json,palace_fortification_visible_relation,True,3,3,True,3,3,2,0,True,True,0,False,15,24,True,False,5,2,2,True,False,False,True,False,False,False,False,definition_with_optional_label,False,False
pf_portcullis,photo_prompt_visual_obligations_palace_fortification.json,palace_fortification_visible_relation,True,3,3,True,3,3,2,0,True,True,0,False,17,25,True,False,4,3,3,True,False,False,True,False,False,False,False,definition_with_optional_label,False,False
pf_drawbridge,photo_prompt_visual_obligations_palace_fortification.json,palace_fortification_visible_relation,True,3,3,True,3,3,2,0,True,True,0,False,15,27,True,False,3,3,3,True,False,False,True,False,False,False,False,definition_with_optional_label,False,False
pf_machicolation,photo_prompt_visual_obligations_palace_fortification.json,palace_fortification_visible_relation,True,3,3,True,3,3,2,0,True,True,0,False,16,25,True,False,3,3,3,True,False,False,True,False,False,False,False,definition_with_optional_label,False,False
pf_arrow_loop,photo_prompt_visual_obligations_palace_fortification.json,palace_fortification_visible_relation,True,3,3,True,3,3,2,0,True,True,0,False,15,26,True,False,4,3,3,True,False,False,True,False,False,False,False,definition_with_optional_label,False,False
pf_dry_moat,photo_prompt_visual_obligations_palace_fortification.json,palace_fortification_visible_relation,True,3,3,True,3,3,2,0,True,True,0,False,14,28,True,False,4,3,3,True,False,False,True,False,False,False,False,definition_with_optional_label,False,False
pf_bastion_ravelin,photo_prompt_visual_obligations_palace_fortification.json,palace_fortification_visible_relation,True,3,3,True,3,3,2,0,True,True,0,False,12,25,True,False,6,3,3,True,False,False,True,False,False,False,False,definition_with_optional_label,False,False
pf_gun_battery,photo_prompt_visual_obligations_palace_fortification.json,palace_fortification_visible_relation,True,3,3,True,3,3,2,0,True,True,0,False,14,27,True,False,5,3,3,True,False,False,True,False,False,False,False,definition_with_optional_label,False,False
pf_window_seat,photo_prompt_visual_obligations_palace_fortification.json,palace_fortification_visible_relation,True,3,3,True,3,3,2,0,True,True,0,False,17,29,True,False,4,2,2,True,False,False,True,False,False,False,False,definition_with_optional_label,False,False
pf_hammerbeam_hall,photo_prompt_visual_obligations_palace_fortification.json,palace_fortification_visible_relation,True,3,3,True,3,3,2,0,True,True,0,False,17,26,True,False,5,3,3,True,False,False,True,False,False,False,False,definition_with_optional_label,False,False
pf_rib_vault_chapel,photo_prompt_visual_obligations_palace_fortification.json,palace_fortification_visible_relation,True,3,3,True,3,3,2,0,True,True,0,False,12,23,True,False,5,3,3,True,False,False,True,False,False,False,False,definition_with_optional_label,False,False
pf_enfilade,photo_prompt_visual_obligations_palace_fortification.json,palace_fortification_visible_relation,True,3,3,True,3,3,2,0,True,True,0,False,19,23,True,False,3,3,3,True,False,False,True,False,False,False,False,definition_with_optional_label,False,False
pf_mirror_gallery,photo_prompt_visual_obligations_palace_fortification.json,palace_fortification_visible_relation,True,3,3,True,3,3,2,0,True,True,0,False,17,24,True,False,4,3,3,True,False,False,True,False,False,False,False,definition_with_optional_label,False,False
pf_rocaille_boiserie,photo_prompt_visual_obligations_palace_fortification.json,palace_fortification_visible_relation,True,3,3,True,3,3,2,0,True,True,0,False,15,25,True,False,5,3,3,True,False,False,True,False,False,False,False,definition_with_optional_label,False,False
pf_renaissance_court,photo_prompt_visual_obligations_palace_fortification.json,palace_fortification_visible_relation,True,3,3,True,3,3,2,0,True,True,0,False,14,25,True,False,5,2,2,True,False,False,True,False,False,False,False,definition_with_optional_label,False,False
pf_double_helix,photo_prompt_visual_obligations_palace_fortification.json,palace_fortification_visible_relation,True,3,3,True,3,3,2,0,True,True,0,False,16,24,True,False,3,3,3,True,False,False,True,False,False,False,False,definition_with_optional_label,False,False
pf_nasrid_water_court,photo_prompt_visual_obligations_palace_fortification.json,palace_fortification_visible_relation,True,3,3,True,3,3,2,0,True,True,0,False,13,26,True,False,5,3,3,True,False,False,True,False,False,False,False,definition_with_optional_label,False,False
pf_muqarnas,photo_prompt_visual_obligations_palace_fortification.json,palace_fortification_visible_relation,True,3,3,True,3,3,2,0,True,True,0,False,18,21,True,False,3,3,3,True,False,False,True,False,False,False,False,definition_with_optional_label,False,False
pf_brick_castle,photo_prompt_visual_obligations_palace_fortification.json,palace_fortification_visible_relation,True,3,3,True,3,3,2,0,True,True,0,False,13,26,True,False,4,3,3,True,False,False,True,False,False,False,False,definition_with_optional_label,False,False
pf_venetian_arcade,photo_prompt_visual_obligations_palace_fortification.json,palace_fortification_visible_relation,True,3,3,True,3,3,2,0,True,True,0,False,15,25,True,False,4,3,3,True,False,False,True,False,False,False,False,definition_with_optional_label,False,False
pf_neoclassical_room,photo_prompt_visual_obligations_palace_fortification.json,palace_fortification_visible_relation,True,3,3,True,3,3,2,0,True,True,0,False,17,24,True,False,4,3,3,True,False,False,True,False,False,False,False,definition_with_optional_label,False,False
pf_parterre_axis,photo_prompt_visual_obligations_palace_fortification.json,palace_fortification_visible_relation,True,3,3,True,3,3,2,0,True,True,0,False,14,25,True,False,5,3,3,True,False,False,True,False,False,False,False,definition_with_optional_label,False,False
pf_bosquet,photo_prompt_visual_obligations_palace_fortification.json,palace_fortification_visible_relation,True,3,3,True,3,3,2,0,True,True,0,False,18,25,True,False,4,3,3,True,False,False,True,False,False,False,False,definition_with_optional_label,False,False
pf_orangery,photo_prompt_visual_obligations_palace_fortification.json,palace_fortification_visible_relation,True,3,3,True,3,3,2,0,True,True,0,False,18,26,True,False,3,3,3,True,False,False,True,False,False,False,False,definition_with_optional_label,False,False
pf_roofless_ruin,photo_prompt_visual_obligations_palace_fortification.json,palace_fortification_visible_relation,True,3,3,True,3,3,2,0,True,True,0,False,18,31,True,False,5,3,3,True,False,False,True,False,False,False,False,definition_with_optional_label,False,False
pf_garden_grotto,photo_prompt_visual_obligations_palace_fortification.json,palace_fortification_visible_relation,True,3,3,True,3,3,2,0,True,True,0,False,18,27,True,False,4,3,3,True,False,False,True,False,False,False,False,definition_with_optional_label,False,False
pf_theatre_stair,photo_prompt_visual_obligations_palace_fortification.json,palace_fortification_visible_relation,True,3,3,True,3,3,2,0,True,True,0,False,15,23,True,False,4,3,3,True,False,False,True,False,False,False,False,definition_with_optional_label,False,False
pf_masonry_finish,photo_prompt_visual_obligations_palace_fortification.json,palace_fortification_visible_relation,True,3,3,True,3,3,2,0,True,True,0,False,17,27,True,False,5,3,3,True,False,False,True,False,False,False,False,definition_with_optional_label,False,False
sw_onepiece,photo_prompt_visual_obligations_swimwear.json,swimwear_selected_visible_relation,True,2,2,True,2,2,1,0,False,True,0,False,19,19,True,False,4,1,1,True,False,False,True,False,False,False,False,definition_with_optional_label,False,False
sw_bikini,photo_prompt_visual_obligations_swimwear.json,swimwear_selected_visible_relation,True,2,2,True,2,2,1,0,False,True,0,False,18,18,True,False,4,1,1,True,False,False,True,False,False,False,False,definition_with_optional_label,False,False
sw_tankini,photo_prompt_visual_obligations_swimwear.json,swimwear_selected_visible_relation,True,2,2,True,2,2,1,0,False,True,0,False,22,22,True,False,5,1,1,True,False,False,True,False,False,False,False,definition_with_optional_label,False,False
sw_swimdress,photo_prompt_visual_obligations_swimwear.json,swimwear_selected_visible_relation,True,2,2,True,2,2,1,0,False,True,0,False,22,22,True,False,4,1,1,True,False,False,True,False,False,False,False,definition_with_optional_label,False,False
sw_legsuit,photo_prompt_visual_obligations_swimwear.json,swimwear_selected_visible_relation,True,2,2,True,2,2,1,0,False,True,0,False,20,20,True,False,4,1,1,True,False,False,True,False,False,False,False,definition_with_optional_label,False,False
sw_triangle,photo_prompt_visual_obligations_swimwear.json,swimwear_selected_visible_relation,True,2,2,True,2,2,1,0,False,True,0,False,21,21,True,False,3,1,1,True,False,False,True,False,False,False,False,definition_with_optional_label,False,False
sw_string,photo_prompt_visual_obligations_swimwear.json,swimwear_selected_visible_relation,True,2,2,True,2,2,1,0,False,True,0,False,19,19,True,False,4,1,1,True,False,False,True,False,False,False,False,definition_with_optional_label,False,False
sw_bandeau,photo_prompt_visual_obligations_swimwear.json,swimwear_selected_visible_relation,True,2,2,True,2,2,1,0,False,True,0,False,22,22,True,False,4,1,1,True,False,False,True,False,False,False,False,definition_with_optional_label,False,False
sw_strapless,photo_prompt_visual_obligations_swimwear.json,swimwear_selected_visible_relation,True,2,2,True,2,2,1,0,False,True,0,False,20,20,True,False,3,1,1,True,False,False,True,False,False,False,False,definition_with_optional_label,False,False
sw_halter,photo_prompt_visual_obligations_swimwear.json,swimwear_selected_visible_relation,True,2,2,True,2,2,1,0,False,True,0,False,18,18,True,False,4,1,1,True,False,False,True,False,False,False,False,definition_with_optional_label,False,False
sw_longline,photo_prompt_visual_obligations_swimwear.json,swimwear_selected_visible_relation,True,2,2,True,2,2,1,0,False,True,0,False,25,25,True,False,3,1,1,True,False,False,True,False,False,False,False,definition_with_optional_label,False,False
sw_sporttop,photo_prompt_visual_obligations_swimwear.json,swimwear_selected_visible_relation,True,2,2,True,2,2,1,0,False,True,0,False,26,26,True,False,4,1,1,True,False,False,True,False,False,False,False,definition_with_optional_label,False,False
sw_scoop,photo_prompt_visual_obligations_swimwear.json,swimwear_selected_visible_relation,True,2,2,True,2,2,1,0,False,True,0,False,20,20,True,False,3,1,1,True,False,False,True,False,False,False,False,definition_with_optional_label,False,False
sw_square,photo_prompt_visual_obligations_swimwear.json,swimwear_selected_visible_relation,True,2,2,True,2,2,1,0,False,True,0,False,20,20,True,False,3,1,1,True,False,False,True,False,False,False,False,definition_with_optional_label,False,False
sw_sweetheart,photo_prompt_visual_obligations_swimwear.json,swimwear_selected_visible_relation,True,2,2,True,2,2,1,0,False,True,0,False,18,18,True,False,3,1,1,True,False,False,True,False,False,False,False,definition_with_optional_label,False,False
sw_plunge,photo_prompt_visual_obligations_swimwear.json,swimwear_selected_visible_relation,True,2,2,True,2,2,1,0,False,True,0,False,20,20,True,False,4,1,1,True,False,False,True,False,False,False,False,definition_with_optional_label,False,False
sw_highneck,photo_prompt_visual_obligations_swimwear.json,swimwear_selected_visible_relation,True,2,2,True,2,2,1,0,False,True,0,False,23,23,True,False,3,1,1,True,False,False,True,False,False,False,False,definition_with_optional_label,False,False
sw_oneshoulder,photo_prompt_visual_obligations_swimwear.json,swimwear_selected_visible_relation,True,2,2,True,2,2,1,0,False,True,0,False,20,20,True,False,3,1,1,True,False,False,True,False,False,False,False,definition_with_optional_label,False,False
sw_offshoulder,photo_prompt_visual_obligations_swimwear.json,swimwear_selected_visible_relation,True,2,2,True,2,2,1,0,False,True,0,False,20,20,True,False,3,1,1,True,False,False,True,False,False,False,False,definition_with_optional_label,False,False
sw_crossback,photo_prompt_visual_obligations_swimwear.json,swimwear_selected_visible_relation,True,2,2,True,2,2,1,0,False,True,0,False,19,19,True,False,4,1,1,True,False,False,True,False,False,False,False,definition_with_optional_label,False,False
sw_scoopback,photo_prompt_visual_obligations_swimwear.json,swimwear_selected_visible_relation,True,2,2,True,2,2,1,0,False,True,0,False,23,23,True,False,5,1,1,True,False,False,True,False,False,False,False,definition_with_optional_label,False,False
sw_vback,photo_prompt_visual_obligations_swimwear.json,swimwear_selected_visible_relation,True,2,2,True,2,2,1,0,False,True,0,False,21,21,True,False,3,1,1,True,False,False,True,False,False,False,False,definition_with_optional_label,False,False
sw_laceup,photo_prompt_visual_obligations_swimwear.json,swimwear_selected_visible_relation,True,2,2,True,2,2,1,0,False,True,0,False,24,24,True,False,4,1,1,True,False,False,True,False,False,False,False,definition_with_optional_label,False,False
sw_tieback,photo_prompt_visual_obligations_swimwear.json,swimwear_selected_visible_relation,True,2,2,True,2,2,1,0,False,True,0,False,19,19,True,False,3,1,1,True,False,False,True,False,False,False,False,definition_with_optional_label,False,False
sw_keyhole,photo_prompt_visual_obligations_swimwear.json,swimwear_selected_visible_relation,True,2,2,True,2,2,1,0,False,True,0,False,17,17,True,False,4,1,1,True,False,False,True,False,False,False,False,definition_with_optional_label,False,False
sw_straps,photo_prompt_visual_obligations_swimwear.json,swimwear_selected_visible_relation,True,2,2,True,2,2,1,0,False,True,0,False,21,21,True,False,3,1,1,True,False,False,True,False,False,False,False,definition_with_optional_label,False,False
sw_highleg,photo_prompt_visual_obligations_swimwear.json,swimwear_selected_visible_relation,True,2,2,True,2,2,1,0,False,True,0,False,20,20,True,False,5,1,1,True,False,False,True,False,False,False,False,definition_with_optional_label,False,False
sw_midlowrise,photo_prompt_visual_obligations_swimwear.json,swimwear_selected_visible_relation,True,2,2,True,2,2,1,0,False,True,0,False,21,21,True,False,3,1,1,True,False,False,True,False,False,False,False,definition_with_optional_label,False,False
sw_boyleg,photo_prompt_visual_obligations_swimwear.json,swimwear_selected_visible_relation,True,2,2,True,2,2,1,0,False,True,0,False,17,17,True,False,5,1,1,True,False,False,True,False,False,False,False,definition_with_optional_label,False,False
sw_tieside,photo_prompt_visual_obligations_swimwear.json,swimwear_selected_visible_relation,True,2,2,True,2,2,1,0,False,True,0,False,22,22,True,False,3,1,1,True,False,False,True,False,False,False,False,definition_with_optional_label,False,False
sw_vfront,photo_prompt_visual_obligations_swimwear.json,swimwear_selected_visible_relation,True,2,2,True,2,2,1,0,False,True,0,False,20,20,True,False,4,1,1,True,False,False,True,False,False,False,False,definition_with_optional_label,False,False
sw_foldover,photo_prompt_visual_obligations_swimwear.json,swimwear_selected_visible_relation,True,2,2,True,2,2,1,0,False,True,0,False,16,16,True,False,3,1,1,True,False,False,True,False,False,False,False,definition_with_optional_label,False,False
sw_skirtbottom,photo_prompt_visual_obligations_swimwear.json,swimwear_selected_visible_relation,True,2,2,True,2,2,1,0,False,True,0,False,20,20,True,False,4,1,1,True,False,False,True,False,False,False,False,definition_with_optional_label,False,False
sw_rashguard,photo_prompt_visual_obligations_swimwear.json,swimwear_selected_visible_relation,True,2,2,True,2,2,1,0,False,True,0,False,22,22,True,False,5,1,1,True,False,False,True,False,False,False,False,definition_with_optional_label,False,False
sw_surfsuit,photo_prompt_visual_obligations_swimwear.json,swimwear_selected_visible_relation,True,2,2,True,2,2,1,0,False,True,0,False,23,23,True,False,4,1,1,True,False,False,True,False,False,False,False,definition_with_optional_label,False,False
sw_wetsuit,photo_prompt_visual_obligations_swimwear.json,swimwear_selected_visible_relation,True,2,2,True,2,2,1,0,False,True,0,False,20,20,True,False,5,1,1,True,False,False,True,False,False,False,False,definition_with_optional_label,False,False
sw_springsuit,photo_prompt_visual_obligations_swimwear.json,swimwear_selected_visible_relation,True,2,2,True,2,2,1,0,False,True,0,False,18,18,True,False,3,1,1,True,False,False,True,False,False,False,False,definition_with_optional_label,False,False
sw_jane,photo_prompt_visual_obligations_swimwear.json,swimwear_selected_visible_relation,True,2,2,True,2,2,1,0,False,True,0,False,18,18,True,False,3,1,1,True,False,False,True,False,False,False,False,definition_with_optional_label,False,False
sw_swimskin,photo_prompt_visual_obligations_swimwear.json,swimwear_selected_visible_relation,True,2,2,True,2,2,1,0,False,True,0,False,24,24,True,False,3,1,1,True,False,False,True,False,False,False,False,definition_with_optional_label,False,False
sw_leggings,photo_prompt_visual_obligations_swimwear.json,swimwear_selected_visible_relation,True,2,2,True,2,2,1,0,False,True,0,False,16,16,True,False,4,1,1,True,False,False,True,False,False,False,False,definition_with_optional_label,False,False
sw_boardshorts,photo_prompt_visual_obligations_swimwear.json,swimwear_selected_visible_relation,True,2,2,True,2,2,1,0,False,True,0,False,20,20,True,False,4,1,1,True,False,False,True,False,False,False,False,definition_with_optional_label,False,False
sw_wrapcover,photo_prompt_visual_obligations_swimwear.json,swimwear_selected_visible_relation,True,2,2,True,2,2,1,0,False,True,0,False,20,20,True,False,6,1,1,True,False,False,True,False,False,False,False,definition_with_optional_label,False,False
sw_coverup,photo_prompt_visual_obligations_swimwear.json,swimwear_selected_visible_relation,True,2,2,True,2,2,1,0,False,True,0,False,23,23,True,False,3,1,1,True,False,False,True,False,False,False,False,definition_with_optional_label,False,False
sw_beachshirt,photo_prompt_visual_obligations_swimwear.json,swimwear_selected_visible_relation,True,2,2,True,2,2,1,0,False,True,0,False,23,23,True,False,3,1,1,True,False,False,True,False,False,False,False,definition_with_optional_label,False,False
sw_rib,photo_prompt_visual_obligations_swimwear.json,swimwear_selected_visible_relation,True,2,2,True,2,2,1,0,False,True,0,False,20,20,True,False,3,1,1,True,False,False,True,False,False,False,False,definition_with_optional_label,False,False
sw_crinkle,photo_prompt_visual_obligations_swimwear.json,swimwear_selected_visible_relation,True,2,2,True,2,2,1,0,False,True,0,False,19,19,True,False,3,1,1,True,False,False,True,False,False,False,False,definition_with_optional_label,False,False
sw_terry,photo_prompt_visual_obligations_swimwear.json,swimwear_selected_visible_relation,True,2,2,True,2,2,1,0,False,True,0,False,17,17,True,False,4,1,1,True,False,False,True,False,False,False,False,definition_with_optional_label,False,False
sw_jacquard,photo_prompt_visual_obligations_swimwear.json,swimwear_selected_visible_relation,True,2,2,True,2,2,1,0,False,True,0,False,18,18,True,False,3,1,1,True,False,False,True,False,False,False,False,definition_with_optional_label,False,False
sw_crochet,photo_prompt_visual_obligations_swimwear.json,swimwear_selected_visible_relation,True,2,2,True,2,2,1,0,False,True,0,False,19,19,True,False,4,1,1,True,False,False,True,False,False,False,False,definition_with_optional_label,False,False
sw_mesh,photo_prompt_visual_obligations_swimwear.json,swimwear_selected_visible_relation,True,2,2,True,2,2,1,0,False,True,0,False,18,18,True,False,5,1,1,True,False,False,True,False,False,False,False,definition_with_optional_label,False,False
sw_finish,photo_prompt_visual_obligations_swimwear.json,swimwear_selected_visible_relation,True,2,2,True,2,2,1,0,False,True,0,False,21,21,True,False,3,1,1,True,False,False,True,False,False,False,False,definition_with_optional_label,False,False
sw_ruched,photo_prompt_visual_obligations_swimwear.json,swimwear_selected_visible_relation,True,2,2,True,2,2,1,0,False,True,0,False,20,20,True,False,5,1,1,True,False,False,True,False,False,False,False,definition_with_optional_label,False,False
sw_shirred,photo_prompt_visual_obligations_swimwear.json,swimwear_selected_visible_relation,True,2,2,True,2,2,1,0,False,True,0,False,19,19,True,False,4,1,1,True,False,False,True,False,False,False,False,definition_with_optional_label,False,False
sw_smocked,photo_prompt_visual_obligations_swimwear.json,swimwear_selected_visible_relation,True,2,2,True,2,2,1,0,False,True,0,False,17,17,True,False,3,1,1,True,False,False,True,False,False,False,False,definition_with_optional_label,False,False
sw_pleats,photo_prompt_visual_obligations_swimwear.json,swimwear_selected_visible_relation,True,2,2,True,2,2,1,0,False,True,0,False,18,18,True,False,3,1,1,True,False,False,True,False,False,False,False,definition_with_optional_label,False,False
sw_ruffle,photo_prompt_visual_obligations_swimwear.json,swimwear_selected_visible_relation,True,2,2,True,2,2,1,0,False,True,0,False,17,17,True,False,5,1,1,True,False,False,True,False,False,False,False,definition_with_optional_label,False,False
sw_scallop,photo_prompt_visual_obligations_swimwear.json,swimwear_selected_visible_relation,True,2,2,True,2,2,1,0,False,True,0,False,18,18,True,False,3,1,1,True,False,False,True,False,False,False,False,definition_with_optional_label,False,False
sw_piping,photo_prompt_visual_obligations_swimwear.json,swimwear_selected_visible_relation,True,2,2,True,2,2,1,0,False,True,0,False,18,18,True,False,3,1,1,True,False,False,True,False,False,False,False,definition_with_optional_label,False,False
sw_cutout,photo_prompt_visual_obligations_swimwear.json,swimwear_selected_visible_relation,True,2,2,True,2,2,1,0,False,True,0,False,22,22,True,False,4,1,1,True,False,False,True,False,False,False,False,definition_with_optional_label,False,False
sw_wrapfront,photo_prompt_visual_obligations_swimwear.json,swimwear_selected_visible_relation,True,2,2,True,2,2,1,0,False,True,0,False,17,17,True,False,3,1,1,True,False,False,True,False,False,False,False,definition_with_optional_label,False,False
sw_twist,photo_prompt_visual_obligations_swimwear.json,swimwear_selected_visible_relation,True,2,2,True,2,2,1,0,False,True,0,False,22,22,True,False,3,1,1,True,False,False,True,False,False,False,False,definition_with_optional_label,False,False
sw_ring,photo_prompt_visual_obligations_swimwear.json,swimwear_selected_visible_relation,True,2,2,True,2,2,1,0,False,True,0,False,18,18,True,False,4,1,1,True,False,False,True,False,False,False,False,definition_with_optional_label,False,False
sw_belt,photo_prompt_visual_obligations_swimwear.json,swimwear_selected_visible_relation,True,2,2,True,2,2,1,0,False,True,0,False,16,16,True,False,5,1,1,True,False,False,True,False,False,False,False,definition_with_optional_label,False,False
sw_zip,photo_prompt_visual_obligations_swimwear.json,swimwear_selected_visible_relation,True,2,2,True,2,2,1,0,False,True,0,False,21,21,True,False,5,1,1,True,False,False,True,False,False,False,False,definition_with_optional_label,False,False
sw_wet,photo_prompt_visual_obligations_swimwear.json,swimwear_selected_visible_relation,True,2,2,True,2,2,1,0,False,True,0,False,16,16,True,False,5,1,1,True,False,False,True,False,False,False,False,definition_with_optional_label,False,False
cr_monochromatic,photo_prompt_visual_obligations_color_relations.json,selected_color_region_relation,True,2,2,True,2,2,1,0,False,True,0,False,18,18,True,True,2,2,2,True,False,False,False,False,False,False,False,definition_with_optional_label,False,False
cr_achromatic,photo_prompt_visual_obligations_color_relations.json,selected_color_region_relation,True,2,2,True,2,2,1,0,False,True,0,False,21,21,True,True,2,2,2,True,False,False,False,False,False,False,False,definition_with_optional_label,False,False
cr_analogous,photo_prompt_visual_obligations_color_relations.json,selected_color_region_relation,True,2,2,True,2,2,1,0,False,True,0,False,22,22,True,True,2,2,2,True,False,False,False,False,False,False,False,definition_with_optional_label,False,False
cr_complementary,photo_prompt_visual_obligations_color_relations.json,selected_color_region_relation,True,2,2,True,2,2,1,0,False,True,0,False,21,21,True,True,3,2,2,True,False,False,False,False,False,False,False,definition_with_optional_label,False,False
cr_near_complementary,photo_prompt_visual_obligations_color_relations.json,selected_color_region_relation,True,2,2,True,2,2,1,0,False,True,0,False,25,25,True,True,2,2,2,True,False,False,False,False,False,False,False,definition_with_optional_label,False,False
cr_split_complementary,photo_prompt_visual_obligations_color_relations.json,selected_color_region_relation,True,2,2,True,2,2,1,0,False,True,0,False,34,34,True,True,2,2,2,True,False,False,False,False,False,False,False,definition_with_optional_label,False,False
cr_triadic,photo_prompt_visual_obligations_color_relations.json,selected_color_region_relation,True,2,2,True,2,2,1,0,False,True,0,False,25,25,True,True,2,2,2,True,False,False,False,False,False,False,False,definition_with_optional_label,False,False
cr_tetradic_rectangle,photo_prompt_visual_obligations_color_relations.json,selected_color_region_relation,True,2,2,True,2,2,1,0,False,True,0,False,23,23,True,True,2,2,2,True,False,False,False,False,False,False,False,definition_with_optional_label,False,False
cr_square,photo_prompt_visual_obligations_color_relations.json,selected_color_region_relation,True,2,2,True,2,2,1,0,False,True,0,False,21,21,True,True,2,2,2,True,False,False,False,False,False,False,False,definition_with_optional_label,False,False
cr_accented_analogous,photo_prompt_visual_obligations_color_relations.json,selected_color_region_relation,True,2,2,True,2,2,1,0,False,True,0,False,20,20,True,True,2,2,2,True,False,False,False,False,False,False,False,definition_with_optional_label,False,False
cr_restricted_subject,photo_prompt_visual_obligations_color_relations.json,selected_color_region_relation,True,2,2,True,2,2,1,0,False,True,0,False,23,23,True,True,2,2,2,True,False,False,False,False,False,False,False,definition_with_optional_label,False,False
cr_restricted_background,photo_prompt_visual_obligations_color_relations.json,selected_color_region_relation,True,2,2,True,2,2,1,0,False,True,0,False,23,23,True,True,2,2,2,True,False,False,False,False,False,False,False,definition_with_optional_label,False,False
cr_hue_contrast,photo_prompt_visual_obligations_color_relations.json,selected_color_region_relation,True,2,2,True,2,2,1,0,False,True,0,False,18,18,True,True,2,2,2,True,False,False,False,False,False,False,False,definition_with_optional_label,False,False
cr_high_chroma,photo_prompt_visual_obligations_color_relations.json,selected_color_region_relation,True,2,2,True,2,2,1,0,False,True,0,False,23,23,True,True,2,2,2,True,False,False,False,False,False,False,False,definition_with_optional_label,False,False
cr_low_chroma,photo_prompt_visual_obligations_color_relations.json,selected_color_region_relation,True,2,2,True,2,2,1,0,False,True,0,False,22,22,True,True,3,2,2,True,False,False,False,False,False,False,False,definition_with_optional_label,False,False
cr_vivid_on_muted,photo_prompt_visual_obligations_color_relations.json,selected_color_region_relation,True,2,2,True,2,2,1,0,False,True,0,False,23,23,True,True,3,2,2,True,False,False,False,False,False,False,False,definition_with_optional_label,False,False
cr_muted_on_vivid,photo_prompt_visual_obligations_color_relations.json,selected_color_region_relation,True,2,2,True,2,2,1,0,False,True,0,False,23,23,True,True,2,2,2,True,False,False,False,False,False,False,False,definition_with_optional_label,False,False
cr_chroma_gradient,photo_prompt_visual_obligations_color_relations.json,selected_color_region_relation,True,2,2,True,2,2,1,0,False,True,0,False,17,17,True,True,2,2,2,True,False,False,False,False,False,False,False,definition_with_optional_label,False,False
cr_uniform_chroma,photo_prompt_visual_obligations_color_relations.json,selected_color_region_relation,True,2,2,True,2,2,1,0,False,True,0,False,18,18,True,True,2,2,2,True,False,False,False,False,False,False,False,definition_with_optional_label,False,False
cr_mixed_chroma,photo_prompt_visual_obligations_color_relations.json,selected_color_region_relation,True,2,2,True,2,2,1,0,False,True,0,False,21,21,True,True,2,2,2,True,False,False,False,False,False,False,False,definition_with_optional_label,False,False
cr_high_value_contrast,photo_prompt_visual_obligations_color_relations.json,selected_color_region_relation,True,2,2,True,2,2,1,0,False,True,0,False,20,20,True,True,2,2,2,True,False,False,False,False,False,False,False,definition_with_optional_label,False,False
cr_low_value_contrast,photo_prompt_visual_obligations_color_relations.json,selected_color_region_relation,True,2,2,True,2,2,1,0,False,True,0,False,21,21,True,True,2,2,2,True,False,False,False,False,False,False,False,definition_with_optional_label,False,False
cr_dark_on_dark,photo_prompt_visual_obligations_color_relations.json,selected_color_region_relation,True,2,2,True,2,2,1,0,False,True,0,False,21,21,True,True,2,2,2,True,False,False,False,False,False,False,False,definition_with_optional_label,False,False
cr_light_on_light,photo_prompt_visual_obligations_color_relations.json,selected_color_region_relation,True,2,2,True,2,2,1,0,False,True,0,False,21,21,True,True,2,2,2,True,False,False,False,False,False,False,False,definition_with_optional_label,False,False
cr_achromatic_accent,photo_prompt_visual_obligations_color_relations.json,selected_color_region_relation,True,2,2,True,2,2,1,0,False,True,0,False,20,20,True,True,2,2,2,True,False,False,False,False,False,False,False,definition_with_optional_label,False,False
cr_isolated_accent,photo_prompt_visual_obligations_color_relations.json,selected_color_region_relation,True,2,2,True,2,2,1,0,False,True,0,False,19,19,True,True,2,2,2,True,False,False,False,False,False,False,False,definition_with_optional_label,False,False
cr_micro_accent,photo_prompt_visual_obligations_color_relations.json,selected_color_region_relation,True,2,2,True,2,2,1,0,False,True,0,False,25,25,True,True,2,2,2,True,False,False,False,False,False,False,False,definition_with_optional_label,False,False
cr_accent_cluster,photo_prompt_visual_obligations_color_relations.json,selected_color_region_relation,True,2,2,True,2,2,1,0,False,True,0,False,22,22,True,True,3,2,2,True,False,False,False,False,False,False,False,definition_with_optional_label,False,False
cr_scattered_accent,photo_prompt_visual_obligations_color_relations.json,selected_color_region_relation,True,2,2,True,2,2,1,0,False,True,0,False,17,17,True,True,3,2,2,True,False,False,False,False,False,False,False,definition_with_optional_label,False,False
cr_color_repetition,photo_prompt_visual_obligations_color_relations.json,selected_color_region_relation,True,2,2,True,2,2,1,0,False,True,0,False,17,17,True,True,5,2,2,True,False,False,False,False,False,False,False,definition_with_optional_label,False,False
cr_alternating_color,photo_prompt_visual_obligations_color_relations.json,selected_color_region_relation,True,2,2,True,2,2,1,0,False,True,0,False,21,21,True,True,2,2,2,True,False,False,False,False,False,False,False,definition_with_optional_label,False,False
cr_color_bridge,photo_prompt_visual_obligations_color_relations.json,selected_color_region_relation,True,2,2,True,2,2,1,0,False,True,0,False,22,22,True,True,3,2,2,True,False,False,False,False,False,False,False,definition_with_optional_label,False,False
cr_warm_subject,photo_prompt_visual_obligations_color_relations.json,selected_color_region_relation,True,2,2,True,2,2,1,0,False,True,0,False,20,20,True,True,2,2,2,True,False,False,False,False,False,False,False,definition_with_optional_label,False,False
cr_cool_subject,photo_prompt_visual_obligations_color_relations.json,selected_color_region_relation,True,2,2,True,2,2,1,0,False,True,0,False,20,20,True,True,2,2,2,True,False,False,False,False,False,False,False,definition_with_optional_label,False,False
cr_warm_foreground,photo_prompt_visual_obligations_color_relations.json,selected_color_region_relation,True,2,2,True,2,2,1,0,False,True,0,False,20,20,True,True,2,2,2,True,False,False,False,False,False,False,False,definition_with_optional_label,False,False
cr_cool_foreground,photo_prompt_visual_obligations_color_relations.json,selected_color_region_relation,True,2,2,True,2,2,1,0,False,True,0,False,20,20,True,True,2,2,2,True,False,False,False,False,False,False,False,definition_with_optional_label,False,False
cr_warm_highlights,photo_prompt_visual_obligations_color_relations.json,selected_color_region_relation,True,2,2,True,2,2,1,0,False,True,0,False,23,23,True,True,2,2,2,True,False,False,False,False,False,False,False,definition_with_optional_label,False,False
cr_cool_highlights,photo_prompt_visual_obligations_color_relations.json,selected_color_region_relation,True,2,2,True,2,2,1,0,False,True,0,False,23,23,True,True,2,2,2,True,False,False,False,False,False,False,False,definition_with_optional_label,False,False
cr_two_color_lights,photo_prompt_visual_obligations_color_relations.json,selected_color_region_relation,True,2,2,True,2,2,1,0,False,True,0,False,19,19,True,True,3,2,2,True,False,False,False,False,False,False,False,definition_with_optional_label,False,False
cr_three_color_lights,photo_prompt_visual_obligations_color_relations.json,selected_color_region_relation,True,2,2,True,2,2,1,0,False,True,0,False,20,20,True,True,2,2,2,True,False,False,False,False,False,False,False,definition_with_optional_label,False,False
cr_colored_key,photo_prompt_visual_obligations_color_relations.json,selected_color_region_relation,True,2,2,True,2,2,1,0,False,True,0,False,20,20,True,True,2,2,2,True,False,False,False,False,False,False,False,definition_with_optional_label,False,False
cr_colored_fill,photo_prompt_visual_obligations_color_relations.json,selected_color_region_relation,True,2,2,True,2,2,1,0,False,True,0,False,18,18,True,True,2,2,2,True,False,False,False,False,False,False,False,definition_with_optional_label,False,False
cr_colored_rim,photo_prompt_visual_obligations_color_relations.json,selected_color_region_relation,True,2,2,True,2,2,1,0,False,True,0,False,21,21,True,True,2,2,2,True,False,False,False,False,False,False,False,definition_with_optional_label,False,False
cr_background_wash,photo_prompt_visual_obligations_color_relations.json,selected_color_region_relation,True,2,2,True,2,2,1,0,False,True,0,False,18,18,True,True,2,2,2,True,False,False,False,False,False,False,False,definition_with_optional_label,False,False
cr_cross_color_light,photo_prompt_visual_obligations_color_relations.json,selected_color_region_relation,True,2,2,True,2,2,1,0,False,True,0,False,18,18,True,True,3,2,2,True,False,False,False,False,False,False,False,definition_with_optional_label,False,False
cr_chromatic_subject,photo_prompt_visual_obligations_color_relations.json,selected_color_region_relation,True,2,2,True,2,2,1,0,False,True,0,False,18,18,True,True,2,2,2,True,False,False,False,False,False,False,False,definition_with_optional_label,False,False
cr_neutral_subject,photo_prompt_visual_obligations_color_relations.json,selected_color_region_relation,True,2,2,True,2,2,1,0,False,True,0,False,18,18,True,True,2,2,2,True,False,False,False,False,False,False,False,definition_with_optional_label,False,False
cr_depth_palette,photo_prompt_visual_obligations_color_relations.json,selected_color_region_relation,True,2,2,True,2,2,1,0,False,True,0,False,23,23,True,True,4,2,2,True,False,False,False,False,False,False,False,definition_with_optional_label,False,False
cr_atmospheric_color,photo_prompt_visual_obligations_color_relations.json,selected_color_region_relation,True,2,2,True,2,2,1,0,False,True,0,False,23,23,True,True,2,2,2,True,False,False,False,False,False,False,False,definition_with_optional_label,False,False
cr_color_framing,photo_prompt_visual_obligations_color_relations.json,selected_color_region_relation,True,2,2,True,2,2,1,0,False,True,0,False,20,20,True,True,2,2,2,True,False,False,False,False,False,False,False,definition_with_optional_label,False,False
cr_color_blocks,photo_prompt_visual_obligations_color_relations.json,selected_color_region_relation,True,2,2,True,2,2,1,0,False,True,0,False,17,17,True,True,3,2,2,True,False,False,False,False,False,False,False,definition_with_optional_label,False,False
cr_diagonal_split,photo_prompt_visual_obligations_color_relations.json,selected_color_region_relation,True,2,2,True,2,2,1,0,False,True,0,False,20,20,True,True,2,2,2,True,False,False,False,False,False,False,False,definition_with_optional_label,False,False
cr_horizontal_bands,photo_prompt_visual_obligations_color_relations.json,selected_color_region_relation,True,2,2,True,2,2,1,0,False,True,0,False,20,20,True,True,2,2,2,True,False,False,False,False,False,False,False,definition_with_optional_label,False,False
cr_vertical_bands,photo_prompt_visual_obligations_color_relations.json,selected_color_region_relation,True,2,2,True,2,2,1,0,False,True,0,False,20,20,True,True,2,2,2,True,False,False,False,False,False,False,False,definition_with_optional_label,False,False
cr_radial_color,photo_prompt_visual_obligations_color_relations.json,selected_color_region_relation,True,2,2,True,2,2,1,0,False,True,0,False,19,19,True,True,2,2,2,True,False,False,False,False,False,False,False,definition_with_optional_label,False,False
cr_concentric_color,photo_prompt_visual_obligations_color_relations.json,selected_color_region_relation,True,2,2,True,2,2,1,0,False,True,0,False,20,20,True,True,2,2,2,True,False,False,False,False,False,False,False,definition_with_optional_label,False,False
cr_spatial_gradient,photo_prompt_visual_obligations_color_relations.json,selected_color_region_relation,True,2,2,True,2,2,1,0,False,True,0,False,22,22,True,True,3,2,2,True,False,False,False,False,False,False,False,definition_with_optional_label,False,False
cr_complex_subject,photo_prompt_visual_obligations_color_relations.json,selected_color_region_relation,True,2,2,True,2,2,1,0,False,True,0,False,23,23,True,True,2,2,2,True,False,False,False,False,False,False,False,definition_with_optional_label,False,False
cr_complex_background,photo_prompt_visual_obligations_color_relations.json,selected_color_region_relation,True,2,2,True,2,2,1,0,False,True,0,False,23,23,True,True,2,2,2,True,False,False,False,False,False,False,False,definition_with_optional_label,False,False
cr_split_toning,photo_prompt_visual_obligations_color_relations.json,selected_color_region_relation,True,2,2,True,2,2,1,0,False,True,0,False,24,24,True,True,2,2,2,True,False,False,False,False,False,False,False,definition_with_optional_label,False,False
cr_duotone,photo_prompt_visual_obligations_color_relations.json,selected_color_region_relation,True,2,2,True,2,2,1,0,False,True,0,False,26,26,True,True,2,2,2,True,False,False,False,False,False,False,False,definition_with_optional_label,False,False
cr_tritone,photo_prompt_visual_obligations_color_relations.json,selected_color_region_relation,True,2,2,True,2,2,1,0,False,True,0,False,27,27,True,True,2,2,2,True,False,False,False,False,False,False,False,definition_with_optional_label,False,False
cr_global_tint,photo_prompt_visual_obligations_color_relations.json,selected_color_region_relation,True,2,2,True,2,2,1,0,False,True,0,False,21,21,True,True,3,2,2,True,False,False,False,False,False,False,False,definition_with_optional_label,False,False
cr_gradient_mapping,photo_prompt_visual_obligations_color_relations.json,selected_color_region_relation,True,2,2,True,2,2,1,0,False,True,0,False,30,30,True,True,2,2,2,True,False,False,False,False,False,False,False,definition_with_optional_label,False,False
mep_casting_front,photo_prompt_visual_obligations_model_editorial.json,photographic_presentation_relation,True,3,3,True,3,3,1,0,False,True,0,False,26,26,True,True,6,4,4,True,False,False,False,False,False,False,True,definition_with_optional_label,False,False
mep_casting_profile,photo_prompt_visual_obligations_model_editorial.json,photographic_presentation_relation,True,3,3,True,3,3,1,0,False,True,0,False,28,28,True,True,4,2,2,True,False,False,False,False,False,False,True,definition_with_optional_label,False,False
mep_casting_full_length,photo_prompt_visual_obligations_model_editorial.json,photographic_presentation_relation,True,3,3,True,3,3,1,0,False,True,0,False,29,29,True,True,4,2,2,True,False,False,False,False,False,False,True,definition_with_optional_label,False,False
mep_garment_clearance,photo_prompt_visual_obligations_model_editorial.json,photographic_presentation_relation,True,3,3,True,3,3,1,0,False,True,0,False,31,31,True,True,7,4,4,True,False,False,False,False,False,False,True,definition_with_optional_label,False,False
mep_garment_side_depth,photo_prompt_visual_obligations_model_editorial.json,photographic_presentation_relation,True,3,3,True,3,3,1,0,False,True,0,False,30,30,True,True,2,2,2,True,False,False,False,False,False,False,True,definition_with_optional_label,False,False
mep_garment_movement,photo_prompt_visual_obligations_model_editorial.json,photographic_presentation_relation,True,3,3,True,3,3,1,0,False,True,0,False,33,33,True,True,6,2,2,True,False,False,False,False,False,False,True,definition_with_optional_label,False,False
mep_product_hero,photo_prompt_visual_obligations_model_editorial.json,photographic_presentation_relation,True,3,3,True,3,3,1,0,False,True,0,False,25,25,True,True,5,4,4,True,False,False,False,False,False,False,True,definition_with_optional_label,False,False
mep_jewelry_contact,photo_prompt_visual_obligations_model_editorial.json,photographic_presentation_relation,True,3,3,True,3,3,1,0,False,True,0,False,25,25,True,True,5,4,4,True,False,False,False,False,False,False,True,definition_with_optional_label,False,False
mep_beauty_detail,photo_prompt_visual_obligations_model_editorial.json,photographic_presentation_relation,True,3,3,True,3,3,1,0,False,True,0,False,27,27,True,True,5,4,4,True,False,False,False,False,False,False,True,definition_with_optional_label,False,False
mep_hair_outline,photo_prompt_visual_obligations_model_editorial.json,photographic_presentation_relation,True,3,3,True,3,3,1,0,False,True,0,False,23,23,True,True,4,2,2,True,False,False,False,False,False,False,True,definition_with_optional_label,False,False
mep_cover_copy_space,photo_prompt_visual_obligations_model_editorial.json,photographic_presentation_relation,True,3,3,True,3,3,1,0,False,True,0,False,28,28,True,True,5,4,4,True,False,False,False,False,False,False,True,definition_with_optional_label,False,False
mep_environment_relation,photo_prompt_visual_obligations_model_editorial.json,photographic_presentation_relation,True,3,3,True,3,3,1,0,False,True,0,False,28,28,True,True,5,2,2,True,False,False,False,False,False,False,True,definition_with_optional_label,False,False
mep_graphic_pose,photo_prompt_visual_obligations_model_editorial.json,photographic_presentation_relation,True,3,3,True,3,3,1,0,False,True,0,False,29,29,True,True,5,2,2,True,False,False,False,False,False,False,True,definition_with_optional_label,False,False
mep_gaze_target,photo_prompt_visual_obligations_model_editorial.json,photographic_presentation_relation,True,3,3,True,3,3,1,0,False,True,0,False,28,28,True,True,6,2,2,True,False,False,False,False,False,False,True,definition_with_optional_label,False,False
mep_poised_support,photo_prompt_visual_obligations_model_editorial.json,photographic_presentation_relation,True,3,3,True,3,3,1,0,False,True,0,False,29,29,True,True,7,2,2,True,False,False,False,False,False,False,True,definition_with_optional_label,False,False
mep_in_between,photo_prompt_visual_obligations_model_editorial.json,photographic_presentation_relation,True,3,3,True,3,3,1,0,False,True,0,False,28,28,True,True,4,2,2,True,False,False,False,False,False,False,True,definition_with_optional_label,False,False
mep_surface_texture,photo_prompt_visual_obligations_model_editorial.json,photographic_presentation_relation,True,3,3,True,3,3,1,0,False,True,0,False,22,22,True,True,4,4,4,True,False,False,False,False,False,False,True,definition_with_optional_label,False,False
mep_selective_imperfection,photo_prompt_visual_obligations_model_editorial.json,photographic_presentation_relation,True,3,3,True,3,3,1,0,False,True,0,False,24,24,True,True,4,2,2,True,False,False,False,False,False,False,True,definition_with_optional_label,False,False
mep_visual_juxtaposition,photo_prompt_visual_obligations_model_editorial.json,photographic_presentation_relation,True,3,3,True,3,3,1,0,False,True,0,False,23,23,True,True,5,2,2,True,False,False,False,False,False,False,True,definition_with_optional_label,False,False
mep_tether_review,photo_prompt_visual_obligations_model_editorial.json,photographic_presentation_relation,True,3,3,True,3,3,1,0,False,True,0,False,29,29,True,True,6,4,4,True,False,False,False,False,False,False,True,definition_with_optional_label,False,False
mep_fitting_adjustment,photo_prompt_visual_obligations_model_editorial.json,photographic_presentation_relation,True,3,3,True,3,3,1,0,False,True,0,False,23,23,True,True,5,4,4,True,False,False,False,False,False,False,True,definition_with_optional_label,False,False
rb_architecture_connectivity,photo_prompt_visual_obligations_realistic_background.json,photographic_environment_relation,True,3,3,True,3,3,1,0,False,True,0,False,24,24,True,True,3,3,3,True,False,False,False,False,False,False,False,definition_with_optional_label,False,False
rb_use_trace_affordance,photo_prompt_visual_obligations_realistic_background.json,photographic_environment_relation,True,3,3,True,3,3,1,0,False,True,0,False,24,24,True,True,3,3,3,True,False,False,False,False,False,False,False,definition_with_optional_label,False,False
rb_infrastructure_attachment,photo_prompt_visual_obligations_realistic_background.json,photographic_environment_relation,True,3,3,True,3,3,1,0,False,True,0,False,27,27,True,True,3,3,3,True,False,False,False,False,False,False,False,definition_with_optional_label,False,False
rb_repair_patch_locality,photo_prompt_visual_obligations_realistic_background.json,photographic_environment_relation,True,3,3,True,3,3,1,0,False,True,0,False,26,26,True,True,3,2,2,True,False,False,False,False,False,False,False,definition_with_optional_label,False,False
rb_contact_wear_locality,photo_prompt_visual_obligations_realistic_background.json,photographic_environment_relation,True,3,3,True,3,3,1,0,False,True,0,False,29,29,True,True,3,2,2,True,False,False,False,False,False,False,False,definition_with_optional_label,False,False
rb_water_path_stain,photo_prompt_visual_obligations_realistic_background.json,photographic_environment_relation,True,3,3,True,3,3,1,0,False,True,0,False,28,28,True,True,3,3,3,True,False,False,False,False,False,False,False,definition_with_optional_label,False,False
rb_material_response_contrast,photo_prompt_visual_obligations_realistic_background.json,photographic_environment_relation,True,3,3,True,3,3,1,0,False,True,0,False,25,25,True,True,3,2,2,True,False,False,False,False,False,False,False,definition_with_optional_label,False,False
rb_glass_reflection_transmission,photo_prompt_visual_obligations_realistic_background.json,photographic_environment_relation,True,3,3,True,3,3,1,0,False,True,0,False,29,29,True,True,3,3,3,True,False,False,False,False,False,False,False,definition_with_optional_label,False,False
rb_window_room_gradient,photo_prompt_visual_obligations_realistic_background.json,photographic_environment_relation,True,3,3,True,3,3,1,0,False,True,0,False,26,26,True,True,3,3,3,True,False,False,False,False,False,False,False,definition_with_optional_label,False,False
rb_practical_pool,photo_prompt_visual_obligations_realistic_background.json,photographic_environment_relation,True,3,3,True,3,3,1,0,False,True,0,False,25,25,True,True,3,2,2,True,False,False,False,False,False,False,False,definition_with_optional_label,False,False
rb_mixed_source_zones,photo_prompt_visual_obligations_realistic_background.json,photographic_environment_relation,True,3,3,True,3,3,1,0,False,True,0,False,24,24,True,True,3,3,3,True,False,False,False,False,False,False,False,definition_with_optional_label,False,False
rb_bounce_owner,photo_prompt_visual_obligations_realistic_background.json,photographic_environment_relation,True,3,3,True,3,3,1,0,False,True,0,False,31,31,True,True,3,3,3,True,False,False,False,False,False,False,False,definition_with_optional_label,False,False
rb_shared_cast_shadow,photo_prompt_visual_obligations_realistic_background.json,photographic_environment_relation,True,3,3,True,3,3,1,0,False,True,0,False,32,32,True,True,3,3,3,True,False,False,False,False,False,False,False,definition_with_optional_label,False,False
rb_soft_ground_contact,photo_prompt_visual_obligations_realistic_background.json,photographic_environment_relation,True,3,3,True,3,3,1,0,False,True,0,False,27,27,True,True,3,3,3,True,False,False,False,False,False,False,False,definition_with_optional_label,False,False
rb_exposure_priority,photo_prompt_visual_obligations_realistic_background.json,photographic_environment_relation,True,3,3,True,3,3,1,0,False,True,0,False,28,28,True,True,3,3,3,True,False,False,False,False,False,False,False,definition_with_optional_label,False,False
rb_distance_haze,photo_prompt_visual_obligations_realistic_background.json,photographic_environment_relation,True,3,3,True,3,3,1,0,False,True,0,False,27,27,True,True,3,3,3,True,False,False,False,False,False,False,False,definition_with_optional_label,False,False
rb_readable_environment_focus,photo_prompt_visual_obligations_realistic_background.json,photographic_environment_relation,True,3,3,True,3,3,1,0,False,True,0,False,22,22,True,True,3,3,3,True,False,False,False,False,False,False,False,definition_with_optional_label,False,False
rb_foreground_occlusion,photo_prompt_visual_obligations_realistic_background.json,photographic_environment_relation,True,3,3,True,3,3,1,0,False,True,0,False,29,29,True,True,3,3,3,True,False,False,False,False,False,False,False,definition_with_optional_label,False,False
rb_scale_perspective,photo_prompt_visual_obligations_realistic_background.json,photographic_environment_relation,True,3,3,True,3,3,1,0,False,True,0,False,24,24,True,True,3,3,3,True,False,False,False,False,False,False,False,definition_with_optional_label,False,False
rb_local_motion_blur,photo_prompt_visual_obligations_realistic_background.json,photographic_environment_relation,True,3,3,True,3,3,1,0,False,True,0,False,24,24,True,True,3,3,3,True,False,False,False,False,False,False,False,definition_with_optional_label,False,False
rb_shared_wind_response,photo_prompt_visual_obligations_realistic_background.json,photographic_environment_relation,True,3,3,True,3,3,1,0,False,True,0,False,32,32,True,True,3,3,3,True,False,False,False,False,False,False,False,definition_with_optional_label,False,False
rb_low_light_noise,photo_prompt_visual_obligations_realistic_background.json,photographic_environment_relation,True,3,3,True,3,3,1,0,False,True,0,False,26,26,True,True,3,3,3,True,False,False,False,False,False,False,False,definition_with_optional_label,False,False
rb_optional_lens_falloff,photo_prompt_visual_obligations_realistic_background.json,photographic_environment_relation,True,3,3,True,3,3,1,0,False,True,0,False,26,26,True,True,3,2,2,True,False,False,False,False,False,False,False,definition_with_optional_label,False,False
rb_optional_chromatic_fringe,photo_prompt_visual_obligations_realistic_background.json,photographic_environment_relation,True,3,3,True,3,3,1,0,False,True,0,False,25,25,True,True,3,3,3,True,False,False,False,False,False,False,False,definition_with_optional_label,False,False
rb_restrained_processing,photo_prompt_visual_obligations_realistic_background.json,photographic_environment_relation,True,3,3,True,3,3,1,0,False,True,0,False,20,20,True,True,3,3,3,True,False,False,False,False,False,False,False,definition_with_optional_label,False,False
rb_clean_space_plausibility,photo_prompt_visual_obligations_realistic_background.json,photographic_environment_relation,True,3,3,True,3,3,1,0,False,True,0,False,25,25,True,True,3,2,2,True,False,False,False,False,False,False,False,definition_with_optional_label,False,False
rb_spatial_density_variation,photo_prompt_visual_obligations_realistic_background.json,photographic_environment_relation,True,3,3,True,3,3,1,0,False,True,0,False,23,23,True,True,3,3,3,True,False,False,False,False,False,False,False,definition_with_optional_label,False,False
rb_support_compression,photo_prompt_visual_obligations_realistic_background.json,photographic_environment_relation,True,3,3,True,3,3,1,0,False,True,0,False,32,32,True,True,3,3,3,True,False,False,False,False,False,False,False,definition_with_optional_label,False,False
rb_glass_smudge_locality,photo_prompt_visual_obligations_realistic_background.json,photographic_environment_relation,True,3,3,True,3,3,1,0,False,True,0,False,27,27,True,True,3,3,3,True,False,False,False,False,False,False,False,definition_with_optional_label,False,False
rb_vegetation_site_relation,photo_prompt_visual_obligations_realistic_background.json,photographic_environment_relation,True,3,3,True,3,3,1,0,False,True,0,False,26,26,True,True,3,3,3,True,False,False,False,False,False,False,False,definition_with_optional_label,False,False
rb_coating_substrate_boundary,photo_prompt_visual_obligations_realistic_background.json,photographic_environment_relation,True,3,3,True,3,3,1,0,False,True,0,False,25,25,True,True,3,3,3,True,False,False,False,False,False,False,False,definition_with_optional_label,False,False
rb_film_grain_choice,photo_prompt_visual_obligations_realistic_background.json,photographic_environment_relation,True,3,3,True,3,3,1,0,False,True,0,False,24,24,True,True,3,3,3,True,False,False,False,False,False,False,False,definition_with_optional_label,False,False
pr_environmental_portrait_subject_place,photo_prompt_visual_obligations_photorealism_elements.json,photographic_scene_relation,True,4,4,True,4,4,1,0,False,True,0,False,36,36,True,True,3,3,3,True,False,False,False,False,False,False,True,definition_with_optional_label,False,False
pr_observed_action_trace,photo_prompt_visual_obligations_photorealism_elements.json,photographic_scene_relation,True,4,4,True,4,4,1,0,False,True,0,False,38,38,True,True,3,3,3,True,False,False,False,False,False,False,True,definition_with_optional_label,False,False
pr_scene_owned_exposure_tradeoff,photo_prompt_visual_obligations_photorealism_elements.json,photographic_scene_relation,True,4,4,True,4,4,1,0,False,True,0,False,33,33,True,True,3,3,3,True,False,False,False,False,False,False,True,definition_with_optional_label,False,False
pr_hair_strand_owner_and_cause,photo_prompt_visual_obligations_photorealism_elements.json,photographic_scene_relation,True,4,4,True,4,4,1,0,False,True,0,False,35,35,True,True,3,3,3,True,False,False,False,False,False,False,True,definition_with_optional_label,False,False
pr_fabric_tension_fold_attachment,photo_prompt_visual_obligations_photorealism_elements.json,photographic_scene_relation,True,4,4,True,4,4,1,0,False,True,0,False,33,33,True,True,3,3,3,True,False,False,False,False,False,False,True,definition_with_optional_label,False,False
pr_surface_wear_contact_owner,photo_prompt_visual_obligations_photorealism_elements.json,photographic_scene_relation,True,4,4,True,4,4,1,0,False,True,0,False,38,38,True,True,3,3,3,True,False,False,False,False,False,False,False,definition_with_optional_label,False,False
pr_object_contact_shadow_support,photo_prompt_visual_obligations_photorealism_elements.json,photographic_scene_relation,True,4,4,True,4,4,1,0,False,True,0,False,35,35,True,True,3,3,3,True,False,False,False,False,False,False,False,definition_with_optional_label,False,False
pr_casual_crop_subject_legibility,photo_prompt_visual_obligations_photorealism_elements.json,photographic_scene_relation,True,4,4,True,4,4,1,0,False,True,0,False,34,34,True,True,3,3,3,True,False,False,False,False,False,False,True,definition_with_optional_label,False,False
pr_instant_print_material_object,photo_prompt_visual_obligations_photorealism_elements.json,photographic_scene_relation,True,4,4,True,4,4,1,0,False,True,0,False,37,37,True,True,3,3,3,True,False,False,False,False,False,False,False,definition_with_optional_label,False,False
pr_fixed_surveillance_observation,photo_prompt_visual_obligations_photorealism_elements.json,photographic_scene_relation,True,4,4,True,4,4,1,0,False,True,0,False,37,37,True,True,3,3,3,True,False,False,False,False,False,False,True,definition_with_optional_label,False,False
pr_camcorder_still_temporal_container,photo_prompt_visual_obligations_photorealism_elements.json,photographic_scene_relation,True,4,4,True,4,4,1,0,False,True,0,False,36,36,True,True,3,3,3,True,False,False,False,False,False,False,True,definition_with_optional_label,False,False
pr_atmospheric_distance_contrast,photo_prompt_visual_obligations_photorealism_elements.json,photographic_scene_relation,True,4,4,True,4,4,1,0,False,True,0,False,33,33,True,True,3,3,3,True,False,False,False,False,False,False,False,definition_with_optional_label,False,False
ed_clean_room_reset,photo_prompt_visual_obligations_everyday_scene.json,everyday_event_relation,True,4,4,True,4,4,1,0,False,True,0,False,41,41,True,True,3,3,3,True,False,False,False,False,False,False,True,definition_with_optional_label,False,False
ed_cafe_pickup_wait,photo_prompt_visual_obligations_everyday_scene.json,everyday_event_relation,True,4,4,True,4,4,1,0,False,True,0,False,39,39,True,True,3,2,2,True,False,False,False,False,False,False,True,definition_with_optional_label,False,False
ed_market_compare,photo_prompt_visual_obligations_everyday_scene.json,everyday_event_relation,True,4,4,True,4,4,1,0,False,True,0,False,41,41,True,True,3,2,2,True,False,False,False,False,False,False,True,definition_with_optional_label,False,False
ed_subway_exit,photo_prompt_visual_obligations_everyday_scene.json,everyday_event_relation,True,4,4,True,4,4,1,0,False,True,0,False,36,36,True,True,3,3,3,True,False,False,False,False,False,False,True,definition_with_optional_label,False,False
ed_rain_threshold,photo_prompt_visual_obligations_everyday_scene.json,everyday_event_relation,True,4,4,True,4,4,1,0,False,True,0,False,43,43,True,True,3,3,3,True,False,False,False,False,False,False,True,definition_with_optional_label,False,False
ed_shared_phone,photo_prompt_visual_obligations_everyday_scene.json,everyday_event_relation,True,4,4,True,4,4,1,0,False,True,0,False,38,38,True,True,3,3,3,True,False,False,False,False,False,False,True,definition_with_optional_label,False,False
ed_independent_bystander,photo_prompt_visual_obligations_everyday_scene.json,everyday_event_relation,True,4,4,True,4,4,1,0,False,True,0,False,32,32,True,True,3,3,3,True,False,False,False,False,False,False,True,definition_with_optional_label,False,False
y2kr_spiky_bun,photo_prompt_visual_obligations_y2k.json,observable_fashion_and_object_morphology,True,1,1,True,1,1,1,0,False,True,0,False,14,14,True,True,2,1,1,True,False,False,False,False,False,False,False,definition_with_optional_label,False,False
y2kr_spiky_updo,photo_prompt_visual_obligations_y2k.json,observable_fashion_and_object_morphology,True,1,1,True,1,1,1,0,False,True,0,False,12,12,True,True,2,1,1,True,False,False,False,False,False,False,False,definition_with_optional_label,False,False
y2kr_space_buns,photo_prompt_visual_obligations_y2k.json,observable_fashion_and_object_morphology,True,1,1,True,1,1,1,0,False,True,0,False,12,12,True,True,2,1,1,True,False,False,False,False,False,False,False,definition_with_optional_label,False,False
y2kr_mini_buns,photo_prompt_visual_obligations_y2k.json,observable_fashion_and_object_morphology,True,1,1,True,1,1,1,0,False,True,0,False,12,12,True,True,2,1,1,True,False,False,False,False,False,False,False,definition_with_optional_label,False,False
y2kr_messy_bun,photo_prompt_visual_obligations_y2k.json,observable_fashion_and_object_morphology,True,1,1,True,1,1,1,0,False,True,0,False,12,12,True,True,2,1,1,True,False,False,False,False,False,False,False,definition_with_optional_label,False,False
y2kr_half_up,photo_prompt_visual_obligations_y2k.json,observable_fashion_and_object_morphology,True,1,1,True,1,1,1,0,False,True,0,False,13,13,True,True,2,1,1,True,False,False,False,False,False,False,False,definition_with_optional_label,False,False
y2kr_high_pony,photo_prompt_visual_obligations_y2k.json,observable_fashion_and_object_morphology,True,1,1,True,1,1,1,0,False,True,0,False,16,16,True,True,2,1,1,True,False,False,False,False,False,False,False,definition_with_optional_label,False,False
y2kr_bubble_pony,photo_prompt_visual_obligations_y2k.json,observable_fashion_and_object_morphology,True,1,1,True,1,1,1,0,False,True,0,False,14,14,True,True,2,1,1,True,False,False,False,False,False,False,False,definition_with_optional_label,False,False
y2kr_pigtails,photo_prompt_visual_obligations_y2k.json,observable_fashion_and_object_morphology,True,1,1,True,1,1,1,0,False,True,0,False,12,12,True,True,2,1,1,True,False,False,False,False,False,False,False,definition_with_optional_label,False,False
y2kr_tendrils,photo_prompt_visual_obligations_y2k.json,observable_fashion_and_object_morphology,True,1,1,True,1,1,1,0,False,True,0,False,14,14,True,True,2,1,1,True,False,False,False,False,False,False,False,definition_with_optional_label,False,False
y2kr_piecey,photo_prompt_visual_obligations_y2k.json,observable_fashion_and_object_morphology,True,1,1,True,1,1,1,0,False,True,0,False,11,11,True,True,2,1,1,True,False,False,False,False,False,False,False,definition_with_optional_label,False,False
y2kr_zigzag_part,photo_prompt_visual_obligations_y2k.json,observable_fashion_and_object_morphology,True,1,1,True,1,1,1,0,False,True,0,False,12,12,True,True,2,1,1,True,False,False,False,False,False,False,False,definition_with_optional_label,False,False
y2kr_deep_side_part,photo_prompt_visual_obligations_y2k.json,observable_fashion_and_object_morphology,True,1,1,True,1,1,1,0,False,True,0,False,19,19,True,True,2,1,1,True,False,False,False,False,False,False,False,definition_with_optional_label,False,False
y2kr_center_part,photo_prompt_visual_obligations_y2k.json,observable_fashion_and_object_morphology,True,1,1,True,1,1,1,0,False,True,0,False,14,14,True,True,2,1,1,True,False,False,False,False,False,False,False,definition_with_optional_label,False,False
y2kr_crimp,photo_prompt_visual_obligations_y2k.json,observable_fashion_and_object_morphology,True,1,1,True,1,1,1,0,False,True,0,False,12,12,True,True,2,1,1,True,False,False,False,False,False,False,False,definition_with_optional_label,False,False
y2kr_straight_hair,photo_prompt_visual_obligations_y2k.json,observable_fashion_and_object_morphology,True,1,1,True,1,1,1,0,False,True,0,False,10,10,True,True,2,1,1,True,False,False,False,False,False,False,False,definition_with_optional_label,False,False
y2kr_flipped_ends,photo_prompt_visual_obligations_y2k.json,observable_fashion_and_object_morphology,True,1,1,True,1,1,1,0,False,True,0,False,11,11,True,True,2,1,1,True,False,False,False,False,False,False,False,definition_with_optional_label,False,False
y2kr_wet_hair,photo_prompt_visual_obligations_y2k.json,observable_fashion_and_object_morphology,True,1,1,True,1,1,1,0,False,True,0,False,11,11,True,True,2,1,1,True,False,False,False,False,False,False,False,definition_with_optional_label,False,False
y2kr_chunky_highlights,photo_prompt_visual_obligations_y2k.json,observable_fashion_and_object_morphology,True,1,1,True,1,1,1,0,False,True,0,False,12,12,True,True,2,1,1,True,False,False,False,False,False,False,False,definition_with_optional_label,False,False
y2kr_money_piece,photo_prompt_visual_obligations_y2k.json,observable_fashion_and_object_morphology,True,1,1,True,1,1,1,0,False,True,0,False,17,17,True,True,2,1,1,True,False,False,False,False,False,False,False,definition_with_optional_label,False,False
y2kr_skunk_stripe,photo_prompt_visual_obligations_y2k.json,observable_fashion_and_object_morphology,True,1,1,True,1,1,1,0,False,True,0,False,16,16,True,True,2,1,1,True,False,False,False,False,False,False,False,definition_with_optional_label,False,False
y2kr_two_tone,photo_prompt_visual_obligations_y2k.json,observable_fashion_and_object_morphology,True,1,1,True,1,1,1,0,False,True,0,False,12,12,True,True,2,1,1,True,False,False,False,False,False,False,False,definition_with_optional_label,False,False
y2kr_peekaboo,photo_prompt_visual_obligations_y2k.json,observable_fashion_and_object_morphology,True,1,1,True,1,1,1,0,False,True,0,False,12,12,True,True,2,1,1,True,False,False,False,False,False,False,False,definition_with_optional_label,False,False
y2kr_accent_braid,photo_prompt_visual_obligations_y2k.json,observable_fashion_and_object_morphology,True,1,1,True,1,1,1,0,False,True,0,False,15,15,True,True,2,1,1,True,False,False,False,False,False,False,False,definition_with_optional_label,False,False
y2kr_micro_braids,photo_prompt_visual_obligations_y2k.json,observable_fashion_and_object_morphology,True,1,1,True,1,1,1,0,False,True,0,False,11,11,True,True,2,1,1,True,False,False,False,False,False,False,False,definition_with_optional_label,False,False
y2kr_baby_braids,photo_prompt_visual_obligations_y2k.json,observable_fashion_and_object_morphology,True,1,1,True,1,1,1,0,False,True,0,False,16,16,True,True,2,1,1,True,False,False,False,False,False,False,False,definition_with_optional_label,False,False
y2kr_beaded_braids,photo_prompt_visual_obligations_y2k.json,observable_fashion_and_object_morphology,True,1,1,True,1,1,1,0,False,True,0,False,10,10,True,True,2,1,1,True,False,False,False,False,False,False,False,definition_with_optional_label,False,False
y2kr_butterfly_clips,photo_prompt_visual_obligations_y2k.json,observable_fashion_and_object_morphology,True,1,1,True,1,1,1,0,False,True,0,False,10,10,True,True,2,1,1,True,False,False,False,False,False,False,False,definition_with_optional_label,False,False
y2kr_mini_claw,photo_prompt_visual_obligations_y2k.json,observable_fashion_and_object_morphology,True,1,1,True,1,1,1,0,False,True,0,False,11,11,True,True,2,1,1,True,False,False,False,False,False,False,False,definition_with_optional_label,False,False
y2kr_snap_clip,photo_prompt_visual_obligations_y2k.json,observable_fashion_and_object_morphology,True,1,1,True,1,1,1,0,False,True,0,False,13,13,True,True,2,1,1,True,False,False,False,False,False,False,False,definition_with_optional_label,False,False
y2kr_barrette,photo_prompt_visual_obligations_y2k.json,observable_fashion_and_object_morphology,True,1,1,True,1,1,1,0,False,True,0,False,12,12,True,True,2,1,1,True,False,False,False,False,False,False,False,definition_with_optional_label,False,False
y2kr_star_clip,photo_prompt_visual_obligations_y2k.json,observable_fashion_and_object_morphology,True,1,1,True,1,1,1,0,False,True,0,False,12,12,True,True,2,1,1,True,False,False,False,False,False,False,False,definition_with_optional_label,False,False
y2kr_flower_clip,photo_prompt_visual_obligations_y2k.json,observable_fashion_and_object_morphology,True,1,1,True,1,1,1,0,False,True,0,False,13,13,True,True,2,1,1,True,False,False,False,False,False,False,False,definition_with_optional_label,False,False
y2kr_comb_band,photo_prompt_visual_obligations_y2k.json,observable_fashion_and_object_morphology,True,1,1,True,1,1,1,0,False,True,0,False,14,14,True,True,2,1,1,True,False,False,False,False,False,False,False,definition_with_optional_label,False,False
y2kr_chunky_band,photo_prompt_visual_obligations_y2k.json,observable_fashion_and_object_morphology,True,1,1,True,1,1,1,0,False,True,0,False,13,13,True,True,2,1,1,True,False,False,False,False,False,False,False,definition_with_optional_label,False,False
y2kr_bandana,photo_prompt_visual_obligations_y2k.json,observable_fashion_and_object_morphology,True,1,1,True,1,1,1,0,False,True,0,False,15,15,True,True,2,1,1,True,False,False,False,False,False,False,False,definition_with_optional_label,False,False
y2kr_headscarf,photo_prompt_visual_obligations_y2k.json,observable_fashion_and_object_morphology,True,1,1,True,1,1,1,0,False,True,0,False,17,17,True,True,2,1,1,True,False,False,False,False,False,False,False,definition_with_optional_label,False,False
y2kr_scrunchie,photo_prompt_visual_obligations_y2k.json,observable_fashion_and_object_morphology,True,1,1,True,1,1,1,0,False,True,0,False,13,13,True,True,2,1,1,True,False,False,False,False,False,False,False,definition_with_optional_label,False,False
y2kr_hair_gems,photo_prompt_visual_obligations_y2k.json,observable_fashion_and_object_morphology,True,1,1,True,1,1,1,0,False,True,0,False,11,11,True,True,2,1,1,True,False,False,False,False,False,False,False,definition_with_optional_label,False,False
y2kr_hair_tinsel,photo_prompt_visual_obligations_y2k.json,observable_fashion_and_object_morphology,True,1,1,True,1,1,1,0,False,True,0,False,11,11,True,True,2,1,1,True,False,False,False,False,False,False,False,definition_with_optional_label,False,False
y2kr_baby_tee,photo_prompt_visual_obligations_y2k.json,observable_fashion_and_object_morphology,True,1,1,True,1,1,1,0,False,True,0,False,13,13,True,True,3,1,1,True,False,False,False,False,False,False,False,definition_with_optional_label,False,False
y2kr_graphic_baby,photo_prompt_visual_obligations_y2k.json,observable_fashion_and_object_morphology,True,1,1,True,1,1,1,0,False,True,0,False,14,14,True,True,2,1,1,True,False,False,False,False,False,False,False,definition_with_optional_label,False,False
y2kr_slogan_tee,photo_prompt_visual_obligations_y2k.json,observable_fashion_and_object_morphology,True,1,1,True,1,1,1,0,False,True,0,False,16,16,True,True,2,1,1,True,False,False,False,False,False,False,False,definition_with_optional_label,False,False
y2kr_ringer,photo_prompt_visual_obligations_y2k.json,observable_fashion_and_object_morphology,True,1,1,True,1,1,1,0,False,True,0,False,11,11,True,True,2,1,1,True,False,False,False,False,False,False,False,definition_with_optional_label,False,False
y2kr_cropped_tee,photo_prompt_visual_obligations_y2k.json,observable_fashion_and_object_morphology,True,1,1,True,1,1,1,0,False,True,0,False,14,14,True,True,2,1,1,True,False,False,False,False,False,False,False,definition_with_optional_label,False,False
y2kr_rib_tank,photo_prompt_visual_obligations_y2k.json,observable_fashion_and_object_morphology,True,1,1,True,1,1,1,0,False,True,0,False,10,10,True,True,2,1,1,True,False,False,False,False,False,False,False,definition_with_optional_label,False,False
y2kr_crop_tank,photo_prompt_visual_obligations_y2k.json,observable_fashion_and_object_morphology,True,1,1,True,1,1,1,0,False,True,0,False,16,16,True,True,2,1,1,True,False,False,False,False,False,False,False,definition_with_optional_label,False,False
y2kr_cami,photo_prompt_visual_obligations_y2k.json,observable_fashion_and_object_morphology,True,1,1,True,1,1,1,0,False,True,0,False,11,11,True,True,3,1,1,True,False,False,False,False,False,False,False,definition_with_optional_label,False,False
y2kr_lace_cami,photo_prompt_visual_obligations_y2k.json,observable_fashion_and_object_morphology,True,1,1,True,1,1,1,0,False,True,0,False,16,16,True,True,2,1,1,True,False,False,False,False,False,False,False,definition_with_optional_label,False,False
y2kr_tube_top,photo_prompt_visual_obligations_y2k.json,observable_fashion_and_object_morphology,True,1,1,True,1,1,1,0,False,True,0,False,16,16,True,True,2,1,1,True,False,False,False,False,False,False,False,definition_with_optional_label,False,False
y2kr_bandeau,photo_prompt_visual_obligations_y2k.json,observable_fashion_and_object_morphology,True,1,1,True,1,1,1,0,False,True,0,False,14,14,True,True,2,1,1,True,False,False,False,False,False,False,False,definition_with_optional_label,False,False
y2kr_halter,photo_prompt_visual_obligations_y2k.json,observable_fashion_and_object_morphology,True,1,1,True,1,1,1,0,False,True,0,False,18,18,True,True,2,1,1,True,False,False,False,False,False,False,False,definition_with_optional_label,False,False
y2kr_handkerchief_top,photo_prompt_visual_obligations_y2k.json,observable_fashion_and_object_morphology,True,1,1,True,1,1,1,0,False,True,0,False,14,14,True,True,2,1,1,True,False,False,False,False,False,False,False,definition_with_optional_label,False,False
y2kr_scarf_top,photo_prompt_visual_obligations_y2k.json,observable_fashion_and_object_morphology,True,1,1,True,1,1,1,0,False,True,0,False,15,15,True,True,2,1,1,True,False,False,False,False,False,False,False,definition_with_optional_label,False,False
y2kr_tie_front,photo_prompt_visual_obligations_y2k.json,observable_fashion_and_object_morphology,True,1,1,True,1,1,1,0,False,True,0,False,17,17,True,True,2,1,1,True,False,False,False,False,False,False,False,definition_with_optional_label,False,False
y2kr_ruched_top,photo_prompt_visual_obligations_y2k.json,observable_fashion_and_object_morphology,True,1,1,True,1,1,1,0,False,True,0,False,12,12,True,True,2,1,1,True,False,False,False,False,False,False,False,definition_with_optional_label,False,False
y2kr_mesh_top,photo_prompt_visual_obligations_y2k.json,observable_fashion_and_object_morphology,True,1,1,True,1,1,1,0,False,True,0,False,18,18,True,True,2,1,1,True,False,False,False,False,False,False,False,definition_with_optional_label,False,False
y2kr_sheer_top,photo_prompt_visual_obligations_y2k.json,observable_fashion_and_object_morphology,True,1,1,True,1,1,1,0,False,True,0,False,15,15,True,True,2,1,1,True,False,False,False,False,False,False,False,definition_with_optional_label,False,False
y2kr_corset_top,photo_prompt_visual_obligations_y2k.json,observable_fashion_and_object_morphology,True,1,1,True,1,1,1,0,False,True,0,False,12,12,True,True,2,1,1,True,False,False,False,False,False,False,False,definition_with_optional_label,False,False
y2kr_bustier,photo_prompt_visual_obligations_y2k.json,observable_fashion_and_object_morphology,True,1,1,True,1,1,1,0,False,True,0,False,10,10,True,True,2,1,1,True,False,False,False,False,False,False,False,definition_with_optional_label,False,False
y2kr_asym_top,photo_prompt_visual_obligations_y2k.json,observable_fashion_and_object_morphology,True,1,1,True,1,1,1,0,False,True,0,False,13,13,True,True,2,1,1,True,False,False,False,False,False,False,False,definition_with_optional_label,False,False
y2kr_one_shoulder,photo_prompt_visual_obligations_y2k.json,observable_fashion_and_object_morphology,True,1,1,True,1,1,1,0,False,True,0,False,14,14,True,True,2,1,1,True,False,False,False,False,False,False,False,definition_with_optional_label,False,False
y2kr_off_shoulder,photo_prompt_visual_obligations_y2k.json,observable_fashion_and_object_morphology,True,1,1,True,1,1,1,0,False,True,0,False,15,15,True,True,2,1,1,True,False,False,False,False,False,False,False,definition_with_optional_label,False,False
y2kr_peasant,photo_prompt_visual_obligations_y2k.json,observable_fashion_and_object_morphology,True,1,1,True,1,1,1,0,False,True,0,False,14,14,True,True,2,1,1,True,False,False,False,False,False,False,False,definition_with_optional_label,False,False
y2kr_crop_zip,photo_prompt_visual_obligations_y2k.json,observable_fashion_and_object_morphology,True,1,1,True,1,1,1,0,False,True,0,False,17,17,True,True,2,1,1,True,False,False,False,False,False,False,False,definition_with_optional_label,False,False
y2kr_velour_hoodie,photo_prompt_visual_obligations_y2k.json,observable_fashion_and_object_morphology,True,1,1,True,1,1,1,0,False,True,0,False,14,14,True,True,2,1,1,True,False,False,False,False,False,False,False,definition_with_optional_label,False,False
y2kr_track_jacket,photo_prompt_visual_obligations_y2k.json,observable_fashion_and_object_morphology,True,1,1,True,1,1,1,0,False,True,0,False,14,14,True,True,2,1,1,True,False,False,False,False,False,False,False,definition_with_optional_label,False,False
y2kr_bolero,photo_prompt_visual_obligations_y2k.json,observable_fashion_and_object_morphology,True,1,1,True,1,1,1,0,False,True,0,False,14,14,True,True,2,1,1,True,False,False,False,False,False,False,False,definition_with_optional_label,False,False
y2kr_shrug,photo_prompt_visual_obligations_y2k.json,observable_fashion_and_object_morphology,True,1,1,True,1,1,1,0,False,True,0,False,12,12,True,True,2,1,1,True,False,False,False,False,False,False,False,definition_with_optional_label,False,False
y2kr_crop_cardigan,photo_prompt_visual_obligations_y2k.json,observable_fashion_and_object_morphology,True,1,1,True,1,1,1,0,False,True,0,False,16,16,True,True,2,1,1,True,False,False,False,False,False,False,False,definition_with_optional_label,False,False
y2kr_denim_jacket,photo_prompt_visual_obligations_y2k.json,observable_fashion_and_object_morphology,True,2,2,True,2,2,1,0,False,True,0,False,18,18,True,True,2,1,1,True,False,False,False,False,False,False,False,definition_with_optional_label,False,False
y2kr_denim_vest,photo_prompt_visual_obligations_y2k.json,observable_fashion_and_object_morphology,True,1,1,True,1,1,1,0,False,True,0,False,13,13,True,True,2,1,1,True,False,False,False,False,False,False,False,definition_with_optional_label,False,False
y2kr_fur_trim,photo_prompt_visual_obligations_y2k.json,observable_fashion_and_object_morphology,True,1,1,True,1,1,1,0,False,True,0,False,19,19,True,True,2,1,1,True,False,False,False,False,False,False,False,definition_with_optional_label,False,False
y2kr_moto_jacket,photo_prompt_visual_obligations_y2k.json,observable_fashion_and_object_morphology,True,1,1,True,1,1,1,0,False,True,0,False,12,12,True,True,2,1,1,True,False,False,False,False,False,False,False,definition_with_optional_label,False,False
y2kr_layered_tanks,photo_prompt_visual_obligations_y2k.json,observable_fashion_and_object_morphology,True,1,1,True,1,1,1,0,False,True,0,False,14,14,True,True,2,1,1,True,False,False,False,False,False,False,False,definition_with_optional_label,False,False
y2kr_bra_straps,photo_prompt_visual_obligations_y2k.json,observable_fashion_and_object_morphology,True,1,1,True,1,1,1,0,False,True,0,False,15,15,True,True,2,1,1,True,False,False,False,False,False,False,False,definition_with_optional_label,False,False
y2kr_long_short_layer,photo_prompt_visual_obligations_y2k.json,observable_fashion_and_object_morphology,True,1,1,True,1,1,1,0,False,True,0,False,13,13,True,True,2,1,1,True,False,False,False,False,False,False,False,definition_with_optional_label,False,False
y2kr_dress_pants,photo_prompt_visual_obligations_y2k.json,observable_fashion_and_object_morphology,True,1,1,True,1,1,1,0,False,True,0,False,17,17,True,True,2,1,1,True,False,False,False,False,False,False,False,definition_with_optional_label,False,False
y2kr_low_rise,photo_prompt_visual_obligations_y2k.json,observable_fashion_and_object_morphology,True,1,1,True,1,1,1,0,False,True,0,False,18,18,True,True,4,1,1,True,False,False,False,False,False,False,False,definition_with_optional_label,False,False
y2kr_ultra_low,photo_prompt_visual_obligations_y2k.json,observable_fashion_and_object_morphology,True,1,1,True,1,1,1,0,False,True,0,False,20,20,True,True,2,1,1,True,False,False,False,False,False,False,False,definition_with_optional_label,False,False
y2kr_bootcut,photo_prompt_visual_obligations_y2k.json,observable_fashion_and_object_morphology,True,1,1,True,1,1,1,0,False,True,0,False,13,13,True,True,2,1,1,True,False,False,False,False,False,False,False,definition_with_optional_label,False,False
y2kr_flare,photo_prompt_visual_obligations_y2k.json,observable_fashion_and_object_morphology,True,1,1,True,1,1,1,0,False,True,0,False,15,15,True,True,2,1,1,True,False,False,False,False,False,False,False,definition_with_optional_label,False,False
y2kr_puddle,photo_prompt_visual_obligations_y2k.json,observable_fashion_and_object_morphology,True,1,1,True,1,1,1,0,False,True,0,False,15,15,True,True,2,1,1,True,False,False,False,False,False,False,False,definition_with_optional_label,False,False
y2kr_baggy,photo_prompt_visual_obligations_y2k.json,observable_fashion_and_object_morphology,True,1,1,True,1,1,1,0,False,True,0,False,13,13,True,True,2,1,1,True,False,False,False,False,False,False,False,definition_with_optional_label,False,False
y2kr_cargo,photo_prompt_visual_obligations_y2k.json,observable_fashion_and_object_morphology,True,1,1,True,1,1,1,0,False,True,0,False,17,17,True,True,2,1,1,True,False,False,False,False,False,False,False,definition_with_optional_label,False,False
y2kr_low_cargo,photo_prompt_visual_obligations_y2k.json,observable_fashion_and_object_morphology,True,1,1,True,1,1,1,0,False,True,0,False,17,17,True,True,2,1,1,True,False,False,False,False,False,False,False,definition_with_optional_label,False,False
y2kr_parachute,photo_prompt_visual_obligations_y2k.json,observable_fashion_and_object_morphology,True,1,1,True,1,1,1,0,False,True,0,False,13,13,True,True,2,1,1,True,False,False,False,False,False,False,False,definition_with_optional_label,False,False
y2kr_track_pants,photo_prompt_visual_obligations_y2k.json,observable_fashion_and_object_morphology,True,1,1,True,1,1,1,0,False,True,0,False,15,15,True,True,2,1,1,True,False,False,False,False,False,False,False,definition_with_optional_label,False,False
y2kr_velour_pants,photo_prompt_visual_obligations_y2k.json,observable_fashion_and_object_morphology,True,1,1,True,1,1,1,0,False,True,0,False,14,14,True,True,2,1,1,True,False,False,False,False,False,False,False,definition_with_optional_label,False,False
y2kr_capri,photo_prompt_visual_obligations_y2k.json,observable_fashion_and_object_morphology,True,2,2,True,2,2,1,0,False,True,0,False,17,17,True,True,2,1,1,True,False,False,False,False,False,False,False,definition_with_optional_label,False,False
y2kr_pedal,photo_prompt_visual_obligations_y2k.json,observable_fashion_and_object_morphology,True,1,1,True,1,1,1,0,False,True,0,False,14,14,True,True,2,1,1,True,False,False,False,False,False,False,False,definition_with_optional_label,False,False
y2kr_foldover,photo_prompt_visual_obligations_y2k.json,observable_fashion_and_object_morphology,True,1,1,True,1,1,1,0,False,True,0,False,16,16,True,True,2,1,1,True,False,False,False,False,False,False,False,definition_with_optional_label,False,False
y2kr_micro_mini,photo_prompt_visual_obligations_y2k.json,observable_fashion_and_object_morphology,True,1,1,True,1,1,1,0,False,True,0,False,18,18,True,True,2,1,1,True,False,False,False,False,False,False,False,definition_with_optional_label,False,False
y2kr_denim_mini,photo_prompt_visual_obligations_y2k.json,observable_fashion_and_object_morphology,True,1,1,True,1,1,1,0,False,True,0,False,12,12,True,True,2,1,1,True,False,False,False,False,False,False,False,definition_with_optional_label,False,False
y2kr_pleated_mini,photo_prompt_visual_obligations_y2k.json,observable_fashion_and_object_morphology,True,1,1,True,1,1,1,0,False,True,0,False,13,13,True,True,2,1,1,True,False,False,False,False,False,False,False,definition_with_optional_label,False,False
y2kr_ruffle_mini,photo_prompt_visual_obligations_y2k.json,observable_fashion_and_object_morphology,True,1,1,True,1,1,1,0,False,True,0,False,14,14,True,True,2,1,1,True,False,False,False,False,False,False,False,definition_with_optional_label,False,False
y2kr_tiered,photo_prompt_visual_obligations_y2k.json,observable_fashion_and_object_morphology,True,1,1,True,1,1,1,0,False,True,0,False,13,13,True,True,2,1,1,True,False,False,False,False,False,False,False,definition_with_optional_label,False,False
y2kr_handkerchief_hem,photo_prompt_visual_obligations_y2k.json,observable_fashion_and_object_morphology,True,1,1,True,1,1,1,0,False,True,0,False,11,11,True,True,2,1,1,True,False,False,False,False,False,False,False,definition_with_optional_label,False,False
y2kr_asym_skirt,photo_prompt_visual_obligations_y2k.json,observable_fashion_and_object_morphology,True,1,1,True,1,1,1,0,False,True,0,False,14,14,True,True,2,1,1,True,False,False,False,False,False,False,False,definition_with_optional_label,False,False
y2kr_slip,photo_prompt_visual_obligations_y2k.json,observable_fashion_and_object_morphology,True,1,1,True,1,1,1,0,False,True,0,False,15,15,True,True,2,1,1,True,False,False,False,False,False,False,False,definition_with_optional_label,False,False
y2kr_bodycon,photo_prompt_visual_obligations_y2k.json,observable_fashion_and_object_morphology,True,1,1,True,1,1,1,0,False,True,0,False,16,16,True,True,2,1,1,True,False,False,False,False,False,False,False,definition_with_optional_label,False,False
y2kr_bandage,photo_prompt_visual_obligations_y2k.json,observable_fashion_and_object_morphology,True,1,1,True,1,1,1,0,False,True,0,False,11,11,True,True,2,1,1,True,False,False,False,False,False,False,False,definition_with_optional_label,False,False
y2kr_mesh_dress,photo_prompt_visual_obligations_y2k.json,observable_fashion_and_object_morphology,True,1,1,True,1,1,1,0,False,True,0,False,14,14,True,True,2,1,1,True,False,False,False,False,False,False,False,definition_with_optional_label,False,False
y2kr_denim_dress,photo_prompt_visual_obligations_y2k.json,observable_fashion_and_object_morphology,True,1,1,True,1,1,1,0,False,True,0,False,11,11,True,True,2,1,1,True,False,False,False,False,False,False,False,definition_with_optional_label,False,False
y2kr_tube_dress,photo_prompt_visual_obligations_y2k.json,observable_fashion_and_object_morphology,True,1,1,True,1,1,1,0,False,True,0,False,15,15,True,True,2,1,1,True,False,False,False,False,False,False,False,definition_with_optional_label,False,False
y2kr_tiny_big,photo_prompt_visual_obligations_y2k.json,observable_fashion_and_object_morphology,True,1,1,True,1,1,1,0,False,True,0,False,16,16,True,True,3,1,1,True,False,False,False,False,False,False,False,definition_with_optional_label,False,False
y2kr_midriff,photo_prompt_visual_obligations_y2k.json,observable_fashion_and_object_morphology,True,1,1,True,1,1,1,0,False,True,0,False,16,16,True,True,2,1,1,True,False,False,False,False,False,False,False,definition_with_optional_label,False,False
y2kr_long_torso,photo_prompt_visual_obligations_y2k.json,observable_fashion_and_object_morphology,True,1,1,True,1,1,1,0,False,True,0,False,16,16,True,True,2,1,1,True,False,False,False,False,False,False,False,definition_with_optional_label,False,False
y2kr_mini_boots,photo_prompt_visual_obligations_y2k.json,observable_fashion_and_object_morphology,True,1,1,True,1,1,1,0,False,True,0,False,16,16,True,True,2,1,1,True,False,False,False,False,False,False,False,definition_with_optional_label,False,False
y2kr_crop_low,photo_prompt_visual_obligations_y2k.json,observable_fashion_and_object_morphology,True,1,1,True,1,1,1,0,False,True,0,False,15,15,True,True,2,1,1,True,False,False,False,False,False,False,False,definition_with_optional_label,False,False
y2kr_visible_layers,photo_prompt_visual_obligations_y2k.json,observable_fashion_and_object_morphology,True,1,1,True,1,1,1,0,False,True,0,False,15,15,True,True,2,1,1,True,False,False,False,False,False,False,False,definition_with_optional_label,False,False
y2kr_whale_tail,photo_prompt_visual_obligations_y2k.json,observable_fashion_and_object_morphology,True,1,1,True,1,1,1,0,False,True,0,False,14,14,True,True,2,1,1,True,False,False,False,False,False,False,False,definition_with_optional_label,False,False
y2kr_velour,photo_prompt_visual_obligations_y2k.json,observable_fashion_and_object_morphology,True,1,1,True,1,1,1,0,False,True,0,False,15,15,True,True,2,1,1,True,False,False,False,False,False,False,False,definition_with_optional_label,False,False
y2kr_terry,photo_prompt_visual_obligations_y2k.json,observable_fashion_and_object_morphology,True,1,1,True,1,1,1,0,False,True,0,False,12,12,True,True,2,1,1,True,False,False,False,False,False,False,False,definition_with_optional_label,False,False
y2kr_stretch_denim,photo_prompt_visual_obligations_y2k.json,observable_fashion_and_object_morphology,True,1,1,True,1,1,1,0,False,True,0,False,11,11,True,True,2,1,1,True,False,False,False,False,False,False,False,definition_with_optional_label,False,False
y2kr_satin,photo_prompt_visual_obligations_y2k.json,observable_fashion_and_object_morphology,True,1,1,True,1,1,1,0,False,True,0,False,12,12,True,True,2,1,1,True,False,False,False,False,False,False,False,definition_with_optional_label,False,False
y2kr_mesh,photo_prompt_visual_obligations_y2k.json,observable_fashion_and_object_morphology,True,1,1,True,1,1,1,0,False,True,0,False,10,10,True,True,2,1,1,True,False,False,False,False,False,False,False,definition_with_optional_label,False,False
y2kr_sheer_nylon,photo_prompt_visual_obligations_y2k.json,observable_fashion_and_object_morphology,True,1,1,True,1,1,1,0,False,True,0,False,12,12,True,True,2,1,1,True,False,False,False,False,False,False,False,definition_with_optional_label,False,False
y2kr_metallic,photo_prompt_visual_obligations_y2k.json,observable_fashion_and_object_morphology,True,1,1,True,1,1,1,0,False,True,0,False,12,12,True,True,2,1,1,True,False,False,False,False,False,False,False,definition_with_optional_label,False,False
y2kr_iridescent,photo_prompt_visual_obligations_y2k.json,observable_fashion_and_object_morphology,True,1,1,True,1,1,1,0,False,True,0,False,13,13,True,True,2,1,1,True,False,False,False,False,False,False,False,definition_with_optional_label,False,False
y2kr_holographic,photo_prompt_visual_obligations_y2k.json,observable_fashion_and_object_morphology,True,1,1,True,1,1,1,0,False,True,0,False,14,14,True,True,2,1,1,True,False,False,False,False,False,False,False,definition_with_optional_label,False,False
y2kr_pvc,photo_prompt_visual_obligations_y2k.json,observable_fashion_and_object_morphology,True,1,1,True,1,1,1,0,False,True,0,False,15,15,True,True,2,1,1,True,False,False,False,False,False,False,False,definition_with_optional_label,False,False
y2kr_vinyl,photo_prompt_visual_obligations_y2k.json,observable_fashion_and_object_morphology,True,1,1,True,1,1,1,0,False,True,0,False,13,13,True,True,2,1,1,True,False,False,False,False,False,False,False,definition_with_optional_label,False,False
y2kr_patent,photo_prompt_visual_obligations_y2k.json,observable_fashion_and_object_morphology,True,1,1,True,1,1,1,0,False,True,0,False,13,13,True,True,2,1,1,True,False,False,False,False,False,False,False,definition_with_optional_label,False,False
y2kr_faux_fur,photo_prompt_visual_obligations_y2k.json,observable_fashion_and_object_morphology,True,1,1,True,1,1,1,0,False,True,0,False,13,13,True,True,2,1,1,True,False,False,False,False,False,False,False,definition_with_optional_label,False,False
y2kr_sequins,photo_prompt_visual_obligations_y2k.json,observable_fashion_and_object_morphology,True,1,1,True,1,1,1,0,False,True,0,False,12,12,True,True,2,1,1,True,False,False,False,False,False,False,False,definition_with_optional_label,False,False
y2kr_rhinestones,photo_prompt_visual_obligations_y2k.json,observable_fashion_and_object_morphology,True,1,1,True,1,1,1,0,False,True,0,False,11,11,True,True,2,1,1,True,False,False,False,False,False,False,False,definition_with_optional_label,False,False
y2kr_chainmail,photo_prompt_visual_obligations_y2k.json,observable_fashion_and_object_morphology,True,1,1,True,1,1,1,0,False,True,0,False,12,12,True,True,2,1,1,True,False,False,False,False,False,False,False,definition_with_optional_label,False,False
y2kr_retroreflective,photo_prompt_visual_obligations_y2k.json,observable_fashion_and_object_morphology,True,1,1,True,1,1,1,0,False,True,0,False,15,15,True,True,2,1,1,True,False,False,False,False,False,False,False,definition_with_optional_label,False,False
y2kr_metal_mesh,photo_prompt_visual_obligations_y2k.json,observable_fashion_and_object_morphology,True,1,1,True,1,1,1,0,False,True,0,False,13,13,True,True,2,1,1,True,False,False,False,False,False,False,False,definition_with_optional_label,False,False
y2kr_platform_sandal,photo_prompt_visual_obligations_y2k.json,observable_fashion_and_object_morphology,True,1,1,True,1,1,1,0,False,True,0,False,17,17,True,True,2,1,1,True,False,False,False,False,False,False,False,definition_with_optional_label,False,False
y2kr_platform_flip,photo_prompt_visual_obligations_y2k.json,observable_fashion_and_object_morphology,True,1,1,True,1,1,1,0,False,True,0,False,15,15,True,True,2,1,1,True,False,False,False,False,False,False,False,definition_with_optional_label,False,False
y2kr_platform_slide,photo_prompt_visual_obligations_y2k.json,observable_fashion_and_object_morphology,True,1,1,True,1,1,1,0,False,True,0,False,16,16,True,True,2,1,1,True,False,False,False,False,False,False,False,definition_with_optional_label,False,False
y2kr_jelly,photo_prompt_visual_obligations_y2k.json,observable_fashion_and_object_morphology,True,1,1,True,1,1,1,0,False,True,0,False,12,12,True,True,2,1,1,True,False,False,False,False,False,False,False,definition_with_optional_label,False,False
y2kr_strappy,photo_prompt_visual_obligations_y2k.json,observable_fashion_and_object_morphology,True,1,1,True,1,1,1,0,False,True,0,False,13,13,True,True,2,1,1,True,False,False,False,False,False,False,False,definition_with_optional_label,False,False
y2kr_kitten,photo_prompt_visual_obligations_y2k.json,observable_fashion_and_object_morphology,True,1,1,True,1,1,1,0,False,True,0,False,15,15,True,True,2,1,1,True,False,False,False,False,False,False,False,definition_with_optional_label,False,False
y2kr_pointed,photo_prompt_visual_obligations_y2k.json,observable_fashion_and_object_morphology,True,1,1,True,1,1,1,0,False,True,0,False,15,15,True,True,2,1,1,True,False,False,False,False,False,False,False,definition_with_optional_label,False,False
y2kr_platform_boots,photo_prompt_visual_obligations_y2k.json,observable_fashion_and_object_morphology,True,1,1,True,1,1,1,0,False,True,0,False,14,14,True,True,2,1,1,True,False,False,False,False,False,False,False,definition_with_optional_label,False,False
y2kr_knee_boots,photo_prompt_visual_obligations_y2k.json,observable_fashion_and_object_morphology,True,1,1,True,1,1,1,0,False,True,0,False,16,16,True,True,2,1,1,True,False,False,False,False,False,False,False,definition_with_optional_label,False,False
y2kr_furry_boots,photo_prompt_visual_obligations_y2k.json,observable_fashion_and_object_morphology,True,1,1,True,1,1,1,0,False,True,0,False,13,13,True,True,2,1,1,True,False,False,False,False,False,False,False,definition_with_optional_label,False,False
y2kr_sheepskin_boots,photo_prompt_visual_obligations_y2k.json,observable_fashion_and_object_morphology,True,1,1,True,1,1,1,0,False,True,0,False,17,17,True,True,2,1,1,True,False,False,False,False,False,False,False,definition_with_optional_label,False,False
y2kr_skate_shoes,photo_prompt_visual_obligations_y2k.json,observable_fashion_and_object_morphology,True,1,1,True,1,1,1,0,False,True,0,False,14,14,True,True,2,1,1,True,False,False,False,False,False,False,False,definition_with_optional_label,False,False
y2kr_chunky_trainers,photo_prompt_visual_obligations_y2k.json,observable_fashion_and_object_morphology,True,1,1,True,1,1,1,0,False,True,0,False,12,12,True,True,2,1,1,True,False,False,False,False,False,False,False,definition_with_optional_label,False,False
y2kr_ballet_flats,photo_prompt_visual_obligations_y2k.json,observable_fashion_and_object_morphology,True,1,1,True,1,1,1,0,False,True,0,False,15,15,True,True,2,1,1,True,False,False,False,False,False,False,False,definition_with_optional_label,False,False
y2kr_baguette,photo_prompt_visual_obligations_y2k.json,observable_fashion_and_object_morphology,True,1,1,True,1,1,1,0,False,True,0,False,15,15,True,True,2,1,1,True,False,False,False,False,False,False,False,definition_with_optional_label,False,False
y2kr_underarm,photo_prompt_visual_obligations_y2k.json,observable_fashion_and_object_morphology,True,1,1,True,1,1,1,0,False,True,0,False,12,12,True,True,2,1,1,True,False,False,False,False,False,False,False,definition_with_optional_label,False,False
y2kr_mini_shoulder,photo_prompt_visual_obligations_y2k.json,observable_fashion_and_object_morphology,True,1,1,True,1,1,1,0,False,True,0,False,11,11,True,True,2,1,1,True,False,False,False,False,False,False,False,definition_with_optional_label,False,False
y2kr_hobo,photo_prompt_visual_obligations_y2k.json,observable_fashion_and_object_morphology,True,1,1,True,1,1,1,0,False,True,0,False,15,15,True,True,2,1,1,True,False,False,False,False,False,False,False,definition_with_optional_label,False,False
y2kr_bowling,photo_prompt_visual_obligations_y2k.json,observable_fashion_and_object_morphology,True,1,1,True,1,1,1,0,False,True,0,False,15,15,True,True,2,1,1,True,False,False,False,False,False,False,False,definition_with_optional_label,False,False
y2kr_moto_bag,photo_prompt_visual_obligations_y2k.json,observable_fashion_and_object_morphology,True,1,1,True,1,1,1,0,False,True,0,False,15,15,True,True,2,1,1,True,False,False,False,False,False,False,False,definition_with_optional_label,False,False
y2kr_monogram,photo_prompt_visual_obligations_y2k.json,observable_fashion_and_object_morphology,True,1,1,True,1,1,1,0,False,True,0,False,13,13,True,True,2,1,1,True,False,False,False,False,False,False,False,definition_with_optional_label,False,False
y2kr_logo_bag,photo_prompt_visual_obligations_y2k.json,observable_fashion_and_object_morphology,True,1,1,True,1,1,1,0,False,True,0,False,13,13,True,True,2,1,1,True,False,False,False,False,False,False,False,definition_with_optional_label,False,False
y2kr_denim_bag,photo_prompt_visual_obligations_y2k.json,observable_fashion_and_object_morphology,True,1,1,True,1,1,1,0,False,True,0,False,13,13,True,True,2,1,1,True,False,False,False,False,False,False,False,definition_with_optional_label,False,False
y2kr_stone_bag,photo_prompt_visual_obligations_y2k.json,observable_fashion_and_object_morphology,True,1,1,True,1,1,1,0,False,True,0,False,14,14,True,True,2,1,1,True,False,False,False,False,False,False,False,definition_with_optional_label,False,False
y2kr_sequin_bag,photo_prompt_visual_obligations_y2k.json,observable_fashion_and_object_morphology,True,1,1,True,1,1,1,0,False,True,0,False,11,11,True,True,2,1,1,True,False,False,False,False,False,False,False,definition_with_optional_label,False,False
y2kr_metal_bag,photo_prompt_visual_obligations_y2k.json,observable_fashion_and_object_morphology,True,1,1,True,1,1,1,0,False,True,0,False,13,13,True,True,2,1,1,True,False,False,False,False,False,False,False,definition_with_optional_label,False,False
y2kr_chain_strap,photo_prompt_visual_obligations_y2k.json,observable_fashion_and_object_morphology,True,1,1,True,1,1,1,0,False,True,0,False,16,16,True,True,2,1,1,True,False,False,False,False,False,False,False,definition_with_optional_label,False,False
y2kr_bag_charms,photo_prompt_visual_obligations_y2k.json,observable_fashion_and_object_morphology,True,1,1,True,1,1,1,0,False,True,0,False,14,14,True,True,2,1,1,True,False,False,False,False,False,False,False,definition_with_optional_label,False,False
y2kr_stone_belt,photo_prompt_visual_obligations_y2k.json,observable_fashion_and_object_morphology,True,1,1,True,1,1,1,0,False,True,0,False,15,15,True,True,3,1,1,True,False,False,False,False,False,False,False,definition_with_optional_label,False,False
y2kr_chain_belt,photo_prompt_visual_obligations_y2k.json,observable_fashion_and_object_morphology,True,1,1,True,1,1,1,0,False,True,0,False,16,16,True,True,2,1,1,True,False,False,False,False,False,False,False,definition_with_optional_label,False,False
y2kr_grommet,photo_prompt_visual_obligations_y2k.json,observable_fashion_and_object_morphology,True,1,1,True,1,1,1,0,False,True,0,False,10,10,True,True,2,1,1,True,False,False,False,False,False,False,False,definition_with_optional_label,False,False
y2kr_studs,photo_prompt_visual_obligations_y2k.json,observable_fashion_and_object_morphology,True,1,1,True,1,1,1,0,False,True,0,False,15,15,True,True,2,1,1,True,False,False,False,False,False,False,False,definition_with_optional_label,False,False
y2kr_double_grommet,photo_prompt_visual_obligations_y2k.json,observable_fashion_and_object_morphology,True,1,1,True,1,1,1,0,False,True,0,False,12,12,True,True,2,1,1,True,False,False,False,False,False,False,False,definition_with_optional_label,False,False
y2kr_wide_belt,photo_prompt_visual_obligations_y2k.json,observable_fashion_and_object_morphology,True,1,1,True,1,1,1,0,False,True,0,False,14,14,True,True,2,1,1,True,False,False,False,False,False,False,False,definition_with_optional_label,False,False
y2kr_logo_buckle,photo_prompt_visual_obligations_y2k.json,observable_fashion_and_object_morphology,True,1,1,True,1,1,1,0,False,True,0,False,9,9,False,True,2,1,1,True,False,False,False,False,False,False,False,definition_with_optional_label,False,False
y2kr_western_belt,photo_prompt_visual_obligations_y2k.json,observable_fashion_and_object_morphology,True,1,1,True,1,1,1,0,False,True,0,False,12,12,True,True,2,1,1,True,False,False,False,False,False,False,False,definition_with_optional_label,False,False
y2kr_scarf_belt,photo_prompt_visual_obligations_y2k.json,observable_fashion_and_object_morphology,True,1,1,True,1,1,1,0,False,True,0,False,17,17,True,True,2,1,1,True,False,False,False,False,False,False,False,definition_with_optional_label,False,False
y2kr_tiny_glasses,photo_prompt_visual_obligations_y2k.json,observable_fashion_and_object_morphology,True,1,1,True,1,1,1,0,False,True,0,False,16,16,True,True,2,1,1,True,False,False,False,False,False,False,False,definition_with_optional_label,False,False
y2kr_narrow_glasses,photo_prompt_visual_obligations_y2k.json,observable_fashion_and_object_morphology,True,1,1,True,1,1,1,0,False,True,0,False,15,15,True,True,2,1,1,True,False,False,False,False,False,False,False,definition_with_optional_label,False,False
y2kr_oval_glasses,photo_prompt_visual_obligations_y2k.json,observable_fashion_and_object_morphology,True,1,1,True,1,1,1,0,False,True,0,False,8,8,False,True,2,1,1,True,False,False,False,False,False,False,False,definition_with_optional_label,False,False
y2kr_rimless,photo_prompt_visual_obligations_y2k.json,observable_fashion_and_object_morphology,True,1,1,True,1,1,1,0,False,True,0,False,16,16,True,True,2,1,1,True,False,False,False,False,False,False,False,definition_with_optional_label,False,False
y2kr_tinted,photo_prompt_visual_obligations_y2k.json,observable_fashion_and_object_morphology,True,1,1,True,1,1,1,0,False,True,0,False,16,16,True,True,2,1,1,True,False,False,False,False,False,False,False,definition_with_optional_label,False,False
y2kr_gradient_lens,photo_prompt_visual_obligations_y2k.json,observable_fashion_and_object_morphology,True,1,1,True,1,1,1,0,False,True,0,False,13,13,True,True,2,1,1,True,False,False,False,False,False,False,False,definition_with_optional_label,False,False
y2kr_shield,photo_prompt_visual_obligations_y2k.json,observable_fashion_and_object_morphology,True,1,1,True,1,1,1,0,False,True,0,False,12,12,True,True,2,1,1,True,False,False,False,False,False,False,False,definition_with_optional_label,False,False
y2kr_wraparound,photo_prompt_visual_obligations_y2k.json,observable_fashion_and_object_morphology,True,1,1,True,1,1,1,0,False,True,0,False,14,14,True,True,2,1,1,True,False,False,False,False,False,False,False,definition_with_optional_label,False,False
y2kr_bug_eye,photo_prompt_visual_obligations_y2k.json,observable_fashion_and_object_morphology,True,1,1,True,1,1,1,0,False,True,0,False,12,12,True,True,2,1,1,True,False,False,False,False,False,False,False,definition_with_optional_label,False,False
y2kr_colored_frame,photo_prompt_visual_obligations_y2k.json,observable_fashion_and_object_morphology,True,1,1,True,1,1,1,0,False,True,0,False,14,14,True,True,2,1,1,True,False,False,False,False,False,False,False,definition_with_optional_label,False,False
y2kr_metal_frame,photo_prompt_visual_obligations_y2k.json,observable_fashion_and_object_morphology,True,1,1,True,1,1,1,0,False,True,0,False,14,14,True,True,2,1,1,True,False,False,False,False,False,False,False,definition_with_optional_label,False,False
y2kr_trucker,photo_prompt_visual_obligations_y2k.json,observable_fashion_and_object_morphology,True,1,1,True,1,1,1,0,False,True,0,False,13,13,True,True,2,1,1,True,False,False,False,False,False,False,False,definition_with_optional_label,False,False
y2kr_bucket,photo_prompt_visual_obligations_y2k.json,observable_fashion_and_object_morphology,True,1,1,True,1,1,1,0,False,True,0,False,11,11,True,True,2,1,1,True,False,False,False,False,False,False,False,definition_with_optional_label,False,False
y2kr_panel_cap,photo_prompt_visual_obligations_y2k.json,observable_fashion_and_object_morphology,True,1,1,True,1,1,1,0,False,True,0,False,12,12,True,True,4,1,1,True,False,False,False,False,False,False,False,definition_with_optional_label,False,False
y2kr_visor,photo_prompt_visual_obligations_y2k.json,observable_fashion_and_object_morphology,True,1,1,True,1,1,1,0,False,True,0,False,14,14,True,True,2,1,1,True,False,False,False,False,False,False,False,definition_with_optional_label,False,False
y2kr_logo_cap,photo_prompt_visual_obligations_y2k.json,observable_fashion_and_object_morphology,True,1,1,True,1,1,1,0,False,True,0,False,14,14,True,True,2,1,1,True,False,False,False,False,False,False,False,definition_with_optional_label,False,False
y2kr_stone_cap,photo_prompt_visual_obligations_y2k.json,observable_fashion_and_object_morphology,True,1,1,True,1,1,1,0,False,True,0,False,13,13,True,True,2,1,1,True,False,False,False,False,False,False,False,definition_with_optional_label,False,False
y2kr_hoops,photo_prompt_visual_obligations_y2k.json,observable_fashion_and_object_morphology,True,2,2,True,2,2,1,0,False,True,0,False,19,19,True,True,2,1,1,True,False,False,False,False,False,False,False,definition_with_optional_label,False,False
y2kr_chandelier,photo_prompt_visual_obligations_y2k.json,observable_fashion_and_object_morphology,True,1,1,True,1,1,1,0,False,True,0,False,13,13,True,True,2,1,1,True,False,False,False,False,False,False,False,definition_with_optional_label,False,False
y2kr_stone_choker,photo_prompt_visual_obligations_y2k.json,observable_fashion_and_object_morphology,True,1,1,True,1,1,1,0,False,True,0,False,11,11,True,True,2,1,1,True,False,False,False,False,False,False,False,definition_with_optional_label,False,False
y2kr_tattoo_choker,photo_prompt_visual_obligations_y2k.json,observable_fashion_and_object_morphology,True,1,1,True,1,1,1,0,False,True,0,False,12,12,True,True,2,1,1,True,False,False,False,False,False,False,False,definition_with_optional_label,False,False
y2kr_nameplate,photo_prompt_visual_obligations_y2k.json,observable_fashion_and_object_morphology,True,1,1,True,1,1,1,0,False,True,0,False,13,13,True,True,2,1,1,True,False,False,False,False,False,False,False,definition_with_optional_label,False,False
y2kr_pendant,photo_prompt_visual_obligations_y2k.json,observable_fashion_and_object_morphology,True,1,1,True,1,1,1,0,False,True,0,False,13,13,True,True,2,1,1,True,False,False,False,False,False,False,False,definition_with_optional_label,False,False
y2kr_layer_chains,photo_prompt_visual_obligations_y2k.json,observable_fashion_and_object_morphology,True,1,1,True,1,1,1,0,False,True,0,False,13,13,True,True,2,1,1,True,False,False,False,False,False,False,False,definition_with_optional_label,False,False
y2kr_dog_tag,photo_prompt_visual_obligations_y2k.json,observable_fashion_and_object_morphology,True,1,1,True,1,1,1,0,False,True,0,False,12,12,True,True,2,1,1,True,False,False,False,False,False,False,False,definition_with_optional_label,False,False
y2kr_charm_bracelet,photo_prompt_visual_obligations_y2k.json,observable_fashion_and_object_morphology,True,1,1,True,1,1,1,0,False,True,0,False,11,11,True,True,2,1,1,True,False,False,False,False,False,False,False,definition_with_optional_label,False,False
y2kr_body_chain,photo_prompt_visual_obligations_y2k.json,observable_fashion_and_object_morphology,True,1,1,True,1,1,1,0,False,True,0,False,17,17,True,True,3,1,1,True,False,False,False,False,False,False,False,definition_with_optional_label,False,False
y2kr_anklet,photo_prompt_visual_obligations_y2k.json,observable_fashion_and_object_morphology,True,1,1,True,1,1,1,0,False,True,0,False,12,12,True,True,2,1,1,True,False,False,False,False,False,False,False,definition_with_optional_label,False,False
y2kr_toe_ring,photo_prompt_visual_obligations_y2k.json,observable_fashion_and_object_morphology,True,1,1,True,1,1,1,0,False,True,0,False,13,13,True,True,2,1,1,True,False,False,False,False,False,False,False,definition_with_optional_label,False,False
y2kr_body_jewel,photo_prompt_visual_obligations_y2k.json,observable_fashion_and_object_morphology,True,1,1,True,1,1,1,0,False,True,0,False,13,13,True,True,2,1,1,True,False,False,False,False,False,False,False,definition_with_optional_label,False,False
y2kr_frost_eye,photo_prompt_visual_obligations_y2k.json,observable_fashion_and_object_morphology,True,1,1,True,1,1,1,0,False,True,0,False,14,14,True,True,2,1,1,True,False,False,False,False,False,False,False,definition_with_optional_label,False,False
y2kr_icy_blue,photo_prompt_visual_obligations_y2k.json,observable_fashion_and_object_morphology,True,1,1,True,1,1,1,0,False,True,0,False,11,11,True,True,2,1,1,True,False,False,False,False,False,False,False,definition_with_optional_label,False,False
y2kr_pastel_shadow,photo_prompt_visual_obligations_y2k.json,observable_fashion_and_object_morphology,True,1,1,True,1,1,1,0,False,True,0,False,11,11,True,True,2,1,1,True,False,False,False,False,False,False,False,definition_with_optional_label,False,False
y2kr_inner_shimmer,photo_prompt_visual_obligations_y2k.json,observable_fashion_and_object_morphology,True,1,1,True,1,1,1,0,False,True,0,False,16,16,True,True,2,1,1,True,False,False,False,False,False,False,False,definition_with_optional_label,False,False
y2kr_thin_brows,photo_prompt_visual_obligations_y2k.json,observable_fashion_and_object_morphology,True,1,1,True,1,1,1,0,False,True,0,False,15,15,True,True,2,1,1,True,False,False,False,False,False,False,False,definition_with_optional_label,False,False
y2kr_brown_liner,photo_prompt_visual_obligations_y2k.json,observable_fashion_and_object_morphology,True,1,1,True,1,1,1,0,False,True,0,False,16,16,True,True,2,1,1,True,False,False,False,False,False,False,False,definition_with_optional_label,False,False
y2kr_nude_center,photo_prompt_visual_obligations_y2k.json,observable_fashion_and_object_morphology,True,1,1,True,1,1,1,0,False,True,0,False,14,14,True,True,2,1,1,True,False,False,False,False,False,False,False,definition_with_optional_label,False,False
y2kr_ombre_lips,photo_prompt_visual_obligations_y2k.json,observable_fashion_and_object_morphology,True,1,1,True,1,1,1,0,False,True,0,False,14,14,True,True,2,1,1,True,False,False,False,False,False,False,False,definition_with_optional_label,False,False
y2kr_gloss,photo_prompt_visual_obligations_y2k.json,observable_fashion_and_object_morphology,True,1,1,True,1,1,1,0,False,True,0,False,12,12,True,True,2,1,1,True,False,False,False,False,False,False,False,definition_with_optional_label,False,False
y2kr_frost_lip,photo_prompt_visual_obligations_y2k.json,observable_fashion_and_object_morphology,True,1,1,True,1,1,1,0,False,True,0,False,13,13,True,True,2,1,1,True,False,False,False,False,False,False,False,definition_with_optional_label,False,False
y2kr_body_glitter,photo_prompt_visual_obligations_y2k.json,observable_fashion_and_object_morphology,True,1,1,True,1,1,1,0,False,True,0,False,13,13,True,True,2,1,1,True,False,False,False,False,False,False,False,definition_with_optional_label,False,False
y2kr_face_gems,photo_prompt_visual_obligations_y2k.json,observable_fashion_and_object_morphology,True,1,1,True,1,1,1,0,False,True,0,False,12,12,True,True,2,1,1,True,False,False,False,False,False,False,False,definition_with_optional_label,False,False
y2kr_bronze_makeup,photo_prompt_visual_obligations_y2k.json,observable_fashion_and_object_morphology,True,1,1,True,1,1,1,0,False,True,0,False,15,15,True,True,2,1,1,True,False,False,False,False,False,False,False,definition_with_optional_label,False,False
y2kr_square_nails,photo_prompt_visual_obligations_y2k.json,observable_fashion_and_object_morphology,True,1,1,True,1,1,1,0,False,True,0,False,14,14,True,True,2,1,1,True,False,False,False,False,False,False,False,definition_with_optional_label,False,False
y2kr_french_nails,photo_prompt_visual_obligations_y2k.json,observable_fashion_and_object_morphology,True,1,1,True,1,1,1,0,False,True,0,False,17,17,True,True,2,1,1,True,False,False,False,False,False,False,False,definition_with_optional_label,False,False
y2kr_airbrush_nail,photo_prompt_visual_obligations_y2k.json,observable_fashion_and_object_morphology,True,1,1,True,1,1,1,0,False,True,0,False,12,12,True,True,2,1,1,True,False,False,False,False,False,False,False,definition_with_optional_label,False,False
y2kr_chrome_nails,photo_prompt_visual_obligations_y2k.json,observable_fashion_and_object_morphology,True,1,1,True,1,1,1,0,False,True,0,False,15,15,True,True,2,1,1,True,False,False,False,False,False,False,False,definition_with_optional_label,False,False
y2kr_frost_nails,photo_prompt_visual_obligations_y2k.json,observable_fashion_and_object_morphology,True,1,1,True,1,1,1,0,False,True,0,False,14,14,True,True,2,1,1,True,False,False,False,False,False,False,False,definition_with_optional_label,False,False
y2kr_glitter_nails,photo_prompt_visual_obligations_y2k.json,observable_fashion_and_object_morphology,True,1,1,True,1,1,1,0,False,True,0,False,9,9,False,True,2,1,1,True,False,False,False,False,False,False,False,definition_with_optional_label,False,False
y2kr_stone_nails,photo_prompt_visual_obligations_y2k.json,observable_fashion_and_object_morphology,True,1,1,True,1,1,1,0,False,True,0,False,13,13,True,True,2,1,1,True,False,False,False,False,False,False,False,definition_with_optional_label,False,False
y2kr_nail_charms,photo_prompt_visual_obligations_y2k.json,observable_fashion_and_object_morphology,True,1,1,True,1,1,1,0,False,True,0,False,14,14,True,True,1,1,1,True,False,False,False,False,False,False,False,definition_with_optional_label,False,False
y2kr_pastel_nails,photo_prompt_visual_obligations_y2k.json,observable_fashion_and_object_morphology,True,1,1,True,1,1,1,0,False,True,0,False,11,11,True,True,2,1,1,True,False,False,False,False,False,False,False,definition_with_optional_label,False,False
y2kr_jelly_nails,photo_prompt_visual_obligations_y2k.json,observable_fashion_and_object_morphology,True,1,1,True,1,1,1,0,False,True,0,False,15,15,True,True,2,1,1,True,False,False,False,False,False,False,False,definition_with_optional_label,False,False
y2kr_flip_phone,photo_prompt_visual_obligations_y2k.json,observable_fashion_and_object_morphology,True,2,2,True,2,2,1,0,False,True,0,False,23,23,True,True,2,1,1,True,False,False,False,False,False,False,False,definition_with_optional_label,False,False
y2kr_razr_phone,photo_prompt_visual_obligations_y2k.json,observable_fashion_and_object_morphology,True,1,1,True,1,1,1,0,False,True,0,False,19,19,True,True,2,1,1,True,False,False,False,False,False,False,False,definition_with_optional_label,False,False
y2kr_sidekick_phone,photo_prompt_visual_obligations_y2k.json,observable_fashion_and_object_morphology,True,1,1,True,1,1,1,0,False,True,0,False,15,15,True,True,2,1,1,True,False,False,False,False,False,False,False,definition_with_optional_label,False,False
y2kr_bedazzled_phone,photo_prompt_visual_obligations_y2k.json,observable_fashion_and_object_morphology,True,1,1,True,1,1,1,0,False,True,0,False,15,15,True,True,2,1,1,True,False,False,False,False,False,False,False,definition_with_optional_label,False,False
y2kr_phone_charm,photo_prompt_visual_obligations_y2k.json,observable_fashion_and_object_morphology,True,1,1,True,1,1,1,0,False,True,0,False,16,16,True,True,2,1,1,True,False,False,False,False,False,False,False,definition_with_optional_label,False,False
y2kr_ipod,photo_prompt_visual_obligations_y2k.json,observable_fashion_and_object_morphology,True,1,1,True,1,1,1,0,False,True,0,False,16,16,True,True,2,1,1,True,False,False,False,False,False,False,False,definition_with_optional_label,False,False
y2kr_nano,photo_prompt_visual_obligations_y2k.json,observable_fashion_and_object_morphology,True,1,1,True,1,1,1,0,False,True,0,False,16,16,True,True,2,1,1,True,False,False,False,False,False,False,False,definition_with_optional_label,False,False
y2kr_wired_earbuds,photo_prompt_visual_obligations_y2k.json,observable_fashion_and_object_morphology,True,1,1,True,1,1,1,0,False,True,0,False,16,16,True,True,2,1,1,True,False,False,False,False,False,False,False,definition_with_optional_label,False,False
y2kr_cd_player,photo_prompt_visual_obligations_y2k.json,observable_fashion_and_object_morphology,True,1,1,True,1,1,1,0,False,True,0,False,16,16,True,True,2,1,1,True,False,False,False,False,False,False,False,definition_with_optional_label,False,False
y2kr_digicam,photo_prompt_visual_obligations_y2k.json,observable_fashion_and_object_morphology,True,2,2,True,2,2,1,0,False,True,0,False,23,23,True,True,2,1,1,True,False,False,False,False,False,False,False,definition_with_optional_label,False,False
y2kr_disposable,photo_prompt_visual_obligations_y2k.json,observable_fashion_and_object_morphology,True,1,1,True,1,1,1,0,False,True,0,False,22,22,True,True,2,1,1,True,False,False,False,False,False,False,False,definition_with_optional_label,False,False
y2kr_mirror,photo_prompt_visual_obligations_y2k.json,observable_fashion_and_object_morphology,True,1,1,True,1,1,1,0,False,True,0,False,16,16,True,True,2,1,1,True,False,False,False,False,False,False,False,definition_with_optional_label,False,False
y2kr_gloss_tube,photo_prompt_visual_obligations_y2k.json,observable_fashion_and_object_morphology,True,1,1,True,1,1,1,0,False,True,0,False,15,15,True,True,2,1,1,True,False,False,False,False,False,False,False,definition_with_optional_label,False,False
y2kr_keychains,photo_prompt_visual_obligations_y2k.json,observable_fashion_and_object_morphology,True,1,1,True,1,1,1,0,False,True,0,False,12,12,True,True,2,1,1,True,False,False,False,False,False,False,False,definition_with_optional_label,False,False
y2kr_magazine,photo_prompt_visual_obligations_y2k.json,observable_fashion_and_object_morphology,True,1,1,True,1,1,1,0,False,True,0,False,16,16,True,True,2,1,1,True,False,False,False,False,False,False,False,definition_with_optional_label,False,False
y2kr_cd_case,photo_prompt_visual_obligations_y2k.json,observable_fashion_and_object_morphology,True,1,1,True,1,1,1,0,False,True,0,False,14,14,True,True,2,1,1,True,False,False,False,False,False,False,False,definition_with_optional_label,False,False
y2kr_loose_socks,photo_prompt_visual_obligations_y2k.json,observable_fashion_and_object_morphology,True,1,1,True,1,1,1,0,False,True,0,False,13,13,True,True,2,1,1,True,False,False,False,False,False,False,False,definition_with_optional_label,False,False
y2kr_skinny_scarf,photo_prompt_visual_obligations_y2k.json,observable_fashion_and_object_morphology,True,1,1,True,1,1,1,0,False,True,0,False,15,15,True,True,2,1,1,True,False,False,False,False,False,False,False,definition_with_optional_label,False,False
y2kr_beads,photo_prompt_visual_obligations_y2k.json,observable_fashion_and_object_morphology,True,1,1,True,1,1,1,0,False,True,0,False,9,9,False,True,2,1,1,True,False,False,False,False,False,False,False,definition_with_optional_label,False,False
y2kr_retro_flash,photo_prompt_visual_obligations_y2k.json,observable_fashion_and_object_morphology,True,1,1,True,1,1,1,0,False,True,0,False,21,21,True,True,2,1,1,True,False,False,False,False,False,False,False,definition_with_optional_label,False,False
y2kr_warm_denim_palette,photo_prompt_visual_obligations_y2k.json,observable_fashion_and_object_morphology,True,2,2,True,2,2,1,0,False,True,0,False,21,21,True,True,2,1,1,True,False,False,False,False,False,False,False,definition_with_optional_label,False,False
y2kr_pop_palette,photo_prompt_visual_obligations_y2k.json,observable_fashion_and_object_morphology,True,2,2,True,2,2,1,0,False,True,0,False,22,22,True,True,2,1,1,True,False,False,False,False,False,False,False,definition_with_optional_label,False,False
y2kr_cyber_palette,photo_prompt_visual_obligations_y2k.json,observable_fashion_and_object_morphology,True,1,1,True,1,1,1,0,False,True,0,False,16,16,True,True,3,1,1,True,False,False,False,False,False,False,False,definition_with_optional_label,False,False
y2kr_bling_palette,photo_prompt_visual_obligations_y2k.json,observable_fashion_and_object_morphology,True,1,1,True,1,1,1,0,False,True,0,False,20,20,True,True,2,1,1,True,False,False,False,False,False,False,False,definition_with_optional_label,False,False
y2kr_boho_palette,photo_prompt_visual_obligations_y2k.json,observable_fashion_and_object_morphology,True,1,1,True,1,1,1,0,False,True,0,False,15,15,True,True,2,1,1,True,False,False,False,False,False,False,False,definition_with_optional_label,False,False
y2kr_goth_palette,photo_prompt_visual_obligations_y2k.json,observable_fashion_and_object_morphology,True,1,1,True,1,1,1,0,False,True,0,False,15,15,True,True,2,1,1,True,False,False,False,False,False,False,False,definition_with_optional_label,False,False
y2kr_sport_palette,photo_prompt_visual_obligations_y2k.json,observable_fashion_and_object_morphology,True,1,1,True,1,1,1,0,False,True,0,False,12,12,True,True,2,1,1,True,False,False,False,False,False,False,False,definition_with_optional_label,False,False
y2kr_rave_palette,photo_prompt_visual_obligations_y2k.json,observable_fashion_and_object_morphology,True,1,1,True,1,1,1,0,False,True,0,False,14,14,True,True,2,1,1,True,False,False,False,False,False,False,False,definition_with_optional_label,False,False
y2kr_asymmetry,photo_prompt_visual_obligations_y2k.json,observable_fashion_and_object_morphology,True,1,1,True,1,1,1,0,False,True,0,False,15,15,True,True,2,1,1,True,False,False,False,False,False,False,False,definition_with_optional_label,False,False
y2kr_bodysuit,photo_prompt_visual_obligations_y2k.json,observable_fashion_and_object_morphology,True,1,1,True,1,1,1,0,False,True,0,False,18,18,True,True,2,1,1,True,False,False,False,False,False,False,False,definition_with_optional_label,False,False
y2kr_oversize_tee,photo_prompt_visual_obligations_y2k.json,observable_fashion_and_object_morphology,True,1,1,True,1,1,1,0,False,True,0,False,18,18,True,True,2,1,1,True,False,False,False,False,False,False,False,definition_with_optional_label,False,False
y2kr_jersey,photo_prompt_visual_obligations_y2k.json,observable_fashion_and_object_morphology,True,1,1,True,1,1,1,0,False,True,0,False,14,14,True,True,2,1,1,True,False,False,False,False,False,False,False,definition_with_optional_label,False,False
y2kr_cargo_mini,photo_prompt_visual_obligations_y2k.json,observable_fashion_and_object_morphology,True,1,1,True,1,1,1,0,False,True,0,False,17,17,True,True,2,1,1,True,False,False,False,False,False,False,False,definition_with_optional_label,False,False
y2kr_cargo_capri,photo_prompt_visual_obligations_y2k.json,observable_fashion_and_object_morphology,True,1,1,True,1,1,1,0,False,True,0,False,15,15,True,True,2,1,1,True,False,False,False,False,False,False,False,definition_with_optional_label,False,False
y2kr_flare_yoga,photo_prompt_visual_obligations_y2k.json,observable_fashion_and_object_morphology,True,1,1,True,1,1,1,0,False,True,0,False,15,15,True,True,2,1,1,True,False,False,False,False,False,False,False,definition_with_optional_label,False,False
y2kr_cropped_denim_jacket,photo_prompt_visual_obligations_y2k.json,observable_fashion_and_object_morphology,True,1,1,True,1,1,1,0,False,True,0,False,17,17,True,True,2,1,1,True,False,False,False,False,False,False,False,definition_with_optional_label,False,False
y2kr_silver_fabric,photo_prompt_visual_obligations_y2k.json,observable_fashion_and_object_morphology,True,1,1,True,1,1,1,0,False,True,0,False,12,12,True,True,2,1,1,True,False,False,False,False,False,False,False,definition_with_optional_label,False,False
y2kr_large_hoops,photo_prompt_visual_obligations_y2k.json,observable_fashion_and_object_morphology,True,1,1,True,1,1,1,0,False,True,0,False,14,14,True,True,2,1,1,True,False,False,False,False,False,False,False,definition_with_optional_label,False,False
y2kr_huggie_hoops,photo_prompt_visual_obligations_y2k.json,observable_fashion_and_object_morphology,True,1,1,True,1,1,1,0,False,True,0,False,11,11,True,True,2,1,1,True,False,False,False,False,False,False,False,definition_with_optional_label,False,False
y2kr_heart_pendant,photo_prompt_visual_obligations_y2k.json,observable_fashion_and_object_morphology,True,1,1,True,1,1,1,0,False,True,0,False,9,9,False,True,2,1,1,True,False,False,False,False,False,False,False,definition_with_optional_label,False,False
y2kr_butterfly_pendant,photo_prompt_visual_obligations_y2k.json,observable_fashion_and_object_morphology,True,1,1,True,1,1,1,0,False,True,0,False,12,12,True,True,2,1,1,True,False,False,False,False,False,False,False,definition_with_optional_label,False,False
y2kr_cross_pendant,photo_prompt_visual_obligations_y2k.json,observable_fashion_and_object_morphology,True,1,1,True,1,1,1,0,False,True,0,False,10,10,True,True,2,1,1,True,False,False,False,False,False,False,False,definition_with_optional_label,False,False
y2kr_star_pendant,photo_prompt_visual_obligations_y2k.json,observable_fashion_and_object_morphology,True,1,1,True,1,1,1,0,False,True,0,False,10,10,True,True,2,1,1,True,False,False,False,False,False,False,False,definition_with_optional_label,False,False
y2kr_lilac_frost,photo_prompt_visual_obligations_y2k.json,observable_fashion_and_object_morphology,True,1,1,True,1,1,1,0,False,True,0,False,12,12,True,True,2,1,1,True,False,False,False,False,False,False,False,definition_with_optional_label,False,False
y2kr_silver_eye,photo_prompt_visual_obligations_y2k.json,observable_fashion_and_object_morphology,True,1,1,True,1,1,1,0,False,True,0,False,12,12,True,True,2,1,1,True,False,False,False,False,False,False,False,definition_with_optional_label,False,False
y2kr_pencil_brows,photo_prompt_visual_obligations_y2k.json,observable_fashion_and_object_morphology,True,1,1,True,1,1,1,0,False,True,0,False,11,11,True,True,2,1,1,True,False,False,False,False,False,False,False,definition_with_optional_label,False,False
y2kr_fine_body_shimmer,photo_prompt_visual_obligations_y2k.json,observable_fashion_and_object_morphology,True,1,1,True,1,1,1,0,False,True,0,False,14,14,True,True,2,1,1,True,False,False,False,False,False,False,False,definition_with_optional_label,False,False
y2kr_butterfly_nail,photo_prompt_visual_obligations_y2k.json,observable_fashion_and_object_morphology,True,1,1,True,1,1,1,0,False,True,0,False,12,12,True,True,2,1,1,True,False,False,False,False,False,False,False,definition_with_optional_label,False,False
y2kr_star_nail,photo_prompt_visual_obligations_y2k.json,observable_fashion_and_object_morphology,True,1,1,True,1,1,1,0,False,True,0,False,12,12,True,True,2,1,1,True,False,False,False,False,False,False,False,definition_with_optional_label,False,False
y2kr_raised_nail,photo_prompt_visual_obligations_y2k.json,observable_fashion_and_object_morphology,True,1,1,True,1,1,1,0,False,True,0,False,14,14,True,True,2,1,1,True,False,False,False,False,False,False,False,definition_with_optional_label,False,False
y2kr_phone_neckstrap,photo_prompt_visual_obligations_y2k.json,observable_fashion_and_object_morphology,True,1,1,True,1,1,1,0,False,True,0,False,14,14,True,True,2,1,1,True,False,False,False,False,False,False,False,definition_with_optional_label,False,False
y2kr_purikura,photo_prompt_visual_obligations_y2k.json,observable_fashion_and_object_morphology,True,1,1,True,1,1,1,0,False,True,0,False,19,19,True,True,2,1,1,True,False,False,False,False,False,False,False,definition_with_optional_label,False,False
y2kr_racing_stripe,photo_prompt_visual_obligations_y2k.json,observable_fashion_and_object_morphology,True,1,1,True,1,1,1,0,False,True,0,False,12,12,True,True,2,1,1,True,False,False,False,False,False,False,False,definition_with_optional_label,False,False
y2kr_checkerboard,photo_prompt_visual_obligations_y2k.json,observable_fashion_and_object_morphology,True,1,1,True,1,1,1,0,False,True,0,False,10,10,True,True,2,1,1,True,False,False,False,False,False,False,False,definition_with_optional_label,False,False
y2kr_varsity_number,photo_prompt_visual_obligations_y2k.json,observable_fashion_and_object_morphology,True,1,1,True,1,1,1,0,False,True,0,False,11,11,True,True,2,1,1,True,False,False,False,False,False,False,False,definition_with_optional_label,False,False
y2kr_circuit_graphic,photo_prompt_visual_obligations_y2k.json,observable_fashion_and_object_morphology,True,1,1,True,1,1,1,0,False,True,0,False,13,13,True,True,2,1,1,True,False,False,False,False,False,False,False,definition_with_optional_label,False,False
y2kr_barcode_graphic,photo_prompt_visual_obligations_y2k.json,observable_fashion_and_object_morphology,True,1,1,True,1,1,1,0,False,True,0,False,13,13,True,True,2,1,1,True,False,False,False,False,False,False,False,definition_with_optional_label,False,False
y2kr_pixel_graphic,photo_prompt_visual_obligations_y2k.json,observable_fashion_and_object_morphology,True,1,1,True,1,1,1,0,False,True,0,False,11,11,True,True,2,1,1,True,False,False,False,False,False,False,False,definition_with_optional_label,False,False
y2kr_binary_graphic,photo_prompt_visual_obligations_y2k.json,observable_fashion_and_object_morphology,True,1,1,True,1,1,1,0,False,True,0,False,12,12,True,True,2,1,1,True,False,False,False,False,False,False,False,definition_with_optional_label,False,False
y2kr_chrome_type,photo_prompt_visual_obligations_y2k.json,observable_fashion_and_object_morphology,True,1,1,True,1,1,1,0,False,True,0,False,11,11,True,True,2,1,1,True,False,False,False,False,False,False,False,definition_with_optional_label,False,False
y2kr_bubble_type,photo_prompt_visual_obligations_y2k.json,observable_fashion_and_object_morphology,True,1,1,True,1,1,1,0,False,True,0,False,12,12,True,True,2,1,1,True,False,False,False,False,False,False,False,definition_with_optional_label,False,False
y2kr_blackletter,photo_prompt_visual_obligations_y2k.json,observable_fashion_and_object_morphology,True,1,1,True,1,1,1,0,False,True,0,False,10,10,True,True,2,1,1,True,False,False,False,False,False,False,False,definition_with_optional_label,False,False
y2kr_graffiti,photo_prompt_visual_obligations_y2k.json,observable_fashion_and_object_morphology,True,1,1,True,1,1,1,0,False,True,0,False,10,10,True,True,2,1,1,True,False,False,False,False,False,False,False,definition_with_optional_label,False,False
y2kr_cute_motifs,photo_prompt_visual_obligations_y2k.json,observable_fashion_and_object_morphology,True,1,1,True,1,1,1,0,False,True,0,False,16,16,True,True,2,1,1,True,False,False,False,False,False,False,False,definition_with_optional_label,False,False
y2kr_celestial_motifs,photo_prompt_visual_obligations_y2k.json,observable_fashion_and_object_morphology,True,1,1,True,1,1,1,0,False,True,0,False,14,14,True,True,2,1,1,True,False,False,False,False,False,False,False,definition_with_optional_label,False,False
y2kr_angel_motif,photo_prompt_visual_obligations_y2k.json,observable_fashion_and_object_morphology,True,1,1,True,1,1,1,0,False,True,0,False,13,13,True,True,2,1,1,True,False,False,False,False,False,False,False,definition_with_optional_label,False,False
y2kr_devil_heart,photo_prompt_visual_obligations_y2k.json,observable_fashion_and_object_morphology,True,1,1,True,1,1,1,0,False,True,0,False,9,9,False,True,2,1,1,True,False,False,False,False,False,False,False,definition_with_optional_label,False,False
y2kr_tattoo_graphic,photo_prompt_visual_obligations_y2k.json,observable_fashion_and_object_morphology,True,1,1,True,1,1,1,0,False,True,0,False,16,16,True,True,2,1,1,True,False,False,False,False,False,False,False,definition_with_optional_label,False,False
y2kr_abstract_blades,photo_prompt_visual_obligations_y2k.json,observable_fashion_and_object_morphology,True,1,1,True,1,1,1,0,False,True,0,False,9,9,False,True,2,1,1,True,False,False,False,False,False,False,False,definition_with_optional_label,False,False
y2kr_flame_graphic,photo_prompt_visual_obligations_y2k.json,observable_fashion_and_object_morphology,True,1,1,True,1,1,1,0,False,True,0,False,11,11,True,True,2,1,1,True,False,False,False,False,False,False,False,definition_with_optional_label,False,False
y2kr_crown_graphic,photo_prompt_visual_obligations_y2k.json,observable_fashion_and_object_morphology,True,1,1,True,1,1,1,0,False,True,0,False,12,12,True,True,2,1,1,True,False,False,False,False,False,False,False,definition_with_optional_label,False,False
y2kr_monogram_graphic,photo_prompt_visual_obligations_y2k.json,observable_fashion_and_object_morphology,True,1,1,True,1,1,1,0,False,True,0,False,13,13,True,True,2,1,1,True,False,False,False,False,False,False,False,definition_with_optional_label,False,False
y2kr_space_graphic,photo_prompt_visual_obligations_y2k.json,observable_fashion_and_object_morphology,True,1,1,True,1,1,1,0,False,True,0,False,12,12,True,True,2,1,1,True,False,False,False,False,False,False,False,definition_with_optional_label,False,False
y2kr_chrome_star,photo_prompt_visual_obligations_y2k.json,observable_fashion_and_object_morphology,True,1,1,True,1,1,1,0,False,True,0,False,12,12,True,True,2,1,1,True,False,False,False,False,False,False,False,definition_with_optional_label,False,False
y2kr_leopard_print,photo_prompt_visual_obligations_y2k.json,observable_fashion_and_object_morphology,True,1,1,True,1,1,1,0,False,True,0,False,10,10,True,True,2,1,1,True,False,False,False,False,False,False,False,definition_with_optional_label,False,False
y2kr_zebra_print,photo_prompt_visual_obligations_y2k.json,observable_fashion_and_object_morphology,True,1,1,True,1,1,1,0,False,True,0,False,9,9,False,True,2,1,1,True,False,False,False,False,False,False,False,definition_with_optional_label,False,False
y2kr_snakeskin_print,photo_prompt_visual_obligations_y2k.json,observable_fashion_and_object_morphology,True,1,1,True,1,1,1,0,False,True,0,False,9,9,False,True,2,1,1,True,False,False,False,False,False,False,False,definition_with_optional_label,False,False
y2kr_camouflage,photo_prompt_visual_obligations_y2k.json,observable_fashion_and_object_morphology,True,1,1,True,1,1,1,0,False,True,0,False,12,12,True,True,2,1,1,True,False,False,False,False,False,False,False,definition_with_optional_label,False,False
y2kr_goth_motif,photo_prompt_visual_obligations_y2k.json,observable_fashion_and_object_morphology,True,1,1,True,1,1,1,0,False,True,0,False,14,14,True,True,2,1,1,True,False,False,False,False,False,False,False,definition_with_optional_label,False,False
y2kr_ribbon_tie,photo_prompt_visual_obligations_y2k.json,observable_fashion_and_object_morphology,True,1,1,True,1,1,1,0,False,True,0,False,14,14,True,True,2,1,1,True,False,False,False,False,False,False,False,definition_with_optional_label,False,False
y2kr_wrap_knit,photo_prompt_visual_obligations_y2k.json,observable_fashion_and_object_morphology,True,1,1,True,1,1,1,0,False,True,0,False,12,12,True,True,2,1,1,True,False,False,False,False,False,False,False,definition_with_optional_label,False,False
y2kr_legwarmers,photo_prompt_visual_obligations_y2k.json,observable_fashion_and_object_morphology,True,1,1,True,1,1,1,0,False,True,0,False,13,13,True,True,2,1,1,True,False,False,False,False,False,False,False,definition_with_optional_label,False,False
y2kr_side_fringe,photo_prompt_visual_obligations_y2k.json,observable_fashion_and_object_morphology,True,1,1,True,1,1,1,0,False,True,0,False,14,14,True,True,2,1,1,True,False,False,False,False,False,False,False,definition_with_optional_label,False,False
y2kr_teased_crown,photo_prompt_visual_obligations_y2k.json,observable_fashion_and_object_morphology,True,1,1,True,1,1,1,0,False,True,0,False,12,12,True,True,2,1,1,True,False,False,False,False,False,False,False,definition_with_optional_label,False,False
y2kr_color_streak,photo_prompt_visual_obligations_y2k.json,observable_fashion_and_object_morphology,True,1,1,True,1,1,1,0,False,True,0,False,13,13,True,True,2,1,1,True,False,False,False,False,False,False,False,definition_with_optional_label,False,False
y2kr_skinny_jeans,photo_prompt_visual_obligations_y2k.json,observable_fashion_and_object_morphology,True,1,1,True,1,1,1,0,False,True,0,False,13,13,True,True,2,1,1,True,False,False,False,False,False,False,False,definition_with_optional_label,False,False
pc_pc02_owner_relation,photo_prompt_visual_obligations_portrait_composition.json,portrait_composition_owner_relation,True,4,4,True,4,4,2,0,True,True,4,True,28,41,True,True,3,2,2,True,False,False,False,False,False,False,False,definition_with_optional_label,False,False
pc_pc03_owner_relation,photo_prompt_visual_obligations_portrait_composition.json,portrait_composition_owner_relation,True,4,4,True,4,4,2,0,True,True,4,True,39,46,True,True,3,2,2,True,False,False,False,False,False,False,False,definition_with_optional_label,False,False
pc_pc09_owner_relation,photo_prompt_visual_obligations_portrait_composition.json,portrait_composition_owner_relation,True,4,4,True,4,4,2,0,True,True,4,True,33,39,True,True,3,2,2,True,False,False,False,False,False,False,False,definition_with_optional_label,False,False
pc_pc10_owner_relation,photo_prompt_visual_obligations_portrait_composition.json,portrait_composition_owner_relation,True,4,4,True,4,4,2,0,True,True,4,True,34,40,True,True,3,2,2,True,False,False,False,False,False,False,False,definition_with_optional_label,False,False
pc_pc12_owner_relation,photo_prompt_visual_obligations_portrait_composition.json,portrait_composition_owner_relation,True,4,4,True,4,4,2,0,True,True,4,True,38,45,True,True,3,2,2,True,False,False,False,False,False,False,False,definition_with_optional_label,False,False
pc_pc16_owner_relation,photo_prompt_visual_obligations_portrait_composition.json,portrait_composition_owner_relation,True,4,4,True,4,4,2,0,True,True,4,True,33,40,True,True,3,2,2,True,False,False,False,False,False,False,False,definition_with_optional_label,False,False
pc_pc17_owner_relation,photo_prompt_visual_obligations_portrait_composition.json,portrait_composition_owner_relation,True,4,4,True,4,4,2,0,True,True,4,True,33,43,True,True,3,2,2,True,False,False,False,False,False,False,False,definition_with_optional_label,False,False
pc_pc18_owner_relation,photo_prompt_visual_obligations_portrait_composition.json,portrait_composition_owner_relation,True,4,4,True,4,4,2,0,True,True,4,True,35,44,True,True,3,2,2,True,False,False,False,False,False,False,False,definition_with_optional_label,False,False
pc_pc19_owner_relation,photo_prompt_visual_obligations_portrait_composition.json,portrait_composition_owner_relation,True,4,4,True,4,4,2,0,True,True,4,True,33,39,True,True,3,2,2,True,False,False,False,False,False,False,False,definition_with_optional_label,False,False
pc_pc21_owner_relation,photo_prompt_visual_obligations_portrait_composition.json,portrait_composition_owner_relation,True,4,4,True,4,4,2,0,True,True,4,True,35,47,True,True,3,2,2,True,False,False,False,False,False,False,False,definition_with_optional_label,False,False
pc_pc22_owner_relation,photo_prompt_visual_obligations_portrait_composition.json,portrait_composition_owner_relation,True,4,4,True,4,4,2,0,True,True,4,True,34,43,True,True,3,2,2,True,False,False,False,False,False,False,False,definition_with_optional_label,False,False
pc_pc23_owner_relation,photo_prompt_visual_obligations_portrait_composition.json,portrait_composition_owner_relation,True,4,4,True,4,4,2,0,True,True,4,True,32,41,True,True,3,2,2,True,False,False,False,False,False,False,False,definition_with_optional_label,False,False
pc_pc24_owner_relation,photo_prompt_visual_obligations_portrait_composition.json,portrait_composition_owner_relation,True,4,4,True,4,4,2,0,True,True,4,True,31,41,True,True,3,2,2,True,False,False,False,False,False,False,False,definition_with_optional_label,False,False
pc_pc27_owner_relation,photo_prompt_visual_obligations_portrait_composition.json,portrait_composition_owner_relation,True,4,4,True,4,4,2,0,True,True,4,True,35,41,True,True,3,2,2,True,False,False,False,False,False,False,False,definition_with_optional_label,False,False
pc_pc29_owner_relation,photo_prompt_visual_obligations_portrait_composition.json,portrait_composition_owner_relation,True,4,4,True,4,4,2,0,True,True,4,True,32,37,True,True,3,2,2,True,False,False,False,False,False,False,False,definition_with_optional_label,False,False
pc_pc30_owner_relation,photo_prompt_visual_obligations_portrait_composition.json,portrait_composition_owner_relation,True,4,4,True,4,4,2,0,True,True,4,True,34,43,True,True,5,2,2,True,False,False,False,False,False,False,False,definition_with_optional_label,False,False
pfe_cleavage,photo_prompt_visual_obligations_portrait_fashion_exposure.json,portrait_garment_owner_relation,True,3,3,True,3,3,1,0,False,True,0,False,35,35,True,True,4,5,5,True,False,False,False,False,False,False,True,definition_with_optional_label,False,False
pfe_back_face,photo_prompt_visual_obligations_portrait_fashion_exposure.json,portrait_garment_owner_relation,True,3,3,True,3,3,1,0,False,True,0,False,38,38,True,True,5,3,3,True,False,False,False,False,False,False,True,definition_with_optional_label,False,False
pfe_cowl,photo_prompt_visual_obligations_portrait_fashion_exposure.json,portrait_garment_owner_relation,True,3,3,True,3,3,1,0,False,True,0,False,33,33,True,True,4,4,4,True,False,False,False,False,False,False,True,definition_with_optional_label,False,False
pfe_halter,photo_prompt_visual_obligations_portrait_fashion_exposure.json,portrait_garment_owner_relation,True,3,3,True,3,3,1,0,False,True,0,False,33,33,True,True,4,4,4,True,False,False,False,False,False,False,True,definition_with_optional_label,False,False
pfe_one_shoulder,photo_prompt_visual_obligations_portrait_fashion_exposure.json,portrait_garment_owner_relation,True,3,3,True,3,3,1,0,False,True,0,False,32,32,True,True,4,3,3,True,False,False,False,False,False,False,True,definition_with_optional_label,False,False
pfe_skimming,photo_prompt_visual_obligations_portrait_fashion_exposure.json,portrait_garment_owner_relation,True,3,3,True,3,3,1,0,False,True,0,False,37,37,True,True,4,4,4,True,False,False,False,False,False,False,True,definition_with_optional_label,False,False
pfe_ruching,photo_prompt_visual_obligations_portrait_fashion_exposure.json,portrait_garment_owner_relation,True,3,3,True,3,3,1,0,False,True,0,False,29,29,True,True,5,4,4,True,False,False,False,False,False,False,True,definition_with_optional_label,False,False
pfe_slit,photo_prompt_visual_obligations_portrait_fashion_exposure.json,portrait_garment_owner_relation,True,3,3,True,3,3,1,0,False,True,0,False,34,34,True,True,5,5,5,True,False,False,False,False,False,False,True,definition_with_optional_label,False,False
pfe_cutout,photo_prompt_visual_obligations_portrait_fashion_exposure.json,portrait_garment_owner_relation,True,3,3,True,3,3,1,0,False,True,0,False,35,35,True,True,5,4,4,True,False,False,False,False,False,False,True,definition_with_optional_label,False,False
pfe_midriff,photo_prompt_visual_obligations_portrait_fashion_exposure.json,portrait_garment_owner_relation,True,3,3,True,3,3,1,0,False,True,0,False,35,35,True,True,5,3,3,True,False,False,False,False,False,False,True,definition_with_optional_label,False,False
pfe_volume_contrast,photo_prompt_visual_obligations_portrait_fashion_exposure.json,portrait_garment_owner_relation,True,3,3,True,3,3,1,0,False,True,0,False,39,39,True,True,4,4,4,True,False,False,False,False,False,False,True,definition_with_optional_label,False,False
pfe_hem_foundation,photo_prompt_visual_obligations_portrait_fashion_exposure.json,portrait_garment_owner_relation,True,3,3,True,3,3,1,0,False,True,0,False,41,41,True,True,5,5,5,True,False,False,False,False,False,False,True,definition_with_optional_label,False,False
pfe_neck_foundation,photo_prompt_visual_obligations_portrait_fashion_exposure.json,portrait_garment_owner_relation,True,3,3,True,3,3,1,0,False,True,0,False,41,41,True,True,5,4,4,True,False,False,False,False,False,False,True,definition_with_optional_label,False,False
pfe_face_garment,photo_prompt_visual_obligations_portrait_fashion_exposure.json,portrait_garment_owner_relation,True,3,3,True,3,3,1,0,False,True,0,False,38,38,True,True,4,4,4,True,False,False,False,False,False,False,True,definition_with_optional_label,False,False
pfe_lateral_chest,photo_prompt_visual_obligations_portrait_fashion_exposure.json,portrait_garment_owner_relation,True,3,3,True,3,3,1,0,False,True,0,False,40,40,True,True,4,4,4,True,False,False,False,False,False,False,True,definition_with_optional_label,False,False
pfe_lower_chest,photo_prompt_visual_obligations_portrait_fashion_exposure.json,portrait_garment_owner_relation,True,3,3,True,3,3,1,0,False,True,0,False,39,39,True,True,4,4,4,True,False,False,False,False,False,False,True,definition_with_optional_label,False,False
pfe_navel,photo_prompt_visual_obligations_portrait_fashion_exposure.json,portrait_garment_owner_relation,True,3,3,True,3,3,1,0,False,True,0,False,36,36,True,True,5,4,4,True,False,False,False,False,False,False,True,definition_with_optional_label,False,False
pfe_opaque_fit,photo_prompt_visual_obligations_portrait_fashion_exposure.json,portrait_garment_owner_relation,True,3,3,True,3,3,1,0,False,True,0,False,35,35,True,True,7,4,4,True,False,False,False,False,False,False,True,definition_with_optional_label,False,False
pfe_mesh_skin,photo_prompt_visual_obligations_portrait_fashion_exposure.json,portrait_garment_owner_relation,True,3,3,True,3,3,1,0,False,True,0,False,33,33,True,True,5,4,4,True,False,False,False,False,False,False,True,definition_with_optional_label,False,False
pfe_illusion_panel,photo_prompt_visual_obligations_portrait_fashion_exposure.json,portrait_garment_owner_relation,True,3,3,True,3,3,1,0,False,True,0,False,39,39,True,True,4,4,4,True,False,False,False,False,False,False,True,definition_with_optional_label,False,False
pfe_hosiery_sheer,photo_prompt_visual_obligations_portrait_fashion_exposure.json,portrait_garment_owner_relation,True,3,3,True,3,3,1,0,False,True,0,False,40,40,True,True,5,4,4,True,False,False,False,False,False,False,True,definition_with_optional_label,False,False
pfe_hosiery_opaque,photo_prompt_visual_obligations_portrait_fashion_exposure.json,portrait_garment_owner_relation,True,3,3,True,3,3,1,0,False,True,0,False,34,34,True,True,4,4,4,True,False,False,False,False,False,False,True,definition_with_optional_label,False,False
pfe_hosiery_sheen,photo_prompt_visual_obligations_portrait_fashion_exposure.json,portrait_garment_owner_relation,True,3,3,True,3,3,1,0,False,True,0,False,32,32,True,True,6,4,4,True,False,False,False,False,False,False,True,definition_with_optional_label,False,False
pfe_hosiery_backline,photo_prompt_visual_obligations_portrait_fashion_exposure.json,portrait_garment_owner_relation,True,3,3,True,3,3,1,0,False,True,0,False,39,39,True,True,5,4,4,True,False,False,False,False,False,False,True,definition_with_optional_label,False,False
pfe_garter_path,photo_prompt_visual_obligations_portrait_fashion_exposure.json,portrait_garment_owner_relation,True,3,3,True,3,3,1,0,False,True,0,False,35,35,True,True,5,4,4,True,False,False,False,False,False,False,True,definition_with_optional_label,False,False
pfe_thigh_skin_band,photo_prompt_visual_obligations_portrait_fashion_exposure.json,portrait_garment_owner_relation,True,3,3,True,3,3,1,0,False,True,0,False,40,40,True,True,6,4,4,True,False,False,False,False,False,False,True,definition_with_optional_label,False,False
pfe_covered_underlayer_relief,photo_prompt_visual_obligations_portrait_fashion_exposure.json,portrait_garment_owner_relation,True,3,3,True,3,3,1,0,False,True,0,False,39,39,True,True,5,4,4,True,False,False,False,False,False,False,True,definition_with_optional_label,False,False
pfe_mini_outer_leg,photo_prompt_visual_obligations_portrait_fashion_exposure.json,portrait_garment_owner_relation,True,3,3,True,3,3,1,0,False,True,0,False,35,35,True,True,5,4,4,True,False,False,False,False,False,False,True,definition_with_optional_label,False,False
pe_local_bloom_relation,photo_prompt_visual_obligations_editing_effects.json,scoped_photographic_editing_effect,True,2,2,True,2,2,2,0,True,True,0,False,4,4,False,False,2,1,1,True,False,False,False,True,True,True,False,definition_with_optional_label,False,False
pe_fine_midtonal_grain_relation,photo_prompt_visual_obligations_editing_effects.json,scoped_photographic_editing_effect,True,2,2,True,2,2,2,0,True,True,0,False,4,4,False,False,2,1,1,True,False,False,False,True,True,True,False,definition_with_optional_label,False,False
pe_coarse_film_grain_relation,photo_prompt_visual_obligations_editing_effects.json,scoped_photographic_editing_effect,True,2,2,True,2,2,2,0,True,True,0,False,4,4,False,False,2,1,1,True,False,False,False,True,True,True,False,definition_with_optional_label,False,False
pe_digital_luma_noise_relation,photo_prompt_visual_obligations_editing_effects.json,scoped_photographic_editing_effect,True,2,2,True,2,2,2,0,True,True,0,False,4,4,False,False,2,1,1,True,False,False,False,True,True,True,False,definition_with_optional_label,False,False
pe_digital_chroma_noise_relation,photo_prompt_visual_obligations_editing_effects.json,scoped_photographic_editing_effect,True,2,2,True,2,2,2,0,True,True,0,False,4,4,False,False,2,1,1,True,False,False,False,True,True,True,False,definition_with_optional_label,False,False
pe_jpeg_edge_blocks_relation,photo_prompt_visual_obligations_editing_effects.json,scoped_photographic_editing_effect,True,2,2,True,2,2,2,0,True,True,0,False,5,5,False,False,2,1,1,True,False,False,False,True,True,True,False,definition_with_optional_label,False,False
pe_gradient_banding_relation,photo_prompt_visual_obligations_editing_effects.json,scoped_photographic_editing_effect,True,2,2,True,2,2,2,0,True,True,0,False,4,4,False,False,2,1,1,True,False,False,False,True,True,True,False,definition_with_optional_label,False,False
pe_moire_on_pattern_relation,photo_prompt_visual_obligations_editing_effects.json,scoped_photographic_editing_effect,True,2,2,True,2,2,2,0,True,True,0,False,4,5,False,False,2,1,1,True,False,False,False,True,True,True,False,definition_with_optional_label,False,False
pe_texture_preserving_tone_evening_relation,photo_prompt_visual_obligations_editing_effects.json,scoped_photographic_editing_effect,True,2,2,True,2,2,2,0,True,True,0,False,4,6,False,False,2,1,1,True,False,False,False,True,True,True,False,definition_with_optional_label,False,False
pe_red_object_splash_relation,photo_prompt_visual_obligations_editing_effects.json,scoped_photographic_editing_effect,True,2,2,True,2,2,2,0,True,True,0,False,5,6,False,False,2,1,1,True,False,False,False,True,True,True,False,definition_with_optional_label,False,False
pe_lifted_black_floor_relation,photo_prompt_visual_obligations_editing_effects.json,scoped_photographic_editing_effect,True,2,2,True,2,2,2,0,True,True,0,False,4,5,False,False,2,1,1,True,False,False,False,True,True,True,False,definition_with_optional_label,False,False
pe_crushed_black_regions_relation,photo_prompt_visual_obligations_editing_effects.json,scoped_photographic_editing_effect,True,2,2,True,2,2,2,0,True,True,0,False,4,5,False,False,2,1,1,True,False,False,False,True,True,True,False,definition_with_optional_label,False,False
pe_orton_overlap_relation,photo_prompt_visual_obligations_editing_effects.json,scoped_photographic_editing_effect,True,2,2,True,2,2,2,0,True,True,0,False,4,6,False,False,2,1,1,True,False,False,False,True,True,True,False,definition_with_optional_label,False,False
pe_edge_light_leak_relation,photo_prompt_visual_obligations_editing_effects.json,scoped_photographic_editing_effect,True,2,2,True,2,2,2,0,True,True,0,False,4,5,False,False,2,1,1,True,False,False,False,True,True,True,False,definition_with_optional_label,False,False
pe_sharpening_edge_halo_relation,photo_prompt_visual_obligations_editing_effects.json,scoped_photographic_editing_effect,True,2,2,True,2,2,2,0,True,True,0,False,4,5,False,False,2,1,1,True,False,False,False,True,True,True,False,definition_with_optional_label,False,False
pe_posterized_tones_relation,photo_prompt_visual_obligations_editing_effects.json,scoped_photographic_editing_effect,True,2,2,True,2,2,2,0,True,True,0,False,4,4,False,False,2,1,1,True,False,False,False,True,True,True,False,definition_with_optional_label,False,False
pe_binary_threshold_relation,photo_prompt_visual_obligations_editing_effects.json,scoped_photographic_editing_effect,True,2,2,True,2,2,2,0,True,True,0,False,4,5,False,False,2,1,1,True,False,False,False,True,True,True,False,definition_with_optional_label,False,False
pe_rgb_split_picture_plane_relation,photo_prompt_visual_obligations_editing_effects.json,scoped_photographic_editing_effect,True,2,2,True,2,2,2,0,True,True,0,False,5,5,False,False,2,1,1,True,False,False,False,True,True,True,False,definition_with_optional_label,False,False
pe_halftone_picture_plane_relation,photo_prompt_visual_obligations_editing_effects.json,scoped_photographic_editing_effect,True,2,2,True,2,2,2,0,True,True,0,False,4,4,False,False,2,1,1,True,False,False,False,True,True,True,False,definition_with_optional_label,False,False
pe_compact_flash_noisy_finish_relation,photo_prompt_visual_obligations_editing_effects.json,scoped_photographic_editing_effect,True,2,2,True,2,2,2,0,True,True,0,False,4,7,False,False,2,1,1,True,False,False,False,True,True,True,False,definition_with_optional_label,False,False
pe_double_exposure_overlap_relation,photo_prompt_visual_obligations_editing_effects.json,scoped_photographic_editing_effect,True,2,2,True,2,2,2,0,True,True,0,False,5,6,False,False,2,1,1,True,False,False,False,True,True,True,False,definition_with_optional_label,False,False
pe_scan_dust_specks_relation,photo_prompt_visual_obligations_editing_effects.json,scoped_photographic_editing_effect,True,2,2,True,2,2,2,0,True,True,0,False,3,5,False,False,2,1,1,True,False,False,False,True,True,True,False,definition_with_optional_label,False,False
clothing_ct001_v1,photo_prompt_visual_obligations_clothing_structure.json,clothing_visible_relation,True,1,1,True,1,1,2,0,True,True,1,True,8,10,False,True,1,1,1,True,False,True,True,True,True,True,False,definition_with_optional_label,False,False
clothing_ct001_v2,photo_prompt_visual_obligations_clothing_structure.json,clothing_visible_relation,True,1,1,True,1,1,2,0,True,True,1,True,7,9,False,True,1,1,1,True,False,True,True,True,True,True,False,definition_with_optional_label,False,False
clothing_ct002_v1,photo_prompt_visual_obligations_clothing_structure.json,clothing_visible_relation,True,1,1,True,1,1,2,0,True,True,1,True,6,9,False,True,1,1,1,True,False,True,True,True,True,True,False,definition_with_optional_label,False,False
clothing_ct002_v2,photo_prompt_visual_obligations_clothing_structure.json,clothing_visible_relation,True,1,1,True,1,1,2,0,True,True,1,True,7,11,False,True,1,1,1,True,False,True,True,True,True,True,False,definition_with_optional_label,False,False
clothing_ct003_v1,photo_prompt_visual_obligations_clothing_structure.json,clothing_visible_relation,True,1,1,True,1,1,2,0,True,True,1,True,6,8,False,True,1,1,1,True,False,True,True,True,True,True,False,definition_with_optional_label,False,False
clothing_ct003_v2,photo_prompt_visual_obligations_clothing_structure.json,clothing_visible_relation,True,1,1,True,1,1,2,0,True,True,1,True,7,10,False,True,1,1,1,True,False,True,True,True,True,True,False,definition_with_optional_label,False,False
clothing_ct004_v1,photo_prompt_visual_obligations_clothing_structure.json,clothing_visible_relation,True,1,1,True,1,1,2,0,True,True,1,True,4,7,False,False,1,1,1,True,False,True,True,True,True,True,False,definition_with_optional_label,False,False
clothing_ct004_v2,photo_prompt_visual_obligations_clothing_structure.json,clothing_visible_relation,True,1,1,True,1,1,2,0,True,True,1,True,5,9,False,True,1,1,1,True,False,True,True,True,True,True,False,definition_with_optional_label,False,False
clothing_ct005_v1,photo_prompt_visual_obligations_clothing_structure.json,clothing_visible_relation,True,1,1,True,1,1,2,0,True,True,1,True,6,9,False,True,1,1,1,True,False,True,True,True,True,True,False,definition_with_optional_label,False,False
clothing_ct005_v2,photo_prompt_visual_obligations_clothing_structure.json,clothing_visible_relation,True,1,1,True,1,1,2,0,True,True,1,True,5,7,False,False,1,1,1,True,False,True,True,True,True,True,False,definition_with_optional_label,False,False
clothing_ct006_v1,photo_prompt_visual_obligations_clothing_structure.json,clothing_visible_relation,True,1,1,True,1,1,2,0,True,True,1,True,4,4,False,False,1,1,1,True,False,True,True,True,True,True,False,definition_with_optional_label,False,False
clothing_ct006_v2,photo_prompt_visual_obligations_clothing_structure.json,clothing_visible_relation,True,1,1,True,1,1,2,0,True,True,1,True,4,4,False,False,1,1,1,True,False,True,True,True,True,True,False,definition_with_optional_label,False,False
clothing_ct007_v1,photo_prompt_visual_obligations_clothing_structure.json,clothing_visible_relation,True,1,1,True,1,1,2,0,True,True,1,True,4,9,False,True,1,1,1,True,False,True,True,True,True,True,False,definition_with_optional_label,False,False
clothing_ct007_v2,photo_prompt_visual_obligations_clothing_structure.json,clothing_visible_relation,True,1,1,True,1,1,2,0,True,True,1,True,6,8,False,True,1,1,1,True,False,True,True,True,True,True,False,definition_with_optional_label,False,False
clothing_ct008_v1,photo_prompt_visual_obligations_clothing_structure.json,clothing_visible_relation,True,1,1,True,1,1,2,0,True,True,1,True,6,7,False,False,1,1,1,True,False,True,True,True,True,True,False,definition_with_optional_label,False,False
clothing_ct008_v2,photo_prompt_visual_obligations_clothing_structure.json,clothing_visible_relation,True,1,1,True,1,1,2,0,True,True,1,True,5,8,False,True,1,1,1,True,False,True,True,True,True,True,False,definition_with_optional_label,False,False
clothing_ct009_v1,photo_prompt_visual_obligations_clothing_structure.json,clothing_visible_relation,True,1,1,True,1,1,2,0,True,True,1,True,6,10,False,True,1,1,1,True,False,True,True,True,True,True,False,definition_with_optional_label,False,False
clothing_ct009_v2,photo_prompt_visual_obligations_clothing_structure.json,clothing_visible_relation,True,1,1,True,1,1,2,0,True,True,1,True,6,9,False,True,1,1,1,True,False,True,True,True,True,True,False,definition_with_optional_label,False,False
clothing_ct010_v1,photo_prompt_visual_obligations_clothing_structure.json,clothing_visible_relation,True,1,1,True,1,1,2,0,True,True,1,True,6,9,False,True,1,1,1,True,False,True,True,True,True,True,False,definition_with_optional_label,False,False
clothing_ct010_v2,photo_prompt_visual_obligations_clothing_structure.json,clothing_visible_relation,True,1,1,True,1,1,2,0,True,True,1,True,6,7,False,False,1,1,1,True,False,True,True,True,True,True,False,definition_with_optional_label,False,False
clothing_ct011_v1,photo_prompt_visual_obligations_clothing_structure.json,clothing_visible_relation,True,1,1,True,1,1,2,0,True,True,1,True,6,7,False,False,1,1,1,True,False,True,True,True,True,True,False,definition_with_optional_label,False,False
clothing_ct011_v2,photo_prompt_visual_obligations_clothing_structure.json,clothing_visible_relation,True,1,1,True,1,1,2,0,True,True,1,True,7,11,False,True,1,1,1,True,False,True,True,True,True,True,False,definition_with_optional_label,False,False
clothing_ct012_v1,photo_prompt_visual_obligations_clothing_structure.json,clothing_visible_relation,True,1,1,True,1,1,2,0,True,True,1,True,6,9,False,True,1,1,1,True,False,True,True,True,True,True,False,definition_with_optional_label,False,False
clothing_ct012_v2,photo_prompt_visual_obligations_clothing_structure.json,clothing_visible_relation,True,1,1,True,1,1,2,0,True,True,1,True,5,8,False,True,1,1,1,True,False,True,True,True,True,True,False,definition_with_optional_label,False,False
clothing_ct013_v1,photo_prompt_visual_obligations_clothing_structure.json,clothing_visible_relation,True,1,1,True,1,1,2,0,True,True,1,True,4,6,False,False,1,1,1,True,False,True,True,True,True,True,False,definition_with_optional_label,False,False
clothing_ct013_v2,photo_prompt_visual_obligations_clothing_structure.json,clothing_visible_relation,True,1,1,True,1,1,2,0,True,True,1,True,5,6,False,False,1,1,1,True,False,True,True,True,True,True,False,definition_with_optional_label,False,False
clothing_ct014_v1,photo_prompt_visual_obligations_clothing_structure.json,clothing_visible_relation,True,1,1,True,1,1,2,0,True,True,1,True,5,7,False,False,1,1,1,True,False,True,True,True,True,True,False,definition_with_optional_label,False,False
clothing_ct014_v2,photo_prompt_visual_obligations_clothing_structure.json,clothing_visible_relation,True,1,1,True,1,1,2,0,True,True,1,True,5,7,False,False,1,1,1,True,False,True,True,True,True,True,False,definition_with_optional_label,False,False
clothing_ct015_v1,photo_prompt_visual_obligations_clothing_structure.json,clothing_visible_relation,True,1,1,True,1,1,2,0,True,True,1,True,8,9,False,True,1,1,1,True,False,True,True,True,True,True,False,definition_with_optional_label,False,False
clothing_ct015_v2,photo_prompt_visual_obligations_clothing_structure.json,clothing_visible_relation,True,1,1,True,1,1,2,0,True,True,1,True,5,7,False,False,1,1,1,True,False,True,True,True,True,True,False,definition_with_optional_label,False,False
clothing_ct016_v1,photo_prompt_visual_obligations_clothing_structure.json,clothing_visible_relation,True,1,1,True,1,1,2,0,True,True,1,True,5,9,False,True,1,1,1,True,False,True,True,True,True,True,False,definition_with_optional_label,False,False
clothing_ct016_v2,photo_prompt_visual_obligations_clothing_structure.json,clothing_visible_relation,True,1,1,True,1,1,2,0,True,True,1,True,5,8,False,True,1,1,1,True,False,True,True,True,True,True,False,definition_with_optional_label,False,False
clothing_ct017_v1,photo_prompt_visual_obligations_clothing_structure.json,clothing_visible_relation,True,1,1,True,1,1,2,0,True,True,1,True,5,8,False,True,1,1,1,True,False,True,True,True,True,True,False,definition_with_optional_label,False,False
clothing_ct017_v2,photo_prompt_visual_obligations_clothing_structure.json,clothing_visible_relation,True,1,1,True,1,1,2,0,True,True,1,True,5,7,False,False,1,1,1,True,False,True,True,True,True,True,False,definition_with_optional_label,False,False
clothing_ct018_v1,photo_prompt_visual_obligations_clothing_structure.json,clothing_visible_relation,True,1,1,True,1,1,2,0,True,True,1,True,7,10,False,True,1,1,1,True,False,True,True,True,True,True,False,definition_with_optional_label,False,False
clothing_ct018_v2,photo_prompt_visual_obligations_clothing_structure.json,clothing_visible_relation,True,1,1,True,1,1,2,0,True,True,1,True,6,7,False,False,1,1,1,True,False,True,True,True,True,True,False,definition_with_optional_label,False,False
clothing_ct019_v1,photo_prompt_visual_obligations_clothing_structure.json,clothing_visible_relation,True,1,1,True,1,1,2,0,True,True,1,True,7,11,False,True,1,1,1,True,False,True,True,True,True,True,False,definition_with_optional_label,False,False
clothing_ct019_v2,photo_prompt_visual_obligations_clothing_structure.json,clothing_visible_relation,True,1,1,True,1,1,2,0,True,True,1,True,5,7,False,False,1,1,1,True,False,True,True,True,True,True,False,definition_with_optional_label,False,False
clothing_ct020_v1,photo_prompt_visual_obligations_clothing_structure.json,clothing_visible_relation,True,1,1,True,1,1,2,0,True,True,1,True,6,11,False,True,1,1,1,True,False,True,True,True,True,True,False,definition_with_optional_label,False,False
clothing_ct020_v2,photo_prompt_visual_obligations_clothing_structure.json,clothing_visible_relation,True,1,1,True,1,1,2,0,True,True,1,True,4,7,False,False,1,1,1,True,False,True,True,True,True,True,False,definition_with_optional_label,False,False
clothing_ct021_v1,photo_prompt_visual_obligations_clothing_structure.json,clothing_visible_relation,True,1,1,True,1,1,2,0,True,True,1,True,6,6,False,False,1,1,1,True,False,True,True,True,True,True,False,definition_with_optional_label,False,False
clothing_ct021_v2,photo_prompt_visual_obligations_clothing_structure.json,clothing_visible_relation,True,1,1,True,1,1,2,0,True,True,1,True,8,10,False,True,1,1,1,True,False,True,True,True,True,True,False,definition_with_optional_label,False,False
clothing_ct022_v1,photo_prompt_visual_obligations_clothing_structure.json,clothing_visible_relation,True,1,1,True,1,1,2,0,True,True,1,True,6,10,False,True,1,1,1,True,False,True,True,True,True,True,False,definition_with_optional_label,False,False
clothing_ct022_v2,photo_prompt_visual_obligations_clothing_structure.json,clothing_visible_relation,True,1,1,True,1,1,2,0,True,True,1,True,6,8,False,True,1,1,1,True,False,True,True,True,True,True,False,definition_with_optional_label,False,False
clothing_ct023_v1,photo_prompt_visual_obligations_clothing_structure.json,clothing_visible_relation,True,1,1,True,1,1,2,0,True,True,1,True,6,8,False,True,1,1,1,True,False,True,True,True,True,True,False,definition_with_optional_label,False,False
clothing_ct023_v2,photo_prompt_visual_obligations_clothing_structure.json,clothing_visible_relation,True,1,1,True,1,1,2,0,True,True,1,True,7,8,False,True,1,1,1,True,False,True,True,True,True,True,False,definition_with_optional_label,False,False
clothing_ct024_v1,photo_prompt_visual_obligations_clothing_structure.json,clothing_visible_relation,True,1,1,True,1,1,2,0,True,True,1,True,5,9,False,True,1,1,1,True,False,True,True,True,True,True,False,definition_with_optional_label,False,False
clothing_ct024_v2,photo_prompt_visual_obligations_clothing_structure.json,clothing_visible_relation,True,1,1,True,1,1,2,0,True,True,1,True,4,7,False,False,1,1,1,True,False,True,True,True,True,True,False,definition_with_optional_label,False,False
clothing_ct025_v1,photo_prompt_visual_obligations_clothing_structure.json,clothing_visible_relation,True,1,1,True,1,1,2,0,True,True,1,True,7,9,False,True,1,1,1,True,False,True,True,True,True,True,False,definition_with_optional_label,False,False
clothing_ct025_v2,photo_prompt_visual_obligations_clothing_structure.json,clothing_visible_relation,True,1,1,True,1,1,2,0,True,True,1,True,5,7,False,False,1,1,1,True,False,True,True,True,True,True,False,definition_with_optional_label,False,False
clothing_ct026_v1,photo_prompt_visual_obligations_clothing_structure.json,clothing_visible_relation,True,1,1,True,1,1,2,0,True,True,1,True,6,12,False,True,1,1,1,True,False,True,True,True,True,True,False,definition_with_optional_label,False,False
clothing_ct026_v2,photo_prompt_visual_obligations_clothing_structure.json,clothing_visible_relation,True,1,1,True,1,1,2,0,True,True,1,True,4,10,False,True,1,1,1,True,False,True,True,True,True,True,False,definition_with_optional_label,False,False
clothing_ct027_v1,photo_prompt_visual_obligations_clothing_structure.json,clothing_visible_relation,True,1,1,True,1,1,2,0,True,True,1,True,9,9,False,True,1,1,1,True,False,True,True,True,True,True,False,definition_with_optional_label,False,False
clothing_ct027_v2,photo_prompt_visual_obligations_clothing_structure.json,clothing_visible_relation,True,1,1,True,1,1,2,0,True,True,1,True,7,7,False,False,1,1,1,True,False,True,True,True,True,True,False,definition_with_optional_label,False,False
clothing_ct028_v1,photo_prompt_visual_obligations_clothing_structure.json,clothing_visible_relation,True,1,1,True,1,1,2,0,True,True,1,True,4,8,False,True,1,1,1,True,False,True,True,True,True,True,False,definition_with_optional_label,False,False
clothing_ct028_v2,photo_prompt_visual_obligations_clothing_structure.json,clothing_visible_relation,True,1,1,True,1,1,2,0,True,True,1,True,5,6,False,False,1,1,1,True,False,True,True,True,True,True,False,definition_with_optional_label,False,False
clothing_ct029_v1,photo_prompt_visual_obligations_clothing_structure.json,clothing_visible_relation,True,1,1,True,1,1,2,0,True,True,1,True,5,8,False,True,1,1,1,True,False,True,True,True,True,True,False,definition_with_optional_label,False,False
clothing_ct029_v2,photo_prompt_visual_obligations_clothing_structure.json,clothing_visible_relation,True,1,1,True,1,1,2,0,True,True,1,True,7,9,False,True,1,1,1,True,False,True,True,True,True,True,False,definition_with_optional_label,False,False
clothing_ct030_v1,photo_prompt_visual_obligations_clothing_structure.json,clothing_visible_relation,True,1,1,True,1,1,2,0,True,True,1,True,5,8,False,True,1,1,1,True,False,True,True,True,True,True,False,definition_with_optional_label,False,False
clothing_ct030_v2,photo_prompt_visual_obligations_clothing_structure.json,clothing_visible_relation,True,1,1,True,1,1,2,0,True,True,1,True,6,8,False,True,1,1,1,True,False,True,True,True,True,True,False,definition_with_optional_label,False,False
clothing_ct031_v1,photo_prompt_visual_obligations_clothing_structure.json,clothing_visible_relation,True,1,1,True,1,1,2,0,True,True,1,True,7,10,False,True,1,1,1,True,False,True,True,True,True,True,False,definition_with_optional_label,False,False
clothing_ct031_v2,photo_prompt_visual_obligations_clothing_structure.json,clothing_visible_relation,True,1,1,True,1,1,2,0,True,True,1,True,6,8,False,True,1,1,1,True,False,True,True,True,True,True,False,definition_with_optional_label,False,False
clothing_ct032_v1,photo_prompt_visual_obligations_clothing_structure.json,clothing_visible_relation,True,1,1,True,1,1,2,0,True,True,1,True,5,7,False,False,1,1,1,True,False,True,True,True,True,True,False,definition_with_optional_label,False,False
clothing_ct032_v2,photo_prompt_visual_obligations_clothing_structure.json,clothing_visible_relation,True,1,1,True,1,1,2,0,True,True,1,True,6,8,False,True,1,1,1,True,False,True,True,True,True,True,False,definition_with_optional_label,False,False
clothing_ct033_v2,photo_prompt_visual_obligations_clothing_structure.json,clothing_visible_relation,True,1,1,True,1,1,2,0,True,True,1,True,5,8,False,True,1,1,1,True,False,True,True,True,True,True,False,definition_with_optional_label,False,False
clothing_ct034_v1,photo_prompt_visual_obligations_clothing_structure.json,clothing_visible_relation,True,1,1,True,1,1,2,0,True,True,1,True,5,7,False,False,1,1,1,True,False,True,True,True,True,True,False,definition_with_optional_label,False,False
clothing_ct034_v2,photo_prompt_visual_obligations_clothing_structure.json,clothing_visible_relation,True,1,1,True,1,1,2,0,True,True,1,True,6,11,False,True,1,1,1,True,False,True,True,True,True,True,False,definition_with_optional_label,False,False
clothing_ct035_v1,photo_prompt_visual_obligations_clothing_structure.json,clothing_visible_relation,True,1,1,True,1,1,2,0,True,True,1,True,4,7,False,False,1,1,1,True,False,True,True,True,True,True,False,definition_with_optional_label,False,False
clothing_ct035_v2,photo_prompt_visual_obligations_clothing_structure.json,clothing_visible_relation,True,1,1,True,1,1,2,0,True,True,1,True,6,8,False,True,1,1,1,True,False,True,True,True,True,True,False,definition_with_optional_label,False,False
clothing_ct036_v1,photo_prompt_visual_obligations_clothing_structure.json,clothing_visible_relation,True,2,2,True,2,2,2,0,True,True,2,True,8,12,False,True,1,1,1,True,False,True,True,True,True,True,False,definition_with_optional_label,False,False
clothing_ct036_v2,photo_prompt_visual_obligations_clothing_structure.json,clothing_visible_relation,True,1,1,True,1,1,2,0,True,True,1,True,7,8,False,True,1,1,1,True,False,True,True,True,True,True,False,definition_with_optional_label,False,False
clothing_ct037_v1,photo_prompt_visual_obligations_clothing_structure.json,clothing_visible_relation,True,1,1,True,1,1,2,0,True,True,1,True,4,8,False,True,1,1,1,True,False,True,True,True,True,True,False,definition_with_optional_label,False,False
clothing_ct037_v2,photo_prompt_visual_obligations_clothing_structure.json,clothing_visible_relation,True,1,1,True,1,1,2,0,True,True,1,True,5,7,False,False,1,1,1,True,False,True,True,True,True,True,False,definition_with_optional_label,False,False
clothing_ct038_v1,photo_prompt_visual_obligations_clothing_structure.json,clothing_visible_relation,True,1,1,True,1,1,2,0,True,True,1,True,5,10,False,True,1,1,1,True,False,True,True,True,True,True,False,definition_with_optional_label,False,False
clothing_ct038_v2,photo_prompt_visual_obligations_clothing_structure.json,clothing_visible_relation,True,1,1,True,1,1,2,0,True,True,1,True,7,9,False,True,1,1,1,True,False,True,True,True,True,True,False,definition_with_optional_label,False,False
clothing_ct039_v1,photo_prompt_visual_obligations_clothing_structure.json,clothing_visible_relation,True,1,1,True,1,1,2,0,True,True,1,True,6,9,False,True,1,1,1,True,False,True,True,True,True,True,False,definition_with_optional_label,False,False
clothing_ct039_v2,photo_prompt_visual_obligations_clothing_structure.json,clothing_visible_relation,True,1,1,True,1,1,2,0,True,True,1,True,5,9,False,True,1,1,1,True,False,True,True,True,True,True,False,definition_with_optional_label,False,False
clothing_ct040_v1,photo_prompt_visual_obligations_clothing_structure.json,clothing_visible_relation,True,1,1,True,1,1,2,0,True,True,1,True,7,9,False,True,1,1,1,True,False,True,True,True,True,True,False,definition_with_optional_label,False,False
clothing_ct040_v2,photo_prompt_visual_obligations_clothing_structure.json,clothing_visible_relation,True,1,1,True,1,1,2,0,True,True,1,True,7,8,False,True,1,1,1,True,False,True,True,True,True,True,False,definition_with_optional_label,False,False
clothing_ct041_v1,photo_prompt_visual_obligations_clothing_structure.json,clothing_visible_relation,True,1,1,True,1,1,2,0,True,True,1,True,6,8,False,True,1,1,1,True,False,True,True,True,True,True,False,definition_with_optional_label,False,False
clothing_ct041_v2,photo_prompt_visual_obligations_clothing_structure.json,clothing_visible_relation,True,1,1,True,1,1,2,0,True,True,1,True,5,9,False,True,1,1,1,True,False,True,True,True,True,True,False,definition_with_optional_label,False,False
clothing_ct042_v1,photo_prompt_visual_obligations_clothing_structure.json,clothing_visible_relation,True,1,1,True,1,1,2,0,True,True,1,True,7,10,False,True,1,1,1,True,False,True,True,True,True,True,False,definition_with_optional_label,False,False
clothing_ct042_v2,photo_prompt_visual_obligations_clothing_structure.json,clothing_visible_relation,True,1,1,True,1,1,2,0,True,True,1,True,7,8,False,True,1,1,1,True,False,True,True,True,True,True,False,definition_with_optional_label,False,False
clothing_ct043_v1,photo_prompt_visual_obligations_clothing_structure.json,clothing_visible_relation,True,1,1,True,1,1,2,0,True,True,1,True,4,6,False,False,1,1,1,True,False,True,True,True,True,True,False,definition_with_optional_label,False,False
clothing_ct043_v2,photo_prompt_visual_obligations_clothing_structure.json,clothing_visible_relation,True,1,1,True,1,1,2,0,True,True,1,True,6,11,False,True,1,1,1,True,False,True,True,True,True,True,False,definition_with_optional_label,False,False
clothing_ct044_v1,photo_prompt_visual_obligations_clothing_structure.json,clothing_visible_relation,True,1,1,True,1,1,2,0,True,True,1,True,5,11,False,True,1,1,1,True,False,True,True,True,True,True,False,definition_with_optional_label,False,False
clothing_ct044_v2,photo_prompt_visual_obligations_clothing_structure.json,clothing_visible_relation,True,1,1,True,1,1,2,0,True,True,1,True,6,9,False,True,1,1,1,True,False,True,True,True,True,True,False,definition_with_optional_label,False,False
clothing_ct045_v1,photo_prompt_visual_obligations_clothing_structure.json,clothing_visible_relation,True,1,1,True,1,1,2,0,True,True,1,True,6,8,False,True,1,1,1,True,False,True,True,True,True,True,False,definition_with_optional_label,False,False
clothing_ct045_v2,photo_prompt_visual_obligations_clothing_structure.json,clothing_visible_relation,True,1,1,True,1,1,2,0,True,True,1,True,8,12,False,True,1,1,1,True,False,True,True,True,True,True,False,definition_with_optional_label,False,False
clothing_ct046_v1,photo_prompt_visual_obligations_clothing_structure.json,clothing_visible_relation,True,2,2,True,2,2,2,0,True,True,2,True,6,12,False,True,1,1,1,True,False,True,True,True,True,True,False,definition_with_optional_label,False,False
clothing_ct046_v2,photo_prompt_visual_obligations_clothing_structure.json,clothing_visible_relation,True,1,1,True,1,1,2,0,True,True,1,True,8,11,False,True,1,1,1,True,False,True,True,True,True,True,False,definition_with_optional_label,False,False
clothing_ct047_v1,photo_prompt_visual_obligations_clothing_structure.json,clothing_visible_relation,True,1,1,True,1,1,2,0,True,True,1,True,8,10,False,True,1,1,1,True,False,True,True,True,True,True,False,definition_with_optional_label,False,False
clothing_ct047_v2,photo_prompt_visual_obligations_clothing_structure.json,clothing_visible_relation,True,1,1,True,1,1,2,0,True,True,1,True,6,9,False,True,1,1,1,True,False,True,True,True,True,True,False,definition_with_optional_label,False,False
clothing_ct048_v1,photo_prompt_visual_obligations_clothing_structure.json,clothing_visible_relation,True,1,1,True,1,1,2,0,True,True,1,True,6,7,False,False,1,1,1,True,False,True,True,True,True,True,False,definition_with_optional_label,False,False
clothing_ct048_v2,photo_prompt_visual_obligations_clothing_structure.json,clothing_visible_relation,True,1,1,True,1,1,2,0,True,True,1,True,5,6,False,False,1,1,1,True,False,True,True,True,True,True,False,definition_with_optional_label,False,False
clothing_ct049_v1,photo_prompt_visual_obligations_clothing_structure.json,clothing_visible_relation,True,1,1,True,1,1,2,0,True,True,1,True,6,8,False,True,1,1,1,True,False,True,True,True,True,True,False,definition_with_optional_label,False,False
clothing_ct049_v2,photo_prompt_visual_obligations_clothing_structure.json,clothing_visible_relation,True,1,1,True,1,1,2,0,True,True,1,True,6,8,False,True,1,1,1,True,False,True,True,True,True,True,False,definition_with_optional_label,False,False
clothing_ct050_v1,photo_prompt_visual_obligations_clothing_structure.json,clothing_visible_relation,True,1,1,True,1,1,2,0,True,True,1,True,5,6,False,False,1,1,1,True,False,True,True,True,True,True,False,definition_with_optional_label,False,False
clothing_ct050_v2,photo_prompt_visual_obligations_clothing_structure.json,clothing_visible_relation,True,1,1,True,1,1,2,0,True,True,1,True,6,7,False,False,1,1,1,True,False,True,True,True,True,True,False,definition_with_optional_label,False,False
clothing_ct051_v1,photo_prompt_visual_obligations_clothing_structure.json,clothing_visible_relation,True,1,1,True,1,1,2,0,True,True,1,True,4,7,False,False,1,1,1,True,False,True,True,True,True,True,False,definition_with_optional_label,False,False
clothing_ct051_v2,photo_prompt_visual_obligations_clothing_structure.json,clothing_visible_relation,True,1,1,True,1,1,2,0,True,True,1,True,5,7,False,False,1,1,1,True,False,True,True,True,True,True,False,definition_with_optional_label,False,False
clothing_ct052_v1,photo_prompt_visual_obligations_clothing_structure.json,clothing_visible_relation,True,1,1,True,1,1,2,0,True,True,1,True,4,8,False,True,1,1,1,True,False,True,True,True,True,True,False,definition_with_optional_label,False,False
clothing_ct052_v2,photo_prompt_visual_obligations_clothing_structure.json,clothing_visible_relation,True,1,1,True,1,1,2,0,True,True,1,True,6,10,False,True,1,1,1,True,False,True,True,True,True,True,False,definition_with_optional_label,False,False
clothing_ct053_v1,photo_prompt_visual_obligations_clothing_structure.json,clothing_visible_relation,True,1,1,True,1,1,2,0,True,True,1,True,7,9,False,True,1,1,1,True,False,True,True,True,True,True,False,definition_with_optional_label,False,False
clothing_ct053_v2,photo_prompt_visual_obligations_clothing_structure.json,clothing_visible_relation,True,1,1,True,1,1,2,0,True,True,1,True,7,9,False,True,1,1,1,True,False,True,True,True,True,True,False,definition_with_optional_label,False,False
clothing_ct054_v1,photo_prompt_visual_obligations_clothing_structure.json,clothing_visible_relation,True,1,1,True,1,1,2,0,True,True,1,True,7,7,False,False,1,1,1,True,False,True,True,True,True,True,False,definition_with_optional_label,False,False
clothing_ct054_v2,photo_prompt_visual_obligations_clothing_structure.json,clothing_visible_relation,True,1,1,True,1,1,2,0,True,True,1,True,6,12,False,True,1,1,1,True,False,True,True,True,True,True,False,definition_with_optional_label,False,False
clothing_ct055_v1,photo_prompt_visual_obligations_clothing_structure.json,clothing_visible_relation,True,1,1,True,1,1,2,0,True,True,1,True,6,8,False,True,1,1,1,True,False,True,True,True,True,True,False,definition_with_optional_label,False,False
clothing_ct055_v2,photo_prompt_visual_obligations_clothing_structure.json,clothing_visible_relation,True,1,1,True,1,1,2,0,True,True,1,True,5,7,False,False,1,1,1,True,False,True,True,True,True,True,False,definition_with_optional_label,False,False
clothing_ct056_v1,photo_prompt_visual_obligations_clothing_structure.json,clothing_visible_relation,True,1,1,True,1,1,2,0,True,True,1,True,4,8,False,True,1,1,1,True,False,True,True,True,True,True,False,definition_with_optional_label,False,False
clothing_ct056_v2,photo_prompt_visual_obligations_clothing_structure.json,clothing_visible_relation,True,1,1,True,1,1,2,0,True,True,1,True,5,10,False,True,1,1,1,True,False,True,True,True,True,True,False,definition_with_optional_label,False,False
clothing_ct057_v1,photo_prompt_visual_obligations_clothing_structure.json,clothing_visible_relation,True,1,1,True,1,1,2,0,True,True,1,True,5,7,False,False,1,1,1,True,False,True,True,True,True,True,False,definition_with_optional_label,False,False
clothing_ct057_v2,photo_prompt_visual_obligations_clothing_structure.json,clothing_visible_relation,True,1,1,True,1,1,2,0,True,True,1,True,6,11,False,True,1,1,1,True,False,True,True,True,True,True,False,definition_with_optional_label,False,False
clothing_ct058_v1,photo_prompt_visual_obligations_clothing_structure.json,clothing_visible_relation,True,1,1,True,1,1,2,0,True,True,1,True,6,8,False,True,1,1,1,True,False,True,True,True,True,True,False,definition_with_optional_label,False,False
clothing_ct058_v2,photo_prompt_visual_obligations_clothing_structure.json,clothing_visible_relation,True,1,1,True,1,1,2,0,True,True,1,True,6,11,False,True,1,1,1,True,False,True,True,True,True,True,False,definition_with_optional_label,False,False
clothing_ct059_v1,photo_prompt_visual_obligations_clothing_structure.json,clothing_visible_relation,True,1,1,True,1,1,2,0,True,True,1,True,6,7,False,False,1,1,1,True,False,True,True,True,True,True,False,definition_with_optional_label,False,False
clothing_ct059_v2,photo_prompt_visual_obligations_clothing_structure.json,clothing_visible_relation,True,1,1,True,1,1,2,0,True,True,1,True,5,7,False,False,1,1,1,True,False,True,True,True,True,True,False,definition_with_optional_label,False,False
clothing_ct060_v1,photo_prompt_visual_obligations_clothing_structure.json,clothing_visible_relation,True,1,1,True,1,1,2,0,True,True,1,True,4,8,False,True,1,1,1,True,False,True,True,True,True,True,False,definition_with_optional_label,False,False
clothing_ct060_v2,photo_prompt_visual_obligations_clothing_structure.json,clothing_visible_relation,True,1,1,True,1,1,2,0,True,True,1,True,7,9,False,True,1,1,1,True,False,True,True,True,True,True,False,definition_with_optional_label,False,False
clothing_ct061_v1,photo_prompt_visual_obligations_clothing_structure.json,clothing_visible_relation,True,1,1,True,1,1,2,0,True,True,1,True,6,9,False,True,1,1,1,True,False,True,True,True,True,True,False,definition_with_optional_label,False,False
clothing_ct061_v2,photo_prompt_visual_obligations_clothing_structure.json,clothing_visible_relation,True,1,1,True,1,1,2,0,True,True,1,True,5,7,False,False,1,1,1,True,False,True,True,True,True,True,False,definition_with_optional_label,False,False
clothing_ct062_v1,photo_prompt_visual_obligations_clothing_structure.json,clothing_visible_relation,True,1,1,True,1,1,2,0,True,True,1,True,6,11,False,True,1,1,1,True,False,True,True,True,True,True,False,definition_with_optional_label,False,False
clothing_ct062_v2,photo_prompt_visual_obligations_clothing_structure.json,clothing_visible_relation,True,1,1,True,1,1,2,0,True,True,1,True,5,12,False,True,1,1,1,True,False,True,True,True,True,True,False,definition_with_optional_label,False,False
clothing_ct063_v1,photo_prompt_visual_obligations_clothing_structure.json,clothing_visible_relation,True,1,1,True,1,1,2,0,True,True,1,True,6,8,False,True,1,1,1,True,False,True,True,True,True,True,False,definition_with_optional_label,False,False
clothing_ct063_v2,photo_prompt_visual_obligations_clothing_structure.json,clothing_visible_relation,True,1,1,True,1,1,2,0,True,True,1,True,6,9,False,True,1,1,1,True,False,True,True,True,True,True,False,definition_with_optional_label,False,False
clothing_ct064_v1,photo_prompt_visual_obligations_clothing_structure.json,clothing_visible_relation,True,1,1,True,1,1,2,0,True,True,1,True,6,8,False,True,1,1,1,True,False,True,True,True,True,True,False,definition_with_optional_label,False,False
clothing_ct064_v2,photo_prompt_visual_obligations_clothing_structure.json,clothing_visible_relation,True,1,1,True,1,1,2,0,True,True,1,True,6,7,False,False,1,1,1,True,False,True,True,True,True,True,False,definition_with_optional_label,False,False
clothing_ct065_v1,photo_prompt_visual_obligations_clothing_structure.json,clothing_visible_relation,True,1,1,True,1,1,2,0,True,True,1,True,6,8,False,True,1,1,1,True,False,True,True,True,True,True,False,definition_with_optional_label,False,False
clothing_ct065_v2,photo_prompt_visual_obligations_clothing_structure.json,clothing_visible_relation,True,1,1,True,1,1,2,0,True,True,1,True,6,8,False,True,1,1,1,True,False,True,True,True,True,True,False,definition_with_optional_label,False,False
clothing_ct066_v1,photo_prompt_visual_obligations_clothing_structure.json,clothing_visible_relation,True,1,1,True,1,1,2,0,True,True,1,True,8,8,False,True,1,1,1,True,False,True,True,True,True,True,False,definition_with_optional_label,False,False
clothing_ct066_v2,photo_prompt_visual_obligations_clothing_structure.json,clothing_visible_relation,True,1,1,True,1,1,2,0,True,True,1,True,6,8,False,True,1,1,1,True,False,True,True,True,True,True,False,definition_with_optional_label,False,False
clothing_ct067_v1,photo_prompt_visual_obligations_clothing_structure.json,clothing_visible_relation,True,1,1,True,1,1,2,0,True,True,1,True,6,8,False,True,1,1,1,True,False,True,True,True,True,True,False,definition_with_optional_label,False,False
clothing_ct067_v2,photo_prompt_visual_obligations_clothing_structure.json,clothing_visible_relation,True,1,1,True,1,1,2,0,True,True,1,True,6,7,False,False,1,1,1,True,False,True,True,True,True,True,False,definition_with_optional_label,False,False
clothing_ct068_v1,photo_prompt_visual_obligations_clothing_structure.json,clothing_visible_relation,True,1,1,True,1,1,2,0,True,True,1,True,6,9,False,True,1,1,1,True,False,True,True,True,True,True,False,definition_with_optional_label,False,False
clothing_ct068_v2,photo_prompt_visual_obligations_clothing_structure.json,clothing_visible_relation,True,1,1,True,1,1,2,0,True,True,1,True,6,9,False,True,1,1,1,True,False,True,True,True,True,True,False,definition_with_optional_label,False,False
clothing_ct069_v1,photo_prompt_visual_obligations_clothing_structure.json,clothing_visible_relation,True,1,1,True,1,1,2,0,True,True,1,True,6,7,False,False,1,1,1,True,False,True,True,True,True,True,False,definition_with_optional_label,False,False
clothing_ct069_v2,photo_prompt_visual_obligations_clothing_structure.json,clothing_visible_relation,True,1,1,True,1,1,2,0,True,True,1,True,5,7,False,False,1,1,1,True,False,True,True,True,True,True,False,definition_with_optional_label,False,False
clothing_ct070_v1,photo_prompt_visual_obligations_clothing_structure.json,clothing_visible_relation,True,1,1,True,1,1,2,0,True,True,1,True,6,8,False,True,1,1,1,True,False,True,True,True,True,True,False,definition_with_optional_label,False,False
clothing_ct070_v2,photo_prompt_visual_obligations_clothing_structure.json,clothing_visible_relation,True,1,1,True,1,1,2,0,True,True,1,True,6,8,False,True,1,1,1,True,False,True,True,True,True,True,False,definition_with_optional_label,False,False
clothing_ct071_v1,photo_prompt_visual_obligations_clothing_structure.json,clothing_visible_relation,True,1,1,True,1,1,2,0,True,True,1,True,6,9,False,True,1,1,1,True,False,True,True,True,True,True,False,definition_with_optional_label,False,False
clothing_ct071_v2,photo_prompt_visual_obligations_clothing_structure.json,clothing_visible_relation,True,1,1,True,1,1,2,0,True,True,1,True,6,9,False,True,1,1,1,True,False,True,True,True,True,True,False,definition_with_optional_label,False,False
clothing_ct072_v1,photo_prompt_visual_obligations_clothing_structure.json,clothing_visible_relation,True,1,1,True,1,1,2,0,True,True,1,True,6,8,False,True,1,1,1,True,False,True,True,True,True,True,False,definition_with_optional_label,False,False
clothing_ct072_v2,photo_prompt_visual_obligations_clothing_structure.json,clothing_visible_relation,True,1,1,True,1,1,2,0,True,True,1,True,6,9,False,True,1,1,1,True,False,True,True,True,True,True,False,definition_with_optional_label,False,False
clothing_ct073_v1,photo_prompt_visual_obligations_clothing_structure.json,clothing_visible_relation,True,1,1,True,1,1,2,0,True,True,1,True,5,9,False,True,1,1,1,True,False,True,True,True,True,True,False,definition_with_optional_label,False,False
clothing_ct073_v2,photo_prompt_visual_obligations_clothing_structure.json,clothing_visible_relation,True,1,1,True,1,1,2,0,True,True,1,True,6,8,False,True,1,1,1,True,False,True,True,True,True,True,False,definition_with_optional_label,False,False
clothing_ct074_v1,photo_prompt_visual_obligations_clothing_structure.json,clothing_visible_relation,True,1,1,True,1,1,2,0,True,True,1,True,5,7,False,False,1,1,1,True,False,True,True,True,True,True,False,definition_with_optional_label,False,False
clothing_ct074_v2,photo_prompt_visual_obligations_clothing_structure.json,clothing_visible_relation,True,1,1,True,1,1,2,0,True,True,1,True,6,9,False,True,1,1,1,True,False,True,True,True,True,True,False,definition_with_optional_label,False,False
clothing_ct075_v1,photo_prompt_visual_obligations_clothing_structure.json,clothing_visible_relation,True,1,1,True,1,1,2,0,True,True,1,True,6,10,False,True,1,1,1,True,False,True,True,True,True,True,False,definition_with_optional_label,False,False
clothing_ct075_v2,photo_prompt_visual_obligations_clothing_structure.json,clothing_visible_relation,True,1,1,True,1,1,2,0,True,True,1,True,6,9,False,True,1,1,1,True,False,True,True,True,True,True,False,definition_with_optional_label,False,False
clothing_ct076_v1,photo_prompt_visual_obligations_clothing_structure.json,clothing_visible_relation,True,1,1,True,1,1,2,0,True,True,1,True,6,8,False,True,1,1,1,True,False,True,True,True,True,True,False,definition_with_optional_label,False,False
clothing_ct076_v2,photo_prompt_visual_obligations_clothing_structure.json,clothing_visible_relation,True,1,1,True,1,1,2,0,True,True,1,True,4,6,False,False,1,1,1,True,False,True,True,True,True,True,False,definition_with_optional_label,False,False
clothing_ct077_v1,photo_prompt_visual_obligations_clothing_structure.json,clothing_visible_relation,True,1,1,True,1,1,2,0,True,True,1,True,5,7,False,False,1,1,1,True,False,True,True,True,True,True,False,definition_with_optional_label,False,False
clothing_ct077_v2,photo_prompt_visual_obligations_clothing_structure.json,clothing_visible_relation,True,1,1,True,1,1,2,0,True,True,1,True,5,8,False,True,1,1,1,True,False,True,True,True,True,True,False,definition_with_optional_label,False,False
clothing_ct154_v1,photo_prompt_visual_obligations_clothing_structure.json,clothing_visible_relation,True,2,2,True,2,2,2,0,True,True,2,True,8,11,False,True,1,1,1,True,False,True,True,True,True,True,False,definition_with_optional_label,False,False
clothing_ct154_v2,photo_prompt_visual_obligations_clothing_structure.json,clothing_visible_relation,True,1,1,True,1,1,2,0,True,True,1,True,8,10,False,True,1,1,1,True,False,True,True,True,True,True,False,definition_with_optional_label,False,False
clothing_ct155_v1,photo_prompt_visual_obligations_clothing_structure.json,clothing_visible_relation,True,1,1,True,1,1,2,0,True,True,1,True,6,8,False,True,1,1,1,True,False,True,True,True,True,True,False,definition_with_optional_label,False,False
clothing_ct155_v2,photo_prompt_visual_obligations_clothing_structure.json,clothing_visible_relation,True,1,1,True,1,1,2,0,True,True,1,True,5,8,False,True,1,1,1,True,False,True,True,True,True,True,False,definition_with_optional_label,False,False
clothing_ct078_v2,photo_prompt_visual_obligations_textile_surface.json,clothing_visible_relation,True,1,1,True,1,1,2,0,True,True,1,True,6,8,False,True,1,1,1,True,False,True,True,True,True,True,False,definition_with_optional_label,False,False
clothing_ct079_v1,photo_prompt_visual_obligations_textile_surface.json,clothing_visible_relation,True,1,1,True,1,1,2,0,True,True,1,True,6,9,False,True,1,1,1,True,False,True,True,True,True,True,False,definition_with_optional_label,False,False
clothing_ct079_v2,photo_prompt_visual_obligations_textile_surface.json,clothing_visible_relation,True,1,1,True,1,1,2,0,True,True,1,True,6,9,False,True,1,1,1,True,False,True,True,True,True,True,False,definition_with_optional_label,False,False
clothing_ct080_v1,photo_prompt_visual_obligations_textile_surface.json,clothing_visible_relation,True,1,1,True,1,1,2,0,True,True,1,True,5,7,False,False,1,1,1,True,False,True,True,True,True,True,False,definition_with_optional_label,False,False
clothing_ct080_v2,photo_prompt_visual_obligations_textile_surface.json,clothing_visible_relation,True,1,1,True,1,1,2,0,True,True,1,True,5,6,False,False,1,1,1,True,False,True,True,True,True,True,False,definition_with_optional_label,False,False
clothing_ct081_v1,photo_prompt_visual_obligations_textile_surface.json,clothing_visible_relation,True,1,1,True,1,1,2,0,True,True,1,True,5,8,False,True,1,1,1,True,False,True,True,True,True,True,False,definition_with_optional_label,False,False
clothing_ct081_v2,photo_prompt_visual_obligations_textile_surface.json,clothing_visible_relation,True,1,1,True,1,1,2,0,True,True,1,True,5,7,False,False,1,1,1,True,False,True,True,True,True,True,False,definition_with_optional_label,False,False
clothing_ct082_v2,photo_prompt_visual_obligations_textile_surface.json,clothing_visible_relation,True,1,1,True,1,1,2,0,True,True,1,True,5,6,False,False,1,1,1,True,False,True,True,True,True,True,False,definition_with_optional_label,False,False
clothing_ct083_v1,photo_prompt_visual_obligations_textile_surface.json,clothing_visible_relation,True,1,1,True,1,1,2,0,True,True,1,True,6,8,False,True,1,1,1,True,False,True,True,True,True,True,False,definition_with_optional_label,False,False
clothing_ct083_v2,photo_prompt_visual_obligations_textile_surface.json,clothing_visible_relation,True,1,1,True,1,1,2,0,True,True,1,True,5,8,False,True,1,1,1,True,False,True,True,True,True,True,False,definition_with_optional_label,False,False
clothing_ct084_v1,photo_prompt_visual_obligations_textile_surface.json,clothing_visible_relation,True,1,1,True,1,1,2,0,True,True,1,True,6,7,False,False,1,1,1,True,False,True,True,True,True,True,False,definition_with_optional_label,False,False
clothing_ct084_v2,photo_prompt_visual_obligations_textile_surface.json,clothing_visible_relation,True,2,2,True,2,2,2,0,True,True,2,True,6,9,False,True,1,1,1,True,False,True,True,True,True,True,False,definition_with_optional_label,False,False
clothing_ct085_v1,photo_prompt_visual_obligations_textile_surface.json,clothing_visible_relation,True,1,1,True,1,1,2,0,True,True,1,True,5,7,False,False,1,1,1,True,False,True,True,True,True,True,False,definition_with_optional_label,False,False
clothing_ct085_v2,photo_prompt_visual_obligations_textile_surface.json,clothing_visible_relation,True,1,1,True,1,1,2,0,True,True,1,True,7,10,False,True,1,1,1,True,False,True,True,True,True,True,False,definition_with_optional_label,False,False
clothing_ct086_v1,photo_prompt_visual_obligations_textile_surface.json,clothing_visible_relation,True,1,1,True,1,1,2,0,True,True,1,True,5,7,False,False,1,1,1,True,False,True,True,True,True,True,False,definition_with_optional_label,False,False
clothing_ct086_v2,photo_prompt_visual_obligations_textile_surface.json,clothing_visible_relation,True,1,1,True,1,1,2,0,True,True,1,True,6,9,False,True,1,1,1,True,False,True,True,True,True,True,False,definition_with_optional_label,False,False
clothing_ct087_v1,photo_prompt_visual_obligations_textile_surface.json,clothing_visible_relation,True,1,1,True,1,1,2,0,True,True,1,True,7,7,False,False,1,1,1,True,False,True,True,True,True,True,False,definition_with_optional_label,False,False
clothing_ct087_v2,photo_prompt_visual_obligations_textile_surface.json,clothing_visible_relation,True,1,1,True,1,1,2,0,True,True,1,True,6,11,False,True,1,1,1,True,False,True,True,True,True,True,False,definition_with_optional_label,False,False
clothing_ct088_v1,photo_prompt_visual_obligations_textile_surface.json,clothing_visible_relation,True,1,1,True,1,1,2,0,True,True,1,True,6,8,False,True,1,1,1,True,False,True,True,True,True,True,False,definition_with_optional_label,False,False
clothing_ct088_v2,photo_prompt_visual_obligations_textile_surface.json,clothing_visible_relation,True,1,1,True,1,1,2,0,True,True,1,True,6,7,False,False,1,1,1,True,False,True,True,True,True,True,False,definition_with_optional_label,False,False
clothing_ct089_v1,photo_prompt_visual_obligations_textile_surface.json,clothing_visible_relation,True,1,1,True,1,1,2,0,True,True,1,True,6,7,False,False,1,1,1,True,False,True,True,True,True,True,False,definition_with_optional_label,False,False
clothing_ct089_v2,photo_prompt_visual_obligations_textile_surface.json,clothing_visible_relation,True,1,1,True,1,1,2,0,True,True,1,True,6,9,False,True,1,1,1,True,False,True,True,True,True,True,False,definition_with_optional_label,False,False
clothing_ct090_v1,photo_prompt_visual_obligations_textile_surface.json,clothing_visible_relation,True,1,1,True,1,1,2,0,True,True,1,True,8,10,False,True,1,1,1,True,False,True,True,True,True,True,False,definition_with_optional_label,False,False
clothing_ct090_v2,photo_prompt_visual_obligations_textile_surface.json,clothing_visible_relation,True,1,1,True,1,1,2,0,True,True,1,True,6,9,False,True,1,1,1,True,False,True,True,True,True,True,False,definition_with_optional_label,False,False
clothing_ct091_v1,photo_prompt_visual_obligations_textile_surface.json,clothing_visible_relation,True,1,1,True,1,1,2,0,True,True,1,True,6,7,False,False,1,1,1,True,False,True,True,True,True,True,False,definition_with_optional_label,False,False
clothing_ct091_v2,photo_prompt_visual_obligations_textile_surface.json,clothing_visible_relation,True,1,1,True,1,1,2,0,True,True,1,True,6,9,False,True,1,1,1,True,False,True,True,True,True,True,False,definition_with_optional_label,False,False
clothing_ct093_v1,photo_prompt_visual_obligations_textile_surface.json,clothing_visible_relation,True,1,1,True,1,1,2,0,True,True,1,True,6,8,False,True,1,1,1,True,False,True,True,True,True,True,False,definition_with_optional_label,False,False
clothing_ct093_v2,photo_prompt_visual_obligations_textile_surface.json,clothing_visible_relation,True,1,1,True,1,1,2,0,True,True,1,True,6,7,False,False,1,1,1,True,False,True,True,True,True,True,False,definition_with_optional_label,False,False
clothing_ct094_v1,photo_prompt_visual_obligations_textile_surface.json,clothing_visible_relation,True,1,1,True,1,1,2,0,True,True,1,True,6,7,False,False,1,1,1,True,False,True,True,True,True,True,False,definition_with_optional_label,False,False
clothing_ct094_v2,photo_prompt_visual_obligations_textile_surface.json,clothing_visible_relation,True,1,1,True,1,1,2,0,True,True,1,True,6,6,False,False,1,1,1,True,False,True,True,True,True,True,False,definition_with_optional_label,False,False
clothing_ct095_v1,photo_prompt_visual_obligations_textile_surface.json,clothing_visible_relation,True,1,1,True,1,1,2,0,True,True,1,True,6,6,False,False,1,1,1,True,False,True,True,True,True,True,False,definition_with_optional_label,False,False
clothing_ct095_v2,photo_prompt_visual_obligations_textile_surface.json,clothing_visible_relation,True,1,1,True,1,1,2,0,True,True,1,True,5,8,False,True,1,1,1,True,False,True,True,True,True,True,False,definition_with_optional_label,False,False
clothing_ct096_v1,photo_prompt_visual_obligations_textile_surface.json,clothing_visible_relation,True,1,1,True,1,1,2,0,True,True,1,True,6,8,False,True,1,1,1,True,False,True,True,True,True,True,False,definition_with_optional_label,False,False
clothing_ct096_v2,photo_prompt_visual_obligations_textile_surface.json,clothing_visible_relation,True,1,1,True,1,1,2,0,True,True,1,True,6,8,False,True,1,1,1,True,False,True,True,True,True,True,False,definition_with_optional_label,False,False
clothing_ct097_v1,photo_prompt_visual_obligations_textile_surface.json,clothing_visible_relation,True,1,1,True,1,1,2,0,True,True,1,True,5,7,False,False,1,1,1,True,False,True,True,True,True,True,False,definition_with_optional_label,False,False
clothing_ct097_v2,photo_prompt_visual_obligations_textile_surface.json,clothing_visible_relation,True,1,1,True,1,1,2,0,True,True,1,True,6,10,False,True,1,1,1,True,False,True,True,True,True,True,False,definition_with_optional_label,False,False
clothing_ct098_v1,photo_prompt_visual_obligations_textile_surface.json,clothing_visible_relation,True,1,1,True,1,1,2,0,True,True,1,True,5,7,False,False,1,1,1,True,False,True,True,True,True,True,False,definition_with_optional_label,False,False
clothing_ct098_v2,photo_prompt_visual_obligations_textile_surface.json,clothing_visible_relation,True,1,1,True,1,1,2,0,True,True,1,True,6,8,False,True,1,1,1,True,False,True,True,True,True,True,False,definition_with_optional_label,False,False
clothing_ct099_v1,photo_prompt_visual_obligations_accessory_structure.json,clothing_visible_relation,True,1,1,True,1,1,2,0,True,True,1,True,7,9,False,True,1,1,1,True,False,True,True,True,True,True,False,definition_with_optional_label,False,False
clothing_ct099_v2,photo_prompt_visual_obligations_accessory_structure.json,clothing_visible_relation,True,1,1,True,1,1,2,0,True,True,1,True,6,10,False,True,1,1,1,True,False,True,True,True,True,True,False,definition_with_optional_label,False,False
clothing_ct100_v1,photo_prompt_visual_obligations_accessory_structure.json,clothing_visible_relation,True,1,1,True,1,1,2,0,True,True,1,True,6,7,False,False,1,1,1,True,False,True,True,True,True,True,False,definition_with_optional_label,False,False
clothing_ct100_v2,photo_prompt_visual_obligations_accessory_structure.json,clothing_visible_relation,True,1,1,True,1,1,2,0,True,True,1,True,6,7,False,False,1,1,1,True,False,True,True,True,True,True,False,definition_with_optional_label,False,False
clothing_ct101_v1,photo_prompt_visual_obligations_accessory_structure.json,clothing_visible_relation,True,1,1,True,1,1,2,0,True,True,1,True,6,8,False,True,1,1,1,True,False,True,True,True,True,True,False,definition_with_optional_label,False,False
clothing_ct101_v2,photo_prompt_visual_obligations_accessory_structure.json,clothing_visible_relation,True,1,1,True,1,1,2,0,True,True,1,True,6,10,False,True,1,1,1,True,False,True,True,True,True,True,False,definition_with_optional_label,False,False
clothing_ct102_v1,photo_prompt_visual_obligations_accessory_structure.json,clothing_visible_relation,True,1,1,True,1,1,2,0,True,True,1,True,4,7,False,False,1,1,1,True,False,True,True,True,True,True,False,definition_with_optional_label,False,False
clothing_ct102_v2,photo_prompt_visual_obligations_accessory_structure.json,clothing_visible_relation,True,1,1,True,1,1,2,0,True,True,1,True,5,8,False,True,1,1,1,True,False,True,True,True,True,True,False,definition_with_optional_label,False,False
clothing_ct103_v1,photo_prompt_visual_obligations_accessory_structure.json,clothing_visible_relation,True,1,1,True,1,1,2,0,True,True,1,True,5,9,False,True,1,1,1,True,False,True,True,True,True,True,False,definition_with_optional_label,False,False
clothing_ct103_v2,photo_prompt_visual_obligations_accessory_structure.json,clothing_visible_relation,True,1,1,True,1,1,2,0,True,True,1,True,5,10,False,True,1,1,1,True,False,True,True,True,True,True,False,definition_with_optional_label,False,False
clothing_ct104_v1,photo_prompt_visual_obligations_accessory_structure.json,clothing_visible_relation,True,1,1,True,1,1,2,0,True,True,1,True,5,6,False,False,1,1,1,True,False,True,True,True,True,True,False,definition_with_optional_label,False,False
clothing_ct104_v2,photo_prompt_visual_obligations_accessory_structure.json,clothing_visible_relation,True,1,1,True,1,1,2,0,True,True,1,True,7,11,False,True,1,1,1,True,False,True,True,True,True,True,False,definition_with_optional_label,False,False
clothing_ct105_v1,photo_prompt_visual_obligations_accessory_structure.json,clothing_visible_relation,True,1,1,True,1,1,2,0,True,True,1,True,5,9,False,True,1,1,1,True,False,True,True,True,True,True,False,definition_with_optional_label,False,False
clothing_ct105_v2,photo_prompt_visual_obligations_accessory_structure.json,clothing_visible_relation,True,1,1,True,1,1,2,0,True,True,1,True,5,9,False,True,1,1,1,True,False,True,True,True,True,True,False,definition_with_optional_label,False,False
clothing_ct106_v1,photo_prompt_visual_obligations_accessory_structure.json,clothing_visible_relation,True,1,1,True,1,1,2,0,True,True,1,True,5,5,False,False,1,1,1,True,False,True,True,True,True,True,False,definition_with_optional_label,False,False
clothing_ct106_v2,photo_prompt_visual_obligations_accessory_structure.json,clothing_visible_relation,True,1,1,True,1,1,2,0,True,True,1,True,5,7,False,False,1,1,1,True,False,True,True,True,True,True,False,definition_with_optional_label,False,False
clothing_ct107_v1,photo_prompt_visual_obligations_accessory_structure.json,clothing_visible_relation,True,1,1,True,1,1,2,0,True,True,1,True,5,7,False,False,1,1,1,True,False,True,True,True,True,True,False,definition_with_optional_label,False,False
clothing_ct107_v2,photo_prompt_visual_obligations_accessory_structure.json,clothing_visible_relation,True,1,1,True,1,1,2,0,True,True,1,True,6,10,False,True,1,1,1,True,False,True,True,True,True,True,False,definition_with_optional_label,False,False
clothing_ct108_v1,photo_prompt_visual_obligations_accessory_structure.json,clothing_visible_relation,True,1,1,True,1,1,2,0,True,True,1,True,5,7,False,False,1,1,1,True,False,True,True,True,True,True,False,definition_with_optional_label,False,False
clothing_ct108_v2,photo_prompt_visual_obligations_accessory_structure.json,clothing_visible_relation,True,1,1,True,1,1,2,0,True,True,1,True,6,8,False,True,1,1,1,True,False,True,True,True,True,True,False,definition_with_optional_label,False,False
clothing_ct109_v1,photo_prompt_visual_obligations_accessory_structure.json,clothing_visible_relation,True,1,1,True,1,1,2,0,True,True,1,True,6,10,False,True,1,1,1,True,False,True,True,True,True,True,False,definition_with_optional_label,False,False
clothing_ct109_v2,photo_prompt_visual_obligations_accessory_structure.json,clothing_visible_relation,True,1,1,True,1,1,2,0,True,True,1,True,5,10,False,True,1,1,1,True,False,True,True,True,True,True,False,definition_with_optional_label,False,False
clothing_ct110_v1,photo_prompt_visual_obligations_accessory_structure.json,clothing_visible_relation,True,1,1,True,1,1,2,0,True,True,1,True,7,7,False,False,1,1,1,True,False,True,True,True,True,True,False,definition_with_optional_label,False,False
clothing_ct110_v2,photo_prompt_visual_obligations_accessory_structure.json,clothing_visible_relation,True,1,1,True,1,1,2,0,True,True,1,True,6,9,False,True,1,1,1,True,False,True,True,True,True,True,False,definition_with_optional_label,False,False
clothing_ct111_v1,photo_prompt_visual_obligations_accessory_structure.json,clothing_visible_relation,True,1,1,True,1,1,2,0,True,True,1,True,7,10,False,True,1,1,1,True,False,True,True,True,True,True,False,definition_with_optional_label,False,False
clothing_ct111_v2,photo_prompt_visual_obligations_accessory_structure.json,clothing_visible_relation,True,1,1,True,1,1,2,0,True,True,1,True,6,10,False,True,1,1,1,True,False,True,True,True,True,True,False,definition_with_optional_label,False,False
clothing_ct112_v1,photo_prompt_visual_obligations_accessory_structure.json,clothing_visible_relation,True,1,1,True,1,1,2,0,True,True,1,True,5,8,False,True,1,1,1,True,False,True,True,True,True,True,False,definition_with_optional_label,False,False
clothing_ct112_v2,photo_prompt_visual_obligations_accessory_structure.json,clothing_visible_relation,True,1,1,True,1,1,2,0,True,True,1,True,6,7,False,False,1,1,1,True,False,True,True,True,True,True,False,definition_with_optional_label,False,False
clothing_ct113_v1,photo_prompt_visual_obligations_accessory_structure.json,clothing_visible_relation,True,1,1,True,1,1,2,0,True,True,1,True,4,7,False,False,1,1,1,True,False,True,True,True,True,True,False,definition_with_optional_label,False,False
clothing_ct113_v2,photo_prompt_visual_obligations_accessory_structure.json,clothing_visible_relation,True,1,1,True,1,1,2,0,True,True,1,True,6,11,False,True,1,1,1,True,False,True,True,True,True,True,False,definition_with_optional_label,False,False
clothing_ct114_v1,photo_prompt_visual_obligations_accessory_structure.json,clothing_visible_relation,True,1,1,True,1,1,2,0,True,True,1,True,6,7,False,False,1,1,1,True,False,True,True,True,True,True,False,definition_with_optional_label,False,False
clothing_ct114_v2,photo_prompt_visual_obligations_accessory_structure.json,clothing_visible_relation,True,1,1,True,1,1,2,0,True,True,1,True,6,8,False,True,1,1,1,True,False,True,True,True,True,True,False,definition_with_optional_label,False,False
clothing_ct115_v1,photo_prompt_visual_obligations_accessory_structure.json,clothing_visible_relation,True,1,1,True,1,1,2,0,True,True,1,True,8,11,False,True,1,1,1,True,False,True,True,True,True,True,False,definition_with_optional_label,False,False
clothing_ct115_v2,photo_prompt_visual_obligations_accessory_structure.json,clothing_visible_relation,True,1,1,True,1,1,2,0,True,True,1,True,6,9,False,True,1,1,1,True,False,True,True,True,True,True,False,definition_with_optional_label,False,False
clothing_ct116_v1,photo_prompt_visual_obligations_accessory_structure.json,clothing_visible_relation,True,2,2,True,2,2,2,0,True,True,2,True,5,11,False,True,1,1,1,True,False,True,True,True,True,True,False,definition_with_optional_label,False,False
clothing_ct116_v2,photo_prompt_visual_obligations_accessory_structure.json,clothing_visible_relation,True,1,1,True,1,1,2,0,True,True,1,True,6,10,False,True,1,1,1,True,False,True,True,True,True,True,False,definition_with_optional_label,False,False
clothing_ct118_v1,photo_prompt_visual_obligations_accessory_structure.json,clothing_visible_relation,True,1,1,True,1,1,2,0,True,True,1,True,6,9,False,True,1,1,1,True,False,True,True,True,True,True,False,definition_with_optional_label,False,False
clothing_ct118_v2,photo_prompt_visual_obligations_accessory_structure.json,clothing_visible_relation,True,1,1,True,1,1,2,0,True,True,1,True,6,9,False,True,1,1,1,True,False,True,True,True,True,True,False,definition_with_optional_label,False,False
clothing_ct119_v1,photo_prompt_visual_obligations_accessory_structure.json,clothing_visible_relation,True,1,1,True,1,1,2,0,True,True,1,True,7,10,False,True,1,1,1,True,False,True,True,True,True,True,False,definition_with_optional_label,False,False
clothing_ct119_v2,photo_prompt_visual_obligations_accessory_structure.json,clothing_visible_relation,True,1,1,True,1,1,2,0,True,True,1,True,5,10,False,True,1,1,1,True,False,True,True,True,True,True,False,definition_with_optional_label,False,False
clothing_ct120_v1,photo_prompt_visual_obligations_accessory_structure.json,clothing_visible_relation,True,1,1,True,1,1,2,0,True,True,1,True,5,8,False,True,1,1,1,True,False,True,True,True,True,True,False,definition_with_optional_label,False,False
clothing_ct120_v2,photo_prompt_visual_obligations_accessory_structure.json,clothing_visible_relation,True,1,1,True,1,1,2,0,True,True,1,True,5,8,False,True,1,1,1,True,False,True,True,True,True,True,False,definition_with_optional_label,False,False
clothing_ct121_v1,photo_prompt_visual_obligations_accessory_structure.json,clothing_visible_relation,True,1,1,True,1,1,2,0,True,True,1,True,6,10,False,True,1,1,1,True,False,True,True,True,True,True,False,definition_with_optional_label,False,False
clothing_ct121_v2,photo_prompt_visual_obligations_accessory_structure.json,clothing_visible_relation,True,1,1,True,1,1,2,0,True,True,1,True,5,7,False,False,1,1,1,True,False,True,True,True,True,True,False,definition_with_optional_label,False,False
clothing_ct122_v1,photo_prompt_visual_obligations_accessory_structure.json,clothing_visible_relation,True,1,1,True,1,1,2,0,True,True,1,True,6,11,False,True,1,1,1,True,False,True,True,True,True,True,False,definition_with_optional_label,False,False
clothing_ct122_v2,photo_prompt_visual_obligations_accessory_structure.json,clothing_visible_relation,True,1,1,True,1,1,2,0,True,True,1,True,6,9,False,True,1,1,1,True,False,True,True,True,True,True,False,definition_with_optional_label,False,False
clothing_ct123_v1,photo_prompt_visual_obligations_accessory_structure.json,clothing_visible_relation,True,1,1,True,1,1,2,0,True,True,1,True,6,11,False,True,1,1,1,True,False,True,True,True,True,True,False,definition_with_optional_label,False,False
clothing_ct123_v2,photo_prompt_visual_obligations_accessory_structure.json,clothing_visible_relation,True,1,1,True,1,1,2,0,True,True,1,True,6,10,False,True,1,1,1,True,False,True,True,True,True,True,False,definition_with_optional_label,False,False
clothing_ct124_v1,photo_prompt_visual_obligations_accessory_structure.json,clothing_visible_relation,True,1,1,True,1,1,2,0,True,True,1,True,4,7,False,False,1,1,1,True,False,True,True,True,True,True,False,definition_with_optional_label,False,False
clothing_ct124_v2,photo_prompt_visual_obligations_accessory_structure.json,clothing_visible_relation,True,1,1,True,1,1,2,0,True,True,1,True,5,7,False,False,1,1,1,True,False,True,True,True,True,True,False,definition_with_optional_label,False,False
clothing_ct125_v1,photo_prompt_visual_obligations_accessory_structure.json,clothing_visible_relation,True,1,1,True,1,1,2,0,True,True,1,True,6,11,False,True,1,1,1,True,False,True,True,True,True,True,False,definition_with_optional_label,False,False
clothing_ct125_v2,photo_prompt_visual_obligations_accessory_structure.json,clothing_visible_relation,True,1,1,True,1,1,2,0,True,True,1,True,5,8,False,True,1,1,1,True,False,True,True,True,True,True,False,definition_with_optional_label,False,False
clothing_ct126_v1,photo_prompt_visual_obligations_accessory_structure.json,clothing_visible_relation,True,1,1,True,1,1,2,0,True,True,1,True,6,7,False,False,1,1,1,True,False,True,True,True,True,True,False,definition_with_optional_label,False,False
clothing_ct126_v2,photo_prompt_visual_obligations_accessory_structure.json,clothing_visible_relation,True,1,1,True,1,1,2,0,True,True,1,True,6,8,False,True,1,1,1,True,False,True,True,True,True,True,False,definition_with_optional_label,False,False
clothing_ct127_v1,photo_prompt_visual_obligations_accessory_structure.json,clothing_visible_relation,True,1,1,True,1,1,2,0,True,True,1,True,5,9,False,True,1,1,1,True,False,True,True,True,True,True,False,definition_with_optional_label,False,False
clothing_ct127_v2,photo_prompt_visual_obligations_accessory_structure.json,clothing_visible_relation,True,1,1,True,1,1,2,0,True,True,1,True,7,10,False,True,1,1,1,True,False,True,True,True,True,True,False,definition_with_optional_label,False,False
clothing_ct128_v1,photo_prompt_visual_obligations_accessory_structure.json,clothing_visible_relation,True,1,1,True,1,1,2,0,True,True,1,True,5,7,False,False,1,1,1,True,False,True,True,True,True,True,False,definition_with_optional_label,False,False
clothing_ct128_v2,photo_prompt_visual_obligations_accessory_structure.json,clothing_visible_relation,True,1,1,True,1,1,2,0,True,True,1,True,6,10,False,True,1,1,1,True,False,True,True,True,True,True,False,definition_with_optional_label,False,False
clothing_ct129_v1,photo_prompt_visual_obligations_accessory_structure.json,clothing_visible_relation,True,1,1,True,1,1,2,0,True,True,1,True,6,9,False,True,1,1,1,True,False,True,True,True,True,True,False,definition_with_optional_label,False,False
clothing_ct129_v2,photo_prompt_visual_obligations_accessory_structure.json,clothing_visible_relation,True,1,1,True,1,1,2,0,True,True,1,True,5,10,False,True,1,1,1,True,False,True,True,True,True,True,False,definition_with_optional_label,False,False
clothing_ct130_v1,photo_prompt_visual_obligations_accessory_structure.json,clothing_visible_relation,True,1,1,True,1,1,2,0,True,True,1,True,6,10,False,True,1,1,1,True,False,True,True,True,True,True,False,definition_with_optional_label,False,False
clothing_ct130_v2,photo_prompt_visual_obligations_accessory_structure.json,clothing_visible_relation,True,1,1,True,1,1,2,0,True,True,1,True,5,8,False,True,1,1,1,True,False,True,True,True,True,True,False,definition_with_optional_label,False,False
clothing_ct131_v1,photo_prompt_visual_obligations_accessory_structure.json,clothing_visible_relation,True,1,1,True,1,1,2,0,True,True,1,True,7,11,False,True,1,1,1,True,False,True,True,True,True,True,False,definition_with_optional_label,False,False
clothing_ct131_v2,photo_prompt_visual_obligations_accessory_structure.json,clothing_visible_relation,True,1,1,True,1,1,2,0,True,True,1,True,7,9,False,True,1,1,1,True,False,True,True,True,True,True,False,definition_with_optional_label,False,False
clothing_ct132_v1,photo_prompt_visual_obligations_accessory_structure.json,clothing_visible_relation,True,1,1,True,1,1,2,0,True,True,1,True,5,8,False,True,1,1,1,True,False,True,True,True,True,True,False,definition_with_optional_label,False,False
clothing_ct132_v2,photo_prompt_visual_obligations_accessory_structure.json,clothing_visible_relation,True,1,1,True,1,1,2,0,True,True,1,True,5,9,False,True,1,1,1,True,False,True,True,True,True,True,False,definition_with_optional_label,False,False
clothing_ct133_v1,photo_prompt_visual_obligations_accessory_structure.json,clothing_visible_relation,True,1,1,True,1,1,2,0,True,True,1,True,5,8,False,True,1,1,1,True,False,True,True,True,True,True,False,definition_with_optional_label,False,False
clothing_ct133_v2,photo_prompt_visual_obligations_accessory_structure.json,clothing_visible_relation,True,1,1,True,1,1,2,0,True,True,1,True,5,10,False,True,1,1,1,True,False,True,True,True,True,True,False,definition_with_optional_label,False,False
clothing_ct135_v1,photo_prompt_visual_obligations_traditional_clothing_detail.json,clothing_visible_relation,True,1,1,True,1,1,2,0,True,True,1,True,7,11,False,True,1,1,1,True,False,True,True,True,True,True,False,definition_with_optional_label,False,False
clothing_ct135_v2,photo_prompt_visual_obligations_traditional_clothing_detail.json,clothing_visible_relation,True,1,1,True,1,1,2,0,True,True,1,True,5,8,False,True,1,1,1,True,False,True,True,True,True,True,False,definition_with_optional_label,False,False
clothing_ct136_v1,photo_prompt_visual_obligations_traditional_clothing_detail.json,clothing_visible_relation,True,1,1,True,1,1,2,0,True,True,1,True,5,9,False,True,1,1,1,True,False,True,True,True,True,True,False,definition_with_optional_label,False,False
clothing_ct136_v2,photo_prompt_visual_obligations_traditional_clothing_detail.json,clothing_visible_relation,True,1,1,True,1,1,2,0,True,True,1,True,7,9,False,True,1,1,1,True,False,True,True,True,True,True,False,definition_with_optional_label,False,False
clothing_ct137_v1,photo_prompt_visual_obligations_traditional_clothing_detail.json,clothing_visible_relation,True,2,2,True,2,2,2,0,True,True,2,True,5,13,False,True,1,1,1,True,False,True,True,True,True,True,False,definition_with_optional_label,False,False
clothing_ct137_v2,photo_prompt_visual_obligations_traditional_clothing_detail.json,clothing_visible_relation,True,1,1,True,1,1,2,0,True,True,1,True,6,8,False,True,1,1,1,True,False,True,True,True,True,True,False,definition_with_optional_label,False,False
clothing_ct139_v1,photo_prompt_visual_obligations_traditional_clothing_detail.json,clothing_visible_relation,True,2,2,True,2,2,2,0,True,True,2,True,8,12,False,True,1,1,1,True,False,True,True,True,True,True,False,definition_with_optional_label,False,False
clothing_ct139_v2,photo_prompt_visual_obligations_traditional_clothing_detail.json,clothing_visible_relation,True,1,1,True,1,1,2,0,True,True,1,True,6,9,False,True,1,1,1,True,False,True,True,True,True,True,False,definition_with_optional_label,False,False
clothing_ct140_v1,photo_prompt_visual_obligations_traditional_clothing_detail.json,clothing_visible_relation,True,1,1,True,1,1,2,0,True,True,1,True,7,10,False,True,1,1,1,True,False,True,True,True,True,True,False,definition_with_optional_label,False,False
clothing_ct140_v2,photo_prompt_visual_obligations_traditional_clothing_detail.json,clothing_visible_relation,True,1,1,True,1,1,2,0,True,True,1,True,7,12,False,True,1,1,1,True,False,True,True,True,True,True,False,definition_with_optional_label,False,False
clothing_ct141_v1,photo_prompt_visual_obligations_traditional_clothing_detail.json,clothing_visible_relation,True,1,1,True,1,1,2,0,True,True,1,True,7,9,False,True,1,1,1,True,False,True,True,True,True,True,False,definition_with_optional_label,False,False
clothing_ct141_v2,photo_prompt_visual_obligations_traditional_clothing_detail.json,clothing_visible_relation,True,1,1,True,1,1,2,0,True,True,1,True,7,8,False,True,1,1,1,True,False,True,True,True,True,True,False,definition_with_optional_label,False,False
clothing_ct142_v1,photo_prompt_visual_obligations_traditional_clothing_detail.json,clothing_visible_relation,True,1,1,True,1,1,2,0,True,True,1,True,7,13,False,True,1,1,1,True,False,True,True,True,True,True,False,definition_with_optional_label,False,False
clothing_ct142_v2,photo_prompt_visual_obligations_traditional_clothing_detail.json,clothing_visible_relation,True,1,1,True,1,1,2,0,True,True,1,True,7,11,False,True,1,1,1,True,False,True,True,True,True,True,False,definition_with_optional_label,False,False
clothing_ct148_v1,photo_prompt_visual_obligations_traditional_clothing_detail.json,clothing_visible_relation,True,1,1,True,1,1,2,0,True,True,1,True,8,8,False,True,1,1,1,True,False,True,True,True,True,True,False,definition_with_optional_label,False,False
clothing_ct148_v2,photo_prompt_visual_obligations_traditional_clothing_detail.json,clothing_visible_relation,True,1,1,True,1,1,2,0,True,True,1,True,7,9,False,True,1,1,1,True,False,True,True,True,True,True,False,definition_with_optional_label,False,False
clothing_ct149_v1,photo_prompt_visual_obligations_traditional_clothing_detail.json,clothing_visible_relation,True,1,1,True,1,1,2,0,True,True,1,True,5,9,False,True,1,1,1,True,False,True,True,True,True,True,False,definition_with_optional_label,False,False
clothing_ct149_v2,photo_prompt_visual_obligations_traditional_clothing_detail.json,clothing_visible_relation,True,1,1,True,1,1,2,0,True,True,1,True,7,9,False,True,1,1,1,True,False,True,True,True,True,True,False,definition_with_optional_label,False,False
clothing_ct151_v1,photo_prompt_visual_obligations_traditional_clothing_detail.json,clothing_visible_relation,True,1,1,True,1,1,2,0,True,True,1,True,5,7,False,False,1,1,1,True,False,True,True,True,True,True,False,definition_with_optional_label,False,False
clothing_ct151_v2,photo_prompt_visual_obligations_traditional_clothing_detail.json,clothing_visible_relation,True,1,1,True,1,1,2,0,True,True,1,True,6,9,False,True,1,1,1,True,False,True,True,True,True,True,False,definition_with_optional_label,False,False
clothing_ct152_v1,photo_prompt_visual_obligations_traditional_clothing_detail.json,clothing_visible_relation,True,1,1,True,1,1,2,0,True,True,1,True,7,8,False,True,1,1,1,True,False,True,True,True,True,True,False,definition_with_optional_label,False,False
clothing_ct152_v2,photo_prompt_visual_obligations_traditional_clothing_detail.json,clothing_visible_relation,True,1,1,True,1,1,2,0,True,True,1,True,5,7,False,False,1,1,1,True,False,True,True,True,True,True,False,definition_with_optional_label,False,False
clothing_ct153_v1,photo_prompt_visual_obligations_traditional_clothing_detail.json,clothing_visible_relation,True,1,1,True,1,1,2,0,True,True,1,True,5,7,False,False,1,1,1,True,False,True,True,True,True,True,False,definition_with_optional_label,False,False
clothing_ct153_v2,photo_prompt_visual_obligations_traditional_clothing_detail.json,clothing_visible_relation,True,1,1,True,1,1,2,0,True,True,1,True,4,9,False,True,1,1,1,True,False,True,True,True,True,True,False,definition_with_optional_label,False,False
