term_id,group,term,card_id,action,priority,slot,owner,property_family,scope_status,source_ids,related_family_draft_ids,reviewed_existing_candidate_ids,lexical_neighbor_count,evidence_level,semantic_equivalence_status,candidate_assignment_status
ST001,1a. 티셔츠와 민소매 상의,베이식 티셔츠 — Basic T-shirt,SF001,review_equivalents_then_add_or_extend_visible_variant,P1,wardrobe_style,same T-shirt,wardrobe.fit,proposed_family_requires_schema_and_effect_review,S02;S07,draft_summer_sf001_v1,,0,family_sources_plus_researcher_visual_decomposition,requires_variant_specific_review,family_inventory_only_not_direct_alias_mapping
ST002,1a. 티셔츠와 민소매 상의,베이비 티 — Baby tee,SF001,review_equivalents_then_add_or_extend_visible_variant,P1,wardrobe_style,same T-shirt,wardrobe.fit,proposed_family_requires_schema_and_effect_review,S02;S07,draft_summer_sf001_v1,,4,family_sources_plus_researcher_visual_decomposition,requires_variant_specific_review,family_inventory_only_not_direct_alias_mapping
ST003,1a. 티셔츠와 민소매 상의,크롭톱 — Crop top,SF002,reuse_meaning_review_relation_and_effect_scope,P0,garment_detail,same top hem relative to torso,wardrobe.length,proposed_family_requires_schema_and_effect_review,S23;S45,draft_summer_sf002_v1;draft_summer_sf002_v2,pfe_midriff_candidate,6,family_sources_plus_researcher_visual_decomposition,requires_variant_specific_review,family_inventory_only_not_direct_alias_mapping
ST004,1a. 티셔츠와 민소매 상의,마이크로 크롭톱 — Micro-crop top,SF002,reuse_meaning_review_relation_and_effect_scope,P0,garment_detail,same top hem relative to torso,wardrobe.length,proposed_family_requires_schema_and_effect_review,S23;S45,draft_summer_sf002_v1;draft_summer_sf002_v2,pfe_midriff_candidate,0,family_sources_plus_researcher_visual_decomposition,requires_variant_specific_review,family_inventory_only_not_direct_alias_mapping
ST005,1a. 티셔츠와 민소매 상의,탱크톱 — Tank top,SF003,review_equivalents_then_add_or_extend_visible_variant,P1,garment_detail,same top shoulder connections,wardrobe.structure.strap,proposed_family_requires_schema_and_effect_review,S07;S43,draft_summer_sf003_v1;draft_summer_sf003_v2,,10,family_sources_plus_researcher_visual_decomposition,requires_variant_specific_review,family_inventory_only_not_direct_alias_mapping
ST006,1a. 티셔츠와 민소매 상의,리브드 탱크 — Ribbed tank,SF003,review_equivalents_then_add_or_extend_visible_variant,P1,garment_detail,same top shoulder connections,wardrobe.structure.strap,proposed_family_requires_schema_and_effect_review,S07;S43,draft_summer_sf003_v1;draft_summer_sf003_v2,,2,family_sources_plus_researcher_visual_decomposition,requires_variant_specific_review,family_inventory_only_not_direct_alias_mapping
ST007,1a. 티셔츠와 민소매 상의,캐미솔·캐미 톱 — Camisole / Cami top,SF003,review_equivalents_then_add_or_extend_visible_variant,P1,garment_detail,same top shoulder connections,wardrobe.structure.strap,proposed_family_requires_schema_and_effect_review,S07;S43,draft_summer_sf003_v1;draft_summer_sf003_v2,,13,family_sources_plus_researcher_visual_decomposition,requires_variant_specific_review,family_inventory_only_not_direct_alias_mapping
ST008,1a. 티셔츠와 민소매 상의,튜브톱 — Tube top,SF004,reuse_meaning_review_relation_and_effect_scope,P1,garment_detail,same strapless top,wardrobe.structure.strap,proposed_family_requires_schema_and_effect_review,S12;S43,draft_summer_sf004_v1,sw_candidate_bandeau;y2kr_bandeau,5,family_sources_plus_researcher_visual_decomposition,requires_variant_specific_review,family_inventory_only_not_direct_alias_mapping
ST009,1a. 티셔츠와 민소매 상의,반도·밴도 톱 — Bandeau top,SF004,reuse_meaning_review_relation_and_effect_scope,P1,garment_detail,same strapless top,wardrobe.structure.strap,proposed_family_requires_schema_and_effect_review,S12;S43,draft_summer_sf004_v1,sw_candidate_bandeau;y2kr_bandeau,4,family_sources_plus_researcher_visual_decomposition,requires_variant_specific_review,family_inventory_only_not_direct_alias_mapping
ST010,1a. 티셔츠와 민소매 상의,홀터톱 — Halter top,SF005,reuse_meaning_review_relation_and_effect_scope,P0,garment_detail,same halter top or dress,wardrobe.structure.strap,proposed_family_requires_schema_and_effect_review,S22;S43,draft_summer_sf005_v1;draft_summer_sf005_v2,clt_ct038_v1,4,family_sources_plus_researcher_visual_decomposition,requires_variant_specific_review,family_inventory_only_not_direct_alias_mapping
ST011,1a. 티셔츠와 민소매 상의,스카프 톱·반다나 톱 — Scarf / Bandana top,SF006,review_equivalents_then_add_or_extend_visible_variant,P1,wardrobe_style,same tied scarf top,wardrobe.structure.front_fastener_state,existing_candidate_property_family,S48;S49,draft_summer_sf006_v1;draft_summer_sf006_v2,,31,family_sources_plus_researcher_visual_decomposition,requires_variant_specific_review,family_inventory_only_not_direct_alias_mapping
ST012,1a. 티셔츠와 민소매 상의,브라톱 — Bra top,SF007,review_equivalents_then_add_or_extend_visible_variant,P1,wardrobe_style,same short bust-covering top,wardrobe.structure,existing_candidate_property_family,S12;S24;S25,draft_summer_sf007_v1,,1,family_sources_plus_researcher_visual_decomposition,requires_variant_specific_review,family_inventory_only_not_direct_alias_mapping
ST013,1b. 블라우스·셔츠형 상의,랩톱 — Wrap top,SF008,reuse_meaning_review_relation_and_effect_scope,P1,garment_detail,same crossed front bodice,wardrobe.structure.front_fastener_state,existing_candidate_property_family,S27;S28,draft_summer_sf008_v1;draft_summer_sf008_v2,clt_ct018_v1,2,family_sources_plus_researcher_visual_decomposition,requires_variant_specific_review,family_inventory_only_not_direct_alias_mapping
ST014,1b. 블라우스·셔츠형 상의,타이프런트 톱 — Tie-front top,SF009,review_equivalents_then_add_or_extend_visible_variant,P1,garment_detail,same top closure,wardrobe.structure.front_fastener_state,existing_candidate_property_family,S22;S23,draft_summer_sf009_v1;draft_summer_sf009_v2,,2,family_sources_plus_researcher_visual_decomposition,requires_variant_specific_review,family_inventory_only_not_direct_alias_mapping
ST015,1b. 블라우스·셔츠형 상의,밀크메이드 톱 — Milkmaid top,SF010,review_equivalents_then_add_or_extend_visible_variant,P1,wardrobe_style,same blouse selected construction,wardrobe.structure,existing_candidate_property_family,S21;S23,draft_summer_sf010_v1;draft_summer_sf010_v2,,0,family_sources_plus_researcher_visual_decomposition,requires_variant_specific_review,family_inventory_only_not_direct_alias_mapping
ST016,1b. 블라우스·셔츠형 상의,피전트 블라우스 — Peasant blouse,SF010,review_equivalents_then_add_or_extend_visible_variant,P1,wardrobe_style,same blouse selected construction,wardrobe.structure,existing_candidate_property_family,S21;S23,draft_summer_sf010_v1;draft_summer_sf010_v2,,2,family_sources_plus_researcher_visual_decomposition,requires_variant_specific_review,family_inventory_only_not_direct_alias_mapping
ST017,1b. 블라우스·셔츠형 상의,스모크 톱 — Smocked top,SF011,reuse_meaning_review_relation_and_effect_scope,P1,garment_detail,same garment gathered area,wardrobe.structure,existing_candidate_property_family,S03,draft_summer_sf011_v1;draft_summer_sf011_v2,clt_ct064_v1;clt_ct064_v2,0,family_sources_plus_researcher_visual_decomposition,requires_variant_specific_review,family_inventory_only_not_direct_alias_mapping
ST018,1b. 블라우스·셔츠형 상의,크로셰 톱 — Crochet top,SF012,review_equivalents_then_add_or_extend_visible_variant,P1,surface_material,same crocheted garment layer,wardrobe.material.visible_weave,existing_candidate_property_family,S01;S16,draft_summer_sf012_v1,,0,family_sources_plus_researcher_visual_decomposition,requires_variant_specific_review,family_inventory_only_not_direct_alias_mapping
ST019,1b. 블라우스·셔츠형 상의,시어 셔츠 — Sheer shirt,SF013,review_equivalents_then_add_or_extend_visible_variant,P1,surface_material,same outer fabric and inner layer,wardrobe.material.transmission,existing_candidate_property_family,S05;S39,draft_summer_sf013_v1;draft_summer_sf013_v2,,1,family_sources_plus_researcher_visual_decomposition,requires_variant_specific_review,family_inventory_only_not_direct_alias_mapping
ST020,1b. 블라우스·셔츠형 상의,캠프칼라 셔츠 — Camp-collar shirt,SF014,review_equivalents_then_add_or_extend_visible_variant,P1,garment_detail,same shirt collar,wardrobe.neckline,existing_candidate_property_family,S20,draft_summer_sf014_v1,,2,family_sources_plus_researcher_visual_decomposition,requires_variant_specific_review,family_inventory_only_not_direct_alias_mapping
ST021,1b. 블라우스·셔츠형 상의,쿠반칼라 셔츠 — Cuban-collar shirt,SF014,review_equivalents_then_add_or_extend_visible_variant,P1,garment_detail,same shirt collar,wardrobe.neckline,existing_candidate_property_family,S20,draft_summer_sf014_v1,,0,family_sources_plus_researcher_visual_decomposition,requires_variant_specific_review,family_inventory_only_not_direct_alias_mapping
ST022,1b. 블라우스·셔츠형 상의,알로하·하와이안 셔츠 — Aloha / Hawaiian shirt,SF015,review_equivalents_then_add_or_extend_visible_variant,P1,wardrobe_style,same shirt printed surface,wardrobe.pattern,existing_candidate_property_family,S68;S32,draft_summer_sf015_v1,,0,family_sources_plus_researcher_visual_decomposition,requires_variant_specific_review,family_inventory_only_not_direct_alias_mapping
ST023,1b. 블라우스·셔츠형 상의,폴로셔츠 — Polo shirt,SF016,review_equivalents_then_add_or_extend_visible_variant,P1,garment_detail,same polo shirt,wardrobe.neckline,existing_candidate_property_family,S67;S07,draft_summer_sf016_v1,,0,family_sources_plus_researcher_visual_decomposition,requires_variant_specific_review,family_inventory_only_not_direct_alias_mapping
ST024,1b. 블라우스·셔츠형 상의,베스트 톱·웨이스트코트 톱 — Waistcoat worn as a top,SF017,review_equivalents_then_add_or_extend_visible_variant,P1,wardrobe_style,same sleeveless vest,wardrobe.structure,existing_candidate_property_family,S50;S01,draft_summer_sf017_v1,,0,family_sources_plus_researcher_visual_decomposition,requires_variant_specific_review,family_inventory_only_not_direct_alias_mapping
ST025,2. 쇄골·어깨·가슴 윗부분을 결정하는 네크라인,크루넥 — Crew neck,SF018,review_equivalents_then_add_or_extend_visible_variant,P1,garment_detail,same top neckline,wardrobe.neckline,existing_candidate_property_family,S43,draft_summer_sf018_v1,,0,family_sources_plus_researcher_visual_decomposition,requires_variant_specific_review,family_inventory_only_not_direct_alias_mapping
ST026,2. 쇄골·어깨·가슴 윗부분을 결정하는 네크라인,스쿠프넥·유넥 — Scoop / U-neck,SF019,review_equivalents_then_add_or_extend_visible_variant,P1,garment_detail,same top neckline,wardrobe.neckline,existing_candidate_property_family,S43,draft_summer_sf019_v1,,9,family_sources_plus_researcher_visual_decomposition,requires_variant_specific_review,family_inventory_only_not_direct_alias_mapping
ST027,2. 쇄골·어깨·가슴 윗부분을 결정하는 네크라인,딥 스쿠프넥 — Deep scoop neck,SF019,review_equivalents_then_add_or_extend_visible_variant,P1,garment_detail,same top neckline,wardrobe.neckline,existing_candidate_property_family,S43,draft_summer_sf019_v1,,0,family_sources_plus_researcher_visual_decomposition,requires_variant_specific_review,family_inventory_only_not_direct_alias_mapping
ST028,2. 쇄골·어깨·가슴 윗부분을 결정하는 네크라인,브이넥 — V-neck,SF020,review_equivalents_then_add_or_extend_visible_variant,P1,garment_detail,same top central neckline,wardrobe.neckline,existing_candidate_property_family,S43;S24,draft_summer_sf020_v1,,3,family_sources_plus_researcher_visual_decomposition,requires_variant_specific_review,family_inventory_only_not_direct_alias_mapping
ST029,2. 쇄골·어깨·가슴 윗부분을 결정하는 네크라인,플런징 네크라인 — Plunging neckline,SF020,review_equivalents_then_add_or_extend_visible_variant,P1,garment_detail,same top central neckline,wardrobe.neckline,existing_candidate_property_family,S43;S24,draft_summer_sf020_v1,,0,family_sources_plus_researcher_visual_decomposition,requires_variant_specific_review,family_inventory_only_not_direct_alias_mapping
ST030,2. 쇄골·어깨·가슴 윗부분을 결정하는 네크라인,스퀘어넥 — Square neck,SF021,review_equivalents_then_add_or_extend_visible_variant,P1,garment_detail,same bodice neckline,wardrobe.neckline,existing_candidate_property_family,S43;S23,draft_summer_sf021_v1,,4,family_sources_plus_researcher_visual_decomposition,requires_variant_specific_review,family_inventory_only_not_direct_alias_mapping
ST031,2. 쇄골·어깨·가슴 윗부분을 결정하는 네크라인,스위트하트넥 — Sweetheart neckline,SF022,review_equivalents_then_add_or_extend_visible_variant,P1,garment_detail,same bodice upper edge,wardrobe.neckline,existing_candidate_property_family,S43,draft_summer_sf022_v1,,3,family_sources_plus_researcher_visual_decomposition,requires_variant_specific_review,family_inventory_only_not_direct_alias_mapping
ST032,2. 쇄골·어깨·가슴 윗부분을 결정하는 네크라인,스트레이트어크로스 — Straight-across neckline,SF023,review_equivalents_then_add_or_extend_visible_variant,P1,garment_detail,same top upper edge,wardrobe.neckline,existing_candidate_property_family,S43;S12,draft_summer_sf023_v1,,0,family_sources_plus_researcher_visual_decomposition,requires_variant_specific_review,family_inventory_only_not_direct_alias_mapping
ST033,2. 쇄골·어깨·가슴 윗부분을 결정하는 네크라인,보트넥·바토넥 — Boat / Bateau neck,SF024,review_equivalents_then_add_or_extend_visible_variant,P1,garment_detail,same top neckline,wardrobe.neckline,existing_candidate_property_family,S43,draft_summer_sf024_v1,,12,family_sources_plus_researcher_visual_decomposition,requires_variant_specific_review,family_inventory_only_not_direct_alias_mapping
ST034,2. 쇄골·어깨·가슴 윗부분을 결정하는 네크라인,카울넥 — Cowl neck,SF025,review_equivalents_then_add_or_extend_visible_variant,P1,garment_detail,same hanging neckline fabric,wardrobe.material.drape,existing_candidate_property_family,S43;S01,draft_summer_sf025_v1,,4,family_sources_plus_researcher_visual_decomposition,requires_variant_specific_review,family_inventory_only_not_direct_alias_mapping
ST035,2. 쇄골·어깨·가슴 윗부분을 결정하는 네크라인,하이넥 홀터 — High-neck halter,SF005,reuse_meaning_review_relation_and_effect_scope,P0,garment_detail,same halter top or dress,wardrobe.structure.strap,proposed_family_requires_schema_and_effect_review,S22;S43,draft_summer_sf005_v1;draft_summer_sf005_v2,clt_ct038_v1,0,family_sources_plus_researcher_visual_decomposition,requires_variant_specific_review,family_inventory_only_not_direct_alias_mapping
ST036,2. 쇄골·어깨·가슴 윗부분을 결정하는 네크라인,오프숄더·바르도넥 — Off-shoulder / Bardot neckline,SF026,review_equivalents_then_add_or_extend_visible_variant,P1,garment_detail,same top upper edge and sleeves,wardrobe.coverage.shoulder,existing_candidate_property_family,S43,draft_summer_sf026_v1,,11,family_sources_plus_researcher_visual_decomposition,requires_variant_specific_review,family_inventory_only_not_direct_alias_mapping
ST037,2. 쇄골·어깨·가슴 윗부분을 결정하는 네크라인,원숄더 — One-shoulder,SF027,review_equivalents_then_add_or_extend_visible_variant,P1,garment_detail,same bodice shoulder attachment,wardrobe.coverage.shoulder,existing_candidate_property_family,S43,draft_summer_sf027_v1,,8,family_sources_plus_researcher_visual_decomposition,requires_variant_specific_review,family_inventory_only_not_direct_alias_mapping
ST038,2. 쇄골·어깨·가슴 윗부분을 결정하는 네크라인,콜드숄더 — Cold-shoulder,SF028,reuse_meaning_review_relation_and_effect_scope,P0,garment_detail,same sleeve shoulder bridge,wardrobe.coverage.shoulder,existing_candidate_property_family,S43;S01,draft_summer_sf028_v1,cold_shoulder_cutout_sleeve_bridge,2,family_sources_plus_researcher_visual_decomposition,requires_variant_specific_review,family_inventory_only_not_direct_alias_mapping
ST039,2. 쇄골·어깨·가슴 윗부분을 결정하는 네크라인,어시메트릭 네크라인 — Asymmetric neckline,SF027,review_equivalents_then_add_or_extend_visible_variant,P1,garment_detail,same bodice shoulder attachment,wardrobe.coverage.shoulder,existing_candidate_property_family,S43,draft_summer_sf027_v1,,2,family_sources_plus_researcher_visual_decomposition,requires_variant_specific_review,family_inventory_only_not_direct_alias_mapping
ST040,2. 쇄골·어깨·가슴 윗부분을 결정하는 네크라인,키홀넥 — Keyhole neckline,SF029,review_equivalents_then_add_or_extend_visible_variant,P1,garment_detail,same front bodice opening,wardrobe.coverage.opening_location,existing_candidate_property_family,S43;S17,draft_summer_sf029_v1,,2,family_sources_plus_researcher_visual_decomposition,requires_variant_specific_review,family_inventory_only_not_direct_alias_mapping
ST041,2. 쇄골·어깨·가슴 윗부분을 결정하는 네크라인,일루전 네크라인 — Illusion neckline,SF030,review_equivalents_then_add_or_extend_visible_variant,P1,garment_detail,same sheer support panel,wardrobe.material.transmission,existing_candidate_property_family,S43;S39,draft_summer_sf030_v1;draft_summer_sf030_v2,,2,family_sources_plus_researcher_visual_decomposition,requires_variant_specific_review,family_inventory_only_not_direct_alias_mapping
ST042,2. 쇄골·어깨·가슴 윗부분을 결정하는 네크라인,서플리스넥 — Surplice neckline,SF008,reuse_meaning_review_relation_and_effect_scope,P1,garment_detail,same crossed front bodice,wardrobe.structure.front_fastener_state,existing_candidate_property_family,S27;S28,draft_summer_sf008_v1;draft_summer_sf008_v2,clt_ct018_v1,0,family_sources_plus_researcher_visual_decomposition,requires_variant_specific_review,family_inventory_only_not_direct_alias_mapping
ST043,3. 겨드랑이·옆구리·등을 드러내는 소매와 연결 구조,슬리브리스 — Sleeveless,SF031,review_equivalents_then_add_or_extend_visible_variant,P1,garment_detail,same top arm opening,wardrobe.structure.sleeve,proposed_family_requires_schema_and_effect_review,S01;S43,draft_summer_sf031_v1;draft_summer_sf031_v2,,13,family_sources_plus_researcher_visual_decomposition,requires_variant_specific_review,family_inventory_only_not_direct_alias_mapping
ST044,3. 겨드랑이·옆구리·등을 드러내는 소매와 연결 구조,캡 슬리브 — Cap sleeve,SF031,review_equivalents_then_add_or_extend_visible_variant,P1,garment_detail,same top arm opening,wardrobe.structure.sleeve,proposed_family_requires_schema_and_effect_review,S01;S43,draft_summer_sf031_v1;draft_summer_sf031_v2,,0,family_sources_plus_researcher_visual_decomposition,requires_variant_specific_review,family_inventory_only_not_direct_alias_mapping
ST045,3. 겨드랑이·옆구리·등을 드러내는 소매와 연결 구조,플러터 슬리브 — Flutter sleeve,SF032,review_equivalents_then_add_or_extend_visible_variant,P1,garment_detail,same sleeve volume,wardrobe.structure.sleeve,proposed_family_requires_schema_and_effect_review,S21;S23,draft_summer_sf032_v1;draft_summer_sf032_v2,,2,family_sources_plus_researcher_visual_decomposition,requires_variant_specific_review,family_inventory_only_not_direct_alias_mapping
ST046,3. 겨드랑이·옆구리·등을 드러내는 소매와 연결 구조,퍼프 슬리브 — Puff sleeve,SF032,review_equivalents_then_add_or_extend_visible_variant,P1,garment_detail,same sleeve volume,wardrobe.structure.sleeve,proposed_family_requires_schema_and_effect_review,S21;S23,draft_summer_sf032_v1;draft_summer_sf032_v2,,2,family_sources_plus_researcher_visual_decomposition,requires_variant_specific_review,family_inventory_only_not_direct_alias_mapping
ST047,3. 겨드랑이·옆구리·등을 드러내는 소매와 연결 구조,래글런 슬리브 — Raglan sleeve,SF033,reuse_meaning_review_relation_and_effect_scope,P1,garment_detail,same top sleeve-to-bodice seam,wardrobe.fit.shoulder.seam_position,existing_candidate_property_family,S01;S02,draft_summer_sf033_v1;draft_summer_sf033_v2,fit_ff09_v1_candidate,2,family_sources_plus_researcher_visual_decomposition,requires_variant_specific_review,family_inventory_only_not_direct_alias_mapping
ST048,3. 겨드랑이·옆구리·등을 드러내는 소매와 연결 구조,드롭숄더 — Drop shoulder,SF033,reuse_meaning_review_relation_and_effect_scope,P1,garment_detail,same top sleeve-to-bodice seam,wardrobe.fit.shoulder.seam_position,existing_candidate_property_family,S01;S02,draft_summer_sf033_v1;draft_summer_sf033_v2,fit_ff09_v1_candidate,6,family_sources_plus_researcher_visual_decomposition,requires_variant_specific_review,family_inventory_only_not_direct_alias_mapping
ST049,3. 겨드랑이·옆구리·등을 드러내는 소매와 연결 구조,딥 암홀·드롭 암홀 — Deep / Dropped armhole,SF034,review_equivalents_then_add_or_extend_visible_variant,P1,garment_detail,same armhole lower boundary,wardrobe.coverage.opening_location,existing_candidate_property_family,S01;S02,draft_summer_sf034_v1,,56,family_sources_plus_researcher_visual_decomposition,requires_variant_specific_review,family_inventory_only_not_direct_alias_mapping
ST050,3. 겨드랑이·옆구리·등을 드러내는 소매와 연결 구조,머슬 탱크 — Muscle tank,SF034,review_equivalents_then_add_or_extend_visible_variant,P1,garment_detail,same armhole lower boundary,wardrobe.coverage.opening_location,existing_candidate_property_family,S01;S02,draft_summer_sf034_v1,,0,family_sources_plus_researcher_visual_decomposition,requires_variant_specific_review,family_inventory_only_not_direct_alias_mapping
ST051,3. 겨드랑이·옆구리·등을 드러내는 소매와 연결 구조,레이서백 — Racerback,SF035,reuse_meaning_review_relation_and_effect_scope,P0,garment_detail,same back strap network,wardrobe.structure.back_strap_connection,existing_candidate_property_family,S12;S22,draft_summer_sf035_v1;draft_summer_sf035_v2,fit_ff52_v1_candidate;fit_ff52_v2_candidate;crossback_strap_intersection,7,family_sources_plus_researcher_visual_decomposition,requires_variant_specific_review,family_inventory_only_not_direct_alias_mapping
ST052,3. 겨드랑이·옆구리·등을 드러내는 소매와 연결 구조,크로스백 — Cross-back,SF035,reuse_meaning_review_relation_and_effect_scope,P0,garment_detail,same back strap network,wardrobe.structure.back_strap_connection,existing_candidate_property_family,S12;S22,draft_summer_sf035_v1;draft_summer_sf035_v2,fit_ff52_v1_candidate;fit_ff52_v2_candidate;crossback_strap_intersection,5,family_sources_plus_researcher_visual_decomposition,requires_variant_specific_review,family_inventory_only_not_direct_alias_mapping
ST053,3. 겨드랑이·옆구리·등을 드러내는 소매와 연결 구조,오픈백 — Open-back,SF036,review_equivalents_then_add_or_extend_visible_variant,P1,garment_detail,same back bodice boundary,wardrobe.coverage.opening_location,existing_candidate_property_family,S22;S43,draft_summer_sf036_v1,,7,family_sources_plus_researcher_visual_decomposition,requires_variant_specific_review,family_inventory_only_not_direct_alias_mapping
ST054,3. 겨드랑이·옆구리·등을 드러내는 소매와 연결 구조,백리스 — Backless,SF036,review_equivalents_then_add_or_extend_visible_variant,P1,garment_detail,same back bodice boundary,wardrobe.coverage.opening_location,existing_candidate_property_family,S22;S43,draft_summer_sf036_v1,,5,family_sources_plus_researcher_visual_decomposition,requires_variant_specific_review,family_inventory_only_not_direct_alias_mapping
ST055,3. 겨드랑이·옆구리·등을 드러내는 소매와 연결 구조,로백 — Low-back,SF036,review_equivalents_then_add_or_extend_visible_variant,P1,garment_detail,same back bodice boundary,wardrobe.coverage.opening_location,existing_candidate_property_family,S22;S43,draft_summer_sf036_v1,,0,family_sources_plus_researcher_visual_decomposition,requires_variant_specific_review,family_inventory_only_not_direct_alias_mapping
ST056,3. 겨드랑이·옆구리·등을 드러내는 소매와 연결 구조,타이백 — Tie-back,SF009,review_equivalents_then_add_or_extend_visible_variant,P1,garment_detail,same top closure,wardrobe.structure.front_fastener_state,existing_candidate_property_family,S22;S23,draft_summer_sf009_v1;draft_summer_sf009_v2,,2,family_sources_plus_researcher_visual_decomposition,requires_variant_specific_review,family_inventory_only_not_direct_alias_mapping
ST057,3. 겨드랑이·옆구리·등을 드러내는 소매와 연결 구조,오픈사이드 — Open-side,SF037,review_equivalents_then_add_or_extend_visible_variant,P0,garment_detail,same garment side opening,wardrobe.coverage.opening_location,existing_candidate_property_family,S17;S39,draft_summer_sf037_v1;draft_summer_sf037_v2,,0,family_sources_plus_researcher_visual_decomposition,requires_variant_specific_review,family_inventory_only_not_direct_alias_mapping
ST058,4a. 전체 실루엣,피티드 — Fitted,SF038,reuse_meaning_review_relation_and_effect_scope,P1,garment_detail,same garment local contact,wardrobe.fit,proposed_family_requires_schema_and_effect_review,S02,draft_summer_sf038_v1,pfe_skimming_candidate,105,family_sources_plus_researcher_visual_decomposition,requires_variant_specific_review,family_inventory_only_not_direct_alias_mapping
ST059,4a. 전체 실루엣,바디스키밍 — Body-skimming,SF038,reuse_meaning_review_relation_and_effect_scope,P1,garment_detail,same garment local contact,wardrobe.fit,proposed_family_requires_schema_and_effect_review,S02,draft_summer_sf038_v1,pfe_skimming_candidate,5,family_sources_plus_researcher_visual_decomposition,requires_variant_specific_review,family_inventory_only_not_direct_alias_mapping
ST060,4a. 전체 실루엣,바디콘 — Bodycon,SF039,review_equivalents_then_add_or_extend_visible_variant,P1,wardrobe_style,same opaque fitted garment,wardrobe.fit,proposed_family_requires_schema_and_effect_review,S02;S09,draft_summer_sf039_v1,,7,family_sources_plus_researcher_visual_decomposition,requires_variant_specific_review,family_inventory_only_not_direct_alias_mapping
ST061,4a. 전체 실루엣,스킨타이트 — Skin-tight,SF039,review_equivalents_then_add_or_extend_visible_variant,P1,wardrobe_style,same opaque fitted garment,wardrobe.fit,proposed_family_requires_schema_and_effect_review,S02;S09,draft_summer_sf039_v1,,2,family_sources_plus_researcher_visual_decomposition,requires_variant_specific_review,family_inventory_only_not_direct_alias_mapping
ST062,4a. 전체 실루엣,밴디지 스타일 — Bandage style,SF040,review_equivalents_then_add_or_extend_visible_variant,P1,garment_detail,same banded garment panels,wardrobe.structure,existing_candidate_property_family,S02;S01,draft_summer_sf040_v1,,0,family_sources_plus_researcher_visual_decomposition,requires_variant_specific_review,family_inventory_only_not_direct_alias_mapping
ST063,4a. 전체 실루엣,웨이스트 디파인드 — Waist-defined,SF041,review_equivalents_then_add_or_extend_visible_variant,P1,wardrobe_style,same garment waist and skirt,wardrobe.fit.waist_suppression,existing_candidate_property_family,S02;S27,draft_summer_sf041_v1,,0,family_sources_plus_researcher_visual_decomposition,requires_variant_specific_review,family_inventory_only_not_direct_alias_mapping
ST064,4a. 전체 실루엣,아워글라스 실루엣 — Hourglass silhouette,SF041,review_equivalents_then_add_or_extend_visible_variant,P1,wardrobe_style,same garment waist and skirt,wardrobe.fit.waist_suppression,existing_candidate_property_family,S02;S27,draft_summer_sf041_v1,,13,family_sources_plus_researcher_visual_decomposition,requires_variant_specific_review,family_inventory_only_not_direct_alias_mapping
ST065,4a. 전체 실루엣,핏앤플레어 — Fit-and-flare,SF041,review_equivalents_then_add_or_extend_visible_variant,P1,wardrobe_style,same garment waist and skirt,wardrobe.fit.waist_suppression,existing_candidate_property_family,S02;S27,draft_summer_sf041_v1,,1,family_sources_plus_researcher_visual_decomposition,requires_variant_specific_review,family_inventory_only_not_direct_alias_mapping
ST066,4a. 전체 실루엣,바이어스 컷 — Bias cut,SF042,reuse_meaning_review_relation_and_effect_scope,P1,garment_detail,same garment drape and grain specification,wardrobe.material.drape,existing_candidate_property_family,S01;S06;S64,draft_summer_sf042_v1,bias_cut_body_skimming_drape,1,family_sources_plus_researcher_visual_decomposition,requires_variant_specific_review,family_inventory_only_not_direct_alias_mapping
ST067,4a. 전체 실루엣,릴랙스드 핏 — Relaxed fit,SF043,review_equivalents_then_add_or_extend_visible_variant,P1,wardrobe_style,same garment ease distribution,wardrobe.fit,proposed_family_requires_schema_and_effect_review,S02;S20,draft_summer_sf043_v1,,1,family_sources_plus_researcher_visual_decomposition,requires_variant_specific_review,family_inventory_only_not_direct_alias_mapping
ST068,4a. 전체 실루엣,박시 핏 — Boxy fit,SF043,review_equivalents_then_add_or_extend_visible_variant,P1,wardrobe_style,same garment ease distribution,wardrobe.fit,proposed_family_requires_schema_and_effect_review,S02;S20,draft_summer_sf043_v1,,0,family_sources_plus_researcher_visual_decomposition,requires_variant_specific_review,family_inventory_only_not_direct_alias_mapping
ST069,4a. 전체 실루엣,오버사이즈 — Oversized,SF043,review_equivalents_then_add_or_extend_visible_variant,P1,wardrobe_style,same garment ease distribution,wardrobe.fit,proposed_family_requires_schema_and_effect_review,S02;S20,draft_summer_sf043_v1,,122,family_sources_plus_researcher_visual_decomposition,requires_variant_specific_review,family_inventory_only_not_direct_alias_mapping
ST070,4b. 가슴과 허리 주변의 구조,브라렛 — Bralette,SF007,review_equivalents_then_add_or_extend_visible_variant,P1,wardrobe_style,same short bust-covering top,wardrobe.structure,existing_candidate_property_family,S12;S24;S25,draft_summer_sf007_v1,,4,family_sources_plus_researcher_visual_decomposition,requires_variant_specific_review,family_inventory_only_not_direct_alias_mapping
ST071,4b. 가슴과 허리 주변의 구조,뷔스티에 — Bustier,SF044,review_equivalents_then_add_or_extend_visible_variant,P1,wardrobe_style,same structured garment upper boundary,wardrobe.structure,existing_candidate_property_family,S01;S29,draft_summer_sf044_v1;draft_summer_sf044_v2,,7,family_sources_plus_researcher_visual_decomposition,requires_variant_specific_review,family_inventory_only_not_direct_alias_mapping
ST072,4b. 가슴과 허리 주변의 구조,코르셋 톱 — Corset top,SF044,review_equivalents_then_add_or_extend_visible_variant,P1,wardrobe_style,same structured garment upper boundary,wardrobe.structure,existing_candidate_property_family,S01;S29,draft_summer_sf044_v1;draft_summer_sf044_v2,,5,family_sources_plus_researcher_visual_decomposition,requires_variant_specific_review,family_inventory_only_not_direct_alias_mapping
ST073,4b. 가슴과 허리 주변의 구조,오버버스트 코르셋 — Overbust corset,SF044,review_equivalents_then_add_or_extend_visible_variant,P1,wardrobe_style,same structured garment upper boundary,wardrobe.structure,existing_candidate_property_family,S01;S29,draft_summer_sf044_v1;draft_summer_sf044_v2,,0,family_sources_plus_researcher_visual_decomposition,requires_variant_specific_review,family_inventory_only_not_direct_alias_mapping
ST074,4b. 가슴과 허리 주변의 구조,언더버스트 코르셋 — Underbust corset,SF044,review_equivalents_then_add_or_extend_visible_variant,P1,wardrobe_style,same structured garment upper boundary,wardrobe.structure,existing_candidate_property_family,S01;S29,draft_summer_sf044_v1;draft_summer_sf044_v2,,0,family_sources_plus_researcher_visual_decomposition,requires_variant_specific_review,family_inventory_only_not_direct_alias_mapping
ST075,4b. 가슴과 허리 주변의 구조,발코네트 — Balconette,SF045,review_equivalents_then_add_or_extend_visible_variant,P1,garment_detail,same cup top and strap attachment,wardrobe.coverage.cup_edge,existing_candidate_property_family,S24,draft_summer_sf045_v1,,0,family_sources_plus_researcher_visual_decomposition,requires_variant_specific_review,family_inventory_only_not_direct_alias_mapping
ST076,4b. 가슴과 허리 주변의 구조,데미컵 — Demi cup,SF045,review_equivalents_then_add_or_extend_visible_variant,P1,garment_detail,same cup top and strap attachment,wardrobe.coverage.cup_edge,existing_candidate_property_family,S24,draft_summer_sf045_v1,,0,family_sources_plus_researcher_visual_decomposition,requires_variant_specific_review,family_inventory_only_not_direct_alias_mapping
ST077,4b. 가슴과 허리 주변의 구조,플런지 브라·컵 — Plunge bra / cup,SF046,review_equivalents_then_add_or_extend_visible_variant,P1,garment_detail,same bra or swim top center,wardrobe.coverage.cup_edge,existing_candidate_property_family,S24;S25,draft_summer_sf046_v1,,75,family_sources_plus_researcher_visual_decomposition,requires_variant_specific_review,family_inventory_only_not_direct_alias_mapping
ST078,4b. 가슴과 허리 주변의 구조,푸시업 — Push-up,SF047,preserve_specification_no_automatic_pixel_candidate,P1,garment_detail,same cup internal specification,wardrobe.structure,existing_candidate_property_family,S24;S25,,,0,family_sources_plus_researcher_visual_decomposition,requires_variant_specific_review,family_inventory_only_not_direct_alias_mapping
ST079,4b. 가슴과 허리 주변의 구조,언더와이어 — Underwire,SF047,preserve_specification_no_automatic_pixel_candidate,P1,garment_detail,same cup internal specification,wardrobe.structure,existing_candidate_property_family,S24;S25,,,2,family_sources_plus_researcher_visual_decomposition,requires_variant_specific_review,family_inventory_only_not_direct_alias_mapping
ST080,4b. 가슴과 허리 주변의 구조,몰디드 컵 — Molded cup,SF047,preserve_specification_no_automatic_pixel_candidate,P1,garment_detail,same cup internal specification,wardrobe.structure,existing_candidate_property_family,S24;S25,,,1,family_sources_plus_researcher_visual_decomposition,requires_variant_specific_review,family_inventory_only_not_direct_alias_mapping
ST081,4b. 가슴과 허리 주변의 구조,보닝 — Boning,SF048,reuse_meaning_review_relation_and_effect_scope,P1,garment_detail,same bodice seam or casing,wardrobe.structure,existing_candidate_property_family,S01,draft_summer_sf048_v1;draft_summer_sf048_v2,clt_ct031_v1,12,family_sources_plus_researcher_visual_decomposition,requires_variant_specific_review,family_inventory_only_not_direct_alias_mapping
ST082,4b. 가슴과 허리 주변의 구조,프린세스 심 — Princess seam,SF048,reuse_meaning_review_relation_and_effect_scope,P1,garment_detail,same bodice seam or casing,wardrobe.structure,existing_candidate_property_family,S01,draft_summer_sf048_v1;draft_summer_sf048_v2,clt_ct031_v1,2,family_sources_plus_researcher_visual_decomposition,requires_variant_specific_review,family_inventory_only_not_direct_alias_mapping
ST083,4b. 가슴과 허리 주변의 구조,다트 — Dart,SF048,reuse_meaning_review_relation_and_effect_scope,P1,garment_detail,same bodice seam or casing,wardrobe.structure,existing_candidate_property_family,S01,draft_summer_sf048_v1;draft_summer_sf048_v2,clt_ct031_v1,5,family_sources_plus_researcher_visual_decomposition,requires_variant_specific_review,family_inventory_only_not_direct_alias_mapping
ST084,4b. 가슴과 허리 주변의 구조,언더버스트 심 — Underbust seam,SF048,reuse_meaning_review_relation_and_effect_scope,P1,garment_detail,same bodice seam or casing,wardrobe.structure,existing_candidate_property_family,S01,draft_summer_sf048_v1;draft_summer_sf048_v2,clt_ct031_v1,0,family_sources_plus_researcher_visual_decomposition,requires_variant_specific_review,family_inventory_only_not_direct_alias_mapping
ST085,5a. 노출되는 위치,데콜테 — Décolletage,SF049,review_equivalents_then_add_or_extend_visible_variant,P1,garment_detail,same wearer and garment upper opening,wardrobe.coverage.upper_edge,existing_candidate_property_family,S43;S24,draft_summer_sf049_v1;draft_summer_sf049_v2,,1,family_sources_plus_researcher_visual_decomposition,requires_variant_specific_review,family_inventory_only_not_direct_alias_mapping
ST086,5a. 노출되는 위치,클리비지 — Cleavage,SF049,review_equivalents_then_add_or_extend_visible_variant,P1,garment_detail,same wearer and garment upper opening,wardrobe.coverage.upper_edge,existing_candidate_property_family,S43;S24,draft_summer_sf049_v1;draft_summer_sf049_v2,,5,family_sources_plus_researcher_visual_decomposition,requires_variant_specific_review,family_inventory_only_not_direct_alias_mapping
ST087,5a. 노출되는 위치,사이드붑 — Sideboob,SF050,reuse_meaning_review_relation_and_effect_scope,P0,garment_detail,same adult wearer boundary and garment edge,wardrobe.coverage.opening_location,existing_candidate_property_family,S45;S43,draft_summer_sf050_v1;draft_summer_sf050_v2,pfe_lateral_chest_candidate;pfe_lower_chest_candidate,2,family_sources_plus_researcher_visual_decomposition,requires_variant_specific_review,family_inventory_only_not_direct_alias_mapping
ST088,5a. 노출되는 위치,언더붑 — Underboob,SF050,reuse_meaning_review_relation_and_effect_scope,P0,garment_detail,same adult wearer boundary and garment edge,wardrobe.coverage.opening_location,existing_candidate_property_family,S45;S43,draft_summer_sf050_v1;draft_summer_sf050_v2,pfe_lateral_chest_candidate;pfe_lower_chest_candidate,2,family_sources_plus_researcher_visual_decomposition,requires_variant_specific_review,family_inventory_only_not_direct_alias_mapping
ST089,5a. 노출되는 위치,미드리프 베어링 — Midriff-baring,SF051,reuse_meaning_review_relation_and_effect_scope,P0,garment_detail,"same top hem, lower waistband and wearer",wardrobe.coverage.opening_location,existing_candidate_property_family,S02;S15,draft_summer_sf051_v1;draft_summer_sf051_v2,pfe_midriff_candidate,0,family_sources_plus_researcher_visual_decomposition,requires_variant_specific_review,family_inventory_only_not_direct_alias_mapping
ST090,5a. 노출되는 위치,네이블 베어링 — Navel-baring,SF051,reuse_meaning_review_relation_and_effect_scope,P0,garment_detail,"same top hem, lower waistband and wearer",wardrobe.coverage.opening_location,existing_candidate_property_family,S02;S15,draft_summer_sf051_v1;draft_summer_sf051_v2,pfe_midriff_candidate,2,family_sources_plus_researcher_visual_decomposition,requires_variant_specific_review,family_inventory_only_not_direct_alias_mapping
ST091,5a. 노출되는 위치,컷아웃 — Cutout,SF037,review_equivalents_then_add_or_extend_visible_variant,P0,garment_detail,same garment side opening,wardrobe.coverage.opening_location,existing_candidate_property_family,S17;S39,draft_summer_sf037_v1;draft_summer_sf037_v2,,20,family_sources_plus_researcher_visual_decomposition,requires_variant_specific_review,family_inventory_only_not_direct_alias_mapping
ST092,5a. 노출되는 위치,웨이스트 컷아웃 — Waist cutout,SF037,review_equivalents_then_add_or_extend_visible_variant,P0,garment_detail,same garment side opening,wardrobe.coverage.opening_location,existing_candidate_property_family,S17;S39,draft_summer_sf037_v1;draft_summer_sf037_v2,,4,family_sources_plus_researcher_visual_decomposition,requires_variant_specific_review,family_inventory_only_not_direct_alias_mapping
ST093,5a. 노출되는 위치,사이드 컷아웃 — Side cutout,SF037,review_equivalents_then_add_or_extend_visible_variant,P0,garment_detail,same garment side opening,wardrobe.coverage.opening_location,existing_candidate_property_family,S17;S39,draft_summer_sf037_v1;draft_summer_sf037_v2,,4,family_sources_plus_researcher_visual_decomposition,requires_variant_specific_review,family_inventory_only_not_direct_alias_mapping
ST094,5a. 노출되는 위치,프런트 컷아웃 — Front cutout,SF029,review_equivalents_then_add_or_extend_visible_variant,P1,garment_detail,same front bodice opening,wardrobe.coverage.opening_location,existing_candidate_property_family,S43;S17,draft_summer_sf029_v1,,4,family_sources_plus_researcher_visual_decomposition,requires_variant_specific_review,family_inventory_only_not_direct_alias_mapping
ST095,5a. 노출되는 위치,슬릿 — Slit,SF052,review_equivalents_then_add_or_extend_visible_variant,P1,garment_detail,same skirt slit and hem,wardrobe.coverage.opening_location,existing_candidate_property_family,S01;S27,draft_summer_sf052_v1,,22,family_sources_plus_researcher_visual_decomposition,requires_variant_specific_review,family_inventory_only_not_direct_alias_mapping
ST096,5a. 노출되는 위치,사이하이 슬릿 — Thigh-high slit,SF052,review_equivalents_then_add_or_extend_visible_variant,P1,garment_detail,same skirt slit and hem,wardrobe.coverage.opening_location,existing_candidate_property_family,S01;S27,draft_summer_sf052_v1,,2,family_sources_plus_researcher_visual_decomposition,requires_variant_specific_review,family_inventory_only_not_direct_alias_mapping
ST097,5b. 비침·이너웨어·착장 방식,시어·시스루 — Sheer / See-through,SF013,review_equivalents_then_add_or_extend_visible_variant,P1,surface_material,same outer fabric and inner layer,wardrobe.material.transmission,existing_candidate_property_family,S05;S39,draft_summer_sf013_v1;draft_summer_sf013_v2,,39,family_sources_plus_researcher_visual_decomposition,requires_variant_specific_review,family_inventory_only_not_direct_alias_mapping
ST098,5b. 비침·이너웨어·착장 방식,세미시어 — Semi-sheer,SF013,review_equivalents_then_add_or_extend_visible_variant,P1,surface_material,same outer fabric and inner layer,wardrobe.material.transmission,existing_candidate_property_family,S05;S39,draft_summer_sf013_v1;draft_summer_sf013_v2,,4,family_sources_plus_researcher_visual_decomposition,requires_variant_specific_review,family_inventory_only_not_direct_alias_mapping
ST099,5b. 비침·이너웨어·착장 방식,오픈워크 — Openwork,SF053,review_equivalents_then_add_or_extend_visible_variant,P1,surface_material,same openwork outer layer and inner layer,wardrobe.material.transmission,existing_candidate_property_family,S01;S05;S07,draft_summer_sf053_v1,,13,family_sources_plus_researcher_visual_decomposition,requires_variant_specific_review,family_inventory_only_not_direct_alias_mapping
ST100,5b. 비침·이너웨어·착장 방식,누드 일루전 — Nude illusion,SF030,review_equivalents_then_add_or_extend_visible_variant,P1,garment_detail,same sheer support panel,wardrobe.material.transmission,existing_candidate_property_family,S43;S39,draft_summer_sf030_v1;draft_summer_sf030_v2,,0,family_sources_plus_researcher_visual_decomposition,requires_variant_specific_review,family_inventory_only_not_direct_alias_mapping
ST101,5b. 비침·이너웨어·착장 방식,언라인드 — Unlined,SF054,preserve_specification_no_automatic_pixel_candidate,P0,garment_detail,same hidden clothing layers,wardrobe.layers,existing_candidate_property_family,S25;S26;S39,,,0,family_sources_plus_researcher_visual_decomposition,requires_variant_specific_review,family_inventory_only_not_direct_alias_mapping
ST102,5b. 비침·이너웨어·착장 방식,브라리스 — Braless,SF054,preserve_specification_no_automatic_pixel_candidate,P0,garment_detail,same hidden clothing layers,wardrobe.layers,existing_candidate_property_family,S25;S26;S39,,,0,family_sources_plus_researcher_visual_decomposition,requires_variant_specific_review,family_inventory_only_not_direct_alias_mapping
ST103,5b. 비침·이너웨어·착장 방식,비저블 란제리 — Visible lingerie,SF055,reuse_meaning_review_relation_and_effect_scope,P1,garment_detail,same inner garment and outer garment,wardrobe.layers,existing_candidate_property_family,S39;S40,draft_summer_sf055_v1,y2kr_whale_tail,3,family_sources_plus_researcher_visual_decomposition,requires_variant_specific_review,family_inventory_only_not_direct_alias_mapping
ST104,5b. 비침·이너웨어·착장 방식,웨일테일 — Whale tail,SF055,reuse_meaning_review_relation_and_effect_scope,P1,garment_detail,same inner garment and outer garment,wardrobe.layers,existing_candidate_property_family,S39;S40,draft_summer_sf055_v1,y2kr_whale_tail,2,family_sources_plus_researcher_visual_decomposition,requires_variant_specific_review,family_inventory_only_not_direct_alias_mapping
ST105,5b. 비침·이너웨어·착장 방식,네이키드 드레싱 — Naked dressing,SF055,reuse_meaning_review_relation_and_effect_scope,P1,garment_detail,same inner garment and outer garment,wardrobe.layers,existing_candidate_property_family,S39;S40,draft_summer_sf055_v1,y2kr_whale_tail,0,family_sources_plus_researcher_visual_decomposition,requires_variant_specific_review,family_inventory_only_not_direct_alias_mapping
ST106,5b. 비침·이너웨어·착장 방식,니플 커버·패스티 — Nipple covers / Pasties,SF056,preserve_specification_no_automatic_pixel_candidate,P1,wearable_accessory,same independent coverage accessory,wardrobe.coverage,existing_candidate_property_family,S26,,,3,family_sources_plus_researcher_visual_decomposition,requires_variant_specific_review,family_inventory_only_not_direct_alias_mapping
ST107,6. 여름 원피스·점프슈트·일체형 의상,선드레스 — Sundress,SF057,review_equivalents_then_add_or_extend_visible_variant,P1,wardrobe_style,same dress base structure,wardrobe.structure,existing_candidate_property_family,S63;S05;S07,draft_summer_sf057_v1;draft_summer_sf057_v2,,0,family_sources_plus_researcher_visual_decomposition,requires_variant_specific_review,family_inventory_only_not_direct_alias_mapping
ST108,6. 여름 원피스·점프슈트·일체형 의상,슬립 드레스 — Slip dress,SF057,review_equivalents_then_add_or_extend_visible_variant,P1,wardrobe_style,same dress base structure,wardrobe.structure,existing_candidate_property_family,S63;S05;S07,draft_summer_sf057_v1;draft_summer_sf057_v2,,7,family_sources_plus_researcher_visual_decomposition,requires_variant_specific_review,family_inventory_only_not_direct_alias_mapping
ST109,6. 여름 원피스·점프슈트·일체형 의상,셔츠 드레스 — Shirt dress,SF057,review_equivalents_then_add_or_extend_visible_variant,P1,wardrobe_style,same dress base structure,wardrobe.structure,existing_candidate_property_family,S63;S05;S07,draft_summer_sf057_v1;draft_summer_sf057_v2,,5,family_sources_plus_researcher_visual_decomposition,requires_variant_specific_review,family_inventory_only_not_direct_alias_mapping
ST110,6. 여름 원피스·점프슈트·일체형 의상,티셔츠 드레스 — T-shirt dress,SF057,review_equivalents_then_add_or_extend_visible_variant,P1,wardrobe_style,same dress base structure,wardrobe.structure,existing_candidate_property_family,S63;S05;S07,draft_summer_sf057_v1;draft_summer_sf057_v2,,1,family_sources_plus_researcher_visual_decomposition,requires_variant_specific_review,family_inventory_only_not_direct_alias_mapping
ST111,6. 여름 원피스·점프슈트·일체형 의상,랩 드레스 — Wrap dress,SF008,reuse_meaning_review_relation_and_effect_scope,P1,garment_detail,same crossed front bodice,wardrobe.structure.front_fastener_state,existing_candidate_property_family,S27;S28,draft_summer_sf008_v1;draft_summer_sf008_v2,clt_ct018_v1,6,family_sources_plus_researcher_visual_decomposition,requires_variant_specific_review,family_inventory_only_not_direct_alias_mapping
ST112,6. 여름 원피스·점프슈트·일체형 의상,시스 드레스 — Sheath dress,SF058,review_equivalents_then_add_or_extend_visible_variant,P1,wardrobe_style,same dress waist and hem width,wardrobe.fit,proposed_family_requires_schema_and_effect_review,S52;S65;S63;S02,draft_summer_sf058_v1;draft_summer_sf058_v2,,2,family_sources_plus_researcher_visual_decomposition,requires_variant_specific_review,family_inventory_only_not_direct_alias_mapping
ST113,6. 여름 원피스·점프슈트·일체형 의상,시프트 드레스 — Shift dress,SF058,review_equivalents_then_add_or_extend_visible_variant,P1,wardrobe_style,same dress waist and hem width,wardrobe.fit,proposed_family_requires_schema_and_effect_review,S52;S65;S63;S02,draft_summer_sf058_v1;draft_summer_sf058_v2,,0,family_sources_plus_researcher_visual_decomposition,requires_variant_specific_review,family_inventory_only_not_direct_alias_mapping
ST114,6. 여름 원피스·점프슈트·일체형 의상,에이라인 드레스 — A-line dress,SF058,review_equivalents_then_add_or_extend_visible_variant,P1,wardrobe_style,same dress waist and hem width,wardrobe.fit,proposed_family_requires_schema_and_effect_review,S52;S65;S63;S02,draft_summer_sf058_v1;draft_summer_sf058_v2,,3,family_sources_plus_researcher_visual_decomposition,requires_variant_specific_review,family_inventory_only_not_direct_alias_mapping
ST115,6. 여름 원피스·점프슈트·일체형 의상,베이비돌 드레스 — Babydoll dress,SF059,review_equivalents_then_add_or_extend_visible_variant,P1,garment_detail,same dress seam landmark,wardrobe.details.waistline_position,existing_candidate_property_family,S64;S65;S28,draft_summer_sf059_v1;draft_summer_sf059_v2,,0,family_sources_plus_researcher_visual_decomposition,requires_variant_specific_review,family_inventory_only_not_direct_alias_mapping
ST116,6. 여름 원피스·점프슈트·일체형 의상,엠파이어 웨이스트 — Empire waist,SF059,review_equivalents_then_add_or_extend_visible_variant,P1,garment_detail,same dress seam landmark,wardrobe.details.waistline_position,existing_candidate_property_family,S64;S65;S28,draft_summer_sf059_v1;draft_summer_sf059_v2,,3,family_sources_plus_researcher_visual_decomposition,requires_variant_specific_review,family_inventory_only_not_direct_alias_mapping
ST117,6. 여름 원피스·점프슈트·일체형 의상,드롭웨이스트 — Drop waist,SF059,review_equivalents_then_add_or_extend_visible_variant,P1,garment_detail,same dress seam landmark,wardrobe.details.waistline_position,existing_candidate_property_family,S64;S65;S28,draft_summer_sf059_v1;draft_summer_sf059_v2,,8,family_sources_plus_researcher_visual_decomposition,requires_variant_specific_review,family_inventory_only_not_direct_alias_mapping
ST118,6. 여름 원피스·점프슈트·일체형 의상,티어드 드레스 — Tiered dress,SF060,review_equivalents_then_add_or_extend_visible_variant,P1,garment_detail,same connected skirt tiers,wardrobe.structure,existing_candidate_property_family,S05;S01,draft_summer_sf060_v1,,0,family_sources_plus_researcher_visual_decomposition,requires_variant_specific_review,family_inventory_only_not_direct_alias_mapping
ST119,6. 여름 원피스·점프슈트·일체형 의상,홀터 드레스 — Halter dress,SF005,reuse_meaning_review_relation_and_effect_scope,P0,garment_detail,same halter top or dress,wardrobe.structure.strap,proposed_family_requires_schema_and_effect_review,S22;S43,draft_summer_sf005_v1;draft_summer_sf005_v2,clt_ct038_v1,0,family_sources_plus_researcher_visual_decomposition,requires_variant_specific_review,family_inventory_only_not_direct_alias_mapping
ST120,6. 여름 원피스·점프슈트·일체형 의상,컷아웃 드레스 — Cutout dress,SF037,review_equivalents_then_add_or_extend_visible_variant,P0,garment_detail,same garment side opening,wardrobe.coverage.opening_location,existing_candidate_property_family,S17;S39,draft_summer_sf037_v1;draft_summer_sf037_v2,,0,family_sources_plus_researcher_visual_decomposition,requires_variant_specific_review,family_inventory_only_not_direct_alias_mapping
ST121,6. 여름 원피스·점프슈트·일체형 의상,롬퍼·플레이수트 — Romper / Playsuit,SF061,review_equivalents_then_add_or_extend_visible_variant,P1,wardrobe_style,same connected upper and divided lower garment,wardrobe.structure,existing_candidate_property_family,S31;S30,draft_summer_sf061_v1,,6,family_sources_plus_researcher_visual_decomposition,requires_variant_specific_review,family_inventory_only_not_direct_alias_mapping
ST122,6. 여름 원피스·점프슈트·일체형 의상,점프슈트 — Jumpsuit,SF061,review_equivalents_then_add_or_extend_visible_variant,P1,wardrobe_style,same connected upper and divided lower garment,wardrobe.structure,existing_candidate_property_family,S31;S30,draft_summer_sf061_v1,,6,family_sources_plus_researcher_visual_decomposition,requires_variant_specific_review,family_inventory_only_not_direct_alias_mapping
ST123,6. 여름 원피스·점프슈트·일체형 의상,보디수트 — Bodysuit,SF061,review_equivalents_then_add_or_extend_visible_variant,P1,wardrobe_style,same connected upper and divided lower garment,wardrobe.structure,existing_candidate_property_family,S31;S30,draft_summer_sf061_v1,,13,family_sources_plus_researcher_visual_decomposition,requires_variant_specific_review,family_inventory_only_not_direct_alias_mapping
ST124,7. 스커트의 길이와 형태,미니스커트 — Mini skirt,SF062,review_equivalents_then_add_or_extend_visible_variant,P1,garment_detail,same skirt hem relative to legs,wardrobe.length,proposed_family_requires_schema_and_effect_review,S30;S05,draft_summer_sf062_v1;draft_summer_sf062_v2,,15,family_sources_plus_researcher_visual_decomposition,requires_variant_specific_review,family_inventory_only_not_direct_alias_mapping
ST125,7. 스커트의 길이와 형태,마이크로 미니 — Micro mini,SF062,review_equivalents_then_add_or_extend_visible_variant,P1,garment_detail,same skirt hem relative to legs,wardrobe.length,proposed_family_requires_schema_and_effect_review,S30;S05,draft_summer_sf062_v1;draft_summer_sf062_v2,,2,family_sources_plus_researcher_visual_decomposition,requires_variant_specific_review,family_inventory_only_not_direct_alias_mapping
ST126,7. 스커트의 길이와 형태,미디스커트 — Midi skirt,SF062,review_equivalents_then_add_or_extend_visible_variant,P1,garment_detail,same skirt hem relative to legs,wardrobe.length,proposed_family_requires_schema_and_effect_review,S30;S05,draft_summer_sf062_v1;draft_summer_sf062_v2,,4,family_sources_plus_researcher_visual_decomposition,requires_variant_specific_review,family_inventory_only_not_direct_alias_mapping
ST127,7. 스커트의 길이와 형태,맥시스커트 — Maxi skirt,SF062,review_equivalents_then_add_or_extend_visible_variant,P1,garment_detail,same skirt hem relative to legs,wardrobe.length,proposed_family_requires_schema_and_effect_review,S30;S05,draft_summer_sf062_v1;draft_summer_sf062_v2,,0,family_sources_plus_researcher_visual_decomposition,requires_variant_specific_review,family_inventory_only_not_direct_alias_mapping
ST128,7. 스커트의 길이와 형태,펜슬스커트 — Pencil skirt,SF063,review_equivalents_then_add_or_extend_visible_variant,P1,wardrobe_style,same skirt local width distribution,wardrobe.fit,proposed_family_requires_schema_and_effect_review,S66;S02,draft_summer_sf063_v1;draft_summer_sf063_v2,,2,family_sources_plus_researcher_visual_decomposition,requires_variant_specific_review,family_inventory_only_not_direct_alias_mapping
ST129,7. 스커트의 길이와 형태,서클스커트 — Circle skirt,SF063,review_equivalents_then_add_or_extend_visible_variant,P1,wardrobe_style,same skirt local width distribution,wardrobe.fit,proposed_family_requires_schema_and_effect_review,S66;S02,draft_summer_sf063_v1;draft_summer_sf063_v2,,0,family_sources_plus_researcher_visual_decomposition,requires_variant_specific_review,family_inventory_only_not_direct_alias_mapping
ST130,7. 스커트의 길이와 형태,스케이터 스커트 — Skater skirt,SF063,review_equivalents_then_add_or_extend_visible_variant,P1,wardrobe_style,same skirt local width distribution,wardrobe.fit,proposed_family_requires_schema_and_effect_review,S66;S02,draft_summer_sf063_v1;draft_summer_sf063_v2,,0,family_sources_plus_researcher_visual_decomposition,requires_variant_specific_review,family_inventory_only_not_direct_alias_mapping
ST131,7. 스커트의 길이와 형태,플리츠 스커트 — Pleated skirt,SF064,review_equivalents_then_add_or_extend_visible_variant,P1,garment_detail,same repeated folded fabric,wardrobe.structure,existing_candidate_property_family,S01;S29,draft_summer_sf064_v1,,2,family_sources_plus_researcher_visual_decomposition,requires_variant_specific_review,family_inventory_only_not_direct_alias_mapping
ST132,7. 스커트의 길이와 형태,랩 스커트 — Wrap skirt,SF008,reuse_meaning_review_relation_and_effect_scope,P1,garment_detail,same crossed front bodice,wardrobe.structure.front_fastener_state,existing_candidate_property_family,S27;S28,draft_summer_sf008_v1;draft_summer_sf008_v2,clt_ct018_v1,8,family_sources_plus_researcher_visual_decomposition,requires_variant_specific_review,family_inventory_only_not_direct_alias_mapping
ST133,7. 스커트의 길이와 형태,사롱 스커트 — Sarong skirt,SF065,reuse_meaning_review_relation_and_effect_scope,P1,wardrobe_style,same wrapping cloth,wardrobe.structure.front_fastener_state,existing_candidate_property_family,S16;S18,draft_summer_sf065_v1,sw_candidate_wrapcover,2,family_sources_plus_researcher_visual_decomposition,requires_variant_specific_review,family_inventory_only_not_direct_alias_mapping
ST134,7. 스커트의 길이와 형태,하이로 스커트 — High-low skirt,SF066,review_equivalents_then_add_or_extend_visible_variant,P1,garment_detail,same skirt hem positions,wardrobe.length,proposed_family_requires_schema_and_effect_review,S01;S51,draft_summer_sf066_v1,,0,family_sources_plus_researcher_visual_decomposition,requires_variant_specific_review,family_inventory_only_not_direct_alias_mapping
ST135,7. 스커트의 길이와 형태,어시메트릭 스커트 — Asymmetric skirt,SF066,review_equivalents_then_add_or_extend_visible_variant,P1,garment_detail,same skirt hem positions,wardrobe.length,proposed_family_requires_schema_and_effect_review,S01;S51,draft_summer_sf066_v1,,3,family_sources_plus_researcher_visual_decomposition,requires_variant_specific_review,family_inventory_only_not_direct_alias_mapping
ST136,7. 스커트의 길이와 형태,버블 스커트 — Bubble skirt,SF067,review_equivalents_then_add_or_extend_visible_variant,P1,wardrobe_style,same lower skirt boundary,wardrobe.silhouette,proposed_family_requires_schema_and_effect_review,S51;S02,draft_summer_sf067_v1;draft_summer_sf067_v2,,0,family_sources_plus_researcher_visual_decomposition,requires_variant_specific_review,family_inventory_only_not_direct_alias_mapping
ST137,7. 스커트의 길이와 형태,머메이드 스커트 — Mermaid skirt,SF067,review_equivalents_then_add_or_extend_visible_variant,P1,wardrobe_style,same lower skirt boundary,wardrobe.silhouette,proposed_family_requires_schema_and_effect_review,S51;S02,draft_summer_sf067_v1;draft_summer_sf067_v2,,2,family_sources_plus_researcher_visual_decomposition,requires_variant_specific_review,family_inventory_only_not_direct_alias_mapping
ST138,7. 스커트의 길이와 형태,슬릿 스커트 — Slit skirt,SF052,review_equivalents_then_add_or_extend_visible_variant,P1,garment_detail,same skirt slit and hem,wardrobe.coverage.opening_location,existing_candidate_property_family,S01;S27,draft_summer_sf052_v1,,5,family_sources_plus_researcher_visual_decomposition,requires_variant_specific_review,family_inventory_only_not_direct_alias_mapping
ST139,8a. 반바지·여름 바지,핫팬츠·쇼트쇼츠 — Hot pants / Short shorts,SF068,review_equivalents_then_add_or_extend_visible_variant,P1,wardrobe_style,same shorts length and raw edge,wardrobe.length,proposed_family_requires_schema_and_effect_review,S06;S30,draft_summer_sf068_v1,,13,family_sources_plus_researcher_visual_decomposition,requires_variant_specific_review,family_inventory_only_not_direct_alias_mapping
ST140,8a. 반바지·여름 바지,데님 컷오프 — Denim cutoffs,SF068,review_equivalents_then_add_or_extend_visible_variant,P1,wardrobe_style,same shorts length and raw edge,wardrobe.length,proposed_family_requires_schema_and_effect_review,S06;S30,draft_summer_sf068_v1,,0,family_sources_plus_researcher_visual_decomposition,requires_variant_specific_review,family_inventory_only_not_direct_alias_mapping
ST141,8a. 반바지·여름 바지,조츠 — Jorts,SF068,review_equivalents_then_add_or_extend_visible_variant,P1,wardrobe_style,same shorts length and raw edge,wardrobe.length,proposed_family_requires_schema_and_effect_review,S06;S30,draft_summer_sf068_v1,,2,family_sources_plus_researcher_visual_decomposition,requires_variant_specific_review,family_inventory_only_not_direct_alias_mapping
ST142,8a. 반바지·여름 바지,버뮤다 쇼츠 — Bermuda shorts,SF069,review_equivalents_then_add_or_extend_visible_variant,P1,wardrobe_style,same shorts hem and tailoring,wardrobe.length,proposed_family_requires_schema_and_effect_review,S50;S30,draft_summer_sf069_v1,,4,family_sources_plus_researcher_visual_decomposition,requires_variant_specific_review,family_inventory_only_not_direct_alias_mapping
ST143,8a. 반바지·여름 바지,테일러드 쇼츠 — Tailored shorts,SF069,review_equivalents_then_add_or_extend_visible_variant,P1,wardrobe_style,same shorts hem and tailoring,wardrobe.length,proposed_family_requires_schema_and_effect_review,S50;S30,draft_summer_sf069_v1,,0,family_sources_plus_researcher_visual_decomposition,requires_variant_specific_review,family_inventory_only_not_direct_alias_mapping
ST144,8a. 반바지·여름 바지,박서 쇼츠 — Boxer shorts,SF070,review_equivalents_then_add_or_extend_visible_variant,P1,garment_detail,same shorts waistband and leg openings,wardrobe.structure,existing_candidate_property_family,S30;S01,draft_summer_sf070_v1,,0,family_sources_plus_researcher_visual_decomposition,requires_variant_specific_review,family_inventory_only_not_direct_alias_mapping
ST145,8a. 반바지·여름 바지,블루머 쇼츠 — Bloomer shorts,SF070,review_equivalents_then_add_or_extend_visible_variant,P1,garment_detail,same shorts waistband and leg openings,wardrobe.structure,existing_candidate_property_family,S30;S01,draft_summer_sf070_v1,,0,family_sources_plus_researcher_visual_decomposition,requires_variant_specific_review,family_inventory_only_not_direct_alias_mapping
ST146,8a. 반바지·여름 바지,바이커 쇼츠 — Biker shorts,SF071,review_equivalents_then_add_or_extend_visible_variant,P1,wardrobe_style,same short leg fit,wardrobe.fit,proposed_family_requires_schema_and_effect_review,S59;S02;S09,draft_summer_sf071_v1,,3,family_sources_plus_researcher_visual_decomposition,requires_variant_specific_review,family_inventory_only_not_direct_alias_mapping
ST147,8a. 반바지·여름 바지,러닝 쇼츠 — Running shorts,SF071,review_equivalents_then_add_or_extend_visible_variant,P1,wardrobe_style,same short leg fit,wardrobe.fit,proposed_family_requires_schema_and_effect_review,S59;S02;S09,draft_summer_sf071_v1,,6,family_sources_plus_researcher_visual_decomposition,requires_variant_specific_review,family_inventory_only_not_direct_alias_mapping
ST148,8a. 반바지·여름 바지,카고 쇼츠 — Cargo shorts,SF072,review_equivalents_then_add_or_extend_visible_variant,P1,garment_detail,same shorts patch pockets,wardrobe.structure,existing_candidate_property_family,S01;S30,draft_summer_sf072_v1,,0,family_sources_plus_researcher_visual_decomposition,requires_variant_specific_review,family_inventory_only_not_direct_alias_mapping
ST149,8a. 반바지·여름 바지,스코트 — Skort,SF073,review_equivalents_then_add_or_extend_visible_variant,P1,wardrobe_style,same visible skirt layer or divided trousers,wardrobe.structure,existing_candidate_property_family,S29;S30;S31,draft_summer_sf073_v1;draft_summer_sf073_v2,,5,family_sources_plus_researcher_visual_decomposition,requires_variant_specific_review,family_inventory_only_not_direct_alias_mapping
ST150,8a. 반바지·여름 바지,퀼로트·큐롯 — Culottes,SF073,review_equivalents_then_add_or_extend_visible_variant,P1,wardrobe_style,same visible skirt layer or divided trousers,wardrobe.structure,existing_candidate_property_family,S29;S30;S31,draft_summer_sf073_v1;draft_summer_sf073_v2,,5,family_sources_plus_researcher_visual_decomposition,requires_variant_specific_review,family_inventory_only_not_direct_alias_mapping
ST151,8a. 반바지·여름 바지,카프리 팬츠 — Capri pants,SF074,review_equivalents_then_add_or_extend_visible_variant,P1,garment_detail,same trouser leg hem,wardrobe.length,proposed_family_requires_schema_and_effect_review,S30;S02,draft_summer_sf074_v1,,6,family_sources_plus_researcher_visual_decomposition,requires_variant_specific_review,family_inventory_only_not_direct_alias_mapping
ST152,8a. 반바지·여름 바지,페달푸셔 — Pedal pushers,SF074,review_equivalents_then_add_or_extend_visible_variant,P1,garment_detail,same trouser leg hem,wardrobe.length,proposed_family_requires_schema_and_effect_review,S30;S02,draft_summer_sf074_v1,,2,family_sources_plus_researcher_visual_decomposition,requires_variant_specific_review,family_inventory_only_not_direct_alias_mapping
ST153,8a. 반바지·여름 바지,팔라초 팬츠 — Palazzo pants,SF075,review_equivalents_then_add_or_extend_visible_variant,P1,wardrobe_style,same trousers width and drape,wardrobe.fit,proposed_family_requires_schema_and_effect_review,S30;S02,draft_summer_sf075_v1,,1,family_sources_plus_researcher_visual_decomposition,requires_variant_specific_review,family_inventory_only_not_direct_alias_mapping
ST154,8a. 반바지·여름 바지,와이드 레그 팬츠 — Wide-leg pants,SF075,review_equivalents_then_add_or_extend_visible_variant,P1,wardrobe_style,same trousers width and drape,wardrobe.fit,proposed_family_requires_schema_and_effect_review,S30;S02,draft_summer_sf075_v1,,2,family_sources_plus_researcher_visual_decomposition,requires_variant_specific_review,family_inventory_only_not_direct_alias_mapping
ST155,8a. 반바지·여름 바지,드로스트링 팬츠 — Drawstring pants,SF076,review_equivalents_then_add_or_extend_visible_variant,P1,garment_detail,same waistband cord and casing,wardrobe.structure.strap_fastener,existing_candidate_property_family,S01;S30,draft_summer_sf076_v1,,0,family_sources_plus_researcher_visual_decomposition,requires_variant_specific_review,family_inventory_only_not_direct_alias_mapping
ST156,8b. 허리 높이,하이라이즈·하이웨이스트 — High-rise / High-waisted,SF077,review_equivalents_then_add_or_extend_visible_variant,P1,garment_detail,same waistband relative to wearer landmarks,wardrobe.fit.waistband_landmark,existing_candidate_property_family,S01;S15,draft_summer_sf077_v1;draft_summer_sf077_v2,,4,family_sources_plus_researcher_visual_decomposition,requires_variant_specific_review,family_inventory_only_not_direct_alias_mapping
ST157,8b. 허리 높이,미드라이즈 — Mid-rise,SF077,review_equivalents_then_add_or_extend_visible_variant,P1,garment_detail,same waistband relative to wearer landmarks,wardrobe.fit.waistband_landmark,existing_candidate_property_family,S01;S15,draft_summer_sf077_v1;draft_summer_sf077_v2,,0,family_sources_plus_researcher_visual_decomposition,requires_variant_specific_review,family_inventory_only_not_direct_alias_mapping
ST158,8b. 허리 높이,로라이즈 — Low-rise,SF077,review_equivalents_then_add_or_extend_visible_variant,P1,garment_detail,same waistband relative to wearer landmarks,wardrobe.fit.waistband_landmark,existing_candidate_property_family,S01;S15,draft_summer_sf077_v1;draft_summer_sf077_v2,,10,family_sources_plus_researcher_visual_decomposition,requires_variant_specific_review,family_inventory_only_not_direct_alias_mapping
ST159,9a. 수영복 상의와 전체 구성,비키니 — Bikini,SF078,reuse_meaning_review_relation_and_effect_scope,P1,garment_detail,same swim top and separate bottom,wardrobe.structure,existing_candidate_property_family,S12;S18,draft_summer_sf078_v1;draft_summer_sf078_v2,sw_candidate_triangle,19,family_sources_plus_researcher_visual_decomposition,requires_variant_specific_review,family_inventory_only_not_direct_alias_mapping
ST160,9a. 수영복 상의와 전체 구성,트라이앵글 비키니 — Triangle bikini,SF078,reuse_meaning_review_relation_and_effect_scope,P1,garment_detail,same swim top and separate bottom,wardrobe.structure,existing_candidate_property_family,S12;S18,draft_summer_sf078_v1;draft_summer_sf078_v2,sw_candidate_triangle,2,family_sources_plus_researcher_visual_decomposition,requires_variant_specific_review,family_inventory_only_not_direct_alias_mapping
ST161,9a. 수영복 상의와 전체 구성,스트링 비키니 — String bikini,SF078,reuse_meaning_review_relation_and_effect_scope,P1,garment_detail,same swim top and separate bottom,wardrobe.structure,existing_candidate_property_family,S12;S18,draft_summer_sf078_v1;draft_summer_sf078_v2,sw_candidate_triangle,3,family_sources_plus_researcher_visual_decomposition,requires_variant_specific_review,family_inventory_only_not_direct_alias_mapping
ST162,9a. 수영복 상의와 전체 구성,반도 비키니 — Bandeau bikini,SF079,reuse_meaning_review_relation_and_effect_scope,P0,garment_detail,same swim top selected axes,wardrobe.structure.strap,proposed_family_requires_schema_and_effect_review,S12;S24,draft_summer_sf079_v1;draft_summer_sf079_v2,sw_candidate_bandeau,0,family_sources_plus_researcher_visual_decomposition,requires_variant_specific_review,family_inventory_only_not_direct_alias_mapping
ST163,9a. 수영복 상의와 전체 구성,홀터 비키니 — Halter bikini,SF079,reuse_meaning_review_relation_and_effect_scope,P0,garment_detail,same swim top selected axes,wardrobe.structure.strap,proposed_family_requires_schema_and_effect_review,S12;S24,draft_summer_sf079_v1;draft_summer_sf079_v2,sw_candidate_bandeau,0,family_sources_plus_researcher_visual_decomposition,requires_variant_specific_review,family_inventory_only_not_direct_alias_mapping
ST164,9a. 수영복 상의와 전체 구성,언더와이어 비키니 — Underwire bikini,SF079,reuse_meaning_review_relation_and_effect_scope,P0,garment_detail,same swim top selected axes,wardrobe.structure.strap,proposed_family_requires_schema_and_effect_review,S12;S24,draft_summer_sf079_v1;draft_summer_sf079_v2,sw_candidate_bandeau,0,family_sources_plus_researcher_visual_decomposition,requires_variant_specific_review,family_inventory_only_not_direct_alias_mapping
ST165,9a. 수영복 상의와 전체 구성,롱라인 비키니 톱 — Longline bikini top,SF079,reuse_meaning_review_relation_and_effect_scope,P0,garment_detail,same swim top selected axes,wardrobe.structure.strap,proposed_family_requires_schema_and_effect_review,S12;S24,draft_summer_sf079_v1;draft_summer_sf079_v2,sw_candidate_bandeau,2,family_sources_plus_researcher_visual_decomposition,requires_variant_specific_review,family_inventory_only_not_direct_alias_mapping
ST166,9a. 수영복 상의와 전체 구성,탱키니 — Tankini,SF080,reuse_meaning_review_relation_and_effect_scope,P0,wardrobe_style,same swim garment connectedness,wardrobe.structure,existing_candidate_property_family,S14;S18,draft_summer_sf080_v1;draft_summer_sf080_v2,sw_candidate_tankini;sw_candidate_onepiece,2,family_sources_plus_researcher_visual_decomposition,requires_variant_specific_review,family_inventory_only_not_direct_alias_mapping
ST167,9a. 수영복 상의와 전체 구성,원피스 수영복 — One-piece swimsuit,SF080,reuse_meaning_review_relation_and_effect_scope,P0,wardrobe_style,same swim garment connectedness,wardrobe.structure,existing_candidate_property_family,S14;S18,draft_summer_sf080_v1;draft_summer_sf080_v2,sw_candidate_tankini;sw_candidate_onepiece,2,family_sources_plus_researcher_visual_decomposition,requires_variant_specific_review,family_inventory_only_not_direct_alias_mapping
ST168,9a. 수영복 상의와 전체 구성,모노키니 — Monokini,SF081,split_historical_and_modern_context_before_reuse,P0,wardrobe_style,same explicitly selected swimsuit design,wardrobe.structure,existing_candidate_property_family,S17;S18,draft_summer_sf081_v1,sff_extra_xa005,1,family_sources_plus_researcher_visual_decomposition,requires_variant_specific_review,family_inventory_only_not_direct_alias_mapping
ST169,9a. 수영복 상의와 전체 구성,플런지 원피스 — Plunge one-piece,SF082,review_equivalents_then_add_or_extend_visible_variant,P1,garment_detail,same swimsuit front and back boundaries,wardrobe.coverage.opening_location,existing_candidate_property_family,S12;S18,draft_summer_sf082_v1,,0,family_sources_plus_researcher_visual_decomposition,requires_variant_specific_review,family_inventory_only_not_direct_alias_mapping
ST170,9a. 수영복 상의와 전체 구성,백리스 수영복 — Backless swimsuit,SF082,review_equivalents_then_add_or_extend_visible_variant,P1,garment_detail,same swimsuit front and back boundaries,wardrobe.coverage.opening_location,existing_candidate_property_family,S12;S18,draft_summer_sf082_v1,,0,family_sources_plus_researcher_visual_decomposition,requires_variant_specific_review,family_inventory_only_not_direct_alias_mapping
ST171,9b. 수영복 하의 파임과 뒷면 커버리지,하이레그·하이컷 — High-leg / High-cut,SF083,reuse_meaning_review_relation_and_effect_scope,P0,garment_detail,same swim bottom waistband and leg openings,wardrobe.coverage.leg_opening,existing_candidate_property_family,S15;S18,draft_summer_sf083_v1,sw_candidate_highleg,3,family_sources_plus_researcher_visual_decomposition,requires_variant_specific_review,family_inventory_only_not_direct_alias_mapping
ST172,9b. 수영복 하의 파임과 뒷면 커버리지,하이웨이스트 비키니 — High-waisted bikini,SF083,reuse_meaning_review_relation_and_effect_scope,P0,garment_detail,same swim bottom waistband and leg openings,wardrobe.coverage.leg_opening,existing_candidate_property_family,S15;S18,draft_summer_sf083_v1,sw_candidate_highleg,0,family_sources_plus_researcher_visual_decomposition,requires_variant_specific_review,family_inventory_only_not_direct_alias_mapping
ST173,9b. 수영복 하의 파임과 뒷면 커버리지,로라이즈 비키니 — Low-rise bikini,SF083,reuse_meaning_review_relation_and_effect_scope,P0,garment_detail,same swim bottom waistband and leg openings,wardrobe.coverage.leg_opening,existing_candidate_property_family,S15;S18,draft_summer_sf083_v1,sw_candidate_highleg,0,family_sources_plus_researcher_visual_decomposition,requires_variant_specific_review,family_inventory_only_not_direct_alias_mapping
ST174,9b. 수영복 하의 파임과 뒷면 커버리지,타이사이드 — Tie-side,SF084,review_equivalents_then_add_or_extend_visible_variant,P1,garment_detail,same swim bottom side closure,wardrobe.structure.strap_fastener,existing_candidate_property_family,S12;S13,draft_summer_sf084_v1,,2,family_sources_plus_researcher_visual_decomposition,requires_variant_specific_review,family_inventory_only_not_direct_alias_mapping
ST175,9b. 수영복 하의 파임과 뒷면 커버리지,치키 — Cheeky,SF085,review_equivalents_then_add_or_extend_visible_variant,P0,garment_detail,same swim bottom rear panel,wardrobe.coverage.rear_panel,existing_candidate_property_family,S13;S44,draft_summer_sf085_v1;draft_summer_sf085_v2,,0,family_sources_plus_researcher_visual_decomposition,requires_variant_specific_review,family_inventory_only_not_direct_alias_mapping
ST176,9b. 수영복 하의 파임과 뒷면 커버리지,브라질리언 컷 — Brazilian cut,SF085,review_equivalents_then_add_or_extend_visible_variant,P0,garment_detail,same swim bottom rear panel,wardrobe.coverage.rear_panel,existing_candidate_property_family,S13;S44,draft_summer_sf085_v1;draft_summer_sf085_v2,,0,family_sources_plus_researcher_visual_decomposition,requires_variant_specific_review,family_inventory_only_not_direct_alias_mapping
ST177,9b. 수영복 하의 파임과 뒷면 커버리지,통 — Thong,SF085,review_equivalents_then_add_or_extend_visible_variant,P0,garment_detail,same swim bottom rear panel,wardrobe.coverage.rear_panel,existing_candidate_property_family,S13;S44,draft_summer_sf085_v1;draft_summer_sf085_v2,,4,family_sources_plus_researcher_visual_decomposition,requires_variant_specific_review,family_inventory_only_not_direct_alias_mapping
ST178,9b. 수영복 하의 파임과 뒷면 커버리지,지스트링 — G-string,SF085,review_equivalents_then_add_or_extend_visible_variant,P0,garment_detail,same swim bottom rear panel,wardrobe.coverage.rear_panel,existing_candidate_property_family,S13;S44,draft_summer_sf085_v1;draft_summer_sf085_v2,,0,family_sources_plus_researcher_visual_decomposition,requires_variant_specific_review,family_inventory_only_not_direct_alias_mapping
ST179,9b. 수영복 하의 파임과 뒷면 커버리지,마이크로 비키니·마이크로키니 — Micro bikini / Microkini,SF086,review_equivalents_then_add_or_extend_visible_variant,P1,wardrobe_style,same swim panel area and leg sections,wardrobe.coverage.leg_opening,existing_candidate_property_family,S12;S13,draft_summer_sf086_v1;draft_summer_sf086_v2,,0,family_sources_plus_researcher_visual_decomposition,requires_variant_specific_review,family_inventory_only_not_direct_alias_mapping
ST180,9b. 수영복 하의 파임과 뒷면 커버리지,보이쇼츠 수영복 — Boyshort swim bottoms,SF086,review_equivalents_then_add_or_extend_visible_variant,P1,wardrobe_style,same swim panel area and leg sections,wardrobe.coverage.leg_opening,existing_candidate_property_family,S12;S13,draft_summer_sf086_v1;draft_summer_sf086_v2,,0,family_sources_plus_researcher_visual_decomposition,requires_variant_specific_review,family_inventory_only_not_direct_alias_mapping
ST181,9c. 활동형·커버형 수영복,래시가드 — Rash guard,SF087,review_equivalents_then_add_or_extend_visible_variant,P1,wardrobe_style,same separate or connected swim garment,wardrobe.structure,existing_candidate_property_family,S60;S12;S11,draft_summer_sf087_v1;draft_summer_sf087_v2,,2,family_sources_plus_researcher_visual_decomposition,requires_variant_specific_review,family_inventory_only_not_direct_alias_mapping
ST182,9c. 활동형·커버형 수영복,서프수트 — Surf suit,SF087,review_equivalents_then_add_or_extend_visible_variant,P1,wardrobe_style,same separate or connected swim garment,wardrobe.structure,existing_candidate_property_family,S60;S12;S11,draft_summer_sf087_v1;draft_summer_sf087_v2,,2,family_sources_plus_researcher_visual_decomposition,requires_variant_specific_review,family_inventory_only_not_direct_alias_mapping
ST183,9c. 활동형·커버형 수영복,스윔쇼츠 — Swim shorts,SF088,review_equivalents_then_add_or_extend_visible_variant,P1,wardrobe_style,same loose swim shorts,wardrobe.fit,proposed_family_requires_schema_and_effect_review,S61;S30,draft_summer_sf088_v1,,2,family_sources_plus_researcher_visual_decomposition,requires_variant_specific_review,family_inventory_only_not_direct_alias_mapping
ST184,9c. 활동형·커버형 수영복,보드쇼츠 — Board shorts,SF088,review_equivalents_then_add_or_extend_visible_variant,P1,wardrobe_style,same loose swim shorts,wardrobe.fit,proposed_family_requires_schema_and_effect_review,S61;S30,draft_summer_sf088_v1,,2,family_sources_plus_researcher_visual_decomposition,requires_variant_specific_review,family_inventory_only_not_direct_alias_mapping
ST185,9c. 활동형·커버형 수영복,스윔스커트 — Swim skirt,SF089,review_equivalents_then_add_or_extend_visible_variant,P1,wardrobe_style,same skirt overlay and swim layer,wardrobe.layers,existing_candidate_property_family,S58;S61,draft_summer_sf089_v1,,4,family_sources_plus_researcher_visual_decomposition,requires_variant_specific_review,family_inventory_only_not_direct_alias_mapping
ST186,9c. 활동형·커버형 수영복,스윔드레스 — Swim dress,SF089,review_equivalents_then_add_or_extend_visible_variant,P1,wardrobe_style,same skirt overlay and swim layer,wardrobe.layers,existing_candidate_property_family,S58;S61,draft_summer_sf089_v1,,2,family_sources_plus_researcher_visual_decomposition,requires_variant_specific_review,family_inventory_only_not_direct_alias_mapping
ST187,9c. 활동형·커버형 수영복,부르키니 — Burkini / Burqini,SF090,review_equivalents_then_add_or_extend_visible_variant,P1,wardrobe_style,same covered swim ensemble,wardrobe.layers,existing_candidate_property_family,S19,draft_summer_sf090_v1,,0,family_sources_plus_researcher_visual_decomposition,requires_variant_specific_review,family_inventory_only_not_direct_alias_mapping
ST188,10. 해변·리조트용 겉옷과 커버업,커버업 — Cover-up,SF091,reuse_meaning_review_relation_and_effect_scope,P1,wardrobe_style,same outer garment over swimwear,wardrobe.layers,existing_candidate_property_family,S16;S19,draft_summer_sf091_v1;draft_summer_sf091_v2,sw_candidate_coverup,2,family_sources_plus_researcher_visual_decomposition,requires_variant_specific_review,family_inventory_only_not_direct_alias_mapping
ST189,10. 해변·리조트용 겉옷과 커버업,카프탄·카프탄 드레스 — Kaftan / Caftan,SF091,reuse_meaning_review_relation_and_effect_scope,P1,wardrobe_style,same outer garment over swimwear,wardrobe.layers,existing_candidate_property_family,S16;S19,draft_summer_sf091_v1;draft_summer_sf091_v2,sw_candidate_coverup,3,family_sources_plus_researcher_visual_decomposition,requires_variant_specific_review,family_inventory_only_not_direct_alias_mapping
ST190,10. 해변·리조트용 겉옷과 커버업,튜닉 — Tunic,SF091,reuse_meaning_review_relation_and_effect_scope,P1,wardrobe_style,same outer garment over swimwear,wardrobe.layers,existing_candidate_property_family,S16;S19,draft_summer_sf091_v1;draft_summer_sf091_v2,sw_candidate_coverup,19,family_sources_plus_researcher_visual_decomposition,requires_variant_specific_review,family_inventory_only_not_direct_alias_mapping
ST191,10. 해변·리조트용 겉옷과 커버업,파레오 — Pareo / Pareu,SF065,reuse_meaning_review_relation_and_effect_scope,P1,wardrobe_style,same wrapping cloth,wardrobe.structure.front_fastener_state,existing_candidate_property_family,S16;S18,draft_summer_sf065_v1,sw_candidate_wrapcover,2,family_sources_plus_researcher_visual_decomposition,requires_variant_specific_review,family_inventory_only_not_direct_alias_mapping
ST192,10. 해변·리조트용 겉옷과 커버업,사롱 — Sarong,SF065,reuse_meaning_review_relation_and_effect_scope,P1,wardrobe_style,same wrapping cloth,wardrobe.structure.front_fastener_state,existing_candidate_property_family,S16;S18,draft_summer_sf065_v1,sw_candidate_wrapcover,9,family_sources_plus_researcher_visual_decomposition,requires_variant_specific_review,family_inventory_only_not_direct_alias_mapping
ST193,10. 해변·리조트용 겉옷과 커버업,비치 셔츠 — Beach shirt,SF091,reuse_meaning_review_relation_and_effect_scope,P1,wardrobe_style,same outer garment over swimwear,wardrobe.layers,existing_candidate_property_family,S16;S19,draft_summer_sf091_v1;draft_summer_sf091_v2,sw_candidate_coverup,2,family_sources_plus_researcher_visual_decomposition,requires_variant_specific_review,family_inventory_only_not_direct_alias_mapping
ST194,10. 해변·리조트용 겉옷과 커버업,크로셰 커버업 — Crochet cover-up,SF012,review_equivalents_then_add_or_extend_visible_variant,P1,surface_material,same crocheted garment layer,wardrobe.material.visible_weave,existing_candidate_property_family,S01;S16,draft_summer_sf012_v1,,0,family_sources_plus_researcher_visual_decomposition,requires_variant_specific_review,family_inventory_only_not_direct_alias_mapping
ST195,10. 해변·리조트용 겉옷과 커버업,메시 드레스 — Mesh dress,SF098,reuse_meaning_review_relation_and_effect_scope,P0,surface_material,same perforated or openwork material,wardrobe.material.visible_weave,existing_candidate_property_family,S05;S07;S01;S46,draft_summer_sf098_v1;draft_summer_sf098_v2,broderie_anglaise_eyelet,2,family_sources_plus_researcher_visual_decomposition,requires_variant_specific_review,family_inventory_only_not_direct_alias_mapping
ST196,10. 해변·리조트용 겉옷과 커버업,비치 로브 — Beach robe,SF091,reuse_meaning_review_relation_and_effect_scope,P1,wardrobe_style,same outer garment over swimwear,wardrobe.layers,existing_candidate_property_family,S16;S19,draft_summer_sf091_v1;draft_summer_sf091_v2,sw_candidate_coverup,0,family_sources_plus_researcher_visual_decomposition,requires_variant_specific_review,family_inventory_only_not_direct_alias_mapping
ST197,11a. 섬유와 원료,코튼·면 — Cotton,SF092,preserve_specification_no_automatic_pixel_candidate,P1,surface_material,same textile material specification,wardrobe.material,existing_candidate_property_family,S05;S08;S09;S10;S46,,,12,family_sources_plus_researcher_visual_decomposition,requires_variant_specific_review,family_inventory_only_not_direct_alias_mapping
ST198,11a. 섬유와 원료,리넨·린넨 — Linen,SF092,preserve_specification_no_automatic_pixel_candidate,P1,surface_material,same textile material specification,wardrobe.material,existing_candidate_property_family,S05;S08;S09;S10;S46,,,18,family_sources_plus_researcher_visual_decomposition,requires_variant_specific_review,family_inventory_only_not_direct_alias_mapping
ST199,11a. 섬유와 원료,레이온·비스코스 — Rayon / Viscose,SF092,preserve_specification_no_automatic_pixel_candidate,P1,surface_material,same textile material specification,wardrobe.material,existing_candidate_property_family,S05;S08;S09;S10;S46,,,0,family_sources_plus_researcher_visual_decomposition,requires_variant_specific_review,family_inventory_only_not_direct_alias_mapping
ST200,11a. 섬유와 원료,라이오셀 — Lyocell,SF092,preserve_specification_no_automatic_pixel_candidate,P1,surface_material,same textile material specification,wardrobe.material,existing_candidate_property_family,S05;S08;S09;S10;S46,,,0,family_sources_plus_researcher_visual_decomposition,requires_variant_specific_review,family_inventory_only_not_direct_alias_mapping
ST201,11a. 섬유와 원료,모달 — Modal,SF092,preserve_specification_no_automatic_pixel_candidate,P1,surface_material,same textile material specification,wardrobe.material,existing_candidate_property_family,S05;S08;S09;S10;S46,,,0,family_sources_plus_researcher_visual_decomposition,requires_variant_specific_review,family_inventory_only_not_direct_alias_mapping
ST202,11a. 섬유와 원료,텐셀 — TENCEL™,SF092,preserve_specification_no_automatic_pixel_candidate,P1,surface_material,same textile material specification,wardrobe.material,existing_candidate_property_family,S05;S08;S09;S10;S46,,,0,family_sources_plus_researcher_visual_decomposition,requires_variant_specific_review,family_inventory_only_not_direct_alias_mapping
ST203,11a. 섬유와 원료,엘라스테인·스판덱스 — Elastane / Spandex,SF092,preserve_specification_no_automatic_pixel_candidate,P1,surface_material,same textile material specification,wardrobe.material,existing_candidate_property_family,S05;S08;S09;S10;S46,,,0,family_sources_plus_researcher_visual_decomposition,requires_variant_specific_review,family_inventory_only_not_direct_alias_mapping
ST204,11a. 섬유와 원료,나일론·폴리에스터 — Nylon / Polyester,SF092,preserve_specification_no_automatic_pixel_candidate,P1,surface_material,same textile material specification,wardrobe.material,existing_candidate_property_family,S05;S08;S09;S10;S46,,,6,family_sources_plus_researcher_visual_decomposition,requires_variant_specific_review,family_inventory_only_not_direct_alias_mapping
ST205,11b. 직물과 표면 조직,포플린 — Poplin,SF093,review_equivalents_then_add_or_extend_visible_variant,P0,surface_material,same light fabric structure,wardrobe.material.visible_weave,existing_candidate_property_family,S05;S03,draft_summer_sf093_v1;draft_summer_sf093_v2,,1,family_sources_plus_researcher_visual_decomposition,requires_variant_specific_review,family_inventory_only_not_direct_alias_mapping
ST206,11b. 직물과 표면 조직,론 — Lawn,SF093,review_equivalents_then_add_or_extend_visible_variant,P0,surface_material,same light fabric structure,wardrobe.material.visible_weave,existing_candidate_property_family,S05;S03,draft_summer_sf093_v1;draft_summer_sf093_v2,,3,family_sources_plus_researcher_visual_decomposition,requires_variant_specific_review,family_inventory_only_not_direct_alias_mapping
ST207,11b. 직물과 표면 조직,보일 — Voile,SF093,review_equivalents_then_add_or_extend_visible_variant,P0,surface_material,same light fabric structure,wardrobe.material.visible_weave,existing_candidate_property_family,S05;S03,draft_summer_sf093_v1;draft_summer_sf093_v2,,1,family_sources_plus_researcher_visual_decomposition,requires_variant_specific_review,family_inventory_only_not_direct_alias_mapping
ST208,11b. 직물과 표면 조직,거즈 — Gauze,SF093,review_equivalents_then_add_or_extend_visible_variant,P0,surface_material,same light fabric structure,wardrobe.material.visible_weave,existing_candidate_property_family,S05;S03,draft_summer_sf093_v1;draft_summer_sf093_v2,,9,family_sources_plus_researcher_visual_decomposition,requires_variant_specific_review,family_inventory_only_not_direct_alias_mapping
ST209,11b. 직물과 표면 조직,더블 거즈 — Double gauze,SF093,review_equivalents_then_add_or_extend_visible_variant,P0,surface_material,same light fabric structure,wardrobe.material.visible_weave,existing_candidate_property_family,S05;S03,draft_summer_sf093_v1;draft_summer_sf093_v2,,0,family_sources_plus_researcher_visual_decomposition,requires_variant_specific_review,family_inventory_only_not_direct_alias_mapping
ST210,11b. 직물과 표면 조직,시어서커 — Seersucker,SF093,review_equivalents_then_add_or_extend_visible_variant,P0,surface_material,same light fabric structure,wardrobe.material.visible_weave,existing_candidate_property_family,S05;S03,draft_summer_sf093_v1;draft_summer_sf093_v2,,0,family_sources_plus_researcher_visual_decomposition,requires_variant_specific_review,family_inventory_only_not_direct_alias_mapping
ST211,11b. 직물과 표면 조직,샴브레이 — Chambray,SF094,review_equivalents_then_add_or_extend_visible_variant,P1,surface_material,same woven fabric surface,wardrobe.material.visible_weave,existing_candidate_property_family,S06;S05,draft_summer_sf094_v1,,2,family_sources_plus_researcher_visual_decomposition,requires_variant_specific_review,family_inventory_only_not_direct_alias_mapping
ST212,11b. 직물과 표면 조직,데님 — Denim,SF094,review_equivalents_then_add_or_extend_visible_variant,P1,surface_material,same woven fabric surface,wardrobe.material.visible_weave,existing_candidate_property_family,S06;S05,draft_summer_sf094_v1,,37,family_sources_plus_researcher_visual_decomposition,requires_variant_specific_review,family_inventory_only_not_direct_alias_mapping
ST213,11b. 직물과 표면 조직,시폰 — Chiffon,SF095,review_equivalents_then_add_or_extend_visible_variant,P1,surface_material,same sheer fabric drape,wardrobe.material.drape,existing_candidate_property_family,S01;S06;S46,draft_summer_sf095_v1,,4,family_sources_plus_researcher_visual_decomposition,requires_variant_specific_review,family_inventory_only_not_direct_alias_mapping
ST214,11b. 직물과 표면 조직,조젯 — Georgette,SF095,review_equivalents_then_add_or_extend_visible_variant,P1,surface_material,same sheer fabric drape,wardrobe.material.drape,existing_candidate_property_family,S01;S06;S46,draft_summer_sf095_v1,,0,family_sources_plus_researcher_visual_decomposition,requires_variant_specific_review,family_inventory_only_not_direct_alias_mapping
ST215,11b. 직물과 표면 조직,오간자 — Organza,SF095,review_equivalents_then_add_or_extend_visible_variant,P1,surface_material,same sheer fabric drape,wardrobe.material.drape,existing_candidate_property_family,S01;S06;S46,draft_summer_sf095_v1,,2,family_sources_plus_researcher_visual_decomposition,requires_variant_specific_review,family_inventory_only_not_direct_alias_mapping
ST216,11b. 직물과 표면 조직,새틴 — Satin,SF096,review_equivalents_then_add_or_extend_visible_variant,P1,surface_material,same fabric face,wardrobe.material,existing_candidate_property_family,S06;S46;S47,draft_summer_sf096_v1,,31,family_sources_plus_researcher_visual_decomposition,requires_variant_specific_review,family_inventory_only_not_direct_alias_mapping
ST217,11c. 니트·망사·레이스,저지 — Jersey,SF097,review_equivalents_then_add_or_extend_visible_variant,P1,surface_material,same knitted surface,wardrobe.material.visible_weave,existing_candidate_property_family,S07,draft_summer_sf097_v1;draft_summer_sf097_v2,,15,family_sources_plus_researcher_visual_decomposition,requires_variant_specific_review,family_inventory_only_not_direct_alias_mapping
ST218,11c. 니트·망사·레이스,리브·골지 — Rib knit,SF097,review_equivalents_then_add_or_extend_visible_variant,P1,surface_material,same knitted surface,wardrobe.material.visible_weave,existing_candidate_property_family,S07,draft_summer_sf097_v1;draft_summer_sf097_v2,,21,family_sources_plus_researcher_visual_decomposition,requires_variant_specific_review,family_inventory_only_not_direct_alias_mapping
ST219,11c. 니트·망사·레이스,테리 — Terry,SF097,review_equivalents_then_add_or_extend_visible_variant,P1,surface_material,same knitted surface,wardrobe.material.visible_weave,existing_candidate_property_family,S07,draft_summer_sf097_v1;draft_summer_sf097_v2,,6,family_sources_plus_researcher_visual_decomposition,requires_variant_specific_review,family_inventory_only_not_direct_alias_mapping
ST220,11c. 니트·망사·레이스,메시 — Mesh,SF098,reuse_meaning_review_relation_and_effect_scope,P0,surface_material,same perforated or openwork material,wardrobe.material.visible_weave,existing_candidate_property_family,S05;S07;S01;S46,draft_summer_sf098_v1;draft_summer_sf098_v2,broderie_anglaise_eyelet,46,family_sources_plus_researcher_visual_decomposition,requires_variant_specific_review,family_inventory_only_not_direct_alias_mapping
ST221,11c. 니트·망사·레이스,튤 — Tulle,SF098,reuse_meaning_review_relation_and_effect_scope,P0,surface_material,same perforated or openwork material,wardrobe.material.visible_weave,existing_candidate_property_family,S05;S07;S01;S46,draft_summer_sf098_v1;draft_summer_sf098_v2,broderie_anglaise_eyelet,14,family_sources_plus_researcher_visual_decomposition,requires_variant_specific_review,family_inventory_only_not_direct_alias_mapping
ST222,11c. 니트·망사·레이스,레이스 — Lace,SF098,reuse_meaning_review_relation_and_effect_scope,P0,surface_material,same perforated or openwork material,wardrobe.material.visible_weave,existing_candidate_property_family,S05;S07;S01;S46,draft_summer_sf098_v1;draft_summer_sf098_v2,broderie_anglaise_eyelet,80,family_sources_plus_researcher_visual_decomposition,requires_variant_specific_review,family_inventory_only_not_direct_alias_mapping
ST223,11c. 니트·망사·레이스,아일렛 — Eyelet,SF098,reuse_meaning_review_relation_and_effect_scope,P0,surface_material,same perforated or openwork material,wardrobe.material.visible_weave,existing_candidate_property_family,S05;S07;S01;S46,draft_summer_sf098_v1;draft_summer_sf098_v2,broderie_anglaise_eyelet,13,family_sources_plus_researcher_visual_decomposition,requires_variant_specific_review,family_inventory_only_not_direct_alias_mapping
ST224,11c. 니트·망사·레이스,브로드리 앙글레즈 — Broderie anglaise,SF098,reuse_meaning_review_relation_and_effect_scope,P0,surface_material,same perforated or openwork material,wardrobe.material.visible_weave,existing_candidate_property_family,S05;S07;S01;S46,draft_summer_sf098_v1;draft_summer_sf098_v2,broderie_anglaise_eyelet,3,family_sources_plus_researcher_visual_decomposition,requires_variant_specific_review,family_inventory_only_not_direct_alias_mapping
ST225,11c. 니트·망사·레이스,크로셰 — Crochet,SF012,review_equivalents_then_add_or_extend_visible_variant,P1,surface_material,same crocheted garment layer,wardrobe.material.visible_weave,existing_candidate_property_family,S01;S16,draft_summer_sf012_v1,,9,family_sources_plus_researcher_visual_decomposition,requires_variant_specific_review,family_inventory_only_not_direct_alias_mapping
ST226,11c. 니트·망사·레이스,오픈 니트 — Open knit,SF098,reuse_meaning_review_relation_and_effect_scope,P0,surface_material,same perforated or openwork material,wardrobe.material.visible_weave,existing_candidate_property_family,S05;S07;S01;S46,draft_summer_sf098_v1;draft_summer_sf098_v2,broderie_anglaise_eyelet,2,family_sources_plus_researcher_visual_decomposition,requires_variant_specific_review,family_inventory_only_not_direct_alias_mapping
ST227,12. 셔링·주름·끈·장식 디테일,개더 — Gather,SF099,review_equivalents_then_add_or_extend_visible_variant,P1,garment_detail,same locally gathered garment panel,wardrobe.structure,existing_candidate_property_family,S01;S03,draft_summer_sf099_v1,,43,family_sources_plus_researcher_visual_decomposition,requires_variant_specific_review,family_inventory_only_not_direct_alias_mapping
ST228,12. 셔링·주름·끈·장식 디테일,루싱 — Ruching,SF099,review_equivalents_then_add_or_extend_visible_variant,P1,garment_detail,same locally gathered garment panel,wardrobe.structure,existing_candidate_property_family,S01;S03,draft_summer_sf099_v1,,6,family_sources_plus_researcher_visual_decomposition,requires_variant_specific_review,family_inventory_only_not_direct_alias_mapping
ST229,12. 셔링·주름·끈·장식 디테일,셔링 — Shirring,SF011,reuse_meaning_review_relation_and_effect_scope,P1,garment_detail,same garment gathered area,wardrobe.structure,existing_candidate_property_family,S03,draft_summer_sf011_v1;draft_summer_sf011_v2,clt_ct064_v1;clt_ct064_v2,9,family_sources_plus_researcher_visual_decomposition,requires_variant_specific_review,family_inventory_only_not_direct_alias_mapping
ST230,12. 셔링·주름·끈·장식 디테일,스모킹 — Smocking,SF011,reuse_meaning_review_relation_and_effect_scope,P1,garment_detail,same garment gathered area,wardrobe.structure,existing_candidate_property_family,S03,draft_summer_sf011_v1;draft_summer_sf011_v2,clt_ct064_v1;clt_ct064_v2,5,family_sources_plus_researcher_visual_decomposition,requires_variant_specific_review,family_inventory_only_not_direct_alias_mapping
ST231,12. 셔링·주름·끈·장식 디테일,플리츠 — Pleats,SF064,review_equivalents_then_add_or_extend_visible_variant,P1,garment_detail,same repeated folded fabric,wardrobe.structure,existing_candidate_property_family,S01;S29,draft_summer_sf064_v1,,32,family_sources_plus_researcher_visual_decomposition,requires_variant_specific_review,family_inventory_only_not_direct_alias_mapping
ST232,12. 셔링·주름·끈·장식 디테일,러플·프릴 — Ruffle / Frill,SF100,reuse_meaning_review_relation_and_effect_scope,P1,garment_detail,same attached trim edge,wardrobe.structure,existing_candidate_property_family,S04;S01,draft_summer_sf100_v1;draft_summer_sf100_v2,clt_ct065_v1;clt_ct065_v2,11,family_sources_plus_researcher_visual_decomposition,requires_variant_specific_review,family_inventory_only_not_direct_alias_mapping
ST233,12. 셔링·주름·끈·장식 디테일,플라운스 — Flounce,SF100,reuse_meaning_review_relation_and_effect_scope,P1,garment_detail,same attached trim edge,wardrobe.structure,existing_candidate_property_family,S04;S01,draft_summer_sf100_v1;draft_summer_sf100_v2,clt_ct065_v1;clt_ct065_v2,9,family_sources_plus_researcher_visual_decomposition,requires_variant_specific_review,family_inventory_only_not_direct_alias_mapping
ST234,12. 셔링·주름·끈·장식 디테일,드레이프 — Draping,SF025,review_equivalents_then_add_or_extend_visible_variant,P1,garment_detail,same hanging neckline fabric,wardrobe.material.drape,existing_candidate_property_family,S43;S01,draft_summer_sf025_v1,,55,family_sources_plus_researcher_visual_decomposition,requires_variant_specific_review,family_inventory_only_not_direct_alias_mapping
ST235,12. 셔링·주름·끈·장식 디테일,프린지 — Fringe,SF101,review_equivalents_then_add_or_extend_visible_variant,P1,garment_detail,same garment edge ornament,wardrobe.structure,existing_candidate_property_family,S01;S34,draft_summer_sf101_v1;draft_summer_sf101_v2,,39,family_sources_plus_researcher_visual_decomposition,requires_variant_specific_review,family_inventory_only_not_direct_alias_mapping
ST236,12. 셔링·주름·끈·장식 디테일,태슬 — Tassel,SF101,review_equivalents_then_add_or_extend_visible_variant,P1,garment_detail,same garment edge ornament,wardrobe.structure,existing_candidate_property_family,S01;S34,draft_summer_sf101_v1;draft_summer_sf101_v2,,8,family_sources_plus_researcher_visual_decomposition,requires_variant_specific_review,family_inventory_only_not_direct_alias_mapping
ST237,12. 셔링·주름·끈·장식 디테일,스캘럽 에지 — Scalloped edge,SF101,review_equivalents_then_add_or_extend_visible_variant,P1,garment_detail,same garment edge ornament,wardrobe.structure,existing_candidate_property_family,S01;S34,draft_summer_sf101_v1;draft_summer_sf101_v2,,7,family_sources_plus_researcher_visual_decomposition,requires_variant_specific_review,family_inventory_only_not_direct_alias_mapping
ST238,12. 셔링·주름·끈·장식 디테일,레이스업 — Lace-up,SF102,review_equivalents_then_add_or_extend_visible_variant,P1,garment_detail,same garment connection hardware,wardrobe.structure.strap_fastener,existing_candidate_property_family,S01;S12,draft_summer_sf102_v1;draft_summer_sf102_v2,,3,family_sources_plus_researcher_visual_decomposition,requires_variant_specific_review,family_inventory_only_not_direct_alias_mapping
ST239,12. 셔링·주름·끈·장식 디테일,멀티스트랩·스트래피 — Multi-strap / Strappy,SF102,review_equivalents_then_add_or_extend_visible_variant,P1,garment_detail,same garment connection hardware,wardrobe.structure.strap_fastener,existing_candidate_property_family,S01;S12,draft_summer_sf102_v1;draft_summer_sf102_v2,,3,family_sources_plus_researcher_visual_decomposition,requires_variant_specific_review,family_inventory_only_not_direct_alias_mapping
ST240,12. 셔링·주름·끈·장식 디테일,링 디테일 — Ring detail,SF102,review_equivalents_then_add_or_extend_visible_variant,P1,garment_detail,same garment connection hardware,wardrobe.structure.strap_fastener,existing_candidate_property_family,S01;S12,draft_summer_sf102_v1;draft_summer_sf102_v2,,9,family_sources_plus_researcher_visual_decomposition,requires_variant_specific_review,family_inventory_only_not_direct_alias_mapping
ST241,12. 셔링·주름·끈·장식 디테일,노티드 디테일 — Knotted detail,SF102,review_equivalents_then_add_or_extend_visible_variant,P1,garment_detail,same garment connection hardware,wardrobe.structure.strap_fastener,existing_candidate_property_family,S01;S12,draft_summer_sf102_v1;draft_summer_sf102_v2,,3,family_sources_plus_researcher_visual_decomposition,requires_variant_specific_review,family_inventory_only_not_direct_alias_mapping
ST242,12. 셔링·주름·끈·장식 디테일,디스트레스드 — Distressed,SF103,review_equivalents_then_add_or_extend_visible_variant,P1,garment_detail,same garment surface treatment,wardrobe.material,existing_candidate_property_family,S35;S01,draft_summer_sf103_v1;draft_summer_sf103_v2,,1,family_sources_plus_researcher_visual_decomposition,requires_variant_specific_review,family_inventory_only_not_direct_alias_mapping
ST243,12. 셔링·주름·끈·장식 디테일,스터드 — Studs,SF103,review_equivalents_then_add_or_extend_visible_variant,P1,garment_detail,same garment surface treatment,wardrobe.material,existing_candidate_property_family,S35;S01,draft_summer_sf103_v1;draft_summer_sf103_v2,,16,family_sources_plus_researcher_visual_decomposition,requires_variant_specific_review,family_inventory_only_not_direct_alias_mapping
ST244,13. 패턴·색채 표현,깅엄 — Gingham,SF104,review_equivalents_then_add_or_extend_visible_variant,P2,color,same garment repeating pattern,wardrobe.pattern,existing_candidate_property_family,S33;S32,draft_summer_sf104_v1;draft_summer_sf104_v2,,0,family_sources_plus_researcher_visual_decomposition,requires_variant_specific_review,family_inventory_only_not_direct_alias_mapping
ST245,13. 패턴·색채 표현,브르통·마린 스트라이프 — Breton / Nautical stripe,SF104,review_equivalents_then_add_or_extend_visible_variant,P2,color,same garment repeating pattern,wardrobe.pattern,existing_candidate_property_family,S33;S32,draft_summer_sf104_v1;draft_summer_sf104_v2,,0,family_sources_plus_researcher_visual_decomposition,requires_variant_specific_review,family_inventory_only_not_direct_alias_mapping
ST246,13. 패턴·색채 표현,디치 플로럴 — Ditsy floral,SF105,review_equivalents_then_add_or_extend_visible_variant,P2,color,same fabric motif field,wardrobe.pattern,existing_candidate_property_family,S32;S34;S46,draft_summer_sf105_v1;draft_summer_sf105_v2,,0,family_sources_plus_researcher_visual_decomposition,requires_variant_specific_review,family_inventory_only_not_direct_alias_mapping
ST247,13. 패턴·색채 표현,라지 스케일 플로럴 — Large-scale floral,SF105,review_equivalents_then_add_or_extend_visible_variant,P2,color,same fabric motif field,wardrobe.pattern,existing_candidate_property_family,S32;S34;S46,draft_summer_sf105_v1;draft_summer_sf105_v2,,0,family_sources_plus_researcher_visual_decomposition,requires_variant_specific_review,family_inventory_only_not_direct_alias_mapping
ST248,13. 패턴·색채 표현,보태니컬 프린트 — Botanical print,SF105,review_equivalents_then_add_or_extend_visible_variant,P2,color,same fabric motif field,wardrobe.pattern,existing_candidate_property_family,S32;S34;S46,draft_summer_sf105_v1;draft_summer_sf105_v2,,0,family_sources_plus_researcher_visual_decomposition,requires_variant_specific_review,family_inventory_only_not_direct_alias_mapping
ST249,13. 패턴·색채 표현,트로피컬 프린트 — Tropical print,SF015,review_equivalents_then_add_or_extend_visible_variant,P1,wardrobe_style,same shirt printed surface,wardrobe.pattern,existing_candidate_property_family,S68;S32,draft_summer_sf015_v1,,0,family_sources_plus_researcher_visual_decomposition,requires_variant_specific_review,family_inventory_only_not_direct_alias_mapping
ST250,13. 패턴·색채 표현,페이즐리 — Paisley,SF105,review_equivalents_then_add_or_extend_visible_variant,P2,color,same fabric motif field,wardrobe.pattern,existing_candidate_property_family,S32;S34;S46,draft_summer_sf105_v1;draft_summer_sf105_v2,,3,family_sources_plus_researcher_visual_decomposition,requires_variant_specific_review,family_inventory_only_not_direct_alias_mapping
ST251,13. 패턴·색채 표현,폴카도트 — Polka dots,SF105,review_equivalents_then_add_or_extend_visible_variant,P2,color,same fabric motif field,wardrobe.pattern,existing_candidate_property_family,S32;S34;S46,draft_summer_sf105_v1;draft_summer_sf105_v2,,2,family_sources_plus_researcher_visual_decomposition,requires_variant_specific_review,family_inventory_only_not_direct_alias_mapping
ST252,13. 패턴·색채 표현,타이다이 — Tie-dye,SF106,review_equivalents_then_add_or_extend_visible_variant,P2,color,same garment color and finish,wardrobe.color,existing_candidate_property_family,S32;S06,draft_summer_sf106_v1;draft_summer_sf106_v2,,0,family_sources_plus_researcher_visual_decomposition,requires_variant_specific_review,family_inventory_only_not_direct_alias_mapping
ST253,13. 패턴·색채 표현,컬러블로킹 — Color blocking,SF106,review_equivalents_then_add_or_extend_visible_variant,P2,color,same garment color and finish,wardrobe.color,existing_candidate_property_family,S32;S06,draft_summer_sf106_v1;draft_summer_sf106_v2,,2,family_sources_plus_researcher_visual_decomposition,requires_variant_specific_review,family_inventory_only_not_direct_alias_mapping
ST254,13. 패턴·색채 표현,모노크롬 — Monochrome,SF106,review_equivalents_then_add_or_extend_visible_variant,P2,color,same garment color and finish,wardrobe.color,existing_candidate_property_family,S32;S06,draft_summer_sf106_v1;draft_summer_sf106_v2,,7,family_sources_plus_researcher_visual_decomposition,requires_variant_specific_review,family_inventory_only_not_direct_alias_mapping
ST255,13. 패턴·색채 표현,파스텔 — Pastel,SF106,review_equivalents_then_add_or_extend_visible_variant,P2,color,same garment color and finish,wardrobe.color,existing_candidate_property_family,S32;S06,draft_summer_sf106_v1;draft_summer_sf106_v2,,23,family_sources_plus_researcher_visual_decomposition,requires_variant_specific_review,family_inventory_only_not_direct_alias_mapping
ST256,13. 패턴·색채 표현,네온 — Neon,SF106,review_equivalents_then_add_or_extend_visible_variant,P2,color,same garment color and finish,wardrobe.color,existing_candidate_property_family,S32;S06,draft_summer_sf106_v1;draft_summer_sf106_v2,,124,family_sources_plus_researcher_visual_decomposition,requires_variant_specific_review,family_inventory_only_not_direct_alias_mapping
ST257,13. 패턴·색채 표현,메탈릭 — Metallic,SF106,review_equivalents_then_add_or_extend_visible_variant,P2,color,same garment color and finish,wardrobe.color,existing_candidate_property_family,S32;S06,draft_summer_sf106_v1;draft_summer_sf106_v2,,45,family_sources_plus_researcher_visual_decomposition,requires_variant_specific_review,family_inventory_only_not_direct_alias_mapping
ST258,14. 스타일·미학,리조트웨어 — Resortwear,SF107,review_equivalents_then_add_or_extend_visible_variant,P2,wardrobe_style,same optional outfit components,wardrobe.layers,existing_candidate_property_family,S16;S33;S38,draft_summer_sf107_v1,,0,family_sources_plus_researcher_visual_decomposition,requires_variant_specific_review,family_inventory_only_not_direct_alias_mapping
ST259,14. 스타일·미학,비치웨어 — Beachwear,SF107,review_equivalents_then_add_or_extend_visible_variant,P2,wardrobe_style,same optional outfit components,wardrobe.layers,existing_candidate_property_family,S16;S33;S38,draft_summer_sf107_v1,,0,family_sources_plus_researcher_visual_decomposition,requires_variant_specific_review,family_inventory_only_not_direct_alias_mapping
ST260,14. 스타일·미학,노티컬·마린 룩 — Nautical / Marine look,SF107,review_equivalents_then_add_or_extend_visible_variant,P2,wardrobe_style,same optional outfit components,wardrobe.layers,existing_candidate_property_family,S16;S33;S38,draft_summer_sf107_v1,,1,family_sources_plus_researcher_visual_decomposition,requires_variant_specific_review,family_inventory_only_not_direct_alias_mapping
ST261,14. 스타일·미학,코스털 그랜드마더 — Coastal grandmother,SF107,review_equivalents_then_add_or_extend_visible_variant,P2,wardrobe_style,same optional outfit components,wardrobe.layers,existing_candidate_property_family,S16;S33;S38,draft_summer_sf107_v1,,2,family_sources_plus_researcher_visual_decomposition,requires_variant_specific_review,family_inventory_only_not_direct_alias_mapping
ST262,14. 스타일·미학,보호·보헤미안 — Boho / Bohemian,SF108,review_equivalents_then_add_or_extend_visible_variant,P2,wardrobe_style,same selected outfit adornments,wardrobe.layers,existing_candidate_property_family,S21;S36;S38,draft_summer_sf108_v1,,74,family_sources_plus_researcher_visual_decomposition,requires_variant_specific_review,family_inventory_only_not_direct_alias_mapping
ST263,14. 스타일·미학,코티지코어 — Cottagecore,SF108,review_equivalents_then_add_or_extend_visible_variant,P2,wardrobe_style,same selected outfit adornments,wardrobe.layers,existing_candidate_property_family,S21;S36;S38,draft_summer_sf108_v1,,2,family_sources_plus_researcher_visual_decomposition,requires_variant_specific_review,family_inventory_only_not_direct_alias_mapping
ST264,14. 스타일·미학,코케트 — Coquette,SF108,review_equivalents_then_add_or_extend_visible_variant,P2,wardrobe_style,same selected outfit adornments,wardrobe.layers,existing_candidate_property_family,S21;S36;S38,draft_summer_sf108_v1,,6,family_sources_plus_researcher_visual_decomposition,requires_variant_specific_review,family_inventory_only_not_direct_alias_mapping
ST265,14. 스타일·미학,발레코어 — Balletcore,SF108,review_equivalents_then_add_or_extend_visible_variant,P2,wardrobe_style,same selected outfit adornments,wardrobe.layers,existing_candidate_property_family,S21;S36;S38,draft_summer_sf108_v1,,2,family_sources_plus_researcher_visual_decomposition,requires_variant_specific_review,family_inventory_only_not_direct_alias_mapping
ST266,14. 스타일·미학,Y2K,SF109,review_equivalents_then_add_or_extend_visible_variant,P2,wardrobe_style,same optional fashion realization,wardrobe.layers,existing_candidate_property_family,S36;S37;S38,draft_summer_sf109_v1;draft_summer_sf109_v2,,33,family_sources_plus_researcher_visual_decomposition,requires_variant_specific_review,family_inventory_only_not_direct_alias_mapping
ST267,14. 스타일·미학,머메이드코어 — Mermaidcore,SF109,review_equivalents_then_add_or_extend_visible_variant,P2,wardrobe_style,same optional fashion realization,wardrobe.layers,existing_candidate_property_family,S36;S37;S38,draft_summer_sf109_v1;draft_summer_sf109_v2,,0,family_sources_plus_researcher_visual_decomposition,requires_variant_specific_review,family_inventory_only_not_direct_alias_mapping
ST268,14. 스타일·미학,코스털 카우걸 — Coastal cowgirl,SF109,review_equivalents_then_add_or_extend_visible_variant,P2,wardrobe_style,same optional fashion realization,wardrobe.layers,existing_candidate_property_family,S36;S37;S38,draft_summer_sf109_v1;draft_summer_sf109_v2,,0,family_sources_plus_researcher_visual_decomposition,requires_variant_specific_review,family_inventory_only_not_direct_alias_mapping
ST269,14. 스타일·미학,토마토 걸 — Tomato girl,SF109,review_equivalents_then_add_or_extend_visible_variant,P2,wardrobe_style,same optional fashion realization,wardrobe.layers,existing_candidate_property_family,S36;S37;S38,draft_summer_sf109_v1;draft_summer_sf109_v2,,0,family_sources_plus_researcher_visual_decomposition,requires_variant_specific_review,family_inventory_only_not_direct_alias_mapping
ST270,14. 스타일·미학,테니스코어 — Tenniscore,SF110,review_equivalents_then_add_or_extend_visible_variant,P2,wardrobe_style,same sports-inspired outfit,wardrobe.layers,existing_candidate_property_family,S38;S12,draft_summer_sf110_v1,,0,family_sources_plus_researcher_visual_decomposition,requires_variant_specific_review,family_inventory_only_not_direct_alias_mapping
ST271,14. 스타일·미학,애슬레저 — Athleisure,SF110,review_equivalents_then_add_or_extend_visible_variant,P2,wardrobe_style,same sports-inspired outfit,wardrobe.layers,existing_candidate_property_family,S38;S12,draft_summer_sf110_v1,,2,family_sources_plus_researcher_visual_decomposition,requires_variant_specific_review,family_inventory_only_not_direct_alias_mapping
ST272,14. 스타일·미학,고프코어 — Gorpcore,SF110,review_equivalents_then_add_or_extend_visible_variant,P2,wardrobe_style,same sports-inspired outfit,wardrobe.layers,existing_candidate_property_family,S38;S12,draft_summer_sf110_v1,,1,family_sources_plus_researcher_visual_decomposition,requires_variant_specific_review,family_inventory_only_not_direct_alias_mapping
ST273,14. 스타일·미학,블록코어 — Blokecore,SF110,review_equivalents_then_add_or_extend_visible_variant,P2,wardrobe_style,same sports-inspired outfit,wardrobe.layers,existing_candidate_property_family,S38;S12,draft_summer_sf110_v1,,1,family_sources_plus_researcher_visual_decomposition,requires_variant_specific_review,family_inventory_only_not_direct_alias_mapping
ST274,14. 스타일·미학,콰이어트 럭셔리 — Quiet luxury,SF111,review_equivalents_then_add_or_extend_visible_variant,P2,wardrobe_style,same selected visible style treatment,wardrobe.layers,existing_candidate_property_family,S35;S36;S39,draft_summer_sf111_v1,,64,family_sources_plus_researcher_visual_decomposition,requires_variant_specific_review,family_inventory_only_not_direct_alias_mapping
ST275,14. 스타일·미학,란제리 드레싱 — Lingerie dressing,SF111,review_equivalents_then_add_or_extend_visible_variant,P2,wardrobe_style,same selected visible style treatment,wardrobe.layers,existing_candidate_property_family,S35;S36;S39,draft_summer_sf111_v1,,1,family_sources_plus_researcher_visual_decomposition,requires_variant_specific_review,family_inventory_only_not_direct_alias_mapping
ST276,14. 스타일·미학,서머 고스 — Summer goth,SF111,review_equivalents_then_add_or_extend_visible_variant,P2,wardrobe_style,same selected visible style treatment,wardrobe.layers,existing_candidate_property_family,S35;S36;S39,draft_summer_sf111_v1,,0,family_sources_plus_researcher_visual_decomposition,requires_variant_specific_review,family_inventory_only_not_direct_alias_mapping
ST277,14. 스타일·미학,펑크 룩 — Punk look,SF111,review_equivalents_then_add_or_extend_visible_variant,P2,wardrobe_style,same selected visible style treatment,wardrobe.layers,existing_candidate_property_family,S35;S36;S39,draft_summer_sf111_v1,,0,family_sources_plus_researcher_visual_decomposition,requires_variant_specific_review,family_inventory_only_not_direct_alias_mapping
ST278,15a. 여름 신발,슬라이드 — Slides,SF112,reuse_meaning_review_relation_and_effect_scope,P0,footwear,same shoe strap network,wardrobe.footwear.sandal_strap_paths,existing_candidate_property_family,S44;S42,draft_summer_sf112_v1;draft_summer_sf112_v2,fisherman_sandals,10,family_sources_plus_researcher_visual_decomposition,requires_variant_specific_review,family_inventory_only_not_direct_alias_mapping
ST279,15a. 여름 신발,플립플롭·통 샌들 — Flip-flops / Thong sandals,SF112,reuse_meaning_review_relation_and_effect_scope,P0,footwear,same shoe strap network,wardrobe.footwear.sandal_strap_paths,existing_candidate_property_family,S44;S42,draft_summer_sf112_v1;draft_summer_sf112_v2,fisherman_sandals,5,family_sources_plus_researcher_visual_decomposition,requires_variant_specific_review,family_inventory_only_not_direct_alias_mapping
ST280,15a. 여름 신발,스트래피 샌들 — Strappy sandals,SF112,reuse_meaning_review_relation_and_effect_scope,P0,footwear,same shoe strap network,wardrobe.footwear.sandal_strap_paths,existing_candidate_property_family,S44;S42,draft_summer_sf112_v1;draft_summer_sf112_v2,fisherman_sandals,2,family_sources_plus_researcher_visual_decomposition,requires_variant_specific_review,family_inventory_only_not_direct_alias_mapping
ST281,15a. 여름 신발,피셔맨 샌들 — Fisherman sandals,SF112,reuse_meaning_review_relation_and_effect_scope,P0,footwear,same shoe strap network,wardrobe.footwear.sandal_strap_paths,existing_candidate_property_family,S44;S42,draft_summer_sf112_v1;draft_summer_sf112_v2,fisherman_sandals,1,family_sources_plus_researcher_visual_decomposition,requires_variant_specific_review,family_inventory_only_not_direct_alias_mapping
ST282,15a. 여름 신발,에스파드리유 — Espadrilles,SF113,review_equivalents_then_add_or_extend_visible_variant,P2,footwear,same shoe sole and heel topology,wardrobe.footwear.backless_vs_strapped,existing_candidate_property_family,S41;S44,draft_summer_sf113_v1;draft_summer_sf113_v2,,2,family_sources_plus_researcher_visual_decomposition,requires_variant_specific_review,family_inventory_only_not_direct_alias_mapping
ST283,15a. 여름 신발,웨지 — Wedge,SF113,review_equivalents_then_add_or_extend_visible_variant,P2,footwear,same shoe sole and heel topology,wardrobe.footwear.backless_vs_strapped,existing_candidate_property_family,S41;S44,draft_summer_sf113_v1;draft_summer_sf113_v2,,13,family_sources_plus_researcher_visual_decomposition,requires_variant_specific_review,family_inventory_only_not_direct_alias_mapping
ST284,15a. 여름 신발,플랫폼 샌들 — Platform sandals,SF113,review_equivalents_then_add_or_extend_visible_variant,P2,footwear,same shoe sole and heel topology,wardrobe.footwear.backless_vs_strapped,existing_candidate_property_family,S41;S44,draft_summer_sf113_v1;draft_summer_sf113_v2,,8,family_sources_plus_researcher_visual_decomposition,requires_variant_specific_review,family_inventory_only_not_direct_alias_mapping
ST285,15a. 여름 신발,뮬 — Mules,SF113,review_equivalents_then_add_or_extend_visible_variant,P2,footwear,same shoe sole and heel topology,wardrobe.footwear.backless_vs_strapped,existing_candidate_property_family,S41;S44,draft_summer_sf113_v1;draft_summer_sf113_v2,,0,family_sources_plus_researcher_visual_decomposition,requires_variant_specific_review,family_inventory_only_not_direct_alias_mapping
ST286,15a. 여름 신발,스포츠 샌들 — Sport sandals,SF113,review_equivalents_then_add_or_extend_visible_variant,P2,footwear,same shoe sole and heel topology,wardrobe.footwear.backless_vs_strapped,existing_candidate_property_family,S41;S44,draft_summer_sf113_v1;draft_summer_sf113_v2,,0,family_sources_plus_researcher_visual_decomposition,requires_variant_specific_review,family_inventory_only_not_direct_alias_mapping
ST287,15a. 여름 신발,젤리 슈즈 — Jelly shoes,SF114,review_equivalents_then_add_or_extend_visible_variant,P2,footwear,same shoe upper optical surface,wardrobe.material.transmission,existing_candidate_property_family,S53;S54;S07,draft_summer_sf114_v1;draft_summer_sf114_v2;draft_summer_sf114_v3,,5,family_sources_plus_researcher_visual_decomposition,requires_variant_specific_review,family_inventory_only_not_direct_alias_mapping
ST288,15a. 여름 신발,메시 플랫 — Mesh flats,SF114,review_equivalents_then_add_or_extend_visible_variant,P2,footwear,same shoe upper optical surface,wardrobe.material.transmission,existing_candidate_property_family,S53;S54;S07,draft_summer_sf114_v1;draft_summer_sf114_v2;draft_summer_sf114_v3,,0,family_sources_plus_researcher_visual_decomposition,requires_variant_specific_review,family_inventory_only_not_direct_alias_mapping
ST289,15b. 모자·가방·주얼리,스트로 햇 — Straw hat,SF115,review_equivalents_then_add_or_extend_visible_variant,P2,wearable_accessory,same headwear crown and brim,wardrobe.accessories,existing_candidate_property_family,S62;S11,draft_summer_sf115_v1,,0,family_sources_plus_researcher_visual_decomposition,requires_variant_specific_review,family_inventory_only_not_direct_alias_mapping
ST290,15b. 모자·가방·주얼리,버킷햇 — Bucket hat,SF115,review_equivalents_then_add_or_extend_visible_variant,P2,wearable_accessory,same headwear crown and brim,wardrobe.accessories,existing_candidate_property_family,S62;S11,draft_summer_sf115_v1,,3,family_sources_plus_researcher_visual_decomposition,requires_variant_specific_review,family_inventory_only_not_direct_alias_mapping
ST291,15b. 모자·가방·주얼리,바이저 — Visor,SF115,review_equivalents_then_add_or_extend_visible_variant,P2,wearable_accessory,same headwear crown and brim,wardrobe.accessories,existing_candidate_property_family,S62;S11,draft_summer_sf115_v1,,20,family_sources_plus_researcher_visual_decomposition,requires_variant_specific_review,family_inventory_only_not_direct_alias_mapping
ST292,15b. 모자·가방·주얼리,라피아 백 — Raffia bag,SF116,review_equivalents_then_add_or_extend_visible_variant,P2,wearable_accessory,same bag structure or separate head wrap,wardrobe.accessories,existing_candidate_property_family,S56;S48,draft_summer_sf116_v1;draft_summer_sf116_v2,,0,family_sources_plus_researcher_visual_decomposition,requires_variant_specific_review,family_inventory_only_not_direct_alias_mapping
ST293,15b. 모자·가방·주얼리,바스켓 백 — Basket bag,SF116,review_equivalents_then_add_or_extend_visible_variant,P2,wearable_accessory,same bag structure or separate head wrap,wardrobe.accessories,existing_candidate_property_family,S56;S48,draft_summer_sf116_v1;draft_summer_sf116_v2,,0,family_sources_plus_researcher_visual_decomposition,requires_variant_specific_review,family_inventory_only_not_direct_alias_mapping
ST294,15b. 모자·가방·주얼리,헤드스카프 — Headscarf,SF116,review_equivalents_then_add_or_extend_visible_variant,P2,wearable_accessory,same bag structure or separate head wrap,wardrobe.accessories,existing_candidate_property_family,S56;S48,draft_summer_sf116_v1;draft_summer_sf116_v2,,2,family_sources_plus_researcher_visual_decomposition,requires_variant_specific_review,family_inventory_only_not_direct_alias_mapping
ST295,15b. 모자·가방·주얼리,셸 주얼리 — Shell jewelry,SF117,review_equivalents_then_add_or_extend_visible_variant,P2,wearable_accessory,same wearable ornament,wardrobe.accessories,existing_candidate_property_family,S55,draft_summer_sf117_v1,,0,family_sources_plus_researcher_visual_decomposition,requires_variant_specific_review,family_inventory_only_not_direct_alias_mapping
ST296,15b. 모자·가방·주얼리,비디드 주얼리 — Beaded jewelry,SF117,review_equivalents_then_add_or_extend_visible_variant,P2,wearable_accessory,same wearable ornament,wardrobe.accessories,existing_candidate_property_family,S55,draft_summer_sf117_v1,,2,family_sources_plus_researcher_visual_decomposition,requires_variant_specific_review,family_inventory_only_not_direct_alias_mapping
ST297,15b. 모자·가방·주얼리,앵클릿 — Anklet,SF117,review_equivalents_then_add_or_extend_visible_variant,P2,wearable_accessory,same wearable ornament,wardrobe.accessories,existing_candidate_property_family,S55,draft_summer_sf117_v1,,2,family_sources_plus_researcher_visual_decomposition,requires_variant_specific_review,family_inventory_only_not_direct_alias_mapping
ST298,15b. 모자·가방·주얼리,웨이스트 체인·벨리 체인 — Waist / Belly chain,SF118,reuse_meaning_review_relation_and_effect_scope,P0,wearable_accessory,same chain ornament network on wearer,wardrobe.accessories,existing_candidate_property_family,S57;S35,draft_summer_sf118_v1;draft_summer_sf118_v2,clt_ct113_v2,315,family_sources_plus_researcher_visual_decomposition,requires_variant_specific_review,family_inventory_only_not_direct_alias_mapping
ST299,15b. 모자·가방·주얼리,보디 체인 — Body chain,SF118,reuse_meaning_review_relation_and_effect_scope,P0,wearable_accessory,same chain ornament network on wearer,wardrobe.accessories,existing_candidate_property_family,S57;S35,draft_summer_sf118_v1;draft_summer_sf118_v2,clt_ct113_v2,9,family_sources_plus_researcher_visual_decomposition,requires_variant_specific_review,family_inventory_only_not_direct_alias_mapping
