term_id,section,label,handling,priority,card_ids,direct_draft_ids,lexical_neighbor_count,existing_review_ids,candidate_files,profile_files,source_ids,gap_status,runtime_ready
SPT01-01,1,라운드넥·크루넥 — Round / Crew neck,review existing meaning and owner first; adopt one explicitly selected visible variant,P1,SF001,SPR_DRAFT_SF001_01,36,bundle:mg_round_cap_bundle; bundle:mg_round_join_bundle; bundle:ri_lucy_plate_eyes; profile:appearance_rel_h048; profile:ca_back_tubes; profile:ca_horizontal_mouth_object; profile:clothing_ct001_v2; profile:clothing_ct095_v2; profile:mg_round_cap_relation; profile:mg_round_join_relation; profile:ri_lucy_plate_eyes; profile:round_compact_face_relation,photo_prompt_clothing_structure_extension.json,photo_prompt_visual_obligations_clothing_structure.json,S00; S33,Lexical leads present; equivalent meaning not inferred,False
SPT01-02,1,와이드넥† — Wide neckline,review existing meaning and owner first; adopt one explicitly selected visible variant,P1,SF002,SPR_DRAFT_SF002_01,0,,photo_prompt_clothing_structure_extension.json,photo_prompt_visual_obligations_clothing_structure.json,S00; S33,No equal positive surface phrase in snapshot; not a proven missing meaning,False
SPT01-03,1,보트넥·바토넥 — Boat / Bateau neck,review existing meaning and owner first; adopt one explicitly selected visible variant,P1,SF002,SPR_DRAFT_SF002_02,13,profile:clothing_ct035_v2; slot:garment_detail:clt_ct035_v2; profile:ghost_ship_former_vessel_breach; profile:maritime_safety_coast_guard_role; profile:mythic_flood_preservation_vessel; slot:action:coast_guard_rescue_line_recovery; slot:aesthetic_trend:dockside_sailorcore; slot:aesthetic_trend:mythic_flood_preservation_aesthetic; slot:footwear:boat_deck_shoes; slot:garment_detail:clt_ct035_v1; slot:location:coast_guard_rescue_boat_deck; slot:prop:coast_guard_rescue_line_lifebuoy_radio_set,photo_prompt_clothing_structure_extension.json,photo_prompt_visual_obligations_clothing_structure.json,S00; S33,Lexical leads present; equivalent meaning not inferred,False
SPT01-04,1,스쿠프넥 — Scoop neck,review existing meaning and owner first; adopt one explicitly selected visible variant,P1,SF003,SPR_DRAFT_SF003_01,4,profile:clothing_ct034_v2; profile:sw_scoop; slot:garment_detail:clt_ct034_v2; slot:garment_detail:sw_candidate_scoop,photo_prompt_clothing_structure_extension.json,photo_prompt_visual_obligations_clothing_structure.json,S00; S33,Lexical leads present; equivalent meaning not inferred,False
SPT01-05,1,유넥 — U-neck,review existing meaning and owner first; adopt one explicitly selected visible variant,P1,SF003,SPR_DRAFT_SF003_02,0,,photo_prompt_clothing_structure_extension.json,photo_prompt_visual_obligations_clothing_structure.json,S00; S33,No equal positive surface phrase in snapshot; not a proven missing meaning,False
SPT01-06,1,스퀘어넥 — Square neck,review existing meaning and owner first; adopt one explicitly selected visible variant,P1,SF004,SPR_DRAFT_SF004_01,4,profile:sw_square; slot:garment_detail:clt_ct035_v1; slot:garment_detail:sw_candidate_square; profile:clothing_ct035_v1,photo_prompt_clothing_structure_extension.json,photo_prompt_visual_obligations_clothing_structure.json,S00; S33,Lexical leads present; equivalent meaning not inferred,False
SPT01-07,1,브이넥 — V-neck,review existing meaning and owner first; adopt one explicitly selected visible variant,P1,SF005,SPR_DRAFT_SF005_01,2,profile:sw_plunge; slot:garment_detail:sw_candidate_plunge,photo_prompt_clothing_structure_extension.json,photo_prompt_visual_obligations_clothing_structure.json,S00; S33,Lexical leads present; equivalent meaning not inferred,False
SPT01-08,1,딥 브이넥·플런징 — Deep V / Plunging neckline,review existing meaning and owner first; adopt one explicitly selected visible variant,P1,SF005,SPR_DRAFT_SF005_02,2,profile:sw_plunge; slot:garment_detail:sw_candidate_plunge,photo_prompt_clothing_structure_extension.json,photo_prompt_visual_obligations_clothing_structure.json,S00; S33,Lexical leads present; equivalent meaning not inferred,False
SPT01-09,1,서플리스넥 — Surplice neckline,review existing meaning and owner first; adopt one explicitly selected visible variant,P1,SF006,SPR_DRAFT_SF006_01,0,,photo_prompt_clothing_structure_extension.json,photo_prompt_visual_obligations_clothing_structure.json,S00; S15,No equal positive surface phrase in snapshot; not a proven missing meaning,False
SPT01-10,1,스위트하트넥 — Sweetheart neckline,review existing meaning and owner first; adopt one explicitly selected visible variant,P0,SF007,SPR_DRAFT_SF007_01,2,profile:sw_sweetheart; slot:garment_detail:sw_candidate_sweetheart,photo_prompt_clothing_structure_extension.json,photo_prompt_visual_obligations_clothing_structure.json,S00; S01,Lexical leads present; equivalent meaning not inferred,False
SPT01-11,1,스트레이트 어크로스 — Straight-across neckline,review existing meaning and owner first; adopt one explicitly selected visible variant,P0,SF007,SPR_DRAFT_SF007_02,0,,photo_prompt_clothing_structure_extension.json,photo_prompt_visual_obligations_clothing_structure.json,S00; S01,No equal positive surface phrase in snapshot; not a proven missing meaning,False
SPT01-12,1,카울넥 — Cowl neck,review existing meaning and owner first; adopt one explicitly selected visible variant,P1,SF008,SPR_DRAFT_SF008_01,4,profile:pfe_cowl; slot:garment_detail:clt_ct037_v1; slot:garment_detail:pfe_cowl_candidate; profile:clothing_ct037_v1,photo_prompt_clothing_structure_extension.json,photo_prompt_visual_obligations_clothing_structure.json,S00; S09; S19,Lexical leads present; equivalent meaning not inferred,False
SPT01-13,1,오프숄더 — Off-the-shoulder,review existing meaning and owner first; adopt one explicitly selected visible variant,P1,SF009,SPR_DRAFT_SF009_01,6,profile:sf_profile_151_base; profile:sw_offshoulder; slot:body_orientation:sf_151_base; slot:garment_detail:clt_ct038_v1; slot:garment_detail:clt_ct038_v2; slot:garment_detail:sw_candidate_offshoulder,photo_prompt_clothing_structure_extension.json,photo_prompt_visual_obligations_clothing_structure.json,S00; S08,Lexical leads present; equivalent meaning not inferred,False
SPT01-14,1,바르도넥 — Bardot neckline,review existing meaning and owner first; adopt one explicitly selected visible variant,P1,SF009,SPR_DRAFT_SF009_02,0,,photo_prompt_clothing_structure_extension.json,photo_prompt_visual_obligations_clothing_structure.json,S00; S08,No equal positive surface phrase in snapshot; not a proven missing meaning,False
SPT01-15,1,원숄더 — One-shoulder,review existing meaning and owner first; adopt one explicitly selected visible variant,P1,SF010,SPR_DRAFT_SF010_01,20,profile:pfe_one_shoulder; profile:sw_oneshoulder; slot:garment_detail:pfe_one_shoulder_candidate; slot:garment_detail:sw_candidate_oneshoulder; bundle:clothing_b_sari_continuity; bundle:uniform_draped_coat_inner_braid; profile:clothing_ct131_v1; profile:clothing_ct142_v2; profile:uniform_shoulder_draped_empty_sleeve; profile:y2kr_mini_shoulder; profile:y2kr_one_shoulder; slot:body_orientation:pv_shoulder_lower,photo_prompt_clothing_structure_extension.json,photo_prompt_visual_obligations_clothing_structure.json,S00; S33,Lexical leads present; equivalent meaning not inferred,False
SPT01-16,1,콜드숄더 — Cold-shoulder,review existing meaning and owner first; adopt one explicitly selected visible variant,P1,SF010,SPR_DRAFT_SF010_02,3,profile:cold_shoulder_cutout_topology; slot:garment_detail:cold_shoulder_cutout_sleeve_bridge; slot:wardrobe_style:cold_shoulder_knit_top_midi_skirt,photo_prompt_clothing_structure_extension.json,photo_prompt_visual_obligations_clothing_structure.json,S00; S33,Lexical leads present; equivalent meaning not inferred,False
SPT01-17,1,홀터넥 — Halter neck,review existing meaning and owner first; adopt one explicitly selected visible variant,P1,SF011,SPR_DRAFT_SF011_01,5,profile:pfe_halter; profile:sw_halter; slot:garment_detail:pfe_halter_candidate; slot:garment_detail:sw_candidate_halter; profile:racerback_sports_bra_strap_convergence,photo_prompt_clothing_structure_extension.json,photo_prompt_visual_obligations_clothing_structure.json,S00; S33,Lexical leads present; equivalent meaning not inferred,False
SPT01-18,1,키홀넥 — Keyhole neckline,review existing meaning and owner first; adopt one explicitly selected visible variant,P0,SF012,SPR_DRAFT_SF012_01,0,,photo_prompt_clothing_structure_extension.json,photo_prompt_visual_obligations_clothing_structure.json,S00; S12,No equal positive surface phrase in snapshot; not a proven missing meaning,False
SPT01-19,1,일루전 넥라인 — Illusion neckline,review existing meaning and owner first; adopt one explicitly selected visible variant,P0,SF012,SPR_DRAFT_SF012_02,2,profile:pfe_illusion_panel; slot:garment_detail:pfe_illusion_panel_candidate,photo_prompt_clothing_structure_extension.json,photo_prompt_visual_obligations_clothing_structure.json,S00; S12,Lexical leads present; equivalent meaning not inferred,False
SPT01-20,1,스트랩리스 — Strapless,review existing meaning and owner first; adopt one explicitly selected visible variant,P0,SF013,SPR_DRAFT_SF013_01,11,profile:sw_strapless; profile:y2kr_bandeau; profile:y2kr_tube_dress; slot:garment_detail:sw_candidate_strapless; slot:wardrobe_style:y2kr_bandeau; slot:wardrobe_style:y2kr_tube_dress; bundle:sw_variant_strapless; profile:clothing_ct004_v2; profile:y2kr_tube_top; slot:wardrobe_style:clt_ct004_v2; slot:wardrobe_style:y2kr_tube_top,photo_prompt_clothing_structure_extension.json,photo_prompt_visual_obligations_clothing_structure.json,S00; S01; S29,Lexical leads present; equivalent meaning not inferred,False
SPT02-01,2,슬리브리스 — Sleeveless,review existing meaning and owner first; adopt one explicitly selected visible variant,P1,SF014,SPR_DRAFT_SF014_03,14,bundle:uniform_layered_contrast_robe; profile:cold_shoulder_cutout_topology; profile:sw_jane; profile:uniform_sleeveless_robe_over_inner_sleeves; profile:y2kr_crop_tank; profile:y2kr_denim_vest; profile:y2kr_rib_tank; slot:garment_detail:cold_shoulder_cutout_sleeve_bridge; slot:garment_detail:unif_sleeveless_robe_over_inner_sleeves; slot:wardrobe_style:sff_extra_xa045; slot:wardrobe_style:sw_candidate_jane; slot:wardrobe_style:y2kr_crop_tank,photo_prompt_clothing_structure_extension.json,photo_prompt_visual_obligations_clothing_structure.json,S00; S04,Lexical leads present; equivalent meaning not inferred,False
SPT02-02,2,탱크 톱 — Tank top,review existing meaning and owner first; adopt one explicitly selected visible variant,P1,SF014,SPR_DRAFT_SF014_01,2,slot:garment_detail:bra_tank_internal_shelf_band; slot:wardrobe_style:cropped_tank_denim_casual,photo_prompt_clothing_structure_extension.json,photo_prompt_visual_obligations_clothing_structure.json,S00; S04,Lexical leads present; equivalent meaning not inferred,False
SPT02-03,2,캐미솔·캐미 — Camisole / Cami,review existing meaning and owner first; adopt one explicitly selected visible variant,P1,SF014,SPR_DRAFT_SF014_02,14,profile:y2kr_lace_cami; slot:garment_detail:y2kr_lace_cami; profile:clothing_ct004_v1; profile:clothing_ct155_v1; profile:underwear_as_outerwear_layer_system; profile:y2kr_cami; slot:garment_detail:camisole_slip_over_shirt_layer; slot:garment_detail:clt_ct155_v1; slot:wardrobe_style:clt_ct004_v1; slot:wardrobe_style:lace_trim_camisole_wide_denim_ensemble; slot:wardrobe_style:y2kr_cami; bundle:clothing_b_layered_camisole_pendant,photo_prompt_clothing_structure_extension.json,photo_prompt_visual_obligations_clothing_structure.json,S00; S04,Lexical leads present; equivalent meaning not inferred,False
SPT02-04,2,스파게티 스트랩 — Spaghetti straps,review existing meaning and owner first; adopt one explicitly selected visible variant,P1,SF015,SPR_DRAFT_SF015_01,1,slot:wardrobe_style:dark_spaghetti_strap_top,photo_prompt_clothing_structure_extension.json,photo_prompt_visual_obligations_clothing_structure.json,S00; S04,Lexical leads present; equivalent meaning not inferred,False
SPT02-05,2,와이드 스트랩 — Wide straps,review existing meaning and owner first; adopt one explicitly selected visible variant,P1,SF015,SPR_DRAFT_SF015_02,0,,photo_prompt_clothing_structure_extension.json,photo_prompt_visual_obligations_clothing_structure.json,S00; S04,No equal positive surface phrase in snapshot; not a proven missing meaning,False
SPT02-06,2,레이서백 — Racerback,review existing meaning and owner first; adopt one explicitly selected visible variant,P0,SF016,SPR_DRAFT_SF016_01,7,profile:fit_ff52_v1; profile:racerback_sports_bra_strap_convergence; slot:garment_detail:fit_ff52_v1_candidate; slot:garment_detail:racerback_strap_yoke_convergence; slot:wardrobe_style:court_skort_racerback_top_ensemble; slot:wardrobe_style:running_split_short_racerback_tank_ensemble; slot:garment_detail:crossback_strap_intersection,photo_prompt_clothing_structure_extension.json,photo_prompt_visual_obligations_clothing_structure.json,S00; S05; S29,Lexical leads present; equivalent meaning not inferred,False
SPT02-07,2,컷어웨이 암홀 — Cutaway armholes,review existing meaning and owner first; adopt one explicitly selected visible variant,P0,SF017,SPR_DRAFT_SF017_01,0,,photo_prompt_clothing_structure_extension.json,photo_prompt_visual_obligations_clothing_structure.json,S00; S05,No equal positive surface phrase in snapshot; not a proven missing meaning,False
SPT02-08,2,드롭 암홀 — Drop armhole,review existing meaning and owner first; adopt one explicitly selected visible variant,P0,SF017,SPR_DRAFT_SF017_02,0,,photo_prompt_clothing_structure_extension.json,photo_prompt_visual_obligations_clothing_structure.json,S00; S05,No equal positive surface phrase in snapshot; not a proven missing meaning,False
SPT02-09,2,딥 암홀·로 암홀 — Deep / Low armhole,review existing meaning and owner first; adopt one explicitly selected visible variant,P0,SF017,SPR_DRAFT_SF017_02,59,bundle:pe_bundle_parallel_scene_deep_focus; profile:chiaroscuro_form_modeling_relation; profile:clothing_ct045_v1; profile:cumulonimbus_tower_anvil_precipitation_outflow; profile:hw_francaise_free_back; profile:pa_bounded_metal_trim; profile:pa_dark_oxblood_bone_owners; profile:pf_window_seat; profile:pv_profile_squat_grounded; profile:soil_rel_e026; profile:soil_rel_e030; profile:sw_plunge,photo_prompt_clothing_structure_extension.json,photo_prompt_visual_obligations_clothing_structure.json,S00; S05,Lexical leads present; equivalent meaning not inferred,False
SPT02-10,2,머슬 탱크† — Muscle tank,review existing meaning and owner first; adopt one explicitly selected visible variant,P1,SF018,SPR_DRAFT_SF018_02,0,,photo_prompt_clothing_structure_extension.json,photo_prompt_visual_obligations_clothing_structure.json,S00; S05,No equal positive surface phrase in snapshot; not a proven missing meaning,False
SPT02-11,2,오픈사이드† — Open-side top,review existing meaning and owner first; adopt one explicitly selected visible variant,P1,SF018,SPR_DRAFT_SF018_01,0,,photo_prompt_clothing_structure_extension.json,photo_prompt_visual_obligations_clothing_structure.json,S00; S05,No equal positive surface phrase in snapshot; not a proven missing meaning,False
SPT02-12,2,타이사이드 — Tie-side,review existing meaning and owner first; adopt one explicitly selected visible variant,P1,SF019,SPR_DRAFT_SF019_01,2,profile:sw_tieside; slot:garment_detail:sw_candidate_tieside,photo_prompt_clothing_structure_extension.json,photo_prompt_visual_obligations_clothing_structure.json,S00,Lexical leads present; equivalent meaning not inferred,False
SPT02-13,2,오픈백·백리스 — Open-back / Backless,review existing meaning and owner first; adopt one explicitly selected visible variant,P1,SF020,SPR_DRAFT_SF020_01,13,profile:pfe_back_face; slot:subject_framing:pfe_back_face_candidate; profile:clothing_ct124_v1; slot:footwear:backless_loafers; slot:footwear:clt_ct124_v1; bundle:clothing_b_mule_squaretoe; bundle:fit_ff20_v2_bundle; profile:clothing_ct124_v2; profile:fit_ff20_v2; slot:body_orientation:pfe_hair_clearance_candidate; slot:garment_detail:fit_ff20_v2_candidate; slot:garment_detail:selective_open_back_stable_front_coverage,photo_prompt_clothing_structure_extension.json,photo_prompt_visual_obligations_clothing_structure.json,S00,Lexical leads present; equivalent meaning not inferred,False
SPT02-14,2,로백 — Low-back,review existing meaning and owner first; adopt one explicitly selected visible variant,P1,SF020,SPR_DRAFT_SF020_02,2,profile:sw_scoopback; slot:garment_detail:sw_candidate_scoopback,photo_prompt_clothing_structure_extension.json,photo_prompt_visual_obligations_clothing_structure.json,S00,Lexical leads present; equivalent meaning not inferred,False
SPT02-15,2,크로스백 — Cross-back,review existing meaning and owner first; adopt one explicitly selected visible variant,P0,SF016,SPR_DRAFT_SF016_02,5,profile:fit_ff52_v2; slot:garment_detail:fit_ff52_v2_candidate; profile:sw_crossback; slot:garment_detail:crossback_strap_intersection; slot:garment_detail:sw_candidate_crossback,photo_prompt_clothing_structure_extension.json,photo_prompt_visual_obligations_clothing_structure.json,S00; S05; S29,Lexical leads present; equivalent meaning not inferred,False
SPT02-16,2,타이백 — Tie-back,review existing meaning and owner first; adopt one explicitly selected visible variant,P1,SF019,SPR_DRAFT_SF019_02,2,profile:sw_tieback; slot:garment_detail:sw_candidate_tieback,photo_prompt_clothing_structure_extension.json,photo_prompt_visual_obligations_clothing_structure.json,S00,Lexical leads present; equivalent meaning not inferred,False
SPT02-17,2,캡 슬리브 — Cap sleeves,review existing meaning and owner first; adopt one explicitly selected visible variant,P1,SF021,SPR_DRAFT_SF021_01,0,,photo_prompt_clothing_structure_extension.json,photo_prompt_visual_obligations_clothing_structure.json,S00; S16,No equal positive surface phrase in snapshot; not a proven missing meaning,False
SPT02-18,2,플러터 슬리브 — Flutter sleeves,review existing meaning and owner first; adopt one explicitly selected visible variant,P1,SF021,SPR_DRAFT_SF021_02,2,profile:clothing_ct048_v1; slot:garment_detail:clt_ct048_v1,photo_prompt_clothing_structure_extension.json,photo_prompt_visual_obligations_clothing_structure.json,S00; S16,Lexical leads present; equivalent meaning not inferred,False
SPT03-01,3,뷔스티에 — Bustier,review existing meaning and owner first; adopt one explicitly selected visible variant,P0,SF022,SPR_DRAFT_SF022_01,10,slot:fetish_styling:corset_bustier_layered; profile:clothing_ct023_v1; profile:clothing_ct023_v2; profile:y2kr_bustier; slot:garment_detail:sff_extra_xa056; slot:garment_detail:sff_extra_xa057; slot:wardrobe_style:clt_ct023_v1; slot:wardrobe_style:clt_ct023_v2; slot:wardrobe_style:sff_extra_xa031; slot:wardrobe_style:y2kr_bustier,photo_prompt_clothing_structure_extension.json,photo_prompt_visual_obligations_clothing_structure.json,S00; S06; S07; S08,Lexical leads present; equivalent meaning not inferred,False
SPT03-02,3,코르셋 톱 — Corset top,review existing meaning and owner first; adopt one explicitly selected visible variant,P0,SF022,SPR_DRAFT_SF022_02,2,profile:y2kr_corset_top; slot:wardrobe_style:y2kr_corset_top,photo_prompt_clothing_structure_extension.json,photo_prompt_visual_obligations_clothing_structure.json,S00; S06; S07; S08,Lexical leads present; equivalent meaning not inferred,False
SPT03-03,3,언더버스트 코르셋 — Underbust corset,review existing meaning and owner first; adopt one explicitly selected visible variant,P0,SF023,SPR_DRAFT_SF023_01,0,,photo_prompt_clothing_structure_extension.json,photo_prompt_visual_obligations_clothing_structure.json,S00; S08,No equal positive surface phrase in snapshot; not a proven missing meaning,False
SPT03-04,3,브라 톱 — Bra top,review existing meaning and owner first; adopt one explicitly selected visible variant,P1,SF024,SPR_DRAFT_SF024_01,0,,photo_prompt_clothing_structure_extension.json,photo_prompt_visual_obligations_clothing_structure.json,S00; S29,No equal positive surface phrase in snapshot; not a proven missing meaning,False
SPT03-05,3,브라렛 — Bralette,review existing meaning and owner first; adopt one explicitly selected visible variant,P1,SF024,SPR_DRAFT_SF024_02,4,slot:garment_detail:visible_bralette_tailored_blazer_layer; profile:pfe_neck_foundation; profile:underwear_as_outerwear_layer_system; slot:garment_detail:pfe_neck_foundation_candidate,photo_prompt_clothing_structure_extension.json,photo_prompt_visual_obligations_clothing_structure.json,S00; S29,Lexical leads present; equivalent meaning not inferred,False
SPT03-06,3,밴도 — Bandeau,review existing meaning and owner first; adopt one explicitly selected visible variant,P1,SF025,SPR_DRAFT_SF025_01,6,bundle:sw_bundle_convertible_bandeau; bundle:sw_variant_bandeau; profile:sw_bandeau; profile:y2kr_bandeau; slot:garment_detail:sw_candidate_bandeau; slot:wardrobe_style:y2kr_bandeau,photo_prompt_clothing_structure_extension.json,photo_prompt_visual_obligations_clothing_structure.json,S00,Lexical leads present; equivalent meaning not inferred,False
SPT03-07,3,튜브 톱 — Tube top,review existing meaning and owner first; adopt one explicitly selected visible variant,P1,SF025,SPR_DRAFT_SF025_02,2,profile:y2kr_tube_top; slot:wardrobe_style:y2kr_tube_top,photo_prompt_clothing_structure_extension.json,photo_prompt_visual_obligations_clothing_structure.json,S00,Lexical leads present; equivalent meaning not inferred,False
SPT03-08,3,컵드 톱 — Cupped top,review existing meaning and owner first; adopt one explicitly selected visible variant,P0,SF026,SPR_DRAFT_SF026_01,0,,photo_prompt_clothing_structure_extension.json,photo_prompt_visual_obligations_clothing_structure.json,S00; S06; S29,No equal positive surface phrase in snapshot; not a proven missing meaning,False
SPT03-09,3,언더와이어 — Underwire,review existing meaning and owner first; adopt one explicitly selected visible variant,P0,SF026,SPR_DRAFT_SF026_02,3,profile:clothing_ct072_v1; profile:fit_ff40_v2; slot:garment_detail:clt_ct072_v1,photo_prompt_clothing_structure_extension.json,photo_prompt_visual_obligations_clothing_structure.json,S00; S06; S29,Lexical leads present; equivalent meaning not inferred,False
SPT03-10,3,패디드·몰디드 컵 — Padded / Molded cups,review existing meaning and owner first; adopt one explicitly selected visible variant,P0,SF027,SPR_DRAFT_SF027_01,12,profile:appearance_rel_h014; profile:sv_padded_garment_contour; profile:wearable_protective_armor_system; profile:y2kr_skate_shoes; slot:footwear:y2kr_skate_shoes; slot:garment_detail:appearance_h014; slot:garment_detail:sv_padded_garment_contour; slot:prop:doll_eye_wig_joint_and_fine_brush_kit; slot:prop:padded_object_support_prop; slot:prop:sealed_discovery_case_prop; slot:silhouette_proportion:biker_short_thigh_knee_landmark; slot:subject:collection_object_condition_station,photo_prompt_clothing_structure_extension.json,photo_prompt_visual_obligations_clothing_structure.json,S00; S29,Lexical leads present; equivalent meaning not inferred,False
SPT03-11,3,보닝 — Boning,review existing meaning and owner first; adopt one explicitly selected visible variant,P1,SF028,SPR_DRAFT_SF028_01,11,profile:clothing_ct023_v1; profile:clothing_ct072_v1; profile:clothing_ct072_v2; profile:orn_profile_gd40; profile:y2kr_corset_top; slot:garment_detail:clt_ct072_v2; slot:garment_detail:orn_gd40; slot:garment_detail:sff_pro_c15; slot:garment_detail:sff_pro_e19; slot:wardrobe_style:clt_ct023_v1; slot:wardrobe_style:y2kr_corset_top,photo_prompt_clothing_structure_extension.json,photo_prompt_visual_obligations_clothing_structure.json,S00; S06; S08,Lexical leads present; equivalent meaning not inferred,False
SPT03-12,3,버스트 다트 — Bust darts,review existing meaning and owner first; adopt one explicitly selected visible variant,P1,SF029,SPR_DRAFT_SF029_01,0,,photo_prompt_clothing_structure_extension.json,photo_prompt_visual_obligations_clothing_structure.json,S00; S03,No equal positive surface phrase in snapshot; not a proven missing meaning,False
SPT03-13,3,프린세스 심 — Princess seams,review existing meaning and owner first; adopt one explicitly selected visible variant,P1,SF029,SPR_DRAFT_SF029_02,3,profile:clothing_ct031_v1; slot:garment_detail:clt_ct031_v1; slot:garment_detail:clt_ct031_v2,photo_prompt_clothing_structure_extension.json,photo_prompt_visual_obligations_clothing_structure.json,S00; S03,Lexical leads present; equivalent meaning not inferred,False
SPT03-14,3,언더버스트 심 — Underbust seam,review existing meaning and owner first; adopt one explicitly selected visible variant,P0,SF030,SPR_DRAFT_SF030_01,0,,photo_prompt_clothing_structure_extension.json,photo_prompt_visual_obligations_clothing_structure.json,S00; S03; S06,No equal positive surface phrase in snapshot; not a proven missing meaning,False
SPT03-15,3,셔링 버스트·트위스트 프런트 — Ruched bust / Twist-front,review existing meaning and owner first; adopt one explicitly selected visible variant,P0,SF031,SPR_DRAFT_SF031_01; SPR_DRAFT_SF031_02,2,profile:sw_twist; slot:garment_detail:sw_candidate_twist,photo_prompt_clothing_structure_extension.json,photo_prompt_visual_obligations_clothing_structure.json,S00; S13; S14,Lexical leads present; equivalent meaning not inferred,False
SPT04-01,4,크롭 톱 — Crop top,review existing meaning and owner first; adopt one explicitly selected visible variant,P0,SF032,SPR_DRAFT_SF032_01,7,profile:pfe_midriff; slot:garment_detail:pfe_midriff_candidate; slot:wardrobe_style:crop_top_wide_pants; profile:clothing_crop_top_waist_hem; profile:sw_sporttop; slot:garment_detail:vr_crop_top_waist_hem; slot:wardrobe_style:sw_candidate_sporttop,photo_prompt_clothing_structure_extension.json,photo_prompt_visual_obligations_clothing_structure.json,S00; S04; S23,Lexical leads present; equivalent meaning not inferred,False
SPT04-02,4,마이크로 크롭† — Micro-crop top,review existing meaning and owner first; adopt one explicitly selected visible variant,P0,SF032,SPR_DRAFT_SF032_02,0,,photo_prompt_clothing_structure_extension.json,photo_prompt_visual_obligations_clothing_structure.json,S00; S04; S23,No equal positive surface phrase in snapshot; not a proven missing meaning,False
SPT04-03,4,미드리프 바링† — Midriff-baring,review existing meaning and owner first; adopt one explicitly selected visible variant,P0,SF032,SPR_DRAFT_SF032_03,0,,photo_prompt_clothing_structure_extension.json,photo_prompt_visual_obligations_clothing_structure.json,S00; S04; S23,No equal positive surface phrase in snapshot; not a proven missing meaning,False
SPT04-04,4,타이프런트 — Tie-front,review existing meaning and owner first; adopt one explicitly selected visible variant,P1,SF033,SPR_DRAFT_SF033_01,2,profile:y2kr_tie_front; slot:garment_detail:y2kr_tie_front,photo_prompt_clothing_structure_extension.json,photo_prompt_visual_obligations_clothing_structure.json,S00; S39,Lexical leads present; equivalent meaning not inferred,False
SPT04-05,4,노트프런트 — Knot-front,review existing meaning and owner first; adopt one explicitly selected visible variant,P1,SF033,SPR_DRAFT_SF033_02,0,,photo_prompt_clothing_structure_extension.json,photo_prompt_visual_obligations_clothing_structure.json,S00; S39,No equal positive surface phrase in snapshot; not a proven missing meaning,False
SPT04-06,4,스플릿 프런트† — Split-front,review existing meaning and owner first; adopt one explicitly selected visible variant,P1,SF034,SPR_DRAFT_SF034_01,0,,photo_prompt_clothing_structure_extension.json,photo_prompt_visual_obligations_clothing_structure.json,S00,No equal positive surface phrase in snapshot; not a proven missing meaning,False
SPT04-07,4,스카프 톱·반다나 톱 — Scarf / Bandana top,review existing meaning and owner first; adopt one explicitly selected visible variant,P1,SF034,SPR_DRAFT_SF034_03,31,profile:clothing_ct104_v2; profile:uniform_neck_scarf_separate_hair_ornament; profile:wrap_front_overlap_closure; profile:wrap_skirt_overlap_closure; profile:y2kr_bandana; profile:y2kr_scarf_belt; profile:y2kr_scarf_top; profile:y2kr_skinny_scarf; slot:action:ctx_borrowed_scarf_return; slot:action:ctx_scarf_offer_refusal; slot:color:neutral_base_single_lemon_accent; slot:costume_style:andean_poncho_panel_system,photo_prompt_clothing_structure_extension.json,photo_prompt_visual_obligations_clothing_structure.json,S00,Lexical leads present; equivalent meaning not inferred,False
SPT04-08,4,핸드커치프 톱 — Handkerchief top,review existing meaning and owner first; adopt one explicitly selected visible variant,P1,SF034,SPR_DRAFT_SF034_02,2,profile:y2kr_handkerchief_top; slot:wardrobe_style:y2kr_handkerchief_top,photo_prompt_clothing_structure_extension.json,photo_prompt_visual_obligations_clothing_structure.json,S00,Lexical leads present; equivalent meaning not inferred,False
SPT04-09,4,웨이스트 컷아웃 — Waist cutout,review existing meaning and owner first; adopt one explicitly selected visible variant,P0,SF035,SPR_DRAFT_SF035_01,0,,photo_prompt_clothing_structure_extension.json,photo_prompt_visual_obligations_clothing_structure.json,S00; S23,No equal positive surface phrase in snapshot; not a proven missing meaning,False
SPT04-10,4,사이드 컷아웃 — Side cutout,review existing meaning and owner first; adopt one explicitly selected visible variant,P0,SF035,SPR_DRAFT_SF035_03,0,,photo_prompt_clothing_structure_extension.json,photo_prompt_visual_obligations_clothing_structure.json,S00; S23,No equal positive surface phrase in snapshot; not a proven missing meaning,False
SPT04-11,4,네이블 컷아웃† — Navel cutout,review existing meaning and owner first; adopt one explicitly selected visible variant,P0,SF035,SPR_DRAFT_SF035_02,0,,photo_prompt_clothing_structure_extension.json,photo_prompt_visual_obligations_clothing_structure.json,S00; S23,No equal positive surface phrase in snapshot; not a proven missing meaning,False
SPT04-12,4,링 링크·O링 디테일 — Ring-linked / O-ring detail,review existing meaning and owner first; adopt one explicitly selected visible variant,P0,SF036,SPR_DRAFT_SF036_01,1,slot:fetish_styling:sff_pro_e05,photo_prompt_clothing_structure_extension.json,photo_prompt_visual_obligations_clothing_structure.json,S00; S23,Lexical leads present; equivalent meaning not inferred,False
SPT04-13,4,미드리프 플로싱† — Midriff flossing,review existing meaning and owner first; adopt one explicitly selected visible variant,P1,SF037,SPR_DRAFT_SF037_01,0,,photo_prompt_clothing_structure_extension.json,photo_prompt_visual_obligations_clothing_structure.json,S00; S23,No equal positive surface phrase in snapshot; not a proven missing meaning,False
SPT04-14,4,로라이즈 — Low-rise,review existing meaning and owner first; adopt one explicitly selected visible variant,P0,SF038,SPR_DRAFT_SF038_01,11,bundle:y2kr_bundle_pop_denim; profile:sw_midlowrise; profile:y2kr_crop_low; profile:y2kr_low_cargo; profile:y2kr_low_rise; profile:y2kr_ultra_low; slot:garment_detail:sw_candidate_midlowrise; slot:garment_detail:y2kr_crop_low; slot:garment_detail:y2kr_low_rise; slot:garment_detail:y2kr_ultra_low; slot:wardrobe_style:y2kr_low_cargo,photo_prompt_clothing_structure_extension.json,photo_prompt_visual_obligations_clothing_structure.json,S00; S02,Lexical leads present; equivalent meaning not inferred,False
SPT04-15,4,하이라이즈 — High-rise,review existing meaning and owner first; adopt one explicitly selected visible variant,P0,SF038,SPR_DRAFT_SF038_02,2,slot:silhouette_proportion:high_rise_waist_navel_relation; profile:longline_sports_bra_extended_underband,photo_prompt_clothing_structure_extension.json,photo_prompt_visual_obligations_clothing_structure.json,S00; S02,Lexical leads present; equivalent meaning not inferred,False
SPT04-16,4,사이드붑† — Sideboob,review existing meaning and owner first; adopt one explicitly selected visible variant,P0,SF039,SPR_DRAFT_SF039_01,2,profile:pfe_lateral_chest; slot:garment_detail:pfe_lateral_chest_candidate,photo_prompt_portrait_fashion_exposure_extension.json,photo_prompt_visual_obligations_portrait_fashion_exposure.json,S00; S28,Lexical leads present; equivalent meaning not inferred,False
SPT04-17,4,언더붑† — Underboob,review existing meaning and owner first; adopt one explicitly selected visible variant,P0,SF039,SPR_DRAFT_SF039_02,2,profile:pfe_lower_chest; slot:garment_detail:pfe_lower_chest_candidate,photo_prompt_portrait_fashion_exposure_extension.json,photo_prompt_visual_obligations_portrait_fashion_exposure.json,S00; S28,Lexical leads present; equivalent meaning not inferred,False
SPT05-01,5,미니스커트 — Miniskirt,review existing meaning and owner first; adopt one explicitly selected visible variant,P1,SF040,SPR_DRAFT_SF040_01,1,slot:wardrobe_style:casual_bomber_jacket_miniskirt,photo_prompt_fashion_fit_extension.json,photo_prompt_visual_obligations_fashion_fit.json,S00; S35,Lexical leads present; equivalent meaning not inferred,False
SPT05-02,5,마이크로 미니 — Micro-mini,review existing meaning and owner first; adopt one explicitly selected visible variant,P1,SF040,SPR_DRAFT_SF040_04,4,profile:pfe_mini_outer_leg; profile:y2kr_micro_mini; slot:garment_detail:y2kr_micro_mini; slot:subject_framing:pfe_mini_outer_leg_candidate,photo_prompt_fashion_fit_extension.json,photo_prompt_visual_obligations_fashion_fit.json,S00; S35,Lexical leads present; equivalent meaning not inferred,False
SPT05-03,5,미디스커트 — Midi skirt,review existing meaning and owner first; adopt one explicitly selected visible variant,P1,SF040,SPR_DRAFT_SF040_02,5,profile:culotte_cropped_wide_leg_topology; slot:garment_detail:culotte_inseam_leg_separation; slot:silhouette_proportion:cropped_wide_leg_culotte_geometry; slot:wardrobe_style:cold_shoulder_knit_top_midi_skirt; slot:wardrobe_style:culotte_button_front_blouse,photo_prompt_fashion_fit_extension.json,photo_prompt_visual_obligations_fashion_fit.json,S00; S35,Lexical leads present; equivalent meaning not inferred,False
SPT05-04,5,맥시스커트 — Maxi skirt,review existing meaning and owner first; adopt one explicitly selected visible variant,P1,SF040,SPR_DRAFT_SF040_03,1,slot:silhouette_proportion:palazzo_full_length_wide_leg_geometry,photo_prompt_fashion_fit_extension.json,photo_prompt_visual_obligations_fashion_fit.json,S00; S35,Lexical leads present; equivalent meaning not inferred,False
SPT05-05,5,하이 슬릿 — High slit,review existing meaning and owner first; adopt one explicitly selected visible variant,P1,SF041,SPR_DRAFT_SF041_01,2,profile:pfe_slit; slot:garment_detail:pfe_slit_candidate,photo_prompt_fashion_fit_extension.json,photo_prompt_visual_obligations_fashion_fit.json,S00; S15,Lexical leads present; equivalent meaning not inferred,False
SPT05-06,5,사이드 슬릿 — Side slit,review existing meaning and owner first; adopt one explicitly selected visible variant,P1,SF041,SPR_DRAFT_SF041_02,7,profile:pfe_slit; slot:garment_detail:pfe_slit_candidate; bundle:hw_dangui_open_sides; profile:clothing_ct061_v1; profile:clothing_ct140_v2; slot:costume_style:clt_ct140_v2; slot:garment_detail:clt_ct061_v1,photo_prompt_fashion_fit_extension.json,photo_prompt_visual_obligations_fashion_fit.json,S00; S15,Lexical leads present; equivalent meaning not inferred,False
SPT05-07,5,프런트 슬릿 — Front slit,review existing meaning and owner first; adopt one explicitly selected visible variant,P1,SF041,SPR_DRAFT_SF041_04,0,,photo_prompt_fashion_fit_extension.json,photo_prompt_visual_obligations_fashion_fit.json,S00; S15,No equal positive surface phrase in snapshot; not a proven missing meaning,False
SPT05-08,5,더블 슬릿 — Double slit,review existing meaning and owner first; adopt one explicitly selected visible variant,P1,SF041,SPR_DRAFT_SF041_03,0,,photo_prompt_fashion_fit_extension.json,photo_prompt_visual_obligations_fashion_fit.json,S00; S15,No equal positive surface phrase in snapshot; not a proven missing meaning,False
SPT05-09,5,랩 스커트 — Wrap skirt,review existing meaning and owner first; adopt one explicitly selected visible variant,P1,SF042,SPR_DRAFT_SF042_01,5,profile:clothing_ct018_v1; profile:wrap_skirt_overlap_closure; slot:wardrobe_style:clt_ct018_v1; slot:wardrobe_style:simple_top_wrap_skirt_ensemble; slot:garment_detail:wrap_skirt_diagonal_overlap_closure,photo_prompt_fashion_fit_extension.json,photo_prompt_visual_obligations_fashion_fit.json,S00; S15,Lexical leads present; equivalent meaning not inferred,False
SPT05-10,5,사롱 스커트 — Sarong skirt,review existing meaning and owner first; adopt one explicitly selected visible variant,P1,SF042,SPR_DRAFT_SF042_02,0,,photo_prompt_fashion_fit_extension.json,photo_prompt_visual_obligations_fashion_fit.json,S00; S15,No equal positive surface phrase in snapshot; not a proven missing meaning,False
SPT05-11,5,비대칭·하이로 헴 — Asymmetric / High-low hem,review existing meaning and owner first; adopt one explicitly selected visible variant,P1,SF043,SPR_DRAFT_SF043_01,86,profile:aeolian_dune_stoss_crest_slipface_transport; profile:asymmetric_counterbalance_relation; profile:black_hole_shadow_reconstruction; profile:chrh_rel_hair_cut_asymmetric_bob; profile:cme_coronagraph_snapshot; profile:composite_overwhelmed_expression; profile:egr_profile_asymmetric_botanical_balance; profile:integral_instant_print_object_relation; profile:pfe_one_shoulder; profile:press_flash_newsprint_reproduction_relation; profile:y2kr_asym_top; slot:action:reconstructing_black_hole_shadow_action,photo_prompt_fashion_fit_extension.json,photo_prompt_visual_obligations_fashion_fit.json,S00; S35,Lexical leads present; equivalent meaning not inferred,False
SPT05-12,5,플리츠 미니 — Pleated mini,review existing meaning and owner first; adopt one explicitly selected visible variant,P1,SF044,SPR_DRAFT_SF044_01,2,profile:y2kr_pleated_mini; slot:garment_detail:y2kr_pleated_mini,photo_prompt_fashion_fit_extension.json,photo_prompt_visual_obligations_fashion_fit.json,S00; S14,Lexical leads present; equivalent meaning not inferred,False
SPT05-13,5,펜슬 스커트 — Pencil skirt,review existing meaning and owner first; adopt one explicitly selected visible variant,P1,SF044,SPR_DRAFT_SF044_02,2,slot:wardrobe_style:business_blouse_pencil_skirt; slot:wardrobe_style:ctx_c135,photo_prompt_fashion_fit_extension.json,photo_prompt_visual_obligations_fashion_fit.json,S00; S14,Lexical leads present; equivalent meaning not inferred,False
SPT05-14,5,버블 스커트 — Bubble skirt,review existing meaning and owner first; adopt one explicitly selected visible variant,P1,SF045,SPR_DRAFT_SF045_01,0,,photo_prompt_fashion_fit_extension.json,photo_prompt_visual_obligations_fashion_fit.json,S00; S35; S36,No equal positive surface phrase in snapshot; not a proven missing meaning,False
SPT05-15,5,튤립 스커트 — Tulip skirt,review existing meaning and owner first; adopt one explicitly selected visible variant,P1,SF045,SPR_DRAFT_SF045_02,0,,photo_prompt_fashion_fit_extension.json,photo_prompt_visual_obligations_fashion_fit.json,S00; S35; S36,No equal positive surface phrase in snapshot; not a proven missing meaning,False
SPT05-16,5,스코트 — Skort,review existing meaning and owner first; adopt one explicitly selected visible variant,P0,SF046,SPR_DRAFT_SF046_01,17,profile:active_skort_outer_skirt_inner_shorts; slot:garment_detail:skort_outer_panel_inner_shorts; slot:wardrobe_style:court_skort_racerback_top_ensemble; profile:costume_ccx_cc22_01; profile:costume_ccx_cc22_02; slot:action:character_chibi_identity_translation_scene_action; slot:costume_style:ccx_cc22_01; slot:costume_style:original_public_mascot_suit_build; slot:garment_detail:ccx_cc22_02; slot:location:character_chibi_identity_translation_scene_location; slot:location:character_companion_reciprocity_scene_location; slot:location:mascot_suit_maintenance_room,photo_prompt_fashion_fit_extension.json,photo_prompt_visual_obligations_fashion_fit.json,S00; S38,Lexical leads present; equivalent meaning not inferred,False
SPT05-17,5,핫팬츠·쇼트 쇼츠 — Hot pants / Short shorts,review existing meaning and owner first; adopt one explicitly selected visible variant,P1,SF047,SPR_DRAFT_SF047_01,1,slot:silhouette_proportion:biker_short_thigh_knee_landmark,photo_prompt_fashion_fit_extension.json,photo_prompt_visual_obligations_fashion_fit.json,S00,Lexical leads present; equivalent meaning not inferred,False
SPT05-18,5,마이크로 쇼츠† — Micro shorts,review existing meaning and owner first; adopt one explicitly selected visible variant,P1,SF047,SPR_DRAFT_SF047_03,1,slot:silhouette_proportion:micro_short_proportion,photo_prompt_fashion_fit_extension.json,photo_prompt_visual_obligations_fashion_fit.json,S00,Lexical leads present; equivalent meaning not inferred,False
SPT05-19,5,데님 컷오프 — Denim cutoffs,review existing meaning and owner first; adopt one explicitly selected visible variant,P1,SF047,SPR_DRAFT_SF047_02,0,,photo_prompt_fashion_fit_extension.json,photo_prompt_visual_obligations_fashion_fit.json,S00,No equal positive surface phrase in snapshot; not a proven missing meaning,False
SPT05-20,5,돌핀 쇼츠 — Dolphin shorts,review existing meaning and owner first; adopt one explicitly selected visible variant,P1,SF048,SPR_DRAFT_SF048_01,0,,photo_prompt_fashion_fit_extension.json,photo_prompt_visual_obligations_fashion_fit.json,S00; S02,No equal positive surface phrase in snapshot; not a proven missing meaning,False
SPT05-21,5,바이커 쇼츠 — Biker shorts,review existing meaning and owner first; adopt one explicitly selected visible variant,P1,SF048,SPR_DRAFT_SF048_02,3,slot:silhouette_proportion:biker_short_thigh_knee_landmark; profile:cycling_bib_shorts_strap_pad_continuity; profile:exercise_dress_integrated_short_liner,photo_prompt_fashion_fit_extension.json,photo_prompt_visual_obligations_fashion_fit.json,S00; S02,Lexical leads present; equivalent meaning not inferred,False
SPT05-22,5,버뮤다 쇼츠 — Bermuda shorts,review existing meaning and owner first; adopt one explicitly selected visible variant,P1,SF049,SPR_DRAFT_SF049_01,4,slot:wardrobe_style:fitted_top_bermuda_slim_belt_ensemble; profile:capri_trouser_below_knee_clear_ankle_gap; slot:silhouette_proportion:bermuda_two_knee_length_short_hems; slot:silhouette_proportion:casual_capri_below_knee_clear_ankle_gap,photo_prompt_fashion_fit_extension.json,photo_prompt_visual_obligations_fashion_fit.json,S00,Lexical leads present; equivalent meaning not inferred,False
SPT05-23,5,카프리 팬츠 — Capri pants,review existing meaning and owner first; adopt one explicitly selected visible variant,P1,SF049,SPR_DRAFT_SF049_02,7,profile:capri_trouser_below_knee_clear_ankle_gap; slot:wardrobe_style:capri_cropped_windbreaker; profile:y2kr_capri; slot:aesthetic_trend:y2k_dailywear_nostalgia; slot:garment_detail:y2kr_capri; slot:silhouette_proportion:casual_capri_below_knee_clear_ankle_gap; slot:wardrobe_style:fitted_tank_capri_low_profile_flat_ensemble,photo_prompt_fashion_fit_extension.json,photo_prompt_visual_obligations_fashion_fit.json,S00,Lexical leads present; equivalent meaning not inferred,False
SPT05-24,5,퀼로트 — Culottes,review existing meaning and owner first; adopt one explicitly selected visible variant,P1,SF049,SPR_DRAFT_SF049_03,3,profile:culotte_cropped_wide_leg_topology; slot:silhouette_proportion:palazzo_full_length_wide_leg_geometry; slot:wardrobe_style:culotte_button_front_blouse,photo_prompt_fashion_fit_extension.json,photo_prompt_visual_obligations_fashion_fit.json,S00,Lexical leads present; equivalent meaning not inferred,False
SPT06-01,6,피티드 — Fitted,review existing meaning and owner first; adopt one explicitly selected visible variant,P1,SF050,SPR_DRAFT_SF050_01,109,profile:clothing_ct005_v2; profile:y2kr_baby_tee; slot:wardrobe_style:clt_ct005_v2; slot:wardrobe_style:contemporary_heisei_y2k_layers; slot:wardrobe_style:fitted_tank_capri_low_profile_flat_ensemble; slot:wardrobe_style:fitted_top_balloon_trouser_ensemble; slot:wardrobe_style:fitted_top_bermuda_slim_belt_ensemble; slot:wardrobe_style:fitted_top_harem_low_profile_ensemble; slot:wardrobe_style:y2kr_baby_tee; bundle:fit_ff07_v2_bundle; bundle:fit_ff47_v2_bundle; bundle:fit_ff61_v1_bundle,photo_prompt_fashion_fit_extension.json,photo_prompt_visual_obligations_fashion_fit.json,S00; S02; S30,Lexical leads present; equivalent meaning not inferred,False
SPT06-02,6,슬림핏 — Slim fit,review existing meaning and owner first; adopt one explicitly selected visible variant,P1,SF050,SPR_DRAFT_SF050_01,0,,photo_prompt_fashion_fit_extension.json,photo_prompt_visual_obligations_fashion_fit.json,S00; S02; S30,No equal positive surface phrase in snapshot; not a proven missing meaning,False
SPT06-03,6,보디콘 — Bodycon,review existing meaning and owner first; adopt one explicitly selected visible variant,P1,SF050,SPR_DRAFT_SF050_02,7,slot:fetish_styling:wet_look_bodycon; profile:pfe_opaque_fit; profile:y2kr_bodycon; slot:silhouette_proportion:body_con_second_skin; slot:silhouette_proportion:sculptural_bandage_bodycon; slot:wardrobe_style:pfe_opaque_fit_candidate; slot:wardrobe_style:y2kr_bodycon,photo_prompt_fashion_fit_extension.json,photo_prompt_visual_obligations_fashion_fit.json,S00; S02; S30,Lexical leads present; equivalent meaning not inferred,False
SPT06-04,6,스킨타이트 — Skin-tight,review existing meaning and owner first; adopt one explicitly selected visible variant,P1,SF050,SPR_DRAFT_SF050_02,2,profile:pfe_opaque_fit; slot:wardrobe_style:pfe_opaque_fit_candidate,photo_prompt_fashion_fit_extension.json,photo_prompt_visual_obligations_fashion_fit.json,S00; S02; S30,Lexical leads present; equivalent meaning not inferred,False
SPT06-05,6,보디 스키밍 — Body-skimming,review existing meaning and owner first; adopt one explicitly selected visible variant,P1,SF050,SPR_DRAFT_SF050_03,5,profile:pfe_skimming; profile:self_possessed_sensual_presence; slot:garment_detail:bias_cut_body_skimming_drape; slot:silhouette_proportion:fitted_top_voluminous_bottom_contrast; slot:wardrobe_style:pfe_skimming_candidate,photo_prompt_fashion_fit_extension.json,photo_prompt_visual_obligations_fashion_fit.json,S00; S02; S30,Lexical leads present; equivalent meaning not inferred,False
SPT06-06,6,밴디지 드레스 — Bandage dress,review existing meaning and owner first; adopt one explicitly selected visible variant,P1,SF050,SPR_DRAFT_SF050_04,3,profile:y2kr_bandage; slot:costume_style:deconstructed_mummy_wrap_dress; slot:garment_detail:y2kr_bandage,photo_prompt_fashion_fit_extension.json,photo_prompt_visual_obligations_fashion_fit.json,S00; S02; S30,Lexical leads present; equivalent meaning not inferred,False
SPT06-07,6,아워글라스 — Hourglass silhouette,review existing meaning and owner first; adopt one explicitly selected visible variant,P1,SF051,SPR_DRAFT_SF051_01,7,profile:bottom_hourglass_silhouette_relation; profile:hourglass_silhouette_relation; profile:soft_full_figure_volume; profile:top_hourglass_silhouette_relation; slot:silhouette_proportion:bottom_hourglass_relation; slot:silhouette_proportion:natural_hourglass_relation; slot:silhouette_proportion:top_hourglass_relation,photo_prompt_fashion_fit_extension.json,photo_prompt_visual_obligations_fashion_fit.json,S00; S02; S30,Lexical leads present; equivalent meaning not inferred,False
SPT06-08,6,신치드 웨이스트 — Cinched waist,review existing meaning and owner first; adopt one explicitly selected visible variant,P1,SF051,SPR_DRAFT_SF051_02,5,bundle:fit_ff06_v2_bundle; profile:fit_ff06_v2; slot:silhouette_proportion:cinched_hourglass_waist; slot:wardrobe_style:fit_ff06_v2_candidate; slot:wearable_accessory:oversized_leather_belt,photo_prompt_fashion_fit_extension.json,photo_prompt_visual_obligations_fashion_fit.json,S00; S02; S30,Lexical leads present; equivalent meaning not inferred,False
SPT06-09,6,A라인 — A-line,review existing meaning and owner first; adopt one explicitly selected visible variant,P1,SF052,SPR_DRAFT_SF052_01,12,profile:chrh_rel_hair_cut_a_line; slot:hair_style:chrh_hair_cut_a_line; slot:wardrobe_style:one_piece_a_line_dress; bundle:chrh_bundle_chrh_hair_cut_a_line; profile:hogarth_waving_line_of_beauty; profile:ia_profile_go_review; profile:irreversible_threshold_crossing_consequence; profile:one_piece_dress_construction; profile:water_rel_w139; slot:action:ia_go_review; slot:prop:water_w139; slot:wardrobe_style:exercise_dress_integrated_liner_ensemble,photo_prompt_fashion_fit_extension.json,photo_prompt_visual_obligations_fashion_fit.json,S00; S30,Lexical leads present; equivalent meaning not inferred,False
SPT06-10,6,핏앤플레어 — Fit-and-flare,review existing meaning and owner first; adopt one explicitly selected visible variant,P1,SF052,SPR_DRAFT_SF052_02,1,profile:one_piece_dress_construction,photo_prompt_fashion_fit_extension.json,photo_prompt_visual_obligations_fashion_fit.json,S00; S30,Lexical leads present; equivalent meaning not inferred,False
SPT06-11,6,시스·컬럼 — Sheath / Column,review existing meaning and owner first; adopt one explicitly selected visible variant,P1,SF053,SPR_DRAFT_SF053_01,40,bundle:intellectual_ia_comparison_matrix; profile:architectural_threshold_frame_depth_relation; profile:electric_constricted_arc_bridge_relation; profile:electric_tesla_coil_terminal_streamers_relation; profile:electric_welding_arc_and_spatter_relation; profile:fire_rel_f020; profile:fire_rel_f042; profile:fire_rel_f084; profile:hanok_madang_maru_inside_outside_relation; profile:hw_empire_raised_waist; profile:ia_profile_comparison_matrix; profile:mg_grid_repeat_relation,photo_prompt_fashion_fit_extension.json,photo_prompt_visual_obligations_fashion_fit.json,S00; S30,Lexical leads present; equivalent meaning not inferred,False
SPT06-12,6,머메이드 — Mermaid,review existing meaning and owner first; adopt one explicitly selected visible variant,P1,SF053,SPR_DRAFT_SF053_02,9,profile:fit_ff08_v1; slot:garment_detail:fit_ff08_v1_candidate; profile:water_rel_w182; slot:body_pose:pv_side_sit_floor; slot:composition:ri_mami_wata_snake_readable_composition; slot:prop:mermaid_scale_shell_prop; slot:subject:water_w182; slot:surface_material:iridescent_scale_skin_surface; slot:world:punk_oceanpunk_world_core,photo_prompt_fashion_fit_extension.json,photo_prompt_visual_obligations_fashion_fit.json,S00; S30,Lexical leads present; equivalent meaning not inferred,False
SPT06-13,6,엠파이어 웨이스트 — Empire waist,review existing meaning and owner first; adopt one explicitly selected visible variant,P1,SF054,SPR_DRAFT_SF054_01,3,profile:hw_empire_raised_waist; slot:garment_detail:hw_empire_raised_waist_1; slot:garment_detail:hw_empire_raised_waist_2,photo_prompt_fashion_fit_extension.json,photo_prompt_visual_obligations_fashion_fit.json,S00; S31,Lexical leads present; equivalent meaning not inferred,False
SPT06-14,6,드롭 웨이스트 — Drop waist,review existing meaning and owner first; adopt one explicitly selected visible variant,P1,SF054,SPR_DRAFT_SF054_02,7,profile:hw_drop_waist_1920; slot:costume_style:hw_drop_waist_1920_2; slot:garment_detail:hw_drop_waist_1920_1; bundle:hw_drop_waist_1920; slot:aesthetic_trend:jazz_age_modern; slot:silhouette_proportion:dropped_low_waistline; slot:wardrobe_style:dropwaist_satin_slip_dress,photo_prompt_fashion_fit_extension.json,photo_prompt_visual_obligations_fashion_fit.json,S00; S31,Lexical leads present; equivalent meaning not inferred,False
SPT06-15,6,페플럼 — Peplum,review existing meaning and owner first; adopt one explicitly selected visible variant,P1,SF055,SPR_DRAFT_SF055_01,5,profile:clothing_ct005_v1; slot:silhouette_proportion:architectural_peplum; slot:wardrobe_style:clt_ct005_v1; profile:clothing_ct005_v2; slot:wardrobe_style:clt_ct005_v2,photo_prompt_fashion_fit_extension.json,photo_prompt_visual_obligations_fashion_fit.json,S00; S02; S16,Lexical leads present; equivalent meaning not inferred,False
SPT06-16,6,오버사이즈·박시핏 — Oversized / Boxy fit,review existing meaning and owner first; adopt one explicitly selected visible variant,P1,SF055,SPR_DRAFT_SF055_02,31,profile:clothing_ct074_v1; slot:garment_detail:clt_ct074_v1; slot:prop:oversized_silver_toy_pistol; slot:silhouette_proportion:oversized_design_ease_relation; slot:silhouette_proportion:oversized_top_tiny_bottom; slot:wardrobe_style:athletic_shorts_oversized_blazer; slot:wardrobe_style:darkwash_skinny_oversized_shirt; slot:wardrobe_style:faded_hoodie_sweatpants; slot:wardrobe_style:hoodie_shorts_sneakers; slot:wardrobe_style:oversized_jersey_denim_jorts; slot:wardrobe_style:oversized_knit_sweater_loungewear; slot:wardrobe_style:tomboy_oversized_layers,photo_prompt_fashion_fit_extension.json,photo_prompt_visual_obligations_fashion_fit.json,S00; S02; S16,Lexical leads present; equivalent meaning not inferred,False
SPT07-01,7,파인 게이지 니트 — Fine-gauge knit,review existing meaning and owner first; adopt one explicitly selected visible variant,P1,SF056,SPR_DRAFT_SF056_01,0,,photo_prompt_textile_surface_extension.json,photo_prompt_visual_obligations_textile_surface.json,S00; S11,No equal positive surface phrase in snapshot; not a proven missing meaning,False
SPT07-02,7,리브 니트·골지 — Rib knit,review existing meaning and owner first; adopt one explicitly selected visible variant,P1,SF056,SPR_DRAFT_SF056_02,4,profile:clothing_ct087_v1; slot:surface_material:clt_ct087_v1; slot:surface_material:rib_knit_stretch_recovery_surface; slot:surface_material:sff_pro_t15,photo_prompt_textile_surface_extension.json,photo_prompt_visual_obligations_textile_surface.json,S00; S11,Lexical leads present; equivalent meaning not inferred,False
SPT07-03,7,포인텔 니트 — Pointelle knit,review existing meaning and owner first; adopt one explicitly selected visible variant,P0,SF057,SPR_DRAFT_SF057_01,0,,photo_prompt_textile_surface_extension.json,photo_prompt_visual_obligations_textile_surface.json,S00; S11,No equal positive surface phrase in snapshot; not a proven missing meaning,False
SPT07-04,7,오픈워크 니트 — Openwork knit,review existing meaning and owner first; adopt one explicitly selected visible variant,P0,SF057,SPR_DRAFT_SF057_02,0,,photo_prompt_textile_surface_extension.json,photo_prompt_visual_obligations_textile_surface.json,S00; S11,No equal positive surface phrase in snapshot; not a proven missing meaning,False
SPT07-05,7,크로셰 톱 — Crochet top,review existing meaning and owner first; adopt one explicitly selected visible variant,P1,SF058,SPR_DRAFT_SF058_01,0,,photo_prompt_textile_surface_extension.json,photo_prompt_visual_obligations_textile_surface.json,S00; S11,No equal positive surface phrase in snapshot; not a proven missing meaning,False
SPT07-06,7,카디건 — Cardigan,review existing meaning and owner first; adopt one explicitly selected visible variant,P1,SF059,SPR_DRAFT_SF059_01,16,profile:y2kr_crop_cardigan; slot:costume_style:librarian_cardigan_formal; slot:garment_detail:cardigan_pilling_detail; slot:hand_pose:adjusting_collar; slot:wardrobe_style:knit_cardigan_jeans; slot:wardrobe_style:white_tee_cardigan_home; slot:wardrobe_style:y2kr_crop_cardigan; profile:clothing_ct006_v1; profile:clothing_ct006_v2; slot:action:school_uniform_component_inspection; slot:costume_style:coordinated_school_uniform_system; slot:garment_detail:school_uniform_consistent_trim_system,photo_prompt_clothing_structure_extension.json,photo_prompt_visual_obligations_clothing_structure.json,S00; S24,Lexical leads present; equivalent meaning not inferred,False
SPT07-07,7,크롭 카디건 — Cropped cardigan,review existing meaning and owner first; adopt one explicitly selected visible variant,P1,SF059,SPR_DRAFT_SF059_02,2,profile:y2kr_crop_cardigan; slot:wardrobe_style:y2kr_crop_cardigan,photo_prompt_clothing_structure_extension.json,photo_prompt_visual_obligations_clothing_structure.json,S00; S24,Lexical leads present; equivalent meaning not inferred,False
SPT07-08,7,랩 카디건 — Wrap cardigan,review existing meaning and owner first; adopt one explicitly selected visible variant,P1,SF059,SPR_DRAFT_SF059_03,0,,photo_prompt_clothing_structure_extension.json,photo_prompt_visual_obligations_clothing_structure.json,S00; S24,No equal positive surface phrase in snapshot; not a proven missing meaning,False
SPT07-09,7,트윈세트 — Twinset,review existing meaning and owner first; adopt one explicitly selected visible variant,P0,SF060,SPR_DRAFT_SF060_01,0,,photo_prompt_clothing_structure_extension.json,photo_prompt_visual_obligations_clothing_structure.json,S00,No equal positive surface phrase in snapshot; not a proven missing meaning,False
SPT07-10,7,볼레로 — Bolero,review existing meaning and owner first; adopt one explicitly selected visible variant,P1,SF061,SPR_DRAFT_SF061_01,4,profile:y2kr_bolero; slot:surface_material:lightweight_open_knit_layer_surface; slot:wardrobe_style:tank_lightweight_summer_layer_wide_trouser_ensemble; slot:wardrobe_style:y2kr_bolero,photo_prompt_clothing_structure_extension.json,photo_prompt_visual_obligations_clothing_structure.json,S00; S21,Lexical leads present; equivalent meaning not inferred,False
SPT07-11,7,슈러그 — Shrug,review existing meaning and owner first; adopt one explicitly selected visible variant,P1,SF061,SPR_DRAFT_SF061_02,3,profile:y2kr_shrug; slot:body_orientation:pv_shoulder_raise; slot:wardrobe_style:y2kr_shrug,photo_prompt_clothing_structure_extension.json,photo_prompt_visual_obligations_clothing_structure.json,S00; S21,Lexical leads present; equivalent meaning not inferred,False
SPT07-12,7,니트 베스트 — Knit vest,review existing meaning and owner first; adopt one explicitly selected visible variant,P1,SF062,SPR_DRAFT_SF062_04,0,,photo_prompt_clothing_structure_extension.json,photo_prompt_visual_obligations_clothing_structure.json,S00; S11,No equal positive surface phrase in snapshot; not a proven missing meaning,False
SPT07-13,7,폴로 니트 — Polo knit,review existing meaning and owner first; adopt one explicitly selected visible variant,P1,SF062,SPR_DRAFT_SF062_01,0,,photo_prompt_clothing_structure_extension.json,photo_prompt_visual_obligations_clothing_structure.json,S00; S11,No equal positive surface phrase in snapshot; not a proven missing meaning,False
SPT07-14,7,베이비 티† — Baby tee,review existing meaning and owner first; adopt one explicitly selected visible variant,P1,SF062,SPR_DRAFT_SF062_03,5,bundle:y2kr_bundle_pop_denim; profile:y2kr_baby_tee; profile:y2kr_graphic_baby; slot:garment_detail:y2kr_graphic_baby; slot:wardrobe_style:y2kr_baby_tee,photo_prompt_clothing_structure_extension.json,photo_prompt_visual_obligations_clothing_structure.json,S00; S11,Lexical leads present; equivalent meaning not inferred,False
SPT07-15,7,헨리 톱 — Henley top,review existing meaning and owner first; adopt one explicitly selected visible variant,P1,SF062,SPR_DRAFT_SF062_02,0,,photo_prompt_clothing_structure_extension.json,photo_prompt_visual_obligations_clothing_structure.json,S00; S11,No equal positive surface phrase in snapshot; not a proven missing meaning,False
SPT07-16,7,피전트 블라우스 — Peasant blouse,review existing meaning and owner first; adopt one explicitly selected visible variant,P1,SF063,SPR_DRAFT_SF063_01,2,profile:y2kr_peasant; slot:wardrobe_style:y2kr_peasant,photo_prompt_clothing_structure_extension.json,photo_prompt_visual_obligations_clothing_structure.json,S00; S14,Lexical leads present; equivalent meaning not inferred,False
SPT07-17,7,퍼프 슬리브 블라우스 — Puff-sleeve blouse,review existing meaning and owner first; adopt one explicitly selected visible variant,P1,SF063,SPR_DRAFT_SF063_02,0,,photo_prompt_clothing_structure_extension.json,photo_prompt_visual_obligations_clothing_structure.json,S00; S14,No equal positive surface phrase in snapshot; not a proven missing meaning,False
SPT07-18,7,시어 셔츠 — Sheer shirt,review existing meaning and owner first; adopt one explicitly selected visible variant,P1,SF064,SPR_DRAFT_SF064_01,0,,photo_prompt_clothing_structure_extension.json,photo_prompt_visual_obligations_clothing_structure.json,S00; S12; S24,No equal positive surface phrase in snapshot; not a proven missing meaning,False
SPT08-01,8,선드레스 — Sundress,review existing meaning and owner first; adopt one explicitly selected visible variant,P1,SF065,SPR_DRAFT_SF065_01,0,,photo_prompt_clothing_structure_extension.json,photo_prompt_visual_obligations_clothing_structure.json,S00; S32,No equal positive surface phrase in snapshot; not a proven missing meaning,False
SPT08-02,8,티 드레스 — Tea dress,review existing meaning and owner first; adopt one explicitly selected visible variant,P1,SF065,SPR_DRAFT_SF065_02,2,profile:appearance_rel_h027; slot:garment_detail:appearance_h027,photo_prompt_clothing_structure_extension.json,photo_prompt_visual_obligations_clothing_structure.json,S00; S32,Lexical leads present; equivalent meaning not inferred,False
SPT08-03,8,슬립 드레스 — Slip dress,review existing meaning and owner first; adopt one explicitly selected visible variant,P1,SF066,SPR_DRAFT_SF066_01,5,slot:wardrobe_style:dropwaist_satin_slip_dress; slot:wardrobe_style:nineties_slip_dress_layered; slot:wardrobe_style:pale_yellow_gauze_slip_dress; profile:y2kr_slip; slot:wardrobe_style:y2kr_slip,photo_prompt_clothing_structure_extension.json,photo_prompt_visual_obligations_clothing_structure.json,S00; S09; S24,Lexical leads present; equivalent meaning not inferred,False
SPT08-04,8,캐미 드레스 — Cami dress,review existing meaning and owner first; adopt one explicitly selected visible variant,P1,SF066,SPR_DRAFT_SF066_02,0,,photo_prompt_clothing_structure_extension.json,photo_prompt_visual_obligations_clothing_structure.json,S00; S09; S24,No equal positive surface phrase in snapshot; not a proven missing meaning,False
SPT08-05,8,랩 드레스 — Wrap dress,review existing meaning and owner first; adopt one explicitly selected visible variant,P0,SF067,SPR_DRAFT_SF067_01,5,profile:clothing_ct020_v1; slot:costume_style:deconstructed_mummy_wrap_dress; slot:wardrobe_style:clt_ct020_v1; slot:wardrobe_style:one_piece_wrap_dress; profile:one_piece_dress_construction,photo_prompt_clothing_structure_extension.json,photo_prompt_visual_obligations_clothing_structure.json,S00; S15,Lexical leads present; equivalent meaning not inferred,False
SPT08-06,8,포 랩 — Faux-wrap dress,review existing meaning and owner first; adopt one explicitly selected visible variant,P0,SF067,SPR_DRAFT_SF067_02,0,,photo_prompt_clothing_structure_extension.json,photo_prompt_visual_obligations_clothing_structure.json,S00; S15,No equal positive surface phrase in snapshot; not a proven missing meaning,False
SPT08-07,8,셔츠 드레스 — Shirt dress,review existing meaning and owner first; adopt one explicitly selected visible variant,P1,SF068,SPR_DRAFT_SF068_01,3,slot:wardrobe_style:clt_ct020_v1; slot:wardrobe_style:clt_ct020_v2; slot:wardrobe_style:one_piece_shirt_dress,photo_prompt_clothing_structure_extension.json,photo_prompt_visual_obligations_clothing_structure.json,S00; S32,Lexical leads present; equivalent meaning not inferred,False
SPT08-08,8,스목 드레스 — Smock dress,review existing meaning and owner first; adopt one explicitly selected visible variant,P1,SF068,SPR_DRAFT_SF068_02,0,,photo_prompt_clothing_structure_extension.json,photo_prompt_visual_obligations_clothing_structure.json,S00; S32,No equal positive surface phrase in snapshot; not a proven missing meaning,False
SPT08-09,8,베이비돌 드레스 — Babydoll dress,review existing meaning and owner first; adopt one explicitly selected visible variant,P1,SF068,SPR_DRAFT_SF068_03,0,,photo_prompt_clothing_structure_extension.json,photo_prompt_visual_obligations_clothing_structure.json,S00; S32,No equal positive surface phrase in snapshot; not a proven missing meaning,False
SPT08-10,8,뷔스티에 드레스 — Bustier dress,review existing meaning and owner first; adopt one explicitly selected visible variant,P1,SF069,SPR_DRAFT_SF069_01,0,,photo_prompt_clothing_structure_extension.json,photo_prompt_visual_obligations_clothing_structure.json,S00; S06; S11,No equal positive surface phrase in snapshot; not a proven missing meaning,False
SPT08-11,8,니트 드레스 — Knit dress,review existing meaning and owner first; adopt one explicitly selected visible variant,P1,SF069,SPR_DRAFT_SF069_02,0,,photo_prompt_clothing_structure_extension.json,photo_prompt_visual_obligations_clothing_structure.json,S00; S06; S11,No equal positive surface phrase in snapshot; not a proven missing meaning,False
SPT08-12,8,티어드 드레스 — Tiered dress,review existing meaning and owner first; adopt one explicitly selected visible variant,P1,SF070,SPR_DRAFT_SF070_01,0,,photo_prompt_clothing_structure_extension.json,photo_prompt_visual_obligations_clothing_structure.json,S00; S14; S18; S32,No equal positive surface phrase in snapshot; not a proven missing meaning,False
SPT08-13,8,블레이저 드레스 — Blazer dress,review existing meaning and owner first; adopt one explicitly selected visible variant,P1,SF070,SPR_DRAFT_SF070_02,0,,photo_prompt_clothing_structure_extension.json,photo_prompt_visual_obligations_clothing_structure.json,S00; S14; S18; S32,No equal positive surface phrase in snapshot; not a proven missing meaning,False
SPT08-14,8,피나포어 드레스 — Pinafore dress,review existing meaning and owner first; adopt one explicitly selected visible variant,P1,SF071,SPR_DRAFT_SF071_01,0,,photo_prompt_clothing_structure_extension.json,photo_prompt_visual_obligations_clothing_structure.json,S00,No equal positive surface phrase in snapshot; not a proven missing meaning,False
SPT08-15,8,에이프런 드레스 — Apron dress,review existing meaning and owner first; adopt one explicitly selected visible variant,P1,SF071,SPR_DRAFT_SF071_01,2,slot:costume_style:akihabara_maid_cafe_uniform; slot:costume_style:dirndl_bodice_blouse_skirt_apron_system,photo_prompt_clothing_structure_extension.json,photo_prompt_visual_obligations_clothing_structure.json,S00,Lexical leads present; equivalent meaning not inferred,False
SPT08-16,8,케이프 드레스 — Cape dress,review existing meaning and owner first; adopt one explicitly selected visible variant,P1,SF071,SPR_DRAFT_SF071_02,0,,photo_prompt_clothing_structure_extension.json,photo_prompt_visual_obligations_clothing_structure.json,S00,No equal positive surface phrase in snapshot; not a proven missing meaning,False
SPT09-01,9,트렌치코트 — Trench coat,review existing meaning and owner first; adopt one explicitly selected visible variant,P1,SF072,SPR_DRAFT_SF072_01,3,profile:clothing_ct009_v1; slot:costume_style:detective_trench_coat_costume; slot:wardrobe_style:clt_ct009_v1,photo_prompt_clothing_structure_extension.json,photo_prompt_visual_obligations_clothing_structure.json,S00; S18,Lexical leads present; equivalent meaning not inferred,False
SPT09-02,9,크롭 트렌치 — Cropped trench,review existing meaning and owner first; adopt one explicitly selected visible variant,P1,SF072,SPR_DRAFT_SF072_02,0,,photo_prompt_clothing_structure_extension.json,photo_prompt_visual_obligations_clothing_structure.json,S00; S18,No equal positive surface phrase in snapshot; not a proven missing meaning,False
SPT09-03,9,맥 코트 — Mac coat,review existing meaning and owner first; adopt one explicitly selected visible variant,P1,SF072,SPR_DRAFT_SF072_03,0,,photo_prompt_clothing_structure_extension.json,photo_prompt_visual_obligations_clothing_structure.json,S00; S18,No equal positive surface phrase in snapshot; not a proven missing meaning,False
SPT09-04,9,테일러드 블레이저 — Tailored blazer,review existing meaning and owner first; adopt one explicitly selected visible variant,P1,SF073,SPR_DRAFT_SF073_01,3,slot:garment_detail:visible_bralette_tailored_blazer_layer; profile:underwear_as_outerwear_layer_system; slot:silhouette_proportion:sculpted_power_shoulders,photo_prompt_clothing_structure_extension.json,photo_prompt_visual_obligations_clothing_structure.json,S00; S02,Lexical leads present; equivalent meaning not inferred,False
SPT09-05,9,언스트럭처드 블레이저 — Unstructured blazer,review existing meaning and owner first; adopt one explicitly selected visible variant,P1,SF073,SPR_DRAFT_SF073_02,0,,photo_prompt_clothing_structure_extension.json,photo_prompt_visual_obligations_clothing_structure.json,S00; S02,No equal positive surface phrase in snapshot; not a proven missing meaning,False
SPT09-06,9,크롭 블레이저 — Cropped blazer,review existing meaning and owner first; adopt one explicitly selected visible variant,P1,SF073,SPR_DRAFT_SF073_03,0,,photo_prompt_clothing_structure_extension.json,photo_prompt_visual_obligations_clothing_structure.json,S00; S02,No equal positive surface phrase in snapshot; not a proven missing meaning,False
SPT09-07,9,트위드 재킷 — Tweed jacket,review existing meaning and owner first; adopt one explicitly selected visible variant,P1,SF074,SPR_DRAFT_SF074_04,2,slot:costume_style:dark_academia_tweed_outfit; slot:wardrobe_style:dark_academia_tweed_outfit,photo_prompt_clothing_structure_extension.json,photo_prompt_visual_obligations_clothing_structure.json,S00; S18,Lexical leads present; equivalent meaning not inferred,False
SPT09-08,9,데님·트러커 재킷 — Denim / Trucker jacket,review existing meaning and owner first; adopt one explicitly selected visible variant,P1,SF074,SPR_DRAFT_SF074_01,38,bundle:y2kr_bundle_pop_denim; profile:clothing_ct086_v1; profile:clothing_ct086_v2; profile:clothing_ct098_v1; profile:y2kr_cropped_denim_jacket; profile:y2kr_denim_bag; profile:y2kr_denim_dress; profile:y2kr_denim_jacket; profile:y2kr_denim_mini; profile:y2kr_denim_vest; profile:y2kr_flare_yoga; profile:y2kr_skinny_jeans,photo_prompt_clothing_structure_extension.json,photo_prompt_visual_obligations_clothing_structure.json,S00; S18,Lexical leads present; equivalent meaning not inferred,False
SPT09-09,9,초어·반 재킷 — Chore / Barn jacket,review existing meaning and owner first; adopt one explicitly selected visible variant,P1,SF074,SPR_DRAFT_SF074_02,1,slot:intent_state:performing_chore_with_extra_care,photo_prompt_clothing_structure_extension.json,photo_prompt_visual_obligations_clothing_structure.json,S00; S18,Lexical leads present; equivalent meaning not inferred,False
SPT09-10,9,사파리·유틸리티 재킷 — Safari / Utility jacket,review existing meaning and owner first; adopt one explicitly selected visible variant,P1,SF074,SPR_DRAFT_SF074_03,2,profile:uniform_utility_pockets_beside_closure; slot:garment_detail:unif_utility_pockets_beside_closure,photo_prompt_clothing_structure_extension.json,photo_prompt_visual_obligations_clothing_structure.json,S00; S18,Lexical leads present; equivalent meaning not inferred,False
SPT09-11,9,보머·블루종 — Bomber / Blouson,review existing meaning and owner first; adopt one explicitly selected visible variant,P1,SF075,SPR_DRAFT_SF075_01,6,profile:clothing_ct010_v1; profile:clothing_ct010_v2; profile:sw_tankini; slot:wardrobe_style:casual_bomber_jacket_miniskirt; slot:wardrobe_style:clt_ct010_v2; slot:wardrobe_style:sw_candidate_tankini,photo_prompt_clothing_structure_extension.json,photo_prompt_visual_obligations_clothing_structure.json,S00,Lexical leads present; equivalent meaning not inferred,False
SPT09-12,9,윈드브레이커 — Windbreaker,review existing meaning and owner first; adopt one explicitly selected visible variant,P1,SF075,SPR_DRAFT_SF075_04,2,slot:wardrobe_style:capri_cropped_windbreaker; slot:aesthetic_trend:y2k_dailywear_nostalgia,photo_prompt_clothing_structure_extension.json,photo_prompt_visual_obligations_clothing_structure.json,S00,Lexical leads present; equivalent meaning not inferred,False
SPT09-13,9,아노락 — Anorak,review existing meaning and owner first; adopt one explicitly selected visible variant,P1,SF075,SPR_DRAFT_SF075_02,0,,photo_prompt_clothing_structure_extension.json,photo_prompt_visual_obligations_clothing_structure.json,S00,No equal positive surface phrase in snapshot; not a proven missing meaning,False
SPT09-14,9,셔킷 — Shacket,review existing meaning and owner first; adopt one explicitly selected visible variant,P1,SF075,SPR_DRAFT_SF075_05,0,,photo_prompt_clothing_structure_extension.json,photo_prompt_visual_obligations_clothing_structure.json,S00,No equal positive surface phrase in snapshot; not a proven missing meaning,False
SPT09-15,9,더스터 — Duster,review existing meaning and owner first; adopt one explicitly selected visible variant,P1,SF075,SPR_DRAFT_SF075_03,0,,photo_prompt_clothing_structure_extension.json,photo_prompt_visual_obligations_clothing_structure.json,S00,No equal positive surface phrase in snapshot; not a proven missing meaning,False
SPT10-01,10,코튼 — Cotton,retain_request_metadata; no still-image hard proof,P0,SF076,,11,profile:hw_lingerie_daydress; slot:costume_style:hw_lingerie_daydress_1; slot:costume_style:opaque_white_bandage_couture_costume; slot:garment_detail:matte_white_bandage_weave; slot:garment_detail:opaque_cotton_gauze_wrap_layers; slot:prop:white_cotton_gloves_prop; slot:subject:archivist_role_model; slot:surface_material:layered_style_textile_surface; slot:texture:matte_white_gauze_weave_texture; slot:wardrobe_style:broderie_anglaise_mini_dress; slot:wardrobe_style:little_white_summer_dress,photo_prompt_textile_surface_extension.json,photo_prompt_visual_obligations_textile_surface.json,S00; S10; S12,Lexical leads present; equivalent meaning not inferred,False
SPT10-02,10,리넨 — Linen,retain_request_metadata; no still-image hard proof,P0,SF076,,19,bundle:clothing_b_linen_sheer_layers; profile:clothing_ct078_v2; profile:diegetic_reality_invariant_failure; profile:opening_western_blouse_reference; slot:aesthetic_trend:coastal_grandmother_aesthetic; slot:aesthetic_trend:dockside_sailorcore; slot:aesthetic_trend:white_bandage_couture_aesthetic; slot:costume_style:deconstructed_mummy_wrap_dress; slot:garment_detail:crisscross_linen_bandage_wrapping; slot:garment_detail:wrinkled_linen_texture; slot:narrative_core:protective_linen_rebirth_core; slot:silhouette_proportion:protective_cocoon_wrap_silhouette,photo_prompt_textile_surface_extension.json,photo_prompt_visual_obligations_textile_surface.json,S00; S10; S12,Lexical leads present; equivalent meaning not inferred,False
SPT10-03,10,실크 — Silk,retain_request_metadata; no still-image hard proof,P0,SF076,,21,slot:action:draping_and_hand_finishing_couture_layers; slot:costume_style:celestial_silk_ribbon_robe; slot:costume_style:commoner_disguise_over_silk; slot:costume_style:mine_workwear_hidden_silk_lining; slot:costume_style:modern_shaman_ritual_costume; slot:garment_detail:couture_internal_support_and_drape_layers; slot:garment_detail:landscape_embroidery_hem; slot:location:royal_princess_chamber; slot:prop:five_color_silk_strip_prop; slot:prop:punk_rococopunk_mechanism_prop; slot:prop:round_fan_prop; slot:subject:modern_shaman_performer,photo_prompt_textile_surface_extension.json,photo_prompt_visual_obligations_textile_surface.json,S00; S10; S12,Lexical leads present; equivalent meaning not inferred,False
SPT10-04,10,레이온·비스코스 — Rayon / Viscose,retain_request_metadata; no still-image hard proof,P0,SF076,,0,,photo_prompt_textile_surface_extension.json,photo_prompt_visual_obligations_textile_surface.json,S00; S10; S12,No equal positive surface phrase in snapshot; not a proven missing meaning,False
SPT10-05,10,포플린 — Poplin,review existing meaning and owner first; adopt one explicitly selected visible variant,P1,SF077,SPR_DRAFT_SF077_03,2,slot:surface_material:woven_poplin_crisp_fold_surface; slot:wardrobe_style:button_down_poplin_shirt_tailored_trousers,photo_prompt_textile_surface_extension.json,photo_prompt_visual_obligations_textile_surface.json,S00; S10; S12,Lexical leads present; equivalent meaning not inferred,False
SPT10-06,10,론 — Lawn,review existing meaning and owner first; adopt one explicitly selected visible variant,P1,SF077,SPR_DRAFT_SF077_04,3,profile:pf_parterre_axis; slot:aesthetic_trend:wetland_hydrology_mosaic_aesthetic; slot:location:pf_parterre_axis_location,photo_prompt_textile_surface_extension.json,photo_prompt_visual_obligations_textile_surface.json,S00; S10; S12,Lexical leads present; equivalent meaning not inferred,False
SPT10-07,10,보일 — Voile,review existing meaning and owner first; adopt one explicitly selected visible variant,P1,SF077,SPR_DRAFT_SF077_02,1,profile:kebaya_front_open_blouse_sarong_system,photo_prompt_textile_surface_extension.json,photo_prompt_visual_obligations_textile_surface.json,S00; S10; S12,Lexical leads present; equivalent meaning not inferred,False
SPT10-08,10,샴브레이 — Chambray,review existing meaning and owner first; adopt one explicitly selected visible variant,P1,SF077,SPR_DRAFT_SF077_01,4,profile:clothing_ct086_v2; slot:surface_material:clt_ct086_v2; profile:clothing_ct086_v1; slot:surface_material:clt_ct086_v1,photo_prompt_textile_surface_extension.json,photo_prompt_visual_obligations_textile_surface.json,S00; S10; S12,Lexical leads present; equivalent meaning not inferred,False
SPT10-09,10,시어서커 — Seersucker,review existing meaning and owner first; adopt one explicitly selected visible variant,P1,SF078,SPR_DRAFT_SF078_01,0,,photo_prompt_textile_surface_extension.json,photo_prompt_visual_obligations_textile_surface.json,S00,No equal positive surface phrase in snapshot; not a proven missing meaning,False
SPT10-10,10,시폰 — Chiffon,review existing meaning and owner first; adopt one explicitly selected visible variant,P0,SF079,SPR_DRAFT_SF079_01,6,profile:clothing_ct091_v1; profile:clothing_ct091_v2; profile:sheer_garment_optical_layering; slot:garment_detail:sff_extra_xa002; slot:surface_material:sheer_organza_chiffon_transmission; slot:wardrobe_style:sff_pro_y07,photo_prompt_textile_surface_extension.json,photo_prompt_visual_obligations_textile_surface.json,S00; S12,Lexical leads present; equivalent meaning not inferred,False
SPT10-11,10,조젯 — Georgette,review existing meaning and owner first; adopt one explicitly selected visible variant,P0,SF079,SPR_DRAFT_SF079_02,0,,photo_prompt_textile_surface_extension.json,photo_prompt_visual_obligations_textile_surface.json,S00; S12,No equal positive surface phrase in snapshot; not a proven missing meaning,False
SPT10-12,10,오간자 — Organza,review existing meaning and owner first; adopt one explicitly selected visible variant,P0,SF079,SPR_DRAFT_SF079_03,4,profile:sheer_garment_optical_layering; slot:surface_material:sheer_organza_chiffon_transmission; profile:clothing_ct091_v1; profile:clothing_ct091_v2,photo_prompt_textile_surface_extension.json,photo_prompt_visual_obligations_textile_surface.json,S00; S12,Lexical leads present; equivalent meaning not inferred,False
SPT10-13,10,튤 — Tulle,review existing meaning and owner first; adopt one explicitly selected visible variant,P1,SF080,SPR_DRAFT_SF080_01,20,bundle:costume_b18; bundle:egr_arrangement_lace_tulle_layers; bundle:egr_micropleated_tulle_panel_bundle; profile:clothing_ct090_v1; profile:clothing_ct090_v2; profile:costume_ccx_cc27_01; profile:egr_profile_micropleated_tulle_panel; profile:sheer_garment_optical_layering; slot:action:draping_and_hand_finishing_couture_layers; slot:garment_detail:ccx_cc27_01; slot:garment_detail:couture_internal_support_and_drape_layers; slot:garment_detail:egr_micropleated_tulle_panel,photo_prompt_textile_surface_extension.json,photo_prompt_visual_obligations_textile_surface.json,S00; S12,Lexical leads present; equivalent meaning not inferred,False
SPT10-14,10,레이스 — Lace,review existing meaning and owner first; adopt one explicitly selected visible variant,P1,SF080,SPR_DRAFT_SF080_02,101,profile:appearance_rel_h013; profile:clothing_ct090_v1; profile:egr_profile_high_collar_lace_structure; profile:hw_lace_insertion; profile:hw_lingerie_daydress; profile:lace_trim_attached_edge; profile:opening_western_blouse_reference; profile:orn_profile_gd31; profile:orn_profile_gd42; profile:sw_laceup; profile:vg_graphite_thread_raised_flower_profile; profile:y2kr_lace_cami,photo_prompt_textile_surface_extension.json,photo_prompt_visual_obligations_textile_surface.json,S00; S12,Lexical leads present; equivalent meaning not inferred,False
SPT10-15,10,메시 — Mesh,review existing meaning and owner first; adopt one explicitly selected visible variant,P1,SF080,SPR_DRAFT_SF080_03,52,bundle:clothing_b_mail_shoulder_plate; bundle:egr_micropleated_tulle_panel_bundle; bundle:pfe_bundle_mesh_boundary; bundle:sw_variant_mesh; bundle:y2kr_bundle_cyber_club; bundle:y2kr_bundle_mallgoth_hardware; bundle:y2kr_bundle_rave_trim; profile:clothing_ct090_v1; profile:clothing_ct090_v2; profile:clothing_ct152_v1; profile:costume_ccx_cc27_01; profile:egr_profile_micropleated_tulle_panel,photo_prompt_textile_surface_extension.json,photo_prompt_visual_obligations_textile_surface.json,S00; S12,Lexical leads present; equivalent meaning not inferred,False
SPT10-16,10,새틴 — Satin,review existing meaning and owner first; adopt one explicitly selected visible variant,P1,SF081,SPR_DRAFT_SF081_01,30,profile:clothing_ct085_v1; profile:clothing_ct085_v2; profile:gradient_lip_center_distribution; profile:restrained_polished_natural_makeup_balance; profile:satin_directional_luster_drape_surface; profile:self_possessed_sensual_presence; profile:sw_finish; profile:y2kr_satin; slot:aesthetic_trend:coquette_balletcore_flatlay; slot:aesthetic_trend:jazz_age_modern; slot:fetish_styling:lace_satin_lingerie_inspired; slot:fetish_styling:sff_extra_xa048,photo_prompt_textile_surface_extension.json,photo_prompt_visual_obligations_textile_surface.json,S00; S10; S11; S12,Lexical leads present; equivalent meaning not inferred,False
SPT10-17,10,크레이프 — Crêpe,review existing meaning and owner first; adopt one explicitly selected visible variant,P1,SF081,SPR_DRAFT_SF081_02,4,profile:egr_profile_matte_mourning_crape; slot:surface_material:egr_matte_mourning_crape; slot:surface_material:lightweight_crepe_matte_drape_surface; slot:surface_material:sff_pro_t12,photo_prompt_textile_surface_extension.json,photo_prompt_visual_obligations_textile_surface.json,S00; S10; S11; S12,Lexical leads present; equivalent meaning not inferred,False
SPT10-18,10,저지 — Jersey,review existing meaning and owner first; adopt one explicitly selected visible variant,P1,SF081,SPR_DRAFT_SF081_03,15,bundle:y2kr_bundle_hiphop_volume; profile:clothing_ct026_v1; profile:clothing_ct026_v2; profile:clothing_ct087_v1; profile:clothing_ct087_v2; profile:y2kr_jersey; slot:aesthetic_trend:blokecore_aesthetic; slot:aesthetic_trend:sport_luxe_fandom; slot:garment_detail:sff_extra_xa056; slot:surface_material:sff_pro_t14; slot:wardrobe_style:clt_ct026_v1; slot:wardrobe_style:clt_ct026_v2,photo_prompt_textile_surface_extension.json,photo_prompt_visual_obligations_textile_surface.json,S00; S10; S11; S12,Lexical leads present; equivalent meaning not inferred,False
SPT10-19,10,시어 — Sheer,review existing meaning and owner first; adopt one explicitly selected visible variant,P0,SF082,SPR_DRAFT_SF082_01,44,bundle:clothing_b_linen_sheer_layers; bundle:fit_ff49_v2_bundle; profile:clothing_ct079_v1; profile:clothing_ct079_v2; profile:clothing_ct091_v1; profile:clothing_ct091_v2; profile:fit_ff49_v2; profile:no_makeup_makeup_layering; profile:pfe_hosiery_sheer; profile:pfe_mesh_skin; profile:restrained_polished_natural_makeup_balance; profile:sheer_complexion_texture_preservation,photo_prompt_textile_surface_extension.json,photo_prompt_visual_obligations_textile_surface.json,S00; S12,Lexical leads present; equivalent meaning not inferred,False
SPT10-20,10,시스루 — See-through,review existing meaning and owner first; adopt one explicitly selected visible variant,P0,SF082,SPR_DRAFT_SF082_01,12,profile:chrh_rel_hair_cut_see_through_bangs; profile:sheer_garment_optical_layering; slot:garment_detail:sff_extra_xa001; slot:hair_style:chrh_hair_cut_see_through_bangs; bundle:chrh_bundle_chrh_hair_cut_see_through_bangs; slot:action:sheer_backlight_transmission_test; slot:fetish_styling:mesh_sheer_layering; slot:garment_detail:sheer_transmission_opaque_underlayer; slot:garment_detail:sheer_visible_edge_weave; slot:surface_material:sheer_organza_chiffon_transmission; slot:wardrobe_style:sheer_opaque_overlay_garment; slot:wardrobe_style:sheer_panel_tailored_garment,photo_prompt_textile_surface_extension.json,photo_prompt_visual_obligations_textile_surface.json,S00; S12,Lexical leads present; equivalent meaning not inferred,False
SPT10-21,10,세미시어 — Semi-sheer,review existing meaning and owner first; adopt one explicitly selected visible variant,P0,SF082,SPR_DRAFT_SF082_02,4,profile:pfe_hosiery_sheer; profile:pfe_mesh_skin; slot:texture:pfe_hosiery_sheer_candidate; slot:texture:pfe_mesh_skin_candidate,photo_prompt_textile_surface_extension.json,photo_prompt_visual_obligations_textile_surface.json,S00; S12,Lexical leads present; equivalent meaning not inferred,False
SPT10-22,10,드레이프 — Drape,review existing meaning and owner first; adopt one explicitly selected visible variant,P1,SF083,SPR_DRAFT_SF083_01,95,profile:clothing_ct011_v2; profile:clothing_ct077_v1; profile:nivi_sari_continuous_pleat_pallu_system; profile:pfe_cowl; slot:action:one_piece_drape_turnaround; slot:action:refining_new_romantic_club_look; slot:composition:sheet_drape_stable_coverage_path; slot:costume_style:clt_ct142_v1; slot:costume_style:nivi_sari_pleat_pallu_system; slot:garment_detail:bias_cut_body_skimming_drape; slot:garment_detail:couture_internal_support_and_drape_layers; slot:garment_detail:one_piece_seam_closure_drape,photo_prompt_textile_surface_extension.json,photo_prompt_visual_obligations_textile_surface.json,S00; S09,Lexical leads present; equivalent meaning not inferred,False
SPT10-23,10,바이어스 컷 — Bias cut,retain_request_metadata; no still-image hard proof,P1,SF083,,3,slot:garment_detail:bias_cut_body_skimming_drape; profile:self_possessed_sensual_presence; slot:garment_detail:sff_pro_c22,photo_prompt_textile_surface_extension.json,photo_prompt_visual_obligations_textile_surface.json,S00; S09,Lexical leads present; equivalent meaning not inferred,False
SPT10-24,10,매트·글로시 — Matte / Glossy,review existing meaning and owner first; adopt one explicitly selected visible variant,P1,SF084,SPR_DRAFT_SF084_01; SPR_DRAFT_SF084_02,124,profile:soft_light_shadow_edge_relation; profile:soil_rel_e009; profile:soil_rel_e096; slot:lighting:multi_material_same_source_response; slot:lip_finish:high_shine_glossy_lip; slot:makeup_style:cherry_cola_lip; slot:makeup_style:delicate_makeup_glossy_lips; slot:makeup_style:moist_powder_orange_glossy_lips; slot:surface_material:cooling_wax_skin; slot:surface_material:glossy_white_consumer_shell_surface; slot:texture:soil_e009; slot:texture:soil_e096,photo_prompt_textile_surface_extension.json,photo_prompt_visual_obligations_textile_surface.json,S00; S10,Lexical leads present; equivalent meaning not inferred,False
SPT10-25,10,번아웃·데보레 — Burnout / Dévoré,review existing meaning and owner first; adopt one explicitly selected visible variant,P1,SF085,SPR_DRAFT_SF085_01,2,slot:mood:burnout_reset; slot:texture:sff_pro_f03,photo_prompt_textile_surface_extension.json,photo_prompt_visual_obligations_textile_surface.json,S00; S37,Lexical leads present; equivalent meaning not inferred,False
SPT11-01,11,개더 — Gathers,review existing meaning and owner first; adopt one explicitly selected visible variant,P0,SF086,SPR_DRAFT_SF086_01,38,bundle:costume_b26; bundle:fit_ff22_v1_bundle; bundle:fit_ff37_v2_bundle; bundle:hw_chemise_gown_sash; profile:appearance_rel_h106; profile:bilateral_twin_tail_gather; profile:clothing_ct046_v2; profile:clothing_ct064_v1; profile:clothing_ct064_v2; profile:costume_ccx_cc41_02; profile:fit_ff07_v2; profile:fit_ff22_v1,photo_prompt_clothing_structure_extension.json,photo_prompt_visual_obligations_clothing_structure.json,S00; S13; S14,Lexical leads present; equivalent meaning not inferred,False
SPT11-02,11,루칭 — Ruching,review existing meaning and owner first; adopt one explicitly selected visible variant,P0,SF086,SPR_DRAFT_SF086_02,5,profile:pfe_ruching; profile:sw_ruched; slot:garment_detail:leggings_center_back_scrunch_channel; slot:garment_detail:pfe_ruching_candidate; slot:garment_detail:sw_candidate_ruched,photo_prompt_clothing_structure_extension.json,photo_prompt_visual_obligations_clothing_structure.json,S00; S13; S14,Lexical leads present; equivalent meaning not inferred,False
SPT11-03,11,셔링 — Shirring,review existing meaning and owner first; adopt one explicitly selected visible variant,P0,SF086,SPR_DRAFT_SF086_03,4,profile:clothing_ct064_v1; profile:clothing_ct064_v2; profile:sw_shirred; slot:garment_detail:sw_candidate_shirred,photo_prompt_clothing_structure_extension.json,photo_prompt_visual_obligations_clothing_structure.json,S00; S13; S14,Lexical leads present; equivalent meaning not inferred,False
SPT11-04,11,스모킹 — Smocking,review existing meaning and owner first; adopt one explicitly selected visible variant,P0,SF086,SPR_DRAFT_SF086_04,5,profile:clothing_ct064_v2; profile:sw_smocked; slot:garment_detail:clt_ct064_v2; slot:garment_detail:sw_candidate_smocked; slot:garment_detail:clt_ct064_v1,photo_prompt_clothing_structure_extension.json,photo_prompt_visual_obligations_clothing_structure.json,S00; S13; S14,Lexical leads present; equivalent meaning not inferred,False
SPT11-05,11,플리츠 — Pleats,review existing meaning and owner first; adopt one explicitly selected visible variant,P1,SF087,SPR_DRAFT_SF087_04,33,profile:clothing_ct063_v1; profile:sw_pleats; slot:garment_detail:clt_ct063_v1; slot:garment_detail:pleat_fold_ridge_valley_geometry; slot:garment_detail:sw_candidate_pleats; bundle:hw_francaise_free_back; bundle:sw_variant_pleats; profile:clothing_ct063_v2; profile:clothing_ct064_v2; profile:costume_ccx_cc39_01; profile:costume_ccx_cc39_02; profile:fit_ff36_v1,photo_prompt_clothing_structure_extension.json,photo_prompt_visual_obligations_clothing_structure.json,S00,Lexical leads present; equivalent meaning not inferred,False
SPT11-06,11,나이프 플리츠 — Knife pleats,review existing meaning and owner first; adopt one explicitly selected visible variant,P1,SF087,SPR_DRAFT_SF087_01,2,profile:clothing_ct063_v1; slot:garment_detail:clt_ct063_v1,photo_prompt_clothing_structure_extension.json,photo_prompt_visual_obligations_clothing_structure.json,S00,Lexical leads present; equivalent meaning not inferred,False
SPT11-07,11,박스 플리츠 — Box pleats,review existing meaning and owner first; adopt one explicitly selected visible variant,P1,SF087,SPR_DRAFT_SF087_02,4,profile:clothing_ct063_v2; profile:hw_francaise_free_back; slot:garment_detail:clt_ct063_v2; slot:garment_detail:hw_francaise_free_back_1,photo_prompt_clothing_structure_extension.json,photo_prompt_visual_obligations_clothing_structure.json,S00,Lexical leads present; equivalent meaning not inferred,False
SPT11-08,11,아코디언 플리츠 — Accordion pleats,review existing meaning and owner first; adopt one explicitly selected visible variant,P1,SF087,SPR_DRAFT_SF087_03,0,,photo_prompt_clothing_structure_extension.json,photo_prompt_visual_obligations_clothing_structure.json,S00,No equal positive surface phrase in snapshot; not a proven missing meaning,False
SPT11-09,11,핀턱 — Pintucks,review existing meaning and owner first; adopt one explicitly selected visible variant,P1,SF088,SPR_DRAFT_SF088_01,0,,photo_prompt_clothing_structure_extension.json,photo_prompt_visual_obligations_clothing_structure.json,S00; S03,No equal positive surface phrase in snapshot; not a proven missing meaning,False
SPT11-10,11,러플·프릴 — Ruffles / Frills,review existing meaning and owner first; adopt one explicitly selected visible variant,P0,SF089,SPR_DRAFT_SF089_01,1,slot:costume_absorption_guard:lace_frill_not_fur_guard,photo_prompt_clothing_structure_extension.json,photo_prompt_visual_obligations_clothing_structure.json,S00; S14; S16,Lexical leads present; equivalent meaning not inferred,False
SPT11-11,11,플라운스 — Flounce,review existing meaning and owner first; adopt one explicitly selected visible variant,P0,SF089,SPR_DRAFT_SF089_02,10,profile:clothing_ct005_v2; profile:clothing_ct065_v2; slot:garment_detail:clt_ct065_v2; slot:wardrobe_style:clt_ct005_v2; profile:appearance_rel_h027; profile:clothing_ct065_v1; profile:sw_ruffle; slot:garment_detail:appearance_h027; slot:garment_detail:clt_ct065_v1; slot:garment_detail:sw_candidate_ruffle,photo_prompt_clothing_structure_extension.json,photo_prompt_visual_obligations_clothing_structure.json,S00; S14; S16,Lexical leads present; equivalent meaning not inferred,False
SPT11-12,11,레이스 트림 — Lace trim,review existing meaning and owner first; adopt one explicitly selected visible variant,P1,SF090,SPR_DRAFT_SF090_01,9,profile:lace_trim_attached_edge; slot:garment_detail:lace_trim_edge; slot:wardrobe_style:lace_trim_camisole_wide_denim_ensemble; slot:wardrobe_style:lace_trim_tee_satin_skirt; profile:y2kr_lace_cami; slot:aesthetic_trend:laced_up_delicate_aesthetic; slot:aesthetic_trend:vamp_romantic; slot:garment_detail:pfe_opaque_lace_trim_candidate; slot:garment_detail:y2kr_lace_cami,photo_prompt_ornament_structure_extension.json,photo_prompt_visual_obligations_ornament_structure.json,S00,Lexical leads present; equivalent meaning not inferred,False
SPT11-13,11,아이렛·브로드리 앙글레즈 — Eyelet / Broderie anglaise,review existing meaning and owner first; adopt one explicitly selected visible variant,P1,SF090,SPR_DRAFT_SF090_02,18,slot:garment_detail:broderie_anglaise_eyelet; profile:clothing_ct055_v1; profile:clothing_ct122_v1; slot:footwear:clt_ct122_v1; slot:garment_detail:clt_ct055_v1; slot:wardrobe_style:broderie_anglaise_mini_dress; bundle:clothing_b_derby_tongue; bundle:clothing_b_structured_channels_lacing; bundle:fit_ff44_v2_bundle; bundle:orn_gd41_bundle; profile:clothing_ct055_v2; profile:fit_ff44_v2,photo_prompt_ornament_structure_extension.json,photo_prompt_visual_obligations_ornament_structure.json,S00,Lexical leads present; equivalent meaning not inferred,False
SPT11-14,11,스캘럽 에지 — Scalloped edge,review existing meaning and owner first; adopt one explicitly selected visible variant,P1,SF090,SPR_DRAFT_SF090_03,0,,photo_prompt_ornament_structure_extension.json,photo_prompt_visual_obligations_ornament_structure.json,S00,No equal positive surface phrase in snapshot; not a proven missing meaning,False
SPT11-15,11,아플리케 — Appliqué,review existing meaning and owner first; adopt one explicitly selected visible variant,P1,SF091,SPR_DRAFT_SF091_01,12,profile:clothing_ct067_v1; slot:garment_detail:clt_ct067_v1; slot:garment_detail:metiers_art_embroidery_attachment_detail; slot:garment_detail:orn_gd35; slot:garment_detail:sff_pro_e14; slot:makeup_decoration:graphic_decal_face_applique; profile:costume_ccx_cc42_02; slot:costume_style:ccx_cc42_01; slot:garment_detail:clt_ct067_v2; slot:garment_detail:sff_pro_c12; slot:makeup_decoration:metallic_foil_eye_accent; slot:surface_material:ccx_cc42_02,photo_prompt_ornament_structure_extension.json,photo_prompt_visual_obligations_ornament_structure.json,S00; S20,Lexical leads present; equivalent meaning not inferred,False
SPT11-16,11,로제트 — Rosette,review existing meaning and owner first; adopt one explicitly selected visible variant,P1,SF091,SPR_DRAFT_SF091_02,8,profile:egr_profile_fabric_rosette_vs_living_flower; profile:orn_profile_gd11; slot:garment_detail:egr_fabric_rosette_vs_living_flower; slot:wearable_accessory:orn_gd11; bundle:egr_fabric_rosette_vs_living_flower_bundle; bundle:orn_gd11_bundle; profile:y2kr_leopard_print; slot:garment_detail:y2kr_leopard_print,photo_prompt_ornament_structure_extension.json,photo_prompt_visual_obligations_ornament_structure.json,S00; S20,Lexical leads present; equivalent meaning not inferred,False
SPT11-17,11,보 디테일 — Bow detail,review existing meaning and owner first; adopt one explicitly selected visible variant,P1,SF091,SPR_DRAFT_SF091_03,1,slot:anatomical_connection:philtral_columns_cupid_bow,photo_prompt_ornament_structure_extension.json,photo_prompt_visual_obligations_ornament_structure.json,S00; S20,Lexical leads present; equivalent meaning not inferred,False
SPT11-18,11,레이스업 — Lace-up,review existing meaning and owner first; adopt one explicitly selected visible variant,P1,SF092,SPR_DRAFT_SF092_01,6,profile:sw_laceup; slot:garment_detail:sw_candidate_laceup; bundle:clothing_b_derby_tongue; profile:clothing_ct055_v1; profile:clothing_ct055_v2; slot:aesthetic_trend:laced_up_delicate_aesthetic,photo_prompt_ornament_structure_extension.json,photo_prompt_visual_obligations_ornament_structure.json,S00; S22,Lexical leads present; equivalent meaning not inferred,False
SPT11-19,11,프린지·태슬 — Fringe / Tassel,review existing meaning and owner first; adopt one explicitly selected visible variant,P1,SF093,SPR_DRAFT_SF093_01; SPR_DRAFT_SF093_02,63,profile:clothing_ct068_v2; slot:garment_detail:orn_gd38; profile:clothing_ct068_v1; profile:orn_profile_gd38; slot:fetish_styling:sff_pro_e07; slot:garment_detail:clt_ct068_v1; slot:garment_detail:clt_ct068_v2; slot:lens_artifact:chromatic_fringe_edges; bundle:chrh_bundle_chrh_hair_cut_blunt_bangs; bundle:chrh_bundle_chrh_hair_cut_bottleneck_bangs; bundle:chrh_bundle_chrh_hair_cut_full_bangs; bundle:chrh_bundle_chrh_hair_cut_micro_bangs,photo_prompt_ornament_structure_extension.json,photo_prompt_visual_obligations_ornament_structure.json,S00; S22,Lexical leads present; equivalent meaning not inferred,False
SPT11-20,11,파이핑 — Piping,review existing meaning and owner first; adopt one explicitly selected visible variant,P1,SF093,SPR_DRAFT_SF093_03,11,profile:clothing_ct066_v1; profile:sca_g20; profile:sw_piping; slot:garment_detail:clt_ct066_v1; slot:garment_detail:sca_g20; slot:garment_detail:sw_candidate_piping; bundle:sw_variant_piping; profile:clothing_ct066_v2; slot:garment_detail:clt_ct066_v2; slot:garment_detail:school_uniform_consistent_trim_system; slot:garment_detail:split_running_short_overlap_opening,photo_prompt_ornament_structure_extension.json,photo_prompt_visual_obligations_ornament_structure.json,S00; S22,Lexical leads present; equivalent meaning not inferred,False
SPT11-21,11,스터드·아일릿·체인 — Studs / Eyelets / Chains,review existing meaning and owner first; adopt one explicitly selected visible variant,P1,SF093,SPR_DRAFT_SF093_04,35,profile:clothing_ct055_v1; profile:fit_ff44_v1; profile:fit_ff44_v2; profile:orn_profile_gd24; profile:orn_profile_gd40; profile:orn_profile_gd41; profile:y2kr_studs; slot:garment_detail:fit_ff44_v1_candidate; slot:garment_detail:fit_ff44_v2_candidate; slot:garment_detail:orn_gd41; slot:wearable_accessory:orn_gd24; slot:wearable_accessory:simple_pearl_studs,photo_prompt_ornament_structure_extension.json,photo_prompt_visual_obligations_ornament_structure.json,S00; S22,Lexical leads present; equivalent meaning not inferred,False
SPT12-01,12,로맨틱 — Romantic,contextual style; optional component combinations only,P1,SF094,SPR_DRAFT_SF094_02,30,slot:aesthetic_trend:sff_pro_x02; slot:aesthetic_trend:vamp_romantic; slot:mood:romantic_decay_mood; slot:narrative_core:romantic_decay_core; slot:subject:adult_new_romantic_club_participant; slot:wardrobe_style:new_romantic_theatrical_tailoring; slot:world:romantic_decay_world; bundle:adult_central_target_romantic_rivalry; profile:adult_central_target_romantic_rivalry_event; slot:action:har_joseon_household_process_action; slot:action:har_romantic_rivalry_competing_bids_action; slot:action:refining_new_romantic_club_look,photo_prompt_subculture_appearance_extension.json,photo_prompt_visual_obligations_subculture_appearance.json,S00; S20; S21,Lexical leads present; equivalent meaning not inferred,False
SPT12-02,12,페미닌 — Feminine,contextual style; optional component combinations only,P1,SF094,SPR_DRAFT_SF094_03,2,slot:aesthetic_trend:dark_feminine_aesthetic; slot:wardrobe_style:dark_feminine_black_layers,photo_prompt_subculture_appearance_extension.json,photo_prompt_visual_obligations_subculture_appearance.json,S00; S20; S21,Lexical leads present; equivalent meaning not inferred,False
SPT12-03,12,코케트 — Coquette,contextual style; optional component combinations only,P1,SF094,SPR_DRAFT_SF094_01,6,slot:aesthetic_trend:coquette_aesthetic; profile:playful_flirtation_interaction; slot:aesthetic_trend:coquette_balletcore_flatlay; slot:location:coquette_tea_table_flatlay; slot:prop:satin_ribbon_flatlay_prop; slot:wearable_accessory:hair_ribbon_bow,photo_prompt_subculture_appearance_extension.json,photo_prompt_visual_obligations_subculture_appearance.json,S00; S20; S21,Lexical leads present; equivalent meaning not inferred,False
SPT12-04,12,발레코어 — Balletcore,contextual style; optional component combinations only,P1,SF095,SPR_DRAFT_SF095_01,2,slot:aesthetic_trend:balletcore_aesthetic; slot:aesthetic_trend:coquette_balletcore_flatlay,photo_prompt_subculture_appearance_extension.json,photo_prompt_visual_obligations_subculture_appearance.json,S00; S21,Lexical leads present; equivalent meaning not inferred,False
SPT12-05,12,코티지코어 — Cottagecore,contextual style; optional component combinations only,P1,SF096,SPR_DRAFT_SF096_01,2,slot:aesthetic_trend:cottagecore_aesthetic; slot:world:cottagecore,photo_prompt_subculture_appearance_extension.json,photo_prompt_visual_obligations_subculture_appearance.json,S00; S21,Lexical leads present; equivalent meaning not inferred,False
SPT12-06,12,프레리 — Prairie style,contextual style; optional component combinations only,P1,SF096,SPR_DRAFT_SF096_02,0,,photo_prompt_subculture_appearance_extension.json,photo_prompt_visual_obligations_subculture_appearance.json,S00; S21,No equal positive surface phrase in snapshot; not a proven missing meaning,False
SPT12-07,12,보헤미안·보호 — Bohemian / Boho,contextual style; optional component combinations only,P1,SF096,SPR_DRAFT_SF096_03,4,bundle:y2kr_bundle_boho_layers; profile:y2kr_boho_palette; slot:color:y2kr_boho_palette; slot:costume_style:huipil_rectilinear_tunic_system,photo_prompt_subculture_appearance_extension.json,photo_prompt_visual_obligations_subculture_appearance.json,S00; S21,Lexical leads present; equivalent meaning not inferred,False
SPT12-08,12,프레피 — Preppy,contextual style; optional component combinations only,P1,SF097,SPR_DRAFT_SF097_01,3,slot:costume_style:dark_academia_tweed_outfit; slot:wardrobe_style:dark_academia_tweed_outfit; slot:footwear:penny_loafers,photo_prompt_subculture_appearance_extension.json,photo_prompt_visual_obligations_subculture_appearance.json,S00; S40,Lexical leads present; equivalent meaning not inferred,False
SPT12-09,12,아이비 — Ivy style,contextual style; optional component combinations only,P1,SF097,SPR_DRAFT_SF097_02,0,,photo_prompt_subculture_appearance_extension.json,photo_prompt_visual_obligations_subculture_appearance.json,S00; S40,No equal positive surface phrase in snapshot; not a proven missing meaning,False
SPT12-10,12,테니스코어 — Tenniscore,contextual style; optional component combinations only,P1,SF097,SPR_DRAFT_SF097_03,0,,photo_prompt_subculture_appearance_extension.json,photo_prompt_visual_obligations_subculture_appearance.json,S00; S40,No equal positive surface phrase in snapshot; not a proven missing meaning,False
SPT12-11,12,애슬레저 — Athleisure,contextual style; optional component combinations only,P1,SF098,SPR_DRAFT_SF098_01,2,slot:action:adult_stretching_pose; slot:wardrobe_style:gym_athleisure_mirror_fit,photo_prompt_subculture_appearance_extension.json,photo_prompt_visual_obligations_subculture_appearance.json,S00; S05,Lexical leads present; equivalent meaning not inferred,False
SPT12-12,12,스포티 시크 — Sporty chic,contextual style; optional component combinations only,P1,SF098,SPR_DRAFT_SF098_02,0,,photo_prompt_subculture_appearance_extension.json,photo_prompt_visual_obligations_subculture_appearance.json,S00; S05,No equal positive surface phrase in snapshot; not a proven missing meaning,False
SPT12-13,12,캐주얼 시크 — Casual chic,contextual style; optional component combinations only,P1,SF098,SPR_DRAFT_SF098_03,0,,photo_prompt_subculture_appearance_extension.json,photo_prompt_visual_obligations_subculture_appearance.json,S00; S05,No equal positive surface phrase in snapshot; not a proven missing meaning,False
SPT12-14,12,프렌치 시크† — French chic,contextual style; optional component combinations only,P1,SF099,SPR_DRAFT_SF099_01,0,,photo_prompt_subculture_appearance_extension.json,photo_prompt_visual_obligations_subculture_appearance.json,S00; S21,No equal positive surface phrase in snapshot; not a proven missing meaning,False
SPT12-15,12,미니멀 — Minimal,contextual style; optional component combinations only,P1,SF099,SPR_DRAFT_SF099_02,24,slot:aesthetic_trend:genz_clean_minimal; slot:body_marking:ankle_minimal_tattoo; slot:composition:negative_space; slot:location:minimal_korean_living_room; slot:makeup_style:wet_lash_minimal_makeup; slot:wardrobe_style:minimal_black_dress; profile:backlit_silhouette_mass_relation; slot:appearance_type:tech_founder_like; slot:composition:negative_space_ad_layout; slot:costume_style:elegant_modern_daywear; slot:face_sculpting:minimal_nose_bridge_contour_highlight; slot:footwear:ballet_flat_sneakers,photo_prompt_subculture_appearance_extension.json,photo_prompt_visual_obligations_subculture_appearance.json,S00; S21,Lexical leads present; equivalent meaning not inferred,False
SPT12-16,12,콰이어트 럭셔리† — Quiet luxury,contextual style; optional component combinations only,P1,SF099,SPR_DRAFT_SF099_02,6,profile:low_brand_prominence_material_luxury; slot:aesthetic_trend:quiet_luxury_aesthetic; slot:color:greige_camel_cream_quiet_palette; slot:lighting:quiet_diffuse_material_gallery_lighting; slot:aesthetic_trend:old_money_aesthetic; slot:wardrobe_style:old_money_tailored_layers,photo_prompt_subculture_appearance_extension.json,photo_prompt_visual_obligations_subculture_appearance.json,S00; S21,Lexical leads present; equivalent meaning not inferred,False
SPT12-17,12,코스털·노티컬 — Coastal / Nautical,contextual style; optional component combinations only,P1,SF099,SPR_DRAFT_SF099_03,27,profile:soil_rel_e058; profile:water_rel_w081; slot:action:measuring_shoreline_retreat; slot:aesthetic_trend:coastal_grandmother_aesthetic; slot:composition:mangrove_water_root_canopy_depth_frame; slot:composition:shore_to_sea_tidal_bands_frame; slot:location:character_nonhuman_expression_scene_location; slot:location:coastal_dune_restoration_site; slot:location:coastal_wreck_survey_deck; slot:location:foggy_empty_beach; slot:location:seaside_rocks_reeds_mist; slot:location:soil_e058,photo_prompt_subculture_appearance_extension.json,photo_prompt_visual_obligations_subculture_appearance.json,S00; S21,Lexical leads present; equivalent meaning not inferred,False
SPT12-18,12,Y2K — Y2K style,contextual style; optional component combinations only,P1,SF100,SPR_DRAFT_SF100_01,36,bundle:direct_flash_y2k_snapshot; profile:y2kr_cyber_palette; profile:y2kr_goth_motif; profile:y2kr_pop_palette; profile:y2kr_rave_palette; profile:y2kr_sport_palette; profile:y2kr_warm_denim_palette; slot:action:styling_contemporary_heisei_y2k_revival; slot:aesthetic_trend:cyber_y2k_aesthetic; slot:aesthetic_trend:y2k_dailywear_nostalgia; slot:aesthetic_trend:y2k_indie_sleaze_flatlay; slot:color:kpop_y2k_pastel_chrome,photo_prompt_subculture_appearance_extension.json,photo_prompt_visual_obligations_subculture_appearance.json,S00,Lexical leads present; equivalent meaning not inferred,False
SPT12-19,12,란제리 룩 — Lingerie dressing,contextual style; optional component combinations only,P1,SF101,SPR_DRAFT_SF101_01,0,,photo_prompt_subculture_appearance_extension.json,photo_prompt_visual_obligations_subculture_appearance.json,S00; S22; S24,No equal positive surface phrase in snapshot; not a proven missing meaning,False
SPT12-20,12,소프트 고스† — Soft goth,contextual style; optional component combinations only,P1,SF101,SPR_DRAFT_SF101_02,0,,photo_prompt_subculture_appearance_extension.json,photo_prompt_visual_obligations_subculture_appearance.json,S00; S22; S24,No equal positive surface phrase in snapshot; not a proven missing meaning,False
SPT12-21,12,펑크·록 시크 — Punk / Rock chic,contextual style; optional component combinations only,P1,SF101,SPR_DRAFT_SF101_03,88,slot:action:assembling_goth_scene_style_for_venue; slot:action:folding_zines_and_setting_up_diy_punk_show; slot:action:punk_world_system_action; slot:aesthetic_trend:sff_pro_x01; slot:location:punk_world_system_location; slot:location:small_postpunk_music_venue; slot:prop:punk_aetherpunk_maintenance_handoff_prop; slot:prop:punk_aetherpunk_mechanism_prop; slot:prop:punk_aetherpunk_system_diagnostic_prop; slot:prop:punk_atompunk_maintenance_handoff_prop; slot:prop:punk_atompunk_mechanism_prop; slot:prop:punk_atompunk_system_diagnostic_prop,photo_prompt_subculture_appearance_extension.json,photo_prompt_visual_obligations_subculture_appearance.json,S00; S22; S24,Lexical leads present; equivalent meaning not inferred,False
SPT12-22,12,페티시 인스파이어드 — Fetish-inspired fashion,contextual style; optional component combinations only,P1,SF101,SPR_DRAFT_SF101_04,0,,photo_prompt_subculture_appearance_extension.json,photo_prompt_visual_obligations_subculture_appearance.json,S00; S22; S24,No equal positive surface phrase in snapshot; not a proven missing meaning,False
SPT12-23,12,글래머러스 — Glamorous,contextual style; optional component combinations only,P1,SF102,SPR_DRAFT_SF102_01,2,profile:curvilinear_figure_relation; slot:mood:glamorous_backstage,photo_prompt_subculture_appearance_extension.json,photo_prompt_visual_obligations_subculture_appearance.json,S00; S30,Lexical leads present; equivalent meaning not inferred,False
SPT12-24,12,여리핏·청순글램†,contextual style; optional component combinations only,P1,SF102,SPR_DRAFT_SF102_02,0,,photo_prompt_subculture_appearance_extension.json,photo_prompt_visual_obligations_subculture_appearance.json,S00; S30,No equal positive surface phrase in snapshot; not a proven missing meaning,False
SPT13-01,13,파스텔 — Pastel,review existing meaning and owner first; adopt one explicitly selected visible variant,P1,SF103,SPR_DRAFT_SF103_05,23,profile:y2kr_pop_palette; slot:color:hanbok_pastel_seasonal; slot:color:kpop_y2k_pastel_chrome; slot:color:matte_pastel_editorial; slot:color:pastel; slot:color:pe_pastel_palette; slot:color:y2kr_pop_palette; slot:companion_animal:pastel_parakeet_pair; slot:costume_style:pastel_magical_girl_outfit; slot:film_emulation:fujifilm_pro_400h; slot:location:magical_girl_pastel_studio; slot:location:maid_cafe_interior,photo_prompt_color_relations_extension.json,photo_prompt_visual_obligations_color_relations.json,S00; S27,Lexical leads present; equivalent meaning not inferred,False
SPT13-02,13,버터 옐로 — Butter yellow,review existing meaning and owner first; adopt one explicitly selected visible variant,P1,SF103,SPR_DRAFT_SF103_01,1,slot:color:butter_yellow_palette,photo_prompt_color_relations_extension.json,photo_prompt_visual_obligations_color_relations.json,S00; S27,Lexical leads present; equivalent meaning not inferred,False
SPT13-03,13,파우더 핑크 — Powder pink,review existing meaning and owner first; adopt one explicitly selected visible variant,P1,SF103,SPR_DRAFT_SF103_06,0,,photo_prompt_color_relations_extension.json,photo_prompt_visual_obligations_color_relations.json,S00; S27,No equal positive surface phrase in snapshot; not a proven missing meaning,False
SPT13-04,13,블러시 핑크 — Blush pink,review existing meaning and owner first; adopt one explicitly selected visible variant,P1,SF103,SPR_DRAFT_SF103_07,0,,photo_prompt_color_relations_extension.json,photo_prompt_visual_obligations_color_relations.json,S00; S27,No equal positive surface phrase in snapshot; not a proven missing meaning,False
SPT13-05,13,피치 — Peach,review existing meaning and owner first; adopt one explicitly selected visible variant,P1,SF103,SPR_DRAFT_SF103_08,2,slot:color:pe_burgundy_peach_mapping; slot:skin_finish:soft_peach_fuzz_detail,photo_prompt_color_relations_extension.json,photo_prompt_visual_obligations_color_relations.json,S00; S27,Lexical leads present; equivalent meaning not inferred,False
SPT13-06,13,라일락·라벤더 — Lilac / Lavender,review existing meaning and owner first; adopt one explicitly selected visible variant,P1,SF103,SPR_DRAFT_SF103_09,9,profile:y2kr_lilac_frost; slot:color:pal_app_lavender_blue_coral_gradient; slot:eyeshadow_style:y2kr_lilac_frost; slot:hair_color:lavender_silver_character_hair; bundle:egr_palette_s312_bundle; bundle:palette_relation_pal_app_lavender_blue_coral_gradient; profile:pa_local_color_under_separate_lights; profile:pa_ordered_background_gradient; slot:color:egr_palette_s312,photo_prompt_color_relations_extension.json,photo_prompt_visual_obligations_color_relations.json,S00; S27,Lexical leads present; equivalent meaning not inferred,False
SPT13-07,13,스카이 블루 — Sky blue,review existing meaning and owner first; adopt one explicitly selected visible variant,P1,SF103,SPR_DRAFT_SF103_10,1,slot:wardrobe_style:sky_blue_ribbed_cardigan_sweatpants,photo_prompt_color_relations_extension.json,photo_prompt_visual_obligations_color_relations.json,S00; S27,Lexical leads present; equivalent meaning not inferred,False
SPT13-08,13,아이시 블루 — Icy blue,review existing meaning and owner first; adopt one explicitly selected visible variant,P1,SF103,SPR_DRAFT_SF103_02,4,profile:y2kr_icy_blue; slot:aesthetic_trend:cool_blue_glacier_aesthetic; slot:color:glacier_blue_palette; slot:eyeshadow_style:y2kr_icy_blue,photo_prompt_color_relations_extension.json,photo_prompt_visual_obligations_color_relations.json,S00; S27,Lexical leads present; equivalent meaning not inferred,False
SPT13-09,13,민트 — Mint,review existing meaning and owner first; adopt one explicitly selected visible variant,P1,SF103,SPR_DRAFT_SF103_11,3,profile:hvr_profile_palette_underwater_depth; slot:color:hr_palette_underwater_depth; slot:hair_color:mint_green_cosplay_wig,photo_prompt_color_relations_extension.json,photo_prompt_visual_obligations_color_relations.json,S00; S27,Lexical leads present; equivalent meaning not inferred,False
SPT13-10,13,세이지 — Sage,review existing meaning and owner first; adopt one explicitly selected visible variant,P1,SF103,SPR_DRAFT_SF103_03,4,slot:color:sage_green_palette; bundle:egr_palette_s314_bundle; slot:color:egr_palette_s314; slot:wardrobe_style:cargo_utility_tank_set,photo_prompt_color_relations_extension.json,photo_prompt_visual_obligations_color_relations.json,S00; S27,Lexical leads present; equivalent meaning not inferred,False
SPT13-11,13,아이보리·에크루 — Ivory / Ecru,review existing meaning and owner first; adopt one explicitly selected visible variant,P1,SF103,SPR_DRAFT_SF103_12,15,profile:pa_bounded_metal_trim; slot:color:pal_app_ivory_mushroom_olive; slot:color:pearl_ivory_champagne_gold_palette; slot:surface_material:pal_app_ivory_champagne_gold; slot:wardrobe_style:business_blouse_pencil_skirt; bundle:egr_palette_s301_bundle; bundle:egr_palette_s308_bundle; bundle:egr_palette_s314_bundle; bundle:palette_relation_pal_app_black_antique_gold_ivory; bundle:palette_relation_pal_app_ivory_champagne_gold; slot:color:egr_palette_s301; slot:color:egr_palette_s308,photo_prompt_color_relations_extension.json,photo_prompt_visual_obligations_color_relations.json,S00; S27,Lexical leads present; equivalent meaning not inferred,False
SPT13-12,13,베이지·그레이지 — Beige / Greige,review existing meaning and owner first; adopt one explicitly selected visible variant,P1,SF103,SPR_DRAFT_SF103_13,7,slot:color:greige_camel_cream_quiet_palette; bundle:palette_relation_pal_app_beige_grid_red_line; profile:low_brand_prominence_material_luxury; profile:pa_crossing_lines_same_carrier; slot:aesthetic_trend:quiet_luxury_aesthetic; slot:surface_material:fine_wool_cashmere_matte_pile_surface; slot:texture:pal_app_beige_grid_red_line,photo_prompt_color_relations_extension.json,photo_prompt_visual_obligations_color_relations.json,S00; S27,Lexical leads present; equivalent meaning not inferred,False
SPT13-13,13,체리 레드 — Cherry red,review existing meaning and owner first; adopt one explicitly selected visible variant,P1,SF103,SPR_DRAFT_SF103_04,0,,photo_prompt_color_relations_extension.json,photo_prompt_visual_obligations_color_relations.json,S00; S27,No equal positive surface phrase in snapshot; not a proven missing meaning,False
SPT13-14,13,모노크로매틱 — Monochromatic,review existing meaning and owner first; adopt one explicitly selected visible variant,P1,SF104,SPR_DRAFT_SF104_01,3,bundle:cr_variant_monochromatic; profile:cr_monochromatic; slot:color:cr_candidate_monochromatic,photo_prompt_color_relations_extension.json,photo_prompt_visual_obligations_color_relations.json,S00; S27,Lexical leads present; equivalent meaning not inferred,False
SPT13-15,13,토널 드레싱 — Tonal dressing,review existing meaning and owner first; adopt one explicitly selected visible variant,P1,SF104,SPR_DRAFT_SF104_02,0,,photo_prompt_color_relations_extension.json,photo_prompt_visual_obligations_color_relations.json,S00; S27,No equal positive surface phrase in snapshot; not a proven missing meaning,False
SPT13-16,13,컬러 블로킹 — Colour blocking,review existing meaning and owner first; adopt one explicitly selected visible variant,P1,SF104,SPR_DRAFT_SF104_03,2,profile:cr_color_blocks; slot:color:cr_candidate_color_blocks,photo_prompt_color_relations_extension.json,photo_prompt_visual_obligations_color_relations.json,S00; S27,Lexical leads present; equivalent meaning not inferred,False
SPT13-17,13,디츠이 플로럴 — Ditsy floral,review existing meaning and owner first; adopt one explicitly selected visible variant,P1,SF105,SPR_DRAFT_SF105_01,0,,photo_prompt_color_relations_extension.json,photo_prompt_visual_obligations_color_relations.json,S00; S26,No equal positive surface phrase in snapshot; not a proven missing meaning,False
SPT13-18,13,보태니컬 프린트 — Botanical print,review existing meaning and owner first; adopt one explicitly selected visible variant,P1,SF105,SPR_DRAFT_SF105_02,0,,photo_prompt_color_relations_extension.json,photo_prompt_visual_obligations_color_relations.json,S00; S26,No equal positive surface phrase in snapshot; not a proven missing meaning,False
SPT13-19,13,워터컬러 플로럴 — Watercolour floral,review existing meaning and owner first; adopt one explicitly selected visible variant,P1,SF105,SPR_DRAFT_SF105_03,0,,photo_prompt_color_relations_extension.json,photo_prompt_visual_obligations_color_relations.json,S00; S26,No equal positive surface phrase in snapshot; not a proven missing meaning,False
SPT13-20,13,깅엄 — Gingham,review existing meaning and owner first; adopt one explicitly selected visible variant,P1,SF106,SPR_DRAFT_SF106_01,0,,photo_prompt_color_relations_extension.json,photo_prompt_visual_obligations_color_relations.json,S00; S26,No equal positive surface phrase in snapshot; not a proven missing meaning,False
SPT13-21,13,브르통 스트라이프 — Breton stripes,review existing meaning and owner first; adopt one explicitly selected visible variant,P1,SF106,SPR_DRAFT_SF106_02,0,,photo_prompt_color_relations_extension.json,photo_prompt_visual_obligations_color_relations.json,S00; S26,No equal positive surface phrase in snapshot; not a proven missing meaning,False
SPT13-22,13,폴카 도트 — Polka dots,review existing meaning and owner first; adopt one explicitly selected visible variant,P1,SF106,SPR_DRAFT_SF106_03,2,profile:clothing_ct095_v2; slot:surface_material:clt_ct095_v2,photo_prompt_color_relations_extension.json,photo_prompt_visual_obligations_color_relations.json,S00; S26,Lexical leads present; equivalent meaning not inferred,False
SPT13-23,13,투알 드 주이 — Toile de Jouy,review existing meaning and owner first; adopt one explicitly selected visible variant,P1,SF106,SPR_DRAFT_SF106_04,0,,photo_prompt_color_relations_extension.json,photo_prompt_visual_obligations_color_relations.json,S00; S26,No equal positive surface phrase in snapshot; not a proven missing meaning,False
SPT13-24,13,페이즐리 — Paisley,review existing meaning and owner first; adopt one explicitly selected visible variant,P1,SF106,SPR_DRAFT_SF106_05,4,profile:clothing_ct096_v1; slot:surface_material:clt_ct096_v1; profile:clothing_ct096_v2; slot:surface_material:clt_ct096_v2,photo_prompt_color_relations_extension.json,photo_prompt_visual_obligations_color_relations.json,S00; S26,Lexical leads present; equivalent meaning not inferred,False
SPT14-01,14,발레 플랫 — Ballet flats,review existing meaning and owner first; adopt one explicitly selected visible variant,P0,SF107,SPR_DRAFT_SF107_01,5,slot:footwear:low_profile_ballet_flat_topology; bundle:y2kr_bundle_ballet_neighbor; profile:y2kr_ballet_flats; slot:footwear:ballet_flat_sneakers; slot:footwear:y2kr_ballet_flats,photo_prompt_accessory_structure_extension.json,photo_prompt_visual_obligations_accessory_structure.json,S00; S17; S21,Lexical leads present; equivalent meaning not inferred,False
SPT14-02,14,메리제인 — Mary Janes,review existing meaning and owner first; adopt one explicitly selected visible variant,P0,SF107,SPR_DRAFT_SF107_02,2,slot:footwear:mary_jane_flats; slot:footwear:sff_pro_b01,photo_prompt_accessory_structure_extension.json,photo_prompt_visual_obligations_accessory_structure.json,S00; S17; S21,Lexical leads present; equivalent meaning not inferred,False
SPT14-03,14,슬링백 — Slingbacks,review existing meaning and owner first; adopt one explicitly selected visible variant,P0,SF107,SPR_DRAFT_SF107_03,4,profile:clothing_ct124_v2; slot:footwear:clt_ct124_v1; slot:footwear:clt_ct124_v2; slot:footwear:sff_pro_b03,photo_prompt_accessory_structure_extension.json,photo_prompt_visual_obligations_accessory_structure.json,S00; S17; S21,Lexical leads present; equivalent meaning not inferred,False
SPT14-04,14,뮬 — Mules,review existing meaning and owner first; adopt one explicitly selected visible variant,P0,SF107,SPR_DRAFT_SF107_04,0,,photo_prompt_accessory_structure_extension.json,photo_prompt_visual_obligations_accessory_structure.json,S00; S17; S21,No equal positive surface phrase in snapshot; not a proven missing meaning,False
SPT14-05,14,로퍼 — Loafers,review existing meaning and owner first; adopt one explicitly selected visible variant,P0,SF107,SPR_DRAFT_SF107_07,2,slot:footwear:backless_loafers; slot:footwear:penny_loafers,photo_prompt_accessory_structure_extension.json,photo_prompt_visual_obligations_accessory_structure.json,S00; S17; S21,Lexical leads present; equivalent meaning not inferred,False
SPT14-06,14,키튼 힐 — Kitten heels,review existing meaning and owner first; adopt one explicitly selected visible variant,P0,SF107,SPR_DRAFT_SF107_05,2,profile:y2kr_kitten; slot:footwear:y2kr_kitten,photo_prompt_accessory_structure_extension.json,photo_prompt_visual_obligations_accessory_structure.json,S00; S17; S21,Lexical leads present; equivalent meaning not inferred,False
SPT14-07,14,에스파드리유 — Espadrilles,review existing meaning and owner first; adopt one explicitly selected visible variant,P0,SF107,SPR_DRAFT_SF107_06,2,slot:footwear:clt_ct127_v1; slot:footwear:clt_ct127_v2,photo_prompt_accessory_structure_extension.json,photo_prompt_visual_obligations_accessory_structure.json,S00; S17; S21,Lexical leads present; equivalent meaning not inferred,False
SPT14-08,14,스트래피 샌들 — Strappy sandals,review existing meaning and owner first; adopt one explicitly selected visible variant,P1,SF108,SPR_DRAFT_SF108_01,1,slot:footwear:strappy_flat_sandals,photo_prompt_accessory_structure_extension.json,photo_prompt_visual_obligations_accessory_structure.json,S00; S17,Lexical leads present; equivalent meaning not inferred,False
SPT14-09,14,앵클 스트랩 — Ankle strap,review existing meaning and owner first; adopt one explicitly selected visible variant,P1,SF108,SPR_DRAFT_SF108_01,2,profile:clothing_ct125_v2; slot:footwear:clt_ct125_v2,photo_prompt_accessory_structure_extension.json,photo_prompt_visual_obligations_accessory_structure.json,S00; S17,Lexical leads present; equivalent meaning not inferred,False
SPT14-10,14,메시 슈즈 — Mesh shoes,review existing meaning and owner first; adopt one explicitly selected visible variant,P1,SF108,SPR_DRAFT_SF108_02,0,,photo_prompt_accessory_structure_extension.json,photo_prompt_visual_obligations_accessory_structure.json,S00; S17,No equal positive surface phrase in snapshot; not a proven missing meaning,False
SPT14-11,14,로프로파일 스니커즈 — Low-profile sneakers,review existing meaning and owner first; adopt one explicitly selected visible variant,P1,SF108,SPR_DRAFT_SF108_03,1,slot:footwear:slim_low_profile_sneakers,photo_prompt_accessory_structure_extension.json,photo_prompt_visual_obligations_accessory_structure.json,S00; S17,Lexical leads present; equivalent meaning not inferred,False
SPT14-12,14,앵클부츠 — Ankle boots,review existing meaning and owner first; adopt one explicitly selected visible variant,P1,SF108,SPR_DRAFT_SF108_04,2,slot:footwear:pointed_ankle_boots; slot:wardrobe_style:street_jacket_boots,photo_prompt_accessory_structure_extension.json,photo_prompt_visual_obligations_accessory_structure.json,S00; S17,Lexical leads present; equivalent meaning not inferred,False
SPT14-13,14,니하이 삭스 — Knee-high socks,review existing meaning and owner first; adopt one explicitly selected visible variant,P1,SF109,SPR_DRAFT_SF109_01,0,,photo_prompt_accessory_structure_extension.json,photo_prompt_visual_obligations_accessory_structure.json,S00; S11,No equal positive surface phrase in snapshot; not a proven missing meaning,False
SPT14-14,14,오버니·사이하이 — Over-the-knee / Thigh-high,review existing meaning and owner first; adopt one explicitly selected visible variant,P1,SF109,SPR_DRAFT_SF109_02,3,profile:pfe_slit; slot:fetish_styling:fishnet_thigh_high_boots; slot:garment_detail:pfe_slit_candidate,photo_prompt_accessory_structure_extension.json,photo_prompt_visual_obligations_accessory_structure.json,S00; S11,Lexical leads present; equivalent meaning not inferred,False
SPT14-15,14,시어 타이츠 — Sheer tights,review existing meaning and owner first; adopt one explicitly selected visible variant,P1,SF109,SPR_DRAFT_SF109_03,2,profile:pfe_hosiery_sheer; slot:texture:pfe_hosiery_sheer_candidate,photo_prompt_accessory_structure_extension.json,photo_prompt_visual_obligations_accessory_structure.json,S00; S11,Lexical leads present; equivalent meaning not inferred,False
SPT14-16,14,피시넷 — Fishnets,review existing meaning and owner first; adopt one explicitly selected visible variant,P1,SF109,SPR_DRAFT_SF109_04,2,slot:fetish_styling:sff_extra_xa048; slot:texture:sff_extra_xa047,photo_prompt_accessory_structure_extension.json,photo_prompt_visual_obligations_accessory_structure.json,S00; S11,Lexical leads present; equivalent meaning not inferred,False
SPT14-17,14,레그워머 — Leg warmers,review existing meaning and owner first; adopt one explicitly selected visible variant,P1,SF109,SPR_DRAFT_SF109_05,5,profile:clothing_ct107_v2; slot:wearable_accessory:clt_ct107_v2; profile:stirrup_leggings_underfoot_loop; profile:y2kr_legwarmers; slot:wearable_accessory:y2kr_legwarmers,photo_prompt_accessory_structure_extension.json,photo_prompt_visual_obligations_accessory_structure.json,S00; S11,Lexical leads present; equivalent meaning not inferred,False
SPT14-18,14,헤어 보·헤드밴드 — Hair bow / Headband,review existing meaning and owner first; adopt one explicitly selected visible variant,P1,SF110,SPR_DRAFT_SF110_01; SPR_DRAFT_SF110_02,15,profile:clothing_ct101_v2; profile:clothing_ct102_v1; slot:hair_style:long_black_twin_tails; slot:wearable_accessory:clt_ct101_v2; slot:wearable_accessory:clt_ct102_v1; profile:ca_headband_bead_drops; profile:costume_ccx_cc17_01; profile:sca_x01; profile:y2kr_chunky_band; profile:y2kr_comb_band; slot:anatomical_connection:ear_root_in_hairline; slot:wearable_accessory:ccx_cc17_01,photo_prompt_accessory_structure_extension.json,photo_prompt_visual_obligations_accessory_structure.json,S00; S20,Lexical leads present; equivalent meaning not inferred,False
SPT14-19,14,실크 스카프 — Silk scarf,review existing meaning and owner first; adopt one explicitly selected visible variant,P1,SF110,SPR_DRAFT_SF110_03,2,slot:wearable_accessory:silk_scarf; slot:wearable_accessory:silk_scarf_tied_on_bag,photo_prompt_accessory_structure_extension.json,photo_prompt_visual_obligations_accessory_structure.json,S00; S20,Lexical leads present; equivalent meaning not inferred,False
SPT14-20,14,라피아 백 — Raffia bag,review existing meaning and owner first; adopt one explicitly selected visible variant,P1,SF111,SPR_DRAFT_SF111_01,0,,photo_prompt_accessory_structure_extension.json,photo_prompt_visual_obligations_accessory_structure.json,S00,No equal positive surface phrase in snapshot; not a proven missing meaning,False
SPT14-21,14,미니 숄더백 — Mini shoulder bag,review existing meaning and owner first; adopt one explicitly selected visible variant,P1,SF111,SPR_DRAFT_SF111_02,2,profile:y2kr_mini_shoulder; slot:wearable_accessory:y2kr_mini_shoulder,photo_prompt_accessory_structure_extension.json,photo_prompt_visual_obligations_accessory_structure.json,S00,Lexical leads present; equivalent meaning not inferred,False
SPT14-22,14,보디 체인·웨이스트 체인 — Body / Waist chain,review existing meaning and owner first; adopt one explicitly selected visible variant,P0,SF112,SPR_DRAFT_SF112_01,1317,profile:clothing_ct113_v2; profile:y2kr_body_chain; slot:wearable_accessory:clt_ct113_v2; slot:wearable_accessory:y2kr_body_chain; bundle:chrh_bundle_chrh_hair_color_state_hair_body_overlap; bundle:chrh_bundle_chrh_hair_cut_chin_length; bundle:chrh_bundle_chrh_hair_cut_collarbone_length; bundle:chrh_bundle_chrh_hair_cut_shoulder_length; bundle:chrh_bundle_chrh_hair_cut_waist_length; bundle:chrh_bundle_chrh_hair_main_sangtu; bundle:chrh_bundle_chrh_hair_topology_butterfly_locs; bundle:chrh_bundle_chrh_hair_topology_goddess_locs,photo_prompt_accessory_structure_extension.json,photo_prompt_visual_obligations_accessory_structure.json,S00; S22,Lexical leads present; equivalent meaning not inferred,False
SPT14-23,14,패션 하네스 — Fashion harness,review existing meaning and owner first; adopt one explicitly selected visible variant,P0,SF112,SPR_DRAFT_SF112_02,0,,photo_prompt_accessory_structure_extension.json,photo_prompt_visual_obligations_accessory_structure.json,S00; S22,No equal positive surface phrase in snapshot; not a proven missing meaning,False
SPT14-24,14,가터 디테일 — Garter details,review existing meaning and owner first; adopt one explicitly selected visible variant,P0,SF112,SPR_DRAFT_SF112_03; SPR_DRAFT_SF112_04,0,,photo_prompt_accessory_structure_extension.json,photo_prompt_visual_obligations_accessory_structure.json,S00; S22,No equal positive surface phrase in snapshot; not a proven missing meaning,False
SPT15-01,15,레이어링 — Layering,review existing meaning and owner first; adopt one explicitly selected visible variant,P0,SF113,SPR_DRAFT_SF113_01,43,slot:composition:window_reflection_layering; slot:procedure_step:prepare_style_participate_step; slot:silhouette_proportion:advanced_clever_layering; slot:silhouette_proportion:skirt_over_pants_layering; profile:adult_everyday_controlled_reveal_moment; profile:appearance_rel_h002; profile:appearance_rel_h009; profile:appearance_rel_h014; profile:clothing_ct018_v1; profile:clothing_ct018_v2; profile:clothing_ct110_v1; profile:clothing_ct110_v2,photo_prompt_clothing_structure_extension.json,photo_prompt_visual_obligations_clothing_structure.json,S00; S24,Lexical leads present; equivalent meaning not inferred,False
SPT15-02,15,시어 레이어링 — Sheer layering,review existing meaning and owner first; adopt one explicitly selected visible variant,P0,SF113,SPR_DRAFT_SF113_02,3,slot:fetish_styling:mesh_sheer_layering; slot:garment_detail:bm_sheer_layering; slot:wardrobe_style:ethereal_sheer_layering,photo_prompt_clothing_structure_extension.json,photo_prompt_visual_obligations_clothing_structure.json,S00; S24,Lexical leads present; equivalent meaning not inferred,False
SPT15-03,15,피카부 — Peekaboo,review existing meaning and owner first; adopt one explicitly selected visible variant,P0,SF113,SPR_DRAFT_SF113_03,4,profile:pfe_cutout; profile:y2kr_peekaboo; slot:garment_detail:pfe_cutout_candidate; slot:hair_color:y2kr_peekaboo,photo_prompt_clothing_structure_extension.json,photo_prompt_visual_obligations_clothing_structure.json,S00; S24,Lexical leads present; equivalent meaning not inferred,False
SPT15-04,15,언더웨어 애즈 아우터웨어 — Underwear as outerwear,review existing meaning and owner first; adopt one explicitly selected visible variant,P0,SF114,SPR_DRAFT_SF114_02,1,profile:underwear_as_outerwear_layer_system,photo_prompt_clothing_structure_extension.json,photo_prompt_visual_obligations_clothing_structure.json,S00; S24,Lexical leads present; equivalent meaning not inferred,False
SPT15-05,15,익스포즈드 브라† — Exposed bra styling,review existing meaning and owner first; adopt one explicitly selected visible variant,P0,SF114,SPR_DRAFT_SF114_01,0,,photo_prompt_clothing_structure_extension.json,photo_prompt_visual_obligations_clothing_structure.json,S00; S24,No equal positive surface phrase in snapshot; not a proven missing meaning,False
SPT15-06,15,브라리스† — Braless styling,retain_request_metadata; no still-image hard proof,P0,SF115,,0,,photo_prompt_clothing_structure_extension.json,photo_prompt_visual_obligations_clothing_structure.json,S00; S24,No equal positive surface phrase in snapshot; not a proven missing meaning,False
SPT15-07,15,네이키드 드레싱† — Naked dressing,review existing meaning and owner first; adopt one explicitly selected visible variant,P0,SF116,SPR_DRAFT_SF116_01,0,,photo_prompt_clothing_structure_extension.json,photo_prompt_visual_obligations_clothing_structure.json,S00; S25,No equal positive surface phrase in snapshot; not a proven missing meaning,False
SPT15-08,15,노팬츠 룩† — No-pants look,review existing meaning and owner first; adopt one explicitly selected visible variant,P0,SF116,SPR_DRAFT_SF116_02,0,,photo_prompt_clothing_structure_extension.json,photo_prompt_visual_obligations_clothing_structure.json,S00; S25,No equal positive surface phrase in snapshot; not a proven missing meaning,False
SPT15-09,15,오픈 카디건 스타일링† — Open-cardigan styling,review existing meaning and owner first; adopt one explicitly selected visible variant,P0,SF117,SPR_DRAFT_SF117_01,0,,photo_prompt_clothing_structure_extension.json,photo_prompt_visual_obligations_clothing_structure.json,S00; S24,No equal positive surface phrase in snapshot; not a proven missing meaning,False
SPT15-10,15,턴다운·폴드오버 — Fold-over styling,review existing meaning and owner first; adopt one explicitly selected visible variant,P0,SF117,SPR_DRAFT_SF117_02,0,,photo_prompt_clothing_structure_extension.json,photo_prompt_visual_obligations_clothing_structure.json,S00; S24,No equal positive surface phrase in snapshot; not a proven missing meaning,False
SPT15-11,15,텍스처 믹스 — Texture mixing,review existing meaning and owner first; adopt one explicitly selected visible variant,P1,SF118,SPR_DRAFT_SF118_01,0,,photo_prompt_clothing_structure_extension.json,photo_prompt_visual_obligations_clothing_structure.json,S00; S10; S11,No equal positive surface phrase in snapshot; not a proven missing meaning,False
SPT15-12,15,프로포션 플레이† — Proportion play,review existing meaning and owner first; adopt one explicitly selected visible variant,P1,SF118,SPR_DRAFT_SF118_02,0,,photo_prompt_clothing_structure_extension.json,photo_prompt_visual_obligations_clothing_structure.json,S00; S10; S11,No equal positive surface phrase in snapshot; not a proven missing meaning,False
