[codex/wardrobe-main-publication-20261010 e268d07c] Integrate wardrobe owner relations and preserve native qualification evidence
 1311 files changed, 946707 insertions(+), 1258 deletions(-)
 create mode 100644 docs/research-evidence/photo-prompt/extension-maintenance/clothing-retained-wardrobe-effects-20261010.json
 create mode 100644 docs/research-evidence/photo-prompt/extension-maintenance/clothing-retained-wardrobe-effects-publication-20261010-v1.json
 create mode 100644 docs/research-evidence/photo-prompt/extension-maintenance/wardrobe-owner-relations-20261010-v1.json
 create mode 100644 docs/research-evidence/photo-prompt/extension-maintenance/wardrobe-owner-relations-20261010-v2.json
 create mode 100644 docs/research-evidence/photo-prompt/extension-maintenance/wardrobe-owner-relations-20261010-v3.json
 create mode 100644 docs/research-evidence/photo-prompt/extension-maintenance/wardrobe-owner-relations-20261010-v4.json
 create mode 100644 docs/research-evidence/photo-prompt/extension-maintenance/wardrobe-owner-relations-20261010-v5.json
 create mode 100644 docs/research-evidence/photo-prompt/extension-maintenance/wardrobe-owner-relations-20261010-v6.json
 create mode 100644 docs/research-evidence/photo-prompt/extension-maintenance/wardrobe-owner-relations-20261010-v7.json
 create mode 100644 docs/research-evidence/photo-prompt/extension-maintenance/wardrobe-owner-relations-20261010-v8.json
 create mode 100644 docs/research-evidence/photo-prompt/wardrobe-keyword-integration-20261010/ALL-NEW-LINKS-v2.json
 create mode 100644 docs/research-evidence/photo-prompt/wardrobe-keyword-integration-20261010/AUTHORIAL-BYTE-VERIFICATION.json
 create mode 100644 docs/research-evidence/photo-prompt/wardrobe-keyword-integration-20261010/DELIVERY.json
 create mode 100644 docs/research-evidence/photo-prompt/wardrobe-keyword-integration-20261010/FOLLOW-UP-PLAN.json
 create mode 100644 docs/research-evidence/photo-prompt/wardrobe-keyword-integration-20261010/INTEGRATION-COUNTS.json
 create mode 100644 docs/research-evidence/photo-prompt/wardrobe-keyword-integration-20261010/INTEGRATION-DECISIONS.json
 create mode 100644 docs/research-evidence/photo-prompt/wardrobe-keyword-integration-20261010/NATIVE-PROVENANCE-VERIFICATION.json
 create mode 100644 docs/research-evidence/photo-prompt/wardrobe-keyword-integration-20261010/NATIVE-QUALIFICATION-LEDGER.json
 create mode 100644 docs/research-evidence/photo-prompt/wardrobe-keyword-integration-20261010/PARENT-PIXEL-OBSERVATIONS.json
 create mode 100644 docs/research-evidence/photo-prompt/wardrobe-keyword-integration-20261010/PRIMARY-ASSETS-BEFORE.zip
 create mode 100644 docs/research-evidence/photo-prompt/wardrobe-keyword-integration-20261010/PRIMARY-BEFORE.json
 create mode 100644 docs/research-evidence/photo-prompt/wardrobe-keyword-integration-20261010/README.md
 create mode 100644 docs/research-evidence/photo-prompt/wardrobe-keyword-integration-20261010/RESULTS.md
 create mode 100644 docs/research-evidence/photo-prompt/wardrobe-keyword-integration-20261010/SCOPE-VERIFICATION.json
 create mode 100644 docs/research-evidence/photo-prompt/wardrobe-keyword-integration-20261010/TEST-PLAN.json
 create mode 100644 docs/research-evidence/photo-prompt/wardrobe-keyword-integration-20261010/VALIDATION.json
 create mode 100644 docs/research-evidence/photo-prompt/wardrobe-keyword-integration-20261010/arms/a/authorize.stderr.json
 create mode 100644 docs/research-evidence/photo-prompt/wardrobe-keyword-integration-20261010/arms/a/authorize.stdout.json
 create mode 100644 docs/research-evidence/photo-prompt/wardrobe-keyword-integration-20261010/arms/a/baseline_canonical.txt
 create mode 100644 docs/research-evidence/photo-prompt/wardrobe-keyword-integration-20261010/arms/a/baseline_draft.txt
 create mode 100644 docs/research-evidence/photo-prompt/wardrobe-keyword-integration-20261010/arms/a/baseline_whole_scene_review.json
 create mode 100644 docs/research-evidence/photo-prompt/wardrobe-keyword-integration-20261010/arms/a/candidate_selection_and_semantic_review.json
 create mode 100644 docs/research-evidence/photo-prompt/wardrobe-keyword-integration-20261010/arms/a/compose_audit_01.stderr.json
 create mode 100644 docs/research-evidence/photo-prompt/wardrobe-keyword-integration-20261010/arms/a/compose_audit_01.stdout.json
 create mode 100644 docs/research-evidence/photo-prompt/wardrobe-keyword-integration-20261010/arms/a/compose_audit_02.stderr.json
 create mode 100644 docs/research-evidence/photo-prompt/wardrobe-keyword-integration-20261010/arms/a/compose_audit_02.stdout.json
 create mode 100644 docs/research-evidence/photo-prompt/wardrobe-keyword-integration-20261010/arms/a/compose_metadata_repair_01.json
 create mode 100644 docs/research-evidence/photo-prompt/wardrobe-keyword-integration-20261010/arms/a/composed_authored_01.json
 create mode 100644 docs/research-evidence/photo-prompt/wardrobe-keyword-integration-20261010/arms/a/composed_authored_02.json
 create mode 100644 docs/research-evidence/photo-prompt/wardrobe-keyword-integration-20261010/arms/a/core_authored.json
 create mode 100644 docs/research-evidence/photo-prompt/wardrobe-keyword-integration-20261010/arms/a/creative_context.json
 create mode 100644 docs/research-evidence/photo-prompt/wardrobe-keyword-integration-20261010/arms/a/embodiment_authored.json
 create mode 100644 docs/research-evidence/photo-prompt/wardrobe-keyword-integration-20261010/arms/a/execution_hold_01.json
 create mode 100644 docs/research-evidence/photo-prompt/wardrobe-keyword-integration-20261010/arms/a/feature_selection_authored.json
 create mode 100644 docs/research-evidence/photo-prompt/wardrobe-keyword-integration-20261010/arms/a/final_integrity_check.json
 create mode 100644 docs/research-evidence/photo-prompt/wardrobe-keyword-integration-20261010/arms/a/final_integrity_preparation_error_01.json
 create mode 100644 docs/research-evidence/photo-prompt/wardrobe-keyword-integration-20261010/arms/a/final_prompt.txt
 create mode 100644 docs/research-evidence/photo-prompt/wardrobe-keyword-integration-20261010/arms/a/final_prompt_export_01.txt
 create mode 100644 docs/research-evidence/photo-prompt/wardrobe-keyword-integration-20261010/arms/a/final_report.json
 create mode 100644 docs/research-evidence/photo-prompt/wardrobe-keyword-integration-20261010/arms/a/final_report.md
 create mode 100644 docs/research-evidence/photo-prompt/wardrobe-keyword-integration-20261010/arms/a/final_workflow_status.json
 create mode 100644 docs/research-evidence/photo-prompt/wardrobe-keyword-integration-20261010/arms/a/final_workflow_status.stderr.json
 create mode 100644 docs/research-evidence/photo-prompt/wardrobe-keyword-integration-20261010/arms/a/finalization.stderr.txt
 create mode 100644 docs/research-evidence/photo-prompt/wardrobe-keyword-integration-20261010/arms/a/finalization.stdout.json
 create mode 100644 docs/research-evidence/photo-prompt/wardrobe-keyword-integration-20261010/arms/a/finalization_02.stderr.txt
 create mode 100644 docs/research-evidence/photo-prompt/wardrobe-keyword-integration-20261010/arms/a/finalization_02.stdout.json
 create mode 100644 docs/research-evidence/photo-prompt/wardrobe-keyword-integration-20261010/arms/a/finalization_preparation_error_01.json
 create mode 100644 docs/research-evidence/photo-prompt/wardrobe-keyword-integration-20261010/arms/a/finalize_arm_report.py
 create mode 100644 docs/research-evidence/photo-prompt/wardrobe-keyword-integration-20261010/arms/a/finalize_arm_report_attempt_01.py
 create mode 100644 docs/research-evidence/photo-prompt/wardrobe-keyword-integration-20261010/arms/a/first_pack_new_wkr_exposure.json
 create mode 100644 docs/research-evidence/photo-prompt/wardrobe-keyword-integration-20261010/arms/a/first_pack_wkr_detail.json
 create mode 100644 docs/research-evidence/photo-prompt/wardrobe-keyword-integration-20261010/arms/a/first_pack_wkr_detail.stderr.json
 create mode 100644 docs/research-evidence/photo-prompt/wardrobe-keyword-integration-20261010/arms/a/freeze_attempt_01.stderr.json
 create mode 100644 docs/research-evidence/photo-prompt/wardrobe-keyword-integration-20261010/arms/a/freeze_attempt_01.stdout.json
 create mode 100644 docs/research-evidence/photo-prompt/wardrobe-keyword-integration-20261010/arms/a/image_runs.ndjson
 create mode 100644 docs/research-evidence/photo-prompt/wardrobe-keyword-integration-20261010/arms/a/image_runs.ndjson.retry-reservations.json
 create mode 100644 docs/research-evidence/photo-prompt/wardrobe-keyword-integration-20261010/arms/a/images/ferry-waiting-room-native-01.png
 create mode 100644 docs/research-evidence/photo-prompt/wardrobe-keyword-integration-20261010/arms/a/input_provenance.json
 create mode 100644 docs/research-evidence/photo-prompt/wardrobe-keyword-integration-20261010/arms/a/native_authorization_scope.json
 create mode 100644 docs/research-evidence/photo-prompt/wardrobe-keyword-integration-20261010/arms/a/native_gate_summary.json
 create mode 100644 docs/research-evidence/photo-prompt/wardrobe-keyword-integration-20261010/arms/a/native_local_save_preparation_error_01.json
 create mode 100644 docs/research-evidence/photo-prompt/wardrobe-keyword-integration-20261010/arms/a/native_metadata_load_preparation_error_01.json
 create mode 100644 docs/research-evidence/photo-prompt/wardrobe-keyword-integration-20261010/arms/a/native_observation_01.json
 create mode 100644 docs/research-evidence/photo-prompt/wardrobe-keyword-integration-20261010/arms/a/native_pixel_review_01.json
 create mode 100644 docs/research-evidence/photo-prompt/wardrobe-keyword-integration-20261010/arms/a/native_pixel_review_02.json
 create mode 100644 docs/research-evidence/photo-prompt/wardrobe-keyword-integration-20261010/arms/a/native_plan_01.stderr.json
 create mode 100644 docs/research-evidence/photo-prompt/wardrobe-keyword-integration-20261010/arms/a/native_plan_01.stdout.json
 create mode 100644 docs/research-evidence/photo-prompt/wardrobe-keyword-integration-20261010/arms/a/native_result_metadata_01.json
 create mode 100644 docs/research-evidence/photo-prompt/wardrobe-keyword-integration-20261010/arms/a/native_result_record_01.stderr.json
 create mode 100644 docs/research-evidence/photo-prompt/wardrobe-keyword-integration-20261010/arms/a/native_result_record_01.stdout.json
 create mode 100644 docs/research-evidence/photo-prompt/wardrobe-keyword-integration-20261010/arms/a/native_result_with_independent_manifest.py
 create mode 100644 docs/research-evidence/photo-prompt/wardrobe-keyword-integration-20261010/arms/a/native_review_audit_01.stderr.json
 create mode 100644 docs/research-evidence/photo-prompt/wardrobe-keyword-integration-20261010/arms/a/native_review_audit_01.stdout.json
 create mode 100644 docs/research-evidence/photo-prompt/wardrobe-keyword-integration-20261010/arms/a/native_review_audit_02.stderr.json
 create mode 100644 docs/research-evidence/photo-prompt/wardrobe-keyword-integration-20261010/arms/a/native_review_audit_02.stdout.json
 create mode 100644 docs/research-evidence/photo-prompt/wardrobe-keyword-integration-20261010/arms/a/native_review_metadata_repair_01.json
 create mode 100644 docs/research-evidence/photo-prompt/wardrobe-keyword-integration-20261010/arms/a/native_started_01.json
 create mode 100644 docs/research-evidence/photo-prompt/wardrobe-keyword-integration-20261010/arms/a/native_started_01.stderr.json
 create mode 100644 docs/research-evidence/photo-prompt/wardrobe-keyword-integration-20261010/arms/a/native_tool_return_metadata_01.json
 create mode 100644 docs/research-evidence/photo-prompt/wardrobe-keyword-integration-20261010/arms/a/native_wrapper_check.json
 create mode 100644 docs/research-evidence/photo-prompt/wardrobe-keyword-integration-20261010/arms/a/pixel_review_crop_manifest.json
 create mode 100644 docs/research-evidence/photo-prompt/wardrobe-keyword-integration-20261010/arms/a/pixel_review_crops/bag_two_fittings.png
 create mode 100644 docs/research-evidence/photo-prompt/wardrobe-keyword-integration-20261010/arms/a/pixel_review_crops/coat_torso_and_panel.png
 create mode 100644 docs/research-evidence/photo-prompt/wardrobe-keyword-integration-20261010/arms/a/pixel_review_crops/hands_buckle.png
 create mode 100644 docs/research-evidence/photo-prompt/wardrobe-keyword-integration-20261010/arms/a/precore_completion.json
 create mode 100644 docs/research-evidence/photo-prompt/wardrobe-keyword-integration-20261010/arms/a/precore_random_concept.json
 create mode 100644 docs/research-evidence/photo-prompt/wardrobe-keyword-integration-20261010/arms/a/precore_selection_plan.json
 create mode 100644 docs/research-evidence/photo-prompt/wardrobe-keyword-integration-20261010/arms/a/prepare_render_native_01.stderr.json
 create mode 100644 docs/research-evidence/photo-prompt/wardrobe-keyword-integration-20261010/arms/a/prepare_render_native_01.stdout.json
 create mode 100644 docs/research-evidence/photo-prompt/wardrobe-keyword-integration-20261010/arms/a/requalification_authorize.stderr.json
 create mode 100644 docs/research-evidence/photo-prompt/wardrobe-keyword-integration-20261010/arms/a/requalification_authorize.stdout.json
 create mode 100644 docs/research-evidence/photo-prompt/wardrobe-keyword-integration-20261010/arms/a/requalification_contextual_full_details.json
 create mode 100644 docs/research-evidence/photo-prompt/wardrobe-keyword-integration-20261010/arms/a/requalification_contextual_full_details.stderr.json
 create mode 100644 docs/research-evidence/photo-prompt/wardrobe-keyword-integration-20261010/arms/a/requalification_creative_full_details.json
 create mode 100644 docs/research-evidence/photo-prompt/wardrobe-keyword-integration-20261010/arms/a/requalification_creative_full_details.stderr.json
 create mode 100644 docs/research-evidence/photo-prompt/wardrobe-keyword-integration-20261010/arms/a/requalification_new_wkr_exposure.json
 create mode 100644 docs/research-evidence/photo-prompt/wardrobe-keyword-integration-20261010/arms/a/requalification_preparation.json
 create mode 100644 docs/research-evidence/photo-prompt/wardrobe-keyword-integration-20261010/arms/a/requalification_retrieve_01.stderr.json
 create mode 100644 docs/research-evidence/photo-prompt/wardrobe-keyword-integration-20261010/arms/a/requalification_retrieve_01.stdout.json
 create mode 100644 docs/research-evidence/photo-prompt/wardrobe-keyword-integration-20261010/arms/a/requalification_run/.staging/70685d27d2f94b9b910c8ce528b40931.composed.json
 create mode 100644 docs/research-evidence/photo-prompt/wardrobe-keyword-integration-20261010/arms/a/requalification_run/.staging/8013af12b70e4af087401a62d6ccfb95.composed.audit.json
 create mode 100644 docs/research-evidence/photo-prompt/wardrobe-keyword-integration-20261010/arms/a/requalification_run/.staging/8013af12b70e4af087401a62d6ccfb95.composed.json
 create mode 100644 docs/research-evidence/photo-prompt/wardrobe-keyword-integration-20261010/arms/a/requalification_run/.staging/bb6dbe2903a84debbe8a62e04f760813.request.json
 create mode 100644 docs/research-evidence/photo-prompt/wardrobe-keyword-integration-20261010/arms/a/requalification_run/.staging/retrieve/pack.json
 create mode 100644 docs/research-evidence/photo-prompt/wardrobe-keyword-integration-20261010/arms/a/requalification_run/.staging/retrieve/receipt.json
 create mode 100644 docs/research-evidence/photo-prompt/wardrobe-keyword-integration-20261010/arms/a/requalification_run/.staging/retrieve/transaction.json
 create mode 100644 docs/research-evidence/photo-prompt/wardrobe-keyword-integration-20261010/arms/a/requalification_run/revisions/03d5acd79e3a490bb22b255cd87302f0/review_audit.json
 create mode 100644 docs/research-evidence/photo-prompt/wardrobe-keyword-integration-20261010/arms/a/requalification_run/revisions/03d5acd79e3a490bb22b255cd87302f0/visual_review.json
 create mode 100644 docs/research-evidence/photo-prompt/wardrobe-keyword-integration-20261010/arms/a/requalification_run/revisions/57272dcd1e8a44e08df8e0ffff38dcdf/visual_review_shape.json
 create mode 100644 docs/research-evidence/photo-prompt/wardrobe-keyword-integration-20261010/arms/a/requalification_run/revisions/5aebc83781594342ace06bd7cee93e01/pack.json
 create mode 100644 docs/research-evidence/photo-prompt/wardrobe-keyword-integration-20261010/arms/a/requalification_run/revisions/5aebc83781594342ace06bd7cee93e01/runtime_receipt.json
 create mode 100644 docs/research-evidence/photo-prompt/wardrobe-keyword-integration-20261010/arms/a/requalification_run/revisions/79b43297060a478a982b9ef7660aa48c/native_plan.json
 create mode 100644 docs/research-evidence/photo-prompt/wardrobe-keyword-integration-20261010/arms/a/requalification_run/revisions/914ee20adf244b52a91b787ab745df82/authorial_core_input.json
 create mode 100644 docs/research-evidence/photo-prompt/wardrobe-keyword-integration-20261010/arms/a/requalification_run/revisions/914ee20adf244b52a91b787ab745df82/authorial_core_normalized.json
 create mode 100644 docs/research-evidence/photo-prompt/wardrobe-keyword-integration-20261010/arms/a/requalification_run/revisions/914ee20adf244b52a91b787ab745df82/authoring_shapes.json
 create mode 100644 docs/research-evidence/photo-prompt/wardrobe-keyword-integration-20261010/arms/a/requalification_run/revisions/914ee20adf244b52a91b787ab745df82/baseline.txt
 create mode 100644 docs/research-evidence/photo-prompt/wardrobe-keyword-integration-20261010/arms/a/requalification_run/revisions/914ee20adf244b52a91b787ab745df82/catalog.json
 create mode 100644 docs/research-evidence/photo-prompt/wardrobe-keyword-integration-20261010/arms/a/requalification_run/revisions/914ee20adf244b52a91b787ab745df82/creative_controls.json
 create mode 100644 docs/research-evidence/photo-prompt/wardrobe-keyword-integration-20261010/arms/a/requalification_run/revisions/914ee20adf244b52a91b787ab745df82/embodiment_review.json
 create mode 100644 docs/research-evidence/photo-prompt/wardrobe-keyword-integration-20261010/arms/a/requalification_run/revisions/914ee20adf244b52a91b787ab745df82/feature_selection.json
 create mode 100644 docs/research-evidence/photo-prompt/wardrobe-keyword-integration-20261010/arms/a/requalification_run/revisions/914ee20adf244b52a91b787ab745df82/feature_selection_audit.json
 create mode 100644 docs/research-evidence/photo-prompt/wardrobe-keyword-integration-20261010/arms/a/requalification_run/revisions/914ee20adf244b52a91b787ab745df82/freeze_author_input_hashes.json
 create mode 100644 docs/research-evidence/photo-prompt/wardrobe-keyword-integration-20261010/arms/a/requalification_run/revisions/914ee20adf244b52a91b787ab745df82/freeze_receipt.json
 create mode 100644 docs/research-evidence/photo-prompt/wardrobe-keyword-integration-20261010/arms/a/requalification_run/revisions/914ee20adf244b52a91b787ab745df82/request_envelope_input.json
 create mode 100644 docs/research-evidence/photo-prompt/wardrobe-keyword-integration-20261010/arms/a/requalification_run/revisions/914ee20adf244b52a91b787ab745df82/request_envelope_normalized.json
 create mode 100644 docs/research-evidence/photo-prompt/wardrobe-keyword-integration-20261010/arms/a/requalification_run/revisions/914ee20adf244b52a91b787ab745df82/request_raw.json
 create mode 100644 docs/research-evidence/photo-prompt/wardrobe-keyword-integration-20261010/arms/a/requalification_run/revisions/b0f83317feeb4d488afecc4605c5a1b6/composed.json
 create mode 100644 docs/research-evidence/photo-prompt/wardrobe-keyword-integration-20261010/arms/a/requalification_run/revisions/b0f83317feeb4d488afecc4605c5a1b6/composed_audit.json
 create mode 100644 docs/research-evidence/photo-prompt/wardrobe-keyword-integration-20261010/arms/a/requalification_run/revisions/f651eabbcff645e6929bed1403094b87/render_request.json
 create mode 100644 docs/research-evidence/photo-prompt/wardrobe-keyword-integration-20261010/arms/a/requalification_run/revisions/f651eabbcff645e6929bed1403094b87/runtime_audit.json
 create mode 100644 docs/research-evidence/photo-prompt/wardrobe-keyword-integration-20261010/arms/a/requalification_run/workflow.json
 create mode 100644 docs/research-evidence/photo-prompt/wardrobe-keyword-integration-20261010/arms/a/requalification_status_before_retrieve.json
 create mode 100644 docs/research-evidence/photo-prompt/wardrobe-keyword-integration-20261010/arms/a/requalification_view_01.json
 create mode 100644 docs/research-evidence/photo-prompt/wardrobe-keyword-integration-20261010/arms/a/requalification_view_01.stderr.json
 create mode 100644 docs/research-evidence/photo-prompt/wardrobe-keyword-integration-20261010/arms/a/requalification_wkr_full_details.json
 create mode 100644 docs/research-evidence/photo-prompt/wardrobe-keyword-integration-20261010/arms/a/requalification_wkr_full_details.stderr.json
 create mode 100644 docs/research-evidence/photo-prompt/wardrobe-keyword-integration-20261010/arms/a/request.txt
 create mode 100644 docs/research-evidence/photo-prompt/wardrobe-keyword-integration-20261010/arms/a/request_envelope.json
 create mode 100644 docs/research-evidence/photo-prompt/wardrobe-keyword-integration-20261010/arms/a/retrieve_01.stderr.json
 create mode 100644 docs/research-evidence/photo-prompt/wardrobe-keyword-integration-20261010/arms/a/retrieve_01.stdout.json
 create mode 100644 docs/research-evidence/photo-prompt/wardrobe-keyword-integration-20261010/arms/a/review_shape_01.json
 create mode 100644 docs/research-evidence/photo-prompt/wardrobe-keyword-integration-20261010/arms/a/review_shape_01.stderr.json
 create mode 100644 docs/research-evidence/photo-prompt/wardrobe-keyword-integration-20261010/arms/a/run/.staging/retrieve/pack.json
 create mode 100644 docs/research-evidence/photo-prompt/wardrobe-keyword-integration-20261010/arms/a/run/.staging/retrieve/receipt.json
 create mode 100644 docs/research-evidence/photo-prompt/wardrobe-keyword-integration-20261010/arms/a/run/.staging/retrieve/transaction.json
 create mode 100644 docs/research-evidence/photo-prompt/wardrobe-keyword-integration-20261010/arms/a/run/revisions/3fc65c26e4fe4f2394cd47a4446ea9e2/creative_controls.json
 create mode 100644 docs/research-evidence/photo-prompt/wardrobe-keyword-integration-20261010/arms/a/run/revisions/7f504256278b4fe59b6968bfef758c07/pack.json
 create mode 100644 docs/research-evidence/photo-prompt/wardrobe-keyword-integration-20261010/arms/a/run/revisions/7f504256278b4fe59b6968bfef758c07/runtime_receipt.json
 create mode 100644 docs/research-evidence/photo-prompt/wardrobe-keyword-integration-20261010/arms/a/run/revisions/af1f3b0ef99f486d83c18bf6b5efbe0f/authorial_core_input.json
 create mode 100644 docs/research-evidence/photo-prompt/wardrobe-keyword-integration-20261010/arms/a/run/revisions/af1f3b0ef99f486d83c18bf6b5efbe0f/authorial_core_normalized.json
 create mode 100644 docs/research-evidence/photo-prompt/wardrobe-keyword-integration-20261010/arms/a/run/revisions/af1f3b0ef99f486d83c18bf6b5efbe0f/baseline.txt
 create mode 100644 docs/research-evidence/photo-prompt/wardrobe-keyword-integration-20261010/arms/a/run/revisions/af1f3b0ef99f486d83c18bf6b5efbe0f/catalog.json
 create mode 100644 docs/research-evidence/photo-prompt/wardrobe-keyword-integration-20261010/arms/a/run/revisions/af1f3b0ef99f486d83c18bf6b5efbe0f/embodiment_review.json
 create mode 100644 docs/research-evidence/photo-prompt/wardrobe-keyword-integration-20261010/arms/a/run/revisions/af1f3b0ef99f486d83c18bf6b5efbe0f/feature_selection.json
 create mode 100644 docs/research-evidence/photo-prompt/wardrobe-keyword-integration-20261010/arms/a/run/revisions/af1f3b0ef99f486d83c18bf6b5efbe0f/feature_selection_audit.json
 create mode 100644 docs/research-evidence/photo-prompt/wardrobe-keyword-integration-20261010/arms/a/run/revisions/af1f3b0ef99f486d83c18bf6b5efbe0f/freeze_author_input_hashes.json
 create mode 100644 docs/research-evidence/photo-prompt/wardrobe-keyword-integration-20261010/arms/a/run/revisions/af1f3b0ef99f486d83c18bf6b5efbe0f/freeze_receipt.json
 create mode 100644 docs/research-evidence/photo-prompt/wardrobe-keyword-integration-20261010/arms/a/run/revisions/af1f3b0ef99f486d83c18bf6b5efbe0f/request_envelope_normalized.json
 create mode 100644 docs/research-evidence/photo-prompt/wardrobe-keyword-integration-20261010/arms/a/run/revisions/b54d250fbbde4bc4b233d541dd9f17dd/authoring_shapes.json
 create mode 100644 docs/research-evidence/photo-prompt/wardrobe-keyword-integration-20261010/arms/a/run/revisions/b54d250fbbde4bc4b233d541dd9f17dd/request_envelope_input.json
 create mode 100644 docs/research-evidence/photo-prompt/wardrobe-keyword-integration-20261010/arms/a/run/revisions/b54d250fbbde4bc4b233d541dd9f17dd/request_raw.json
 create mode 100644 docs/research-evidence/photo-prompt/wardrobe-keyword-integration-20261010/arms/a/run/workflow.json
 create mode 100644 docs/research-evidence/photo-prompt/wardrobe-keyword-integration-20261010/arms/a/run_manifest.json
 create mode 100644 docs/research-evidence/photo-prompt/wardrobe-keyword-integration-20261010/arms/a/runtime_generation_binding.json
 create mode 100644 docs/research-evidence/photo-prompt/wardrobe-keyword-integration-20261010/arms/a/runtime_prompt_exact.txt
 create mode 100644 docs/research-evidence/photo-prompt/wardrobe-keyword-integration-20261010/arms/a/spans.json
 create mode 100644 docs/research-evidence/photo-prompt/wardrobe-keyword-integration-20261010/arms/a/transport_parameters.json
 create mode 100644 docs/research-evidence/photo-prompt/wardrobe-keyword-integration-20261010/arms/a/view_01.stderr.json
 create mode 100644 docs/research-evidence/photo-prompt/wardrobe-keyword-integration-20261010/arms/a/view_01.stdout.json
 create mode 100644 docs/research-evidence/photo-prompt/wardrobe-keyword-integration-20261010/arms/a/whole_image_and_supplemental_review.json
 create mode 100644 docs/research-evidence/photo-prompt/wardrobe-keyword-integration-20261010/arms/b/ARM_B_REPORT.json
 create mode 100644 docs/research-evidence/photo-prompt/wardrobe-keyword-integration-20261010/arms/b/ARM_B_REPORT.md
 create mode 100644 docs/research-evidence/photo-prompt/wardrobe-keyword-integration-20261010/arms/b/ARTIFACT_MAP.md
 create mode 100644 docs/research-evidence/photo-prompt/wardrobe-keyword-integration-20261010/arms/b/FINAL_VERIFICATION.json
 create mode 100644 docs/research-evidence/photo-prompt/wardrobe-keyword-integration-20261010/arms/b/active_spans.json
 create mode 100644 docs/research-evidence/photo-prompt/wardrobe-keyword-integration-20261010/arms/b/attempt01_native_error.json
 create mode 100644 docs/research-evidence/photo-prompt/wardrobe-keyword-integration-20261010/arms/b/authorial_core.json
 create mode 100644 docs/research-evidence/photo-prompt/wardrobe-keyword-integration-20261010/arms/b/authoring_plan.json
 create mode 100644 docs/research-evidence/photo-prompt/wardrobe-keyword-integration-20261010/arms/b/authorization_scope.json
 create mode 100644 docs/research-evidence/photo-prompt/wardrobe-keyword-integration-20261010/arms/b/baseline_draft.txt
 create mode 100644 docs/research-evidence/photo-prompt/wardrobe-keyword-integration-20261010/arms/b/baseline_prompt_en.txt
 create mode 100644 docs/research-evidence/photo-prompt/wardrobe-keyword-integration-20261010/arms/b/compose_audit_attempt01_input.json
 create mode 100644 docs/research-evidence/photo-prompt/wardrobe-keyword-integration-20261010/arms/b/compose_audit_attempt01_result.json
 create mode 100644 docs/research-evidence/photo-prompt/wardrobe-keyword-integration-20261010/arms/b/compose_audit_attempt02_result.json
 create mode 100644 docs/research-evidence/photo-prompt/wardrobe-keyword-integration-20261010/arms/b/composed_prompt.json
 create mode 100644 docs/research-evidence/photo-prompt/wardrobe-keyword-integration-20261010/arms/b/composed_prompt_audited.json
 create mode 100644 docs/research-evidence/photo-prompt/wardrobe-keyword-integration-20261010/arms/b/composer_overview.json
 create mode 100644 docs/research-evidence/photo-prompt/wardrobe-keyword-integration-20261010/arms/b/composition_selection_review.json
 create mode 100644 docs/research-evidence/photo-prompt/wardrobe-keyword-integration-20261010/arms/b/creative_context.json
 create mode 100644 docs/research-evidence/photo-prompt/wardrobe-keyword-integration-20261010/arms/b/effective_visual_contract.json
 create mode 100644 docs/research-evidence/photo-prompt/wardrobe-keyword-integration-20261010/arms/b/embodiment_review.json
 create mode 100644 docs/research-evidence/photo-prompt/wardrobe-keyword-integration-20261010/arms/b/evaluation_attempt01_error.txt
 create mode 100644 docs/research-evidence/photo-prompt/wardrobe-keyword-integration-20261010/arms/b/evaluation_attempt02_error.txt
 create mode 100644 docs/research-evidence/photo-prompt/wardrobe-keyword-integration-20261010/arms/b/exact_recorder_arguments.json
 create mode 100644 docs/research-evidence/photo-prompt/wardrobe-keyword-integration-20261010/arms/b/final_prompt_en.txt
 create mode 100644 docs/research-evidence/photo-prompt/wardrobe-keyword-integration-20261010/arms/b/finalize_verification.py
 create mode 100644 docs/research-evidence/photo-prompt/wardrobe-keyword-integration-20261010/arms/b/image_runs.ndjson
 create mode 100644 docs/research-evidence/photo-prompt/wardrobe-keyword-integration-20261010/arms/b/independent_concept_selection.json
 create mode 100644 docs/research-evidence/photo-prompt/wardrobe-keyword-integration-20261010/arms/b/initial_exposure_failure.json
 create mode 100644 docs/research-evidence/photo-prompt/wardrobe-keyword-integration-20261010/arms/b/input_provenance.json
 create mode 100644 docs/research-evidence/photo-prompt/wardrobe-keyword-integration-20261010/arms/b/native_result_observation.json
 create mode 100644 docs/research-evidence/photo-prompt/wardrobe-keyword-integration-20261010/arms/b/native_result_with_provenance.py
 create mode 100644 docs/research-evidence/photo-prompt/wardrobe-keyword-integration-20261010/arms/b/phase_access_declaration.json
 create mode 100644 docs/research-evidence/photo-prompt/wardrobe-keyword-integration-20261010/arms/b/pixel_review_not_run.json
 create mode 100644 docs/research-evidence/photo-prompt/wardrobe-keyword-integration-20261010/arms/b/postcore_photographic_review.json
 create mode 100644 docs/research-evidence/photo-prompt/wardrobe-keyword-integration-20261010/arms/b/precore_feature_selection.json
 create mode 100644 docs/research-evidence/photo-prompt/wardrobe-keyword-integration-20261010/arms/b/precore_review_notes.json
 create mode 100644 docs/research-evidence/photo-prompt/wardrobe-keyword-integration-20261010/arms/b/render_request_audited.json
 create mode 100644 docs/research-evidence/photo-prompt/wardrobe-keyword-integration-20261010/arms/b/requalification_candidate_details.json
 create mode 100644 docs/research-evidence/photo-prompt/wardrobe-keyword-integration-20261010/arms/b/requalification_composer_overview.json
 create mode 100644 docs/research-evidence/photo-prompt/wardrobe-keyword-integration-20261010/arms/b/requalification_preparation.json
 create mode 100644 docs/research-evidence/photo-prompt/wardrobe-keyword-integration-20261010/arms/b/requalification_support_details.json
 create mode 100644 docs/research-evidence/photo-prompt/wardrobe-keyword-integration-20261010/arms/b/requalified_exposure.json
 create mode 100644 docs/research-evidence/photo-prompt/wardrobe-keyword-integration-20261010/arms/b/request_envelope.json
 create mode 100644 docs/research-evidence/photo-prompt/wardrobe-keyword-integration-20261010/arms/b/run/.staging/retrieve/pack.json
 create mode 100644 docs/research-evidence/photo-prompt/wardrobe-keyword-integration-20261010/arms/b/run/.staging/retrieve/receipt.json
 create mode 100644 docs/research-evidence/photo-prompt/wardrobe-keyword-integration-20261010/arms/b/run/.staging/retrieve/transaction.json
 create mode 100644 docs/research-evidence/photo-prompt/wardrobe-keyword-integration-20261010/arms/b/run/revisions/5288913d3b324e7c94c73ced33ddacbb/authorial_core_input.json
 create mode 100644 docs/research-evidence/photo-prompt/wardrobe-keyword-integration-20261010/arms/b/run/revisions/5288913d3b324e7c94c73ced33ddacbb/authorial_core_normalized.json
 create mode 100644 docs/research-evidence/photo-prompt/wardrobe-keyword-integration-20261010/arms/b/run/revisions/5288913d3b324e7c94c73ced33ddacbb/baseline.txt
 create mode 100644 docs/research-evidence/photo-prompt/wardrobe-keyword-integration-20261010/arms/b/run/revisions/5288913d3b324e7c94c73ced33ddacbb/catalog.json
 create mode 100644 docs/research-evidence/photo-prompt/wardrobe-keyword-integration-20261010/arms/b/run/revisions/5288913d3b324e7c94c73ced33ddacbb/embodiment_review.json
 create mode 100644 docs/research-evidence/photo-prompt/wardrobe-keyword-integration-20261010/arms/b/run/revisions/5288913d3b324e7c94c73ced33ddacbb/feature_selection.json
 create mode 100644 docs/research-evidence/photo-prompt/wardrobe-keyword-integration-20261010/arms/b/run/revisions/5288913d3b324e7c94c73ced33ddacbb/feature_selection_audit.json
 create mode 100644 docs/research-evidence/photo-prompt/wardrobe-keyword-integration-20261010/arms/b/run/revisions/5288913d3b324e7c94c73ced33ddacbb/freeze_author_input_hashes.json
 create mode 100644 docs/research-evidence/photo-prompt/wardrobe-keyword-integration-20261010/arms/b/run/revisions/5288913d3b324e7c94c73ced33ddacbb/freeze_receipt.json
 create mode 100644 docs/research-evidence/photo-prompt/wardrobe-keyword-integration-20261010/arms/b/run/revisions/5288913d3b324e7c94c73ced33ddacbb/request_envelope_normalized.json
 create mode 100644 docs/research-evidence/photo-prompt/wardrobe-keyword-integration-20261010/arms/b/run/revisions/8de91fb2538c4f5788fcbd33f8a6d82c/pack.json
 create mode 100644 docs/research-evidence/photo-prompt/wardrobe-keyword-integration-20261010/arms/b/run/revisions/8de91fb2538c4f5788fcbd33f8a6d82c/runtime_receipt.json
 create mode 100644 docs/research-evidence/photo-prompt/wardrobe-keyword-integration-20261010/arms/b/run/revisions/adfb5bb28194428aac4e4e64c0501a9e/authoring_shapes.json
 create mode 100644 docs/research-evidence/photo-prompt/wardrobe-keyword-integration-20261010/arms/b/run/revisions/adfb5bb28194428aac4e4e64c0501a9e/request_envelope_input.json
 create mode 100644 docs/research-evidence/photo-prompt/wardrobe-keyword-integration-20261010/arms/b/run/revisions/adfb5bb28194428aac4e4e64c0501a9e/request_raw.json
 create mode 100644 docs/research-evidence/photo-prompt/wardrobe-keyword-integration-20261010/arms/b/run/revisions/f3017142019a4b58a0e6cee2fd635e60/creative_controls.json
 create mode 100644 docs/research-evidence/photo-prompt/wardrobe-keyword-integration-20261010/arms/b/run/workflow.json
 create mode 100644 docs/research-evidence/photo-prompt/wardrobe-keyword-integration-20261010/arms/b/run_manifest.json
 create mode 100644 docs/research-evidence/photo-prompt/wardrobe-keyword-integration-20261010/arms/b/run_requalification_01/.staging/77e5662e41334e15a1192d067f5314f1.composed.audit.json
 create mode 100644 docs/research-evidence/photo-prompt/wardrobe-keyword-integration-20261010/arms/b/run_requalification_01/.staging/77e5662e41334e15a1192d067f5314f1.composed.json
 create mode 100644 docs/research-evidence/photo-prompt/wardrobe-keyword-integration-20261010/arms/b/run_requalification_01/.staging/d3bb361bfe7b4310b5712e9417c0810b.request.json
 create mode 100644 docs/research-evidence/photo-prompt/wardrobe-keyword-integration-20261010/arms/b/run_requalification_01/.staging/de13e13a963643d18445e4718f05133d.composed.json
 create mode 100644 docs/research-evidence/photo-prompt/wardrobe-keyword-integration-20261010/arms/b/run_requalification_01/.staging/retrieve/pack.json
 create mode 100644 docs/research-evidence/photo-prompt/wardrobe-keyword-integration-20261010/arms/b/run_requalification_01/.staging/retrieve/receipt.json
 create mode 100644 docs/research-evidence/photo-prompt/wardrobe-keyword-integration-20261010/arms/b/run_requalification_01/.staging/retrieve/transaction.json
 create mode 100644 docs/research-evidence/photo-prompt/wardrobe-keyword-integration-20261010/arms/b/run_requalification_01/revisions/1aee2d25787e46b4b1faa798245da95b/authoring_shapes.json
 create mode 100644 docs/research-evidence/photo-prompt/wardrobe-keyword-integration-20261010/arms/b/run_requalification_01/revisions/1aee2d25787e46b4b1faa798245da95b/request_envelope_input.json
 create mode 100644 docs/research-evidence/photo-prompt/wardrobe-keyword-integration-20261010/arms/b/run_requalification_01/revisions/1aee2d25787e46b4b1faa798245da95b/request_raw.json
 create mode 100644 docs/research-evidence/photo-prompt/wardrobe-keyword-integration-20261010/arms/b/run_requalification_01/revisions/3179d2e405f647fb9bfeb6b9a8d9ccba/native_plan.json
 create mode 100644 docs/research-evidence/photo-prompt/wardrobe-keyword-integration-20261010/arms/b/run_requalification_01/revisions/a49eba7b514e4f82a6cda29d15bf8986/render_request.json
 create mode 100644 docs/research-evidence/photo-prompt/wardrobe-keyword-integration-20261010/arms/b/run_requalification_01/revisions/a49eba7b514e4f82a6cda29d15bf8986/runtime_audit.json
 create mode 100644 docs/research-evidence/photo-prompt/wardrobe-keyword-integration-20261010/arms/b/run_requalification_01/revisions/ac3dede26bfb4aeb8d6670d5ed45b2b1/composed.json
 create mode 100644 docs/research-evidence/photo-prompt/wardrobe-keyword-integration-20261010/arms/b/run_requalification_01/revisions/ac3dede26bfb4aeb8d6670d5ed45b2b1/composed_audit.json
 create mode 100644 docs/research-evidence/photo-prompt/wardrobe-keyword-integration-20261010/arms/b/run_requalification_01/revisions/b0a3e2ecbb194fa0b8ff1dd95e42a1a8/pack.json
 create mode 100644 docs/research-evidence/photo-prompt/wardrobe-keyword-integration-20261010/arms/b/run_requalification_01/revisions/b0a3e2ecbb194fa0b8ff1dd95e42a1a8/runtime_receipt.json
 create mode 100644 docs/research-evidence/photo-prompt/wardrobe-keyword-integration-20261010/arms/b/run_requalification_01/revisions/cadea0fd19244146a54ca91c09b9cae5/authorial_core_input.json
 create mode 100644 docs/research-evidence/photo-prompt/wardrobe-keyword-integration-20261010/arms/b/run_requalification_01/revisions/cadea0fd19244146a54ca91c09b9cae5/authorial_core_normalized.json
 create mode 100644 docs/research-evidence/photo-prompt/wardrobe-keyword-integration-20261010/arms/b/run_requalification_01/revisions/cadea0fd19244146a54ca91c09b9cae5/baseline.txt
 create mode 100644 docs/research-evidence/photo-prompt/wardrobe-keyword-integration-20261010/arms/b/run_requalification_01/revisions/cadea0fd19244146a54ca91c09b9cae5/catalog.json
 create mode 100644 docs/research-evidence/photo-prompt/wardrobe-keyword-integration-20261010/arms/b/run_requalification_01/revisions/cadea0fd19244146a54ca91c09b9cae5/embodiment_review.json
 create mode 100644 docs/research-evidence/photo-prompt/wardrobe-keyword-integration-20261010/arms/b/run_requalification_01/revisions/cadea0fd19244146a54ca91c09b9cae5/feature_selection.json
 create mode 100644 docs/research-evidence/photo-prompt/wardrobe-keyword-integration-20261010/arms/b/run_requalification_01/revisions/cadea0fd19244146a54ca91c09b9cae5/feature_selection_audit.json
 create mode 100644 docs/research-evidence/photo-prompt/wardrobe-keyword-integration-20261010/arms/b/run_requalification_01/revisions/cadea0fd19244146a54ca91c09b9cae5/freeze_author_input_hashes.json
 create mode 100644 docs/research-evidence/photo-prompt/wardrobe-keyword-integration-20261010/arms/b/run_requalification_01/revisions/cadea0fd19244146a54ca91c09b9cae5/freeze_receipt.json
 create mode 100644 docs/research-evidence/photo-prompt/wardrobe-keyword-integration-20261010/arms/b/run_requalification_01/revisions/cadea0fd19244146a54ca91c09b9cae5/request_envelope_normalized.json
 create mode 100644 docs/research-evidence/photo-prompt/wardrobe-keyword-integration-20261010/arms/b/run_requalification_01/revisions/d846e892e2db4890a6e05fe76816452d/creative_controls.json
 create mode 100644 docs/research-evidence/photo-prompt/wardrobe-keyword-integration-20261010/arms/b/run_requalification_01/workflow.json
 create mode 100644 docs/research-evidence/photo-prompt/wardrobe-keyword-integration-20261010/arms/b/runtime_audit_result.json
 create mode 100644 docs/research-evidence/photo-prompt/wardrobe-keyword-integration-20261010/arms/b/scene_evaluation_plan.json
 create mode 100644 docs/research-evidence/photo-prompt/wardrobe-keyword-integration-20261010/arms/b/selected_candidate_details.json
 create mode 100644 docs/research-evidence/photo-prompt/wardrobe-keyword-integration-20261010/arms/b/source_request.txt
 create mode 100644 docs/research-evidence/photo-prompt/wardrobe-keyword-integration-20261010/arms/b/transport_parameters.json
 create mode 100644 docs/research-evidence/photo-prompt/wardrobe-keyword-integration-20261010/arms/b/verification_attempt01_error.txt
 create mode 100644 docs/research-evidence/photo-prompt/wardrobe-keyword-integration-20261010/arms/c/authorial_core.json
 create mode 100644 docs/research-evidence/photo-prompt/wardrobe-keyword-integration-20261010/arms/c/authorization_scope.json
 create mode 100644 docs/research-evidence/photo-prompt/wardrobe-keyword-integration-20261010/arms/c/baseline_draft.txt
 create mode 100644 docs/research-evidence/photo-prompt/wardrobe-keyword-integration-20261010/arms/c/baseline_prompt_en.txt
 create mode 100644 docs/research-evidence/photo-prompt/wardrobe-keyword-integration-20261010/arms/c/composed_prompt.json
 create mode 100644 docs/research-evidence/photo-prompt/wardrobe-keyword-integration-20261010/arms/c/composer_view.json
 create mode 100644 docs/research-evidence/photo-prompt/wardrobe-keyword-integration-20261010/arms/c/composition_reasoning.json
 create mode 100644 docs/research-evidence/photo-prompt/wardrobe-keyword-integration-20261010/arms/c/considered_details.json
 create mode 100644 docs/research-evidence/photo-prompt/wardrobe-keyword-integration-20261010/arms/c/creative_context.json
 create mode 100644 docs/research-evidence/photo-prompt/wardrobe-keyword-integration-20261010/arms/c/creative_controls.frozen.json
 create mode 100644 docs/research-evidence/photo-prompt/wardrobe-keyword-integration-20261010/arms/c/diagnostic_generation_9037716c/28943618e3224851a8851cc81a0020cc.composed.audit.json
 create mode 100644 docs/research-evidence/photo-prompt/wardrobe-keyword-integration-20261010/arms/c/diagnostic_generation_9037716c/candidate_pack.json
 create mode 100644 docs/research-evidence/photo-prompt/wardrobe-keyword-integration-20261010/arms/c/diagnostic_generation_9037716c/composed_prompt.json
 create mode 100644 docs/research-evidence/photo-prompt/wardrobe-keyword-integration-20261010/arms/c/diagnostic_generation_9037716c/composer_view.json
 create mode 100644 docs/research-evidence/photo-prompt/wardrobe-keyword-integration-20261010/arms/c/diagnostic_generation_9037716c/composition_reasoning.json
 create mode 100644 docs/research-evidence/photo-prompt/wardrobe-keyword-integration-20261010/arms/c/diagnostic_generation_9037716c/considered_details.json
 create mode 100644 docs/research-evidence/photo-prompt/wardrobe-keyword-integration-20261010/arms/c/diagnostic_generation_9037716c/diagnostic_manifest.json
 create mode 100644 docs/research-evidence/photo-prompt/wardrobe-keyword-integration-20261010/arms/c/diagnostic_generation_9037716c/final_prompt_en.txt
 create mode 100644 docs/research-evidence/photo-prompt/wardrobe-keyword-integration-20261010/arms/c/diagnostic_generation_9037716c/further_considered_details.json
 create mode 100644 docs/research-evidence/photo-prompt/wardrobe-keyword-integration-20261010/arms/c/diagnostic_generation_9037716c/new_wkr_exposure.json
 create mode 100644 docs/research-evidence/photo-prompt/wardrobe-keyword-integration-20261010/arms/c/diagnostic_generation_9037716c/retrieve_execution.json
 create mode 100644 docs/research-evidence/photo-prompt/wardrobe-keyword-integration-20261010/arms/c/diagnostic_generation_9037716c/runtime_receipt.json
 create mode 100644 docs/research-evidence/photo-prompt/wardrobe-keyword-integration-20261010/arms/c/diagnostic_generation_9037716c/selected_ordinary_details.json
 create mode 100644 docs/research-evidence/photo-prompt/wardrobe-keyword-integration-20261010/arms/c/embodiment_review.json
 create mode 100644 docs/research-evidence/photo-prompt/wardrobe-keyword-integration-20261010/arms/c/execution_preparation_errors.ndjson
 create mode 100644 docs/research-evidence/photo-prompt/wardrobe-keyword-integration-20261010/arms/c/feature_selection.frozen.json
 create mode 100644 docs/research-evidence/photo-prompt/wardrobe-keyword-integration-20261010/arms/c/feature_selection_audit.frozen.json
 create mode 100644 docs/research-evidence/photo-prompt/wardrobe-keyword-integration-20261010/arms/c/final_prompt_en.txt
 create mode 100644 docs/research-evidence/photo-prompt/wardrobe-keyword-integration-20261010/arms/c/freeze_receipt.frozen.json
 create mode 100644 docs/research-evidence/photo-prompt/wardrobe-keyword-integration-20261010/arms/c/freeze_summary.json
 create mode 100644 docs/research-evidence/photo-prompt/wardrobe-keyword-integration-20261010/arms/c/further_considered_details.json
 create mode 100644 docs/research-evidence/photo-prompt/wardrobe-keyword-integration-20261010/arms/c/independent_concept_selection.json
 create mode 100644 docs/research-evidence/photo-prompt/wardrobe-keyword-integration-20261010/arms/c/independent_source_identity.json
 create mode 100644 docs/research-evidence/photo-prompt/wardrobe-keyword-integration-20261010/arms/c/new_wkr_exposure.json
 create mode 100644 docs/research-evidence/photo-prompt/wardrobe-keyword-integration-20261010/arms/c/pixel_test_focus.json
 create mode 100644 docs/research-evidence/photo-prompt/wardrobe-keyword-integration-20261010/arms/c/precore_authorial_planning.json
 create mode 100644 docs/research-evidence/photo-prompt/wardrobe-keyword-integration-20261010/arms/c/precore_feature_selection.json
 create mode 100644 docs/research-evidence/photo-prompt/wardrobe-keyword-integration-20261010/arms/c/record_native_result_with_manifest.py
 create mode 100644 docs/research-evidence/photo-prompt/wardrobe-keyword-integration-20261010/arms/c/reference_observation.json
 create mode 100644 docs/research-evidence/photo-prompt/wardrobe-keyword-integration-20261010/arms/c/requalification/REPORT.md
 create mode 100644 docs/research-evidence/photo-prompt/wardrobe-keyword-integration-20261010/arms/c/requalification/author_composition.py
 create mode 100644 docs/research-evidence/photo-prompt/wardrobe-keyword-integration-20261010/arms/c/requalification/author_pixel_review.py
 create mode 100644 docs/research-evidence/photo-prompt/wardrobe-keyword-integration-20261010/arms/c/requalification/authorial_core.json
 create mode 100644 docs/research-evidence/photo-prompt/wardrobe-keyword-integration-20261010/arms/c/requalification/authoring_byte_equivalence.json
 create mode 100644 docs/research-evidence/photo-prompt/wardrobe-keyword-integration-20261010/arms/c/requalification/authorization_scope.json
 create mode 100644 docs/research-evidence/photo-prompt/wardrobe-keyword-integration-20261010/arms/c/requalification/baseline_draft.txt
 create mode 100644 docs/research-evidence/photo-prompt/wardrobe-keyword-integration-20261010/arms/c/requalification/baseline_prompt_en.txt
 create mode 100644 docs/research-evidence/photo-prompt/wardrobe-keyword-integration-20261010/arms/c/requalification/composed_prompt.json
 create mode 100644 docs/research-evidence/photo-prompt/wardrobe-keyword-integration-20261010/arms/c/requalification/composer_view.json
 create mode 100644 docs/research-evidence/photo-prompt/wardrobe-keyword-integration-20261010/arms/c/requalification/composition_audit_attempts/attempt_1/11847c5e8a0b4defb3039aab378bbb1b.composed.audit.json
 create mode 100644 docs/research-evidence/photo-prompt/wardrobe-keyword-integration-20261010/arms/c/requalification/composition_audit_attempts/attempt_1/11847c5e8a0b4defb3039aab378bbb1b.composed.json
 create mode 100644 docs/research-evidence/photo-prompt/wardrobe-keyword-integration-20261010/arms/c/requalification/composition_audit_attempts/attempt_1/composed_prompt.json
 create mode 100644 docs/research-evidence/photo-prompt/wardrobe-keyword-integration-20261010/arms/c/requalification/composition_audit_attempts/attempt_1/composition_self_review.json
 create mode 100644 docs/research-evidence/photo-prompt/wardrobe-keyword-integration-20261010/arms/c/requalification/composition_audit_attempts/metadata_repair.json
 create mode 100644 docs/research-evidence/photo-prompt/wardrobe-keyword-integration-20261010/arms/c/requalification/composition_self_review.json
 create mode 100644 docs/research-evidence/photo-prompt/wardrobe-keyword-integration-20261010/arms/c/requalification/considered_details.json
 create mode 100644 docs/research-evidence/photo-prompt/wardrobe-keyword-integration-20261010/arms/c/requalification/creative_context.json
 create mode 100644 docs/research-evidence/photo-prompt/wardrobe-keyword-integration-20261010/arms/c/requalification/embodiment_review.json
 create mode 100644 docs/research-evidence/photo-prompt/wardrobe-keyword-integration-20261010/arms/c/requalification/final_evidence_check.json
 create mode 100644 docs/research-evidence/photo-prompt/wardrobe-keyword-integration-20261010/arms/c/requalification/finalize_evidence.py
 create mode 100644 docs/research-evidence/photo-prompt/wardrobe-keyword-integration-20261010/arms/c/requalification/freeze_summary.json
 create mode 100644 docs/research-evidence/photo-prompt/wardrobe-keyword-integration-20261010/arms/c/requalification/generated_images/harbor_hat_repair_c_first.png
 create mode 100644 docs/research-evidence/photo-prompt/wardrobe-keyword-integration-20261010/arms/c/requalification/image_result_metadata.json
 create mode 100644 docs/research-evidence/photo-prompt/wardrobe-keyword-integration-20261010/arms/c/requalification/image_runs.ndjson
 create mode 100644 docs/research-evidence/photo-prompt/wardrobe-keyword-integration-20261010/arms/c/requalification/image_runs.ndjson.retry-reservations.json
 create mode 100644 docs/research-evidence/photo-prompt/wardrobe-keyword-integration-20261010/arms/c/requalification/independent_concept_selection.json
 create mode 100644 docs/research-evidence/photo-prompt/wardrobe-keyword-integration-20261010/arms/c/requalification/independent_source_identity.json
 create mode 100644 docs/research-evidence/photo-prompt/wardrobe-keyword-integration-20261010/arms/c/requalification/label_free_first_impression.json
 create mode 100644 docs/research-evidence/photo-prompt/wardrobe-keyword-integration-20261010/arms/c/requalification/native_observation.json
 create mode 100644 docs/research-evidence/photo-prompt/wardrobe-keyword-integration-20261010/arms/c/requalification/native_payload_save_attempt_error.json
 create mode 100644 docs/research-evidence/photo-prompt/wardrobe-keyword-integration-20261010/arms/c/requalification/native_record_arguments.json
 create mode 100644 docs/research-evidence/photo-prompt/wardrobe-keyword-integration-20261010/arms/c/requalification/native_tool_payload.json
 create mode 100644 docs/research-evidence/photo-prompt/wardrobe-keyword-integration-20261010/arms/c/requalification/negative_en.txt
 create mode 100644 docs/research-evidence/photo-prompt/wardrobe-keyword-integration-20261010/arms/c/requalification/new_wkr_exposure.json
 create mode 100644 docs/research-evidence/photo-prompt/wardrobe-keyword-integration-20261010/arms/c/requalification/new_wkr_selection.json
 create mode 100644 docs/research-evidence/photo-prompt/wardrobe-keyword-integration-20261010/arms/c/requalification/original_creative_controls.frozen.json
 create mode 100644 docs/research-evidence/photo-prompt/wardrobe-keyword-integration-20261010/arms/c/requalification/pixel_inspection/bag_route_native_crop.png
 create mode 100644 docs/research-evidence/photo-prompt/wardrobe-keyword-integration-20261010/arms/c/requalification/pixel_inspection/cuffs_native_crop.png
 create mode 100644 docs/research-evidence/photo-prompt/wardrobe-keyword-integration-20261010/arms/c/requalification/pixel_inspection/face_hair_native_crop.png
 create mode 100644 docs/research-evidence/photo-prompt/wardrobe-keyword-integration-20261010/arms/c/requalification/pixel_inspection/hands_hat_native_crop.png
 create mode 100644 docs/research-evidence/photo-prompt/wardrobe-keyword-integration-20261010/arms/c/requalification/pixel_inspection/harbor_place_native_crop.png
 create mode 100644 docs/research-evidence/photo-prompt/wardrobe-keyword-integration-20261010/arms/c/requalification/pixel_inspection/inspection_manifest.json
 create mode 100644 docs/research-evidence/photo-prompt/wardrobe-keyword-integration-20261010/arms/c/requalification/pixel_inspection/seat_skirt_native_crop.png
 create mode 100644 docs/research-evidence/photo-prompt/wardrobe-keyword-integration-20261010/arms/c/requalification/pixel_inspection/whole_thumbnail_384.png
 create mode 100644 docs/research-evidence/photo-prompt/wardrobe-keyword-integration-20261010/arms/c/requalification/pixel_test_focus.json
 create mode 100644 docs/research-evidence/photo-prompt/wardrobe-keyword-integration-20261010/arms/c/requalification/precore_authorial_planning.json
 create mode 100644 docs/research-evidence/photo-prompt/wardrobe-keyword-integration-20261010/arms/c/requalification/precore_feature_selection.json
 create mode 100644 docs/research-evidence/photo-prompt/wardrobe-keyword-integration-20261010/arms/c/requalification/prompt_en.txt
 create mode 100644 docs/research-evidence/photo-prompt/wardrobe-keyword-integration-20261010/arms/c/requalification/record_native_result_with_manifest.py
 create mode 100644 docs/research-evidence/photo-prompt/wardrobe-keyword-integration-20261010/arms/c/requalification/reference_observation.json
 create mode 100644 docs/research-evidence/photo-prompt/wardrobe-keyword-integration-20261010/arms/c/requalification/request.txt
 create mode 100644 docs/research-evidence/photo-prompt/wardrobe-keyword-integration-20261010/arms/c/requalification/request_envelope.json
 create mode 100644 docs/research-evidence/photo-prompt/wardrobe-keyword-integration-20261010/arms/c/requalification/result_summary.json
 create mode 100644 docs/research-evidence/photo-prompt/wardrobe-keyword-integration-20261010/arms/c/requalification/retrieval_seed_comparison.json
 create mode 100644 docs/research-evidence/photo-prompt/wardrobe-keyword-integration-20261010/arms/c/requalification/run/.staging/11847c5e8a0b4defb3039aab378bbb1b.composed.audit.json
 create mode 100644 docs/research-evidence/photo-prompt/wardrobe-keyword-integration-20261010/arms/c/requalification/run/.staging/11847c5e8a0b4defb3039aab378bbb1b.composed.json
 create mode 100644 docs/research-evidence/photo-prompt/wardrobe-keyword-integration-20261010/arms/c/requalification/run/.staging/12586ac3caf74407bc24a0b0cbb656c6.request.json
 create mode 100644 docs/research-evidence/photo-prompt/wardrobe-keyword-integration-20261010/arms/c/requalification/run/.staging/c7bec9d3897a4ee2a8263176d5caa652.composed.json
 create mode 100644 docs/research-evidence/photo-prompt/wardrobe-keyword-integration-20261010/arms/c/requalification/run/.staging/retrieve/pack.json
 create mode 100644 docs/research-evidence/photo-prompt/wardrobe-keyword-integration-20261010/arms/c/requalification/run/.staging/retrieve/receipt.json
 create mode 100644 docs/research-evidence/photo-prompt/wardrobe-keyword-integration-20261010/arms/c/requalification/run/.staging/retrieve/transaction.json
 create mode 100644 docs/research-evidence/photo-prompt/wardrobe-keyword-integration-20261010/arms/c/requalification/run/revisions/04479612410b434688fd7ada9069a572/composed.json
 create mode 100644 docs/research-evidence/photo-prompt/wardrobe-keyword-integration-20261010/arms/c/requalification/run/revisions/04479612410b434688fd7ada9069a572/composed_audit.json
 create mode 100644 docs/research-evidence/photo-prompt/wardrobe-keyword-integration-20261010/arms/c/requalification/run/revisions/3d79759a73b045d2b2c75dfb1f938a11/review_audit.json
 create mode 100644 docs/research-evidence/photo-prompt/wardrobe-keyword-integration-20261010/arms/c/requalification/run/revisions/3d79759a73b045d2b2c75dfb1f938a11/visual_review.json
 create mode 100644 docs/research-evidence/photo-prompt/wardrobe-keyword-integration-20261010/arms/c/requalification/run/revisions/4e39bb15a10f4382bbb8983bb759089e/authoring_shapes.json
 create mode 100644 docs/research-evidence/photo-prompt/wardrobe-keyword-integration-20261010/arms/c/requalification/run/revisions/4e39bb15a10f4382bbb8983bb759089e/request_envelope_input.json
 create mode 100644 docs/research-evidence/photo-prompt/wardrobe-keyword-integration-20261010/arms/c/requalification/run/revisions/4e39bb15a10f4382bbb8983bb759089e/request_raw.json
 create mode 100644 docs/research-evidence/photo-prompt/wardrobe-keyword-integration-20261010/arms/c/requalification/run/revisions/78f7cf46b13145a1a6e2ea932438e85c/visual_review_shape.json
 create mode 100644 docs/research-evidence/photo-prompt/wardrobe-keyword-integration-20261010/arms/c/requalification/run/revisions/7e381a4603034e3eb81141786bb5200a/creative_controls.json
 create mode 100644 docs/research-evidence/photo-prompt/wardrobe-keyword-integration-20261010/arms/c/requalification/run/revisions/9f62be7d49e4445d86b7241c61ab87d0/render_request.json
 create mode 100644 docs/research-evidence/photo-prompt/wardrobe-keyword-integration-20261010/arms/c/requalification/run/revisions/9f62be7d49e4445d86b7241c61ab87d0/runtime_audit.json
 create mode 100644 docs/research-evidence/photo-prompt/wardrobe-keyword-integration-20261010/arms/c/requalification/run/revisions/cb70e0d14f1c49cbabccad96477795fb/authorial_core_input.json
 create mode 100644 docs/research-evidence/photo-prompt/wardrobe-keyword-integration-20261010/arms/c/requalification/run/revisions/cb70e0d14f1c49cbabccad96477795fb/authorial_core_normalized.json
 create mode 100644 docs/research-evidence/photo-prompt/wardrobe-keyword-integration-20261010/arms/c/requalification/run/revisions/cb70e0d14f1c49cbabccad96477795fb/baseline.txt
 create mode 100644 docs/research-evidence/photo-prompt/wardrobe-keyword-integration-20261010/arms/c/requalification/run/revisions/cb70e0d14f1c49cbabccad96477795fb/catalog.json
 create mode 100644 docs/research-evidence/photo-prompt/wardrobe-keyword-integration-20261010/arms/c/requalification/run/revisions/cb70e0d14f1c49cbabccad96477795fb/embodiment_review.json
 create mode 100644 docs/research-evidence/photo-prompt/wardrobe-keyword-integration-20261010/arms/c/requalification/run/revisions/cb70e0d14f1c49cbabccad96477795fb/feature_selection.json
 create mode 100644 docs/research-evidence/photo-prompt/wardrobe-keyword-integration-20261010/arms/c/requalification/run/revisions/cb70e0d14f1c49cbabccad96477795fb/feature_selection_audit.json
 create mode 100644 docs/research-evidence/photo-prompt/wardrobe-keyword-integration-20261010/arms/c/requalification/run/revisions/cb70e0d14f1c49cbabccad96477795fb/freeze_author_input_hashes.json
 create mode 100644 docs/research-evidence/photo-prompt/wardrobe-keyword-integration-20261010/arms/c/requalification/run/revisions/cb70e0d14f1c49cbabccad96477795fb/freeze_receipt.json
 create mode 100644 docs/research-evidence/photo-prompt/wardrobe-keyword-integration-20261010/arms/c/requalification/run/revisions/cb70e0d14f1c49cbabccad96477795fb/request_envelope_normalized.json
 create mode 100644 docs/research-evidence/photo-prompt/wardrobe-keyword-integration-20261010/arms/c/requalification/run/revisions/d49996f05b9845f390f229972135a907/pack.json
 create mode 100644 docs/research-evidence/photo-prompt/wardrobe-keyword-integration-20261010/arms/c/requalification/run/revisions/d49996f05b9845f390f229972135a907/runtime_receipt.json
 create mode 100644 docs/research-evidence/photo-prompt/wardrobe-keyword-integration-20261010/arms/c/requalification/run/revisions/db43e14eec2544229ca05c27e9835dfc/native_plan.json
 create mode 100644 docs/research-evidence/photo-prompt/wardrobe-keyword-integration-20261010/arms/c/requalification/run/workflow.json
 create mode 100644 docs/research-evidence/photo-prompt/wardrobe-keyword-integration-20261010/arms/c/requalification/run_manifest.json
 create mode 100644 docs/research-evidence/photo-prompt/wardrobe-keyword-integration-20261010/arms/c/requalification/runtime_receipt.json
 create mode 100644 docs/research-evidence/photo-prompt/wardrobe-keyword-integration-20261010/arms/c/requalification/spans.json
 create mode 100644 docs/research-evidence/photo-prompt/wardrobe-keyword-integration-20261010/arms/c/requalification/supplemental_pixel_review.json
 create mode 100644 docs/research-evidence/photo-prompt/wardrobe-keyword-integration-20261010/arms/c/requalification/transport.json
 create mode 100644 docs/research-evidence/photo-prompt/wardrobe-keyword-integration-20261010/arms/c/requalification/visual_review.json
 create mode 100644 docs/research-evidence/photo-prompt/wardrobe-keyword-integration-20261010/arms/c/requalification/whole_image_review.json
 create mode 100644 docs/research-evidence/photo-prompt/wardrobe-keyword-integration-20261010/arms/c/request.txt
 create mode 100644 docs/research-evidence/photo-prompt/wardrobe-keyword-integration-20261010/arms/c/request_envelope.json
 create mode 100644 docs/research-evidence/photo-prompt/wardrobe-keyword-integration-20261010/arms/c/retrieve_execution.json
 create mode 100644 docs/research-evidence/photo-prompt/wardrobe-keyword-integration-20261010/arms/c/run/.staging/28943618e3224851a8851cc81a0020cc.composed.audit.json
 create mode 100644 docs/research-evidence/photo-prompt/wardrobe-keyword-integration-20261010/arms/c/run/.staging/28943618e3224851a8851cc81a0020cc.composed.json
 create mode 100644 docs/research-evidence/photo-prompt/wardrobe-keyword-integration-20261010/arms/c/run/.staging/retrieve/pack.json
 create mode 100644 docs/research-evidence/photo-prompt/wardrobe-keyword-integration-20261010/arms/c/run/.staging/retrieve/receipt.json
 create mode 100644 docs/research-evidence/photo-prompt/wardrobe-keyword-integration-20261010/arms/c/run/.staging/retrieve/transaction.json
 create mode 100644 docs/research-evidence/photo-prompt/wardrobe-keyword-integration-20261010/arms/c/run/revisions/2d10e986d9a04b9db0aa0a3f15664cc3/pack.json
 create mode 100644 docs/research-evidence/photo-prompt/wardrobe-keyword-integration-20261010/arms/c/run/revisions/2d10e986d9a04b9db0aa0a3f15664cc3/runtime_receipt.json
 create mode 100644 docs/research-evidence/photo-prompt/wardrobe-keyword-integration-20261010/arms/c/run/revisions/da642eb7498948e0aea970bd28b71052/authoring_shapes.json
 create mode 100644 docs/research-evidence/photo-prompt/wardrobe-keyword-integration-20261010/arms/c/run/revisions/da642eb7498948e0aea970bd28b71052/request_envelope_input.json
 create mode 100644 docs/research-evidence/photo-prompt/wardrobe-keyword-integration-20261010/arms/c/run/revisions/da642eb7498948e0aea970bd28b71052/request_raw.json
 create mode 100644 docs/research-evidence/photo-prompt/wardrobe-keyword-integration-20261010/arms/c/run/revisions/db28259fc2874533920245b8783719c9/creative_controls.json
 create mode 100644 docs/research-evidence/photo-prompt/wardrobe-keyword-integration-20261010/arms/c/run/revisions/effebe421d5a4462ad5611cf38e7c970/authorial_core_input.json
 create mode 100644 docs/research-evidence/photo-prompt/wardrobe-keyword-integration-20261010/arms/c/run/revisions/effebe421d5a4462ad5611cf38e7c970/authorial_core_normalized.json
 create mode 100644 docs/research-evidence/photo-prompt/wardrobe-keyword-integration-20261010/arms/c/run/revisions/effebe421d5a4462ad5611cf38e7c970/baseline.txt
 create mode 100644 docs/research-evidence/photo-prompt/wardrobe-keyword-integration-20261010/arms/c/run/revisions/effebe421d5a4462ad5611cf38e7c970/catalog.json
 create mode 100644 docs/research-evidence/photo-prompt/wardrobe-keyword-integration-20261010/arms/c/run/revisions/effebe421d5a4462ad5611cf38e7c970/embodiment_review.json
 create mode 100644 docs/research-evidence/photo-prompt/wardrobe-keyword-integration-20261010/arms/c/run/revisions/effebe421d5a4462ad5611cf38e7c970/feature_selection.json
 create mode 100644 docs/research-evidence/photo-prompt/wardrobe-keyword-integration-20261010/arms/c/run/revisions/effebe421d5a4462ad5611cf38e7c970/feature_selection_audit.json
 create mode 100644 docs/research-evidence/photo-prompt/wardrobe-keyword-integration-20261010/arms/c/run/revisions/effebe421d5a4462ad5611cf38e7c970/freeze_author_input_hashes.json
 create mode 100644 docs/research-evidence/photo-prompt/wardrobe-keyword-integration-20261010/arms/c/run/revisions/effebe421d5a4462ad5611cf38e7c970/freeze_receipt.json
 create mode 100644 docs/research-evidence/photo-prompt/wardrobe-keyword-integration-20261010/arms/c/run/revisions/effebe421d5a4462ad5611cf38e7c970/request_envelope_normalized.json
 create mode 100644 docs/research-evidence/photo-prompt/wardrobe-keyword-integration-20261010/arms/c/run/workflow.json
 create mode 100644 docs/research-evidence/photo-prompt/wardrobe-keyword-integration-20261010/arms/c/selected_ordinary_details.json
 create mode 100644 docs/research-evidence/photo-prompt/wardrobe-keyword-integration-20261010/arms/c/spans.json
 create mode 100644 docs/research-evidence/photo-prompt/wardrobe-keyword-integration-20261010/arms/c/transport.json
 create mode 100644 docs/research-evidence/photo-prompt/wardrobe-keyword-integration-20261010/current-link-query-v2.json
 create mode 100644 docs/research-evidence/photo-prompt/wardrobe-keyword-integration-20261010/current-link-query.json
 create mode 100644 docs/research-evidence/photo-prompt/wardrobe-keyword-integration-20261010/dictionary-discovery-final.log
 create mode 100644 docs/research-evidence/photo-prompt/wardrobe-keyword-integration-20261010/dictionary-final.log
 create mode 100644 docs/research-evidence/photo-prompt/wardrobe-keyword-integration-20261010/dictionary-preflight-2.log
 create mode 100644 docs/research-evidence/photo-prompt/wardrobe-keyword-integration-20261010/dictionary-preflight.log
 create mode 100644 docs/research-evidence/photo-prompt/wardrobe-keyword-integration-20261010/dictionary-source-validation.log
 create mode 100644 docs/research-evidence/photo-prompt/wardrobe-keyword-integration-20261010/finalize_delivery.py
 create mode 100644 docs/research-evidence/photo-prompt/wardrobe-keyword-integration-20261010/full-suite.log
 create mode 100644 docs/research-evidence/photo-prompt/wardrobe-keyword-integration-20261010/integrate.py
 create mode 100644 docs/research-evidence/photo-prompt/wardrobe-keyword-integration-20261010/management-build-v2.log
 create mode 100644 docs/research-evidence/photo-prompt/wardrobe-keyword-integration-20261010/management-build.log
 create mode 100644 docs/research-evidence/photo-prompt/wardrobe-keyword-integration-20261010/refine_discovery.py
 create mode 100644 docs/research-evidence/photo-prompt/wardrobe-keyword-integration-20261010/related-final-tests.log
 create mode 100644 docs/research-evidence/photo-prompt/wardrobe-keyword-integration-20261010/related-visual-grammar.log
 create mode 100644 docs/research-evidence/photo-prompt/wardrobe-keyword-integration-20261010/request.txt
 create mode 100644 docs/research-evidence/photo-prompt/wardrobe-keyword-integration-20261010/runtime-publication-v2.json
 create mode 100644 docs/research-evidence/photo-prompt/wardrobe-keyword-integration-20261010/runtime-publication-v2.stderr
 create mode 100644 docs/research-evidence/photo-prompt/wardrobe-keyword-integration-20261010/runtime-publication.json
 create mode 100644 docs/research-evidence/photo-prompt/wardrobe-keyword-integration-20261010/runtime-publication.stderr
 create mode 100644 docs/research-evidence/photo-prompt/wardrobe-keyword-integration-20261010/semantic-build-final.log
 create mode 100644 docs/research-evidence/photo-prompt/wardrobe-keyword-integration-20261010/semantic-build.log
 create mode 100644 docs/research-evidence/photo-prompt/wardrobe-keyword-integration-20261010/semantic-deep-check.json
 create mode 100644 docs/research-evidence/photo-prompt/wardrobe-keyword-integration-20261010/semantic-discovery-build.log
 create mode 100644 docs/research-evidence/photo-prompt/wardrobe-keyword-integration-20261010/semantic-preflight.json
 create mode 100644 docs/research-evidence/photo-prompt/wardrobe-keyword-integration-20261010/verify_scope.py
 create mode 100644 docs/research-evidence/photo-prompt/wardrobe-keyword-integration-20261010/visual-build.log
 create mode 100644 docs/research-evidence/photo-prompt/wardrobe-keyword-integration-20261010/visual-deep-check.log
 create mode 100644 docs/research-evidence/photo-prompt/wardrobe-keyword-integration-20261010/visual-discovery-build.log
 create mode 100644 docs/research-evidence/photo-prompt/wardrobe-keyword-integration-20261010/visual-discovery-deep-check.log
 create mode 100644 docs/research-evidence/photo-prompt/wardrobe-keyword-integration-20261010/wardrobe-discovery-regression-final.log
 create mode 100644 docs/research-evidence/photo-prompt/wardrobe-keyword-integration-20261010/wardrobe-discovery-regression.log
 create mode 100644 docs/research-evidence/photo-prompt/wardrobe-keyword-integration-20261010/wardrobe-regression-final.log
 create mode 100644 docs/research-evidence/photo-prompt/wardrobe-keyword-integration-20261010/wardrobe-regression.log
 create mode 100644 docs/research-evidence/photo-prompt/wardrobe-keyword-main-publication-20261010/AUTHORED-PRESERVATION.json
 create mode 100644 docs/research-evidence/photo-prompt/wardrobe-keyword-main-publication-20261010/AUXILIARY-ERRORS.json
 create mode 100644 docs/research-evidence/photo-prompt/wardrobe-keyword-main-publication-20261010/INITIAL-VALIDATION.json
 create mode 100644 docs/research-evidence/photo-prompt/wardrobe-keyword-main-publication-20261010/PRIMARY-BEFORE.json
 create mode 100644 docs/research-evidence/photo-prompt/wardrobe-keyword-main-publication-20261010/PUBLICATION.md
 create mode 100644 docs/research-evidence/photo-prompt/wardrobe-keyword-main-publication-20261010/SCOPE-REVIEW.json
 create mode 100644 docs/research-evidence/photo-prompt/wardrobe-keyword-main-publication-20261010/SCOPE.json
 create mode 100644 docs/research-evidence/photo-prompt/wardrobe-keyword-main-publication-20261010/STAGE-PATHS.initial.txt
 create mode 100644 docs/research-evidence/photo-prompt/wardrobe-keyword-main-publication-20261010/dictionary-initial.log
 create mode 100644 docs/research-evidence/photo-prompt/wardrobe-keyword-main-publication-20261010/focused-tests-initial.log
 create mode 100644 docs/research-evidence/photo-prompt/wardrobe-keyword-main-publication-20261010/prepare_scope.py
 create mode 100644 docs/research-evidence/photo-prompt/wardrobe-keyword-main-publication-20261010/rebuild_indexes_offline.py
 create mode 100644 docs/research-evidence/photo-prompt/wardrobe-keyword-main-publication-20261010/runtime-initial.log
 create mode 100644 docs/research-evidence/photo-prompt/wardrobe-keyword-main-publication-20261010/scoped-index-build.initial-error.log
 create mode 100644 docs/research-evidence/photo-prompt/wardrobe-keyword-main-publication-20261010/scoped-index-build.json
 create mode 100644 docs/research-evidence/photo-prompt/wardrobe-keyword-main-publication-20261010/scoped-index-build.log
 create mode 100644 docs/research-evidence/photo-prompt/wardrobe-keyword-main-publication-20261010/scoped-index-build.registration-error.log
 create mode 100644 docs/research-evidence/photo-prompt/wardrobe-keyword-main-publication-20261010/visual-index-initial.log
 create mode 100644 docs/research-evidence/photo-prompt/wardrobe-keyword-refinement-20261010/ADDITIONAL-SOURCE-BEFORE-VERIFIED.json
 create mode 100644 docs/research-evidence/photo-prompt/wardrobe-keyword-refinement-20261010/ADDITIONAL-SOURCE-BEFORE.zip
 create mode 100644 docs/research-evidence/photo-prompt/wardrobe-keyword-refinement-20261010/AGGREGATION-READ-ERRORS.json
 create mode 100644 docs/research-evidence/photo-prompt/wardrobe-keyword-refinement-20261010/CHILD-EFFECTIVE-PROJECTION-DIFF.json
 create mode 100644 docs/research-evidence/photo-prompt/wardrobe-keyword-refinement-20261010/COORDINATOR-PIXEL-OBSERVATIONS.json
 create mode 100644 docs/research-evidence/photo-prompt/wardrobe-keyword-refinement-20261010/CURRENT-ARM-PREFLIGHT-AUDIT.json
 create mode 100644 docs/research-evidence/photo-prompt/wardrobe-keyword-refinement-20261010/DATA-CHANGE-SUMMARY.md
 create mode 100644 docs/research-evidence/photo-prompt/wardrobe-keyword-refinement-20261010/DATA-CHANGES.json
 create mode 100644 docs/research-evidence/photo-prompt/wardrobe-keyword-refinement-20261010/DELIVERY.json
 create mode 100644 docs/research-evidence/photo-prompt/wardrobe-keyword-refinement-20261010/FAILURE-ANALYSIS.md
 create mode 100644 docs/research-evidence/photo-prompt/wardrobe-keyword-refinement-20261010/FINAL-DELIVERY-AUDIT.json
 create mode 100644 docs/research-evidence/photo-prompt/wardrobe-keyword-refinement-20261010/FIRST-NATIVE-QUALIFICATION.json
 create mode 100644 docs/research-evidence/photo-prompt/wardrobe-keyword-refinement-20261010/INHERITED-CONTRACT-PRESERVATION.json
 create mode 100644 docs/research-evidence/photo-prompt/wardrobe-keyword-refinement-20261010/LOCAL-REPAIR-CONTRACT-INITIAL-DIFF.json
 create mode 100644 docs/research-evidence/photo-prompt/wardrobe-keyword-refinement-20261010/LOCAL-REPAIR-CONTRACT-PRESERVATION.json
 create mode 100644 docs/research-evidence/photo-prompt/wardrobe-keyword-refinement-20261010/NATIVE-INVOCATIONS.json
 create mode 100644 docs/research-evidence/photo-prompt/wardrobe-keyword-refinement-20261010/NATIVE-QUALIFICATION-LEDGER.json
 create mode 100644 docs/research-evidence/photo-prompt/wardrobe-keyword-refinement-20261010/PRESERVATION-VERIFICATION.json
 create mode 100644 docs/research-evidence/photo-prompt/wardrobe-keyword-refinement-20261010/PRIMARY-BEFORE.json
 create mode 100644 docs/research-evidence/photo-prompt/wardrobe-keyword-refinement-20261010/PROVISIONAL-VALIDATION-ERRORS.json
 create mode 100644 docs/research-evidence/photo-prompt/wardrobe-keyword-refinement-20261010/RESEARCH-COVERAGE-AUDIT.json
 create mode 100644 docs/research-evidence/photo-prompt/wardrobe-keyword-refinement-20261010/RESULTS.md
 create mode 100644 docs/research-evidence/photo-prompt/wardrobe-keyword-refinement-20261010/ROW-PRESERVATION.json
 create mode 100644 docs/research-evidence/photo-prompt/wardrobe-keyword-refinement-20261010/SCOPED-BEFORE.zip
 create mode 100644 docs/research-evidence/photo-prompt/wardrobe-keyword-refinement-20261010/SCOPED-INSTRUCTION-WORKFLOW-TEST.diff
 create mode 100644 docs/research-evidence/photo-prompt/wardrobe-keyword-refinement-20261010/SOURCE-DELIVERY.json
 create mode 100644 docs/research-evidence/photo-prompt/wardrobe-keyword-refinement-20261010/VALIDATION.json
 create mode 100644 docs/research-evidence/photo-prompt/wardrobe-keyword-refinement-20261010/aggregate_native_results.py
 create mode 100644 docs/research-evidence/photo-prompt/wardrobe-keyword-refinement-20261010/arms/a/REPORT.md
 create mode 100644 docs/research-evidence/photo-prompt/wardrobe-keyword-refinement-20261010/arms/a/active_source_verified.json
 create mode 100644 docs/research-evidence/photo-prompt/wardrobe-keyword-refinement-20261010/arms/a/arm_independence_statement.json
 create mode 100644 docs/research-evidence/photo-prompt/wardrobe-keyword-refinement-20261010/arms/a/attach_retry_bound_diagnostic.json
 create mode 100644 docs/research-evidence/photo-prompt/wardrobe-keyword-refinement-20261010/arms/a/attach_retry_diagnostic.json
 create mode 100644 docs/research-evidence/photo-prompt/wardrobe-keyword-refinement-20261010/arms/a/attach_retry_exact_diagnostic.json
 create mode 100644 docs/research-evidence/photo-prompt/wardrobe-keyword-refinement-20261010/arms/a/attach_retry_local_pixel_02_diagnostic.json
 create mode 100644 docs/research-evidence/photo-prompt/wardrobe-keyword-refinement-20261010/arms/a/attach_retry_local_pixel_02_original_bound_diagnostic.json
 create mode 100644 docs/research-evidence/photo-prompt/wardrobe-keyword-refinement-20261010/arms/a/attach_retry_recovered_diagnostic.json
 create mode 100644 docs/research-evidence/photo-prompt/wardrobe-keyword-refinement-20261010/arms/a/attempt_01_ledger_row.json
 create mode 100644 docs/research-evidence/photo-prompt/wardrobe-keyword-refinement-20261010/arms/a/attempt_02_ledger_row.json
 create mode 100644 docs/research-evidence/photo-prompt/wardrobe-keyword-refinement-20261010/arms/a/authorize_local_pixel_02_diagnostic.json
 create mode 100644 docs/research-evidence/photo-prompt/wardrobe-keyword-refinement-20261010/arms/a/authorize_local_pixel_02_original_bound_diagnostic.json
 create mode 100644 docs/research-evidence/photo-prompt/wardrobe-keyword-refinement-20261010/arms/a/authorized_scope.json
 create mode 100644 docs/research-evidence/photo-prompt/wardrobe-keyword-refinement-20261010/arms/a/authorized_scope_local_pixel_02.json
 create mode 100644 docs/research-evidence/photo-prompt/wardrobe-keyword-refinement-20261010/arms/a/baseline_draft.txt
 create mode 100644 docs/research-evidence/photo-prompt/wardrobe-keyword-refinement-20261010/arms/a/baseline_draft_local_pixel_02.txt
 create mode 100644 docs/research-evidence/photo-prompt/wardrobe-keyword-refinement-20261010/arms/a/binding_input_repair.json
 create mode 100644 docs/research-evidence/photo-prompt/wardrobe-keyword-refinement-20261010/arms/a/candidate_review_notes.json
 create mode 100644 docs/research-evidence/photo-prompt/wardrobe-keyword-refinement-20261010/arms/a/candidate_review_notes_local_pixel_02.json
 create mode 100644 docs/research-evidence/photo-prompt/wardrobe-keyword-refinement-20261010/arms/a/compose_audit_local_pixel_02_diagnostic.json
 create mode 100644 docs/research-evidence/photo-prompt/wardrobe-keyword-refinement-20261010/arms/a/compose_audit_local_pixel_02_original_bound_diagnostic.json
 create mode 100644 docs/research-evidence/photo-prompt/wardrobe-keyword-refinement-20261010/arms/a/compose_audit_local_pixel_02_original_reference_diagnostic.json
 create mode 100644 docs/research-evidence/photo-prompt/wardrobe-keyword-refinement-20261010/arms/a/compose_audit_local_pixel_02_reviewed_diagnostic.json
 create mode 100644 docs/research-evidence/photo-prompt/wardrobe-keyword-refinement-20261010/arms/a/composed_prompt.json
 create mode 100644 docs/research-evidence/photo-prompt/wardrobe-keyword-refinement-20261010/arms/a/composed_prompt_local_pixel_02.json
 create mode 100644 docs/research-evidence/photo-prompt/wardrobe-keyword-refinement-20261010/arms/a/composed_prompt_local_pixel_02_edit_instructions.json
 create mode 100644 docs/research-evidence/photo-prompt/wardrobe-keyword-refinement-20261010/arms/a/composed_prompt_local_pixel_02_original_reference.json
 create mode 100644 docs/research-evidence/photo-prompt/wardrobe-keyword-refinement-20261010/arms/a/controls_local_pixel_02_original_bound_diagnostic.json
 create mode 100644 docs/research-evidence/photo-prompt/wardrobe-keyword-refinement-20261010/arms/a/controls_status_interpretation_local_pixel_02_original_bound.json
 create mode 100644 docs/research-evidence/photo-prompt/wardrobe-keyword-refinement-20261010/arms/a/coordinator_envelope_confirmation_local_pixel_02.json
 create mode 100644 docs/research-evidence/photo-prompt/wardrobe-keyword-refinement-20261010/arms/a/core.json
 create mode 100644 docs/research-evidence/photo-prompt/wardrobe-keyword-refinement-20261010/arms/a/core_local_pixel_02.json
 create mode 100644 docs/research-evidence/photo-prompt/wardrobe-keyword-refinement-20261010/arms/a/corrected_view_error.json
 create mode 100644 docs/research-evidence/photo-prompt/wardrobe-keyword-refinement-20261010/arms/a/creative_context.json
 create mode 100644 docs/research-evidence/photo-prompt/wardrobe-keyword-refinement-20261010/arms/a/creative_context_local_pixel_02.json
 create mode 100644 docs/research-evidence/photo-prompt/wardrobe-keyword-refinement-20261010/arms/a/creative_overrides.json
 create mode 100644 docs/research-evidence/photo-prompt/wardrobe-keyword-refinement-20261010/arms/a/deferred_view_inspection_error.json
 create mode 100644 docs/research-evidence/photo-prompt/wardrobe-keyword-refinement-20261010/arms/a/delivery_manifest.json
 create mode 100644 docs/research-evidence/photo-prompt/wardrobe-keyword-refinement-20261010/arms/a/details_local_pixel_02_diagnostic.json
 create mode 100644 docs/research-evidence/photo-prompt/wardrobe-keyword-refinement-20261010/arms/a/embodiment_review.json
 create mode 100644 docs/research-evidence/photo-prompt/wardrobe-keyword-refinement-20261010/arms/a/embodiment_review_local_pixel_02.json
 create mode 100644 docs/research-evidence/photo-prompt/wardrobe-keyword-refinement-20261010/arms/a/error_register.json
 create mode 100644 docs/research-evidence/photo-prompt/wardrobe-keyword-refinement-20261010/arms/a/final_prompt_en.txt
 create mode 100644 docs/research-evidence/photo-prompt/wardrobe-keyword-refinement-20261010/arms/a/final_prompt_en_attempt_02.txt
 create mode 100644 docs/research-evidence/photo-prompt/wardrobe-keyword-refinement-20261010/arms/a/final_prompt_en_local_pixel_02.txt
 create mode 100644 docs/research-evidence/photo-prompt/wardrobe-keyword-refinement-20261010/arms/a/final_prompt_en_local_pixel_02_reviewed.txt
 create mode 100644 docs/research-evidence/photo-prompt/wardrobe-keyword-refinement-20261010/arms/a/final_prompt_transport_verification_local_pixel_02.json
 create mode 100644 docs/research-evidence/photo-prompt/wardrobe-keyword-refinement-20261010/arms/a/freeze_bound_status.json
 create mode 100644 docs/research-evidence/photo-prompt/wardrobe-keyword-refinement-20261010/arms/a/freeze_local_pixel_02_diagnostic.json
 create mode 100644 docs/research-evidence/photo-prompt/wardrobe-keyword-refinement-20261010/arms/a/freeze_local_pixel_02_original_bound_diagnostic.json
 create mode 100644 docs/research-evidence/photo-prompt/wardrobe-keyword-refinement-20261010/arms/a/freeze_status.json
 create mode 100644 docs/research-evidence/photo-prompt/wardrobe-keyword-refinement-20261010/arms/a/freeze_status_local_pixel_02.json
 create mode 100644 docs/research-evidence/photo-prompt/wardrobe-keyword-refinement-20261010/arms/a/freeze_status_local_pixel_02_original_bound.json
 create mode 100644 docs/research-evidence/photo-prompt/wardrobe-keyword-refinement-20261010/arms/a/generic_review_attempt_01.json
 create mode 100644 docs/research-evidence/photo-prompt/wardrobe-keyword-refinement-20261010/arms/a/generic_review_attempt_01_diagnostic.json
 create mode 100644 docs/research-evidence/photo-prompt/wardrobe-keyword-refinement-20261010/arms/a/generic_review_attempt_02.json
 create mode 100644 docs/research-evidence/photo-prompt/wardrobe-keyword-refinement-20261010/arms/a/image_runs.ndjson
 create mode 100644 docs/research-evidence/photo-prompt/wardrobe-keyword-refinement-20261010/arms/a/image_runs.ndjson.retry-reservations.json
 create mode 100644 docs/research-evidence/photo-prompt/wardrobe-keyword-refinement-20261010/arms/a/images/attempt-01.png
 create mode 100644 docs/research-evidence/photo-prompt/wardrobe-keyword-refinement-20261010/arms/a/images/attempt-02.png
 create mode 100644 docs/research-evidence/photo-prompt/wardrobe-keyword-refinement-20261010/arms/a/init_local_pixel_02_diagnostic.json
 create mode 100644 docs/research-evidence/photo-prompt/wardrobe-keyword-refinement-20261010/arms/a/init_local_pixel_02_original_bound_diagnostic.json
 create mode 100644 docs/research-evidence/photo-prompt/wardrobe-keyword-refinement-20261010/arms/a/ledger_metadata_key_error.json
 create mode 100644 docs/research-evidence/photo-prompt/wardrobe-keyword-refinement-20261010/arms/a/local_input_writer_syntax_error.json
 create mode 100644 docs/research-evidence/photo-prompt/wardrobe-keyword-refinement-20261010/arms/a/native_artifact_attempt_01.json
 create mode 100644 docs/research-evidence/photo-prompt/wardrobe-keyword-refinement-20261010/arms/a/native_artifact_attempt_02.json
 create mode 100644 docs/research-evidence/photo-prompt/wardrobe-keyword-refinement-20261010/arms/a/native_plan_command.json
 create mode 100644 docs/research-evidence/photo-prompt/wardrobe-keyword-refinement-20261010/arms/a/native_plan_local_pixel_02_diagnostic.json
 create mode 100644 docs/research-evidence/photo-prompt/wardrobe-keyword-refinement-20261010/arms/a/native_plan_local_pixel_02_final_diagnostic.json
 create mode 100644 docs/research-evidence/photo-prompt/wardrobe-keyword-refinement-20261010/arms/a/native_plan_local_pixel_02_original_bound_diagnostic.json
 create mode 100644 docs/research-evidence/photo-prompt/wardrobe-keyword-refinement-20261010/arms/a/native_plan_response.json
 create mode 100644 docs/research-evidence/photo-prompt/wardrobe-keyword-refinement-20261010/arms/a/native_record_attempt_02_diagnostic.json
 create mode 100644 docs/research-evidence/photo-prompt/wardrobe-keyword-refinement-20261010/arms/a/native_result_attempt_01.json
 create mode 100644 docs/research-evidence/photo-prompt/wardrobe-keyword-refinement-20261010/arms/a/native_result_attempt_02.json
 create mode 100644 docs/research-evidence/photo-prompt/wardrobe-keyword-refinement-20261010/arms/a/native_started_local_pixel_02_original_bound.json
 create mode 100644 docs/research-evidence/photo-prompt/wardrobe-keyword-refinement-20261010/arms/a/native_started_local_pixel_02_original_bound_diagnostic.json
 create mode 100644 docs/research-evidence/photo-prompt/wardrobe-keyword-refinement-20261010/arms/a/obsolete_source_run.json
 create mode 100644 docs/research-evidence/photo-prompt/wardrobe-keyword-refinement-20261010/arms/a/parent_attempt.json
 create mode 100644 docs/research-evidence/photo-prompt/wardrobe-keyword-refinement-20261010/arms/a/pixel_observations_attempt_01.json
 create mode 100644 docs/research-evidence/photo-prompt/wardrobe-keyword-refinement-20261010/arms/a/pixel_observations_attempt_02.json
 create mode 100644 docs/research-evidence/photo-prompt/wardrobe-keyword-refinement-20261010/arms/a/postreturn_inspection_errors.json
 create mode 100644 docs/research-evidence/photo-prompt/wardrobe-keyword-refinement-20261010/arms/a/pre_invocation_contract_verification_local_pixel_02.json
 create mode 100644 docs/research-evidence/photo-prompt/wardrobe-keyword-refinement-20261010/arms/a/pre_invocation_ready_local_pixel_02.json
 create mode 100644 docs/research-evidence/photo-prompt/wardrobe-keyword-refinement-20261010/arms/a/precore_feature_selection.json
 create mode 100644 docs/research-evidence/photo-prompt/wardrobe-keyword-refinement-20261010/arms/a/precore_feature_selection_local_pixel_02.json
 create mode 100644 docs/research-evidence/photo-prompt/wardrobe-keyword-refinement-20261010/arms/a/preflight_error_history.json
 create mode 100644 docs/research-evidence/photo-prompt/wardrobe-keyword-refinement-20261010/arms/a/preparation_status_interpretation_local_pixel_02.json
 create mode 100644 docs/research-evidence/photo-prompt/wardrobe-keyword-refinement-20261010/arms/a/prepare_render_local_pixel_02_diagnostic.json
 create mode 100644 docs/research-evidence/photo-prompt/wardrobe-keyword-refinement-20261010/arms/a/prepare_render_local_pixel_02_original_bound_diagnostic.json
 create mode 100644 docs/research-evidence/photo-prompt/wardrobe-keyword-refinement-20261010/arms/a/prepare_render_local_pixel_02_reviewed_diagnostic.json
 create mode 100644 docs/research-evidence/photo-prompt/wardrobe-keyword-refinement-20261010/arms/a/public_run_artifact_inventory.json
 create mode 100644 docs/research-evidence/photo-prompt/wardrobe-keyword-refinement-20261010/arms/a/qualification_attempt_01.json
 create mode 100644 docs/research-evidence/photo-prompt/wardrobe-keyword-refinement-20261010/arms/a/qualification_attempt_02.json
 create mode 100644 docs/research-evidence/photo-prompt/wardrobe-keyword-refinement-20261010/arms/a/recovery_pack_wrapper_error.json
 create mode 100644 docs/research-evidence/photo-prompt/wardrobe-keyword-refinement-20261010/arms/a/recovery_pack_wrapper_errors_exact_tracebacks.json
 create mode 100644 docs/research-evidence/photo-prompt/wardrobe-keyword-refinement-20261010/arms/a/reference_transport_repair_local_pixel_02.json
 create mode 100644 docs/research-evidence/photo-prompt/wardrobe-keyword-refinement-20261010/arms/a/repair_decision.json
 create mode 100644 docs/research-evidence/photo-prompt/wardrobe-keyword-refinement-20261010/arms/a/repair_decision_local_pixel_02.json
 create mode 100644 docs/research-evidence/photo-prompt/wardrobe-keyword-refinement-20261010/arms/a/repair_decision_local_pixel_02_active_span.json
 create mode 100644 docs/research-evidence/photo-prompt/wardrobe-keyword-refinement-20261010/arms/a/repair_source_scope_local_pixel_02.json
 create mode 100644 docs/research-evidence/photo-prompt/wardrobe-keyword-refinement-20261010/arms/a/request.txt
 create mode 100644 docs/research-evidence/photo-prompt/wardrobe-keyword-refinement-20261010/arms/a/request_envelope.json
 create mode 100644 docs/research-evidence/photo-prompt/wardrobe-keyword-refinement-20261010/arms/a/request_envelope_local_pixel_02.json
 create mode 100644 docs/research-evidence/photo-prompt/wardrobe-keyword-refinement-20261010/arms/a/result_summary.json
 create mode 100644 docs/research-evidence/photo-prompt/wardrobe-keyword-refinement-20261010/arms/a/retrieve_local_pixel_02_diagnostic.json
 create mode 100644 docs/research-evidence/photo-prompt/wardrobe-keyword-refinement-20261010/arms/a/retrieve_local_pixel_02_original_bound_diagnostic.json
 create mode 100644 docs/research-evidence/photo-prompt/wardrobe-keyword-refinement-20261010/arms/a/retry_input/private/attempt.json
 create mode 100644 docs/research-evidence/photo-prompt/wardrobe-keyword-refinement-20261010/arms/a/retry_input/private/current_envelope.json
 create mode 100644 docs/research-evidence/photo-prompt/wardrobe-keyword-refinement-20261010/arms/a/retry_input/private/decision.json
 create mode 100644 docs/research-evidence/photo-prompt/wardrobe-keyword-refinement-20261010/arms/a/retry_input/private/retry_coordinator_diagnostics.json
 create mode 100644 docs/research-evidence/photo-prompt/wardrobe-keyword-refinement-20261010/arms/a/retry_input/retry_context.json
 create mode 100644 docs/research-evidence/photo-prompt/wardrobe-keyword-refinement-20261010/arms/a/retry_input/retry_projection_audit.json
 create mode 100644 docs/research-evidence/photo-prompt/wardrobe-keyword-refinement-20261010/arms/a/retry_input/retry_proof.json
 create mode 100644 docs/research-evidence/photo-prompt/wardrobe-keyword-refinement-20261010/arms/a/retry_input_local_pixel_02/private/attempt.json
 create mode 100644 docs/research-evidence/photo-prompt/wardrobe-keyword-refinement-20261010/arms/a/retry_input_local_pixel_02/private/current_envelope.json
 create mode 100644 docs/research-evidence/photo-prompt/wardrobe-keyword-refinement-20261010/arms/a/retry_input_local_pixel_02/private/decision.json
 create mode 100644 docs/research-evidence/photo-prompt/wardrobe-keyword-refinement-20261010/arms/a/retry_input_local_pixel_02/private/retry_coordinator_diagnostics.json
 create mode 100644 docs/research-evidence/photo-prompt/wardrobe-keyword-refinement-20261010/arms/a/retry_input_local_pixel_02_valid/private/attempt.json
 create mode 100644 docs/research-evidence/photo-prompt/wardrobe-keyword-refinement-20261010/arms/a/retry_input_local_pixel_02_valid/private/current_envelope.json
 create mode 100644 docs/research-evidence/photo-prompt/wardrobe-keyword-refinement-20261010/arms/a/retry_input_local_pixel_02_valid/private/decision.json
 create mode 100644 docs/research-evidence/photo-prompt/wardrobe-keyword-refinement-20261010/arms/a/retry_input_local_pixel_02_valid/private/retry_coordinator_diagnostics.json
 create mode 100644 docs/research-evidence/photo-prompt/wardrobe-keyword-refinement-20261010/arms/a/retry_input_local_pixel_02_valid/retry_context.json
 create mode 100644 docs/research-evidence/photo-prompt/wardrobe-keyword-refinement-20261010/arms/a/retry_input_local_pixel_02_valid/retry_projection_audit.json
 create mode 100644 docs/research-evidence/photo-prompt/wardrobe-keyword-refinement-20261010/arms/a/retry_input_local_pixel_02_valid/retry_proof.json
 create mode 100644 docs/research-evidence/photo-prompt/wardrobe-keyword-refinement-20261010/arms/a/retry_prepare_local_pixel_02_active_span_diagnostic.json
 create mode 100644 docs/research-evidence/photo-prompt/wardrobe-keyword-refinement-20261010/arms/a/retry_prepare_local_pixel_02_diagnostic.json
 create mode 100644 docs/research-evidence/photo-prompt/wardrobe-keyword-refinement-20261010/arms/a/review_audit_attempt_01_diagnostic.json
 create mode 100644 docs/research-evidence/photo-prompt/wardrobe-keyword-refinement-20261010/arms/a/review_audit_attempt_01_validated_diagnostic.json
 create mode 100644 docs/research-evidence/photo-prompt/wardrobe-keyword-refinement-20261010/arms/a/review_audit_attempt_02_diagnostic.json
 create mode 100644 docs/research-evidence/photo-prompt/wardrobe-keyword-refinement-20261010/arms/a/review_derivatives/attempt-01/bag_route_native.png
 create mode 100644 docs/research-evidence/photo-prompt/wardrobe-keyword-refinement-20261010/arms/a/review_derivatives/attempt-01/coat_flank_native.png
 create mode 100644 docs/research-evidence/photo-prompt/wardrobe-keyword-refinement-20261010/arms/a/review_derivatives/attempt-01/derivative_manifest.json
 create mode 100644 docs/research-evidence/photo-prompt/wardrobe-keyword-refinement-20261010/arms/a/review_derivatives/attempt-01/face_hair_native.png
 create mode 100644 docs/research-evidence/photo-prompt/wardrobe-keyword-refinement-20261010/arms/a/review_derivatives/attempt-01/feet_native.png
 create mode 100644 docs/research-evidence/photo-prompt/wardrobe-keyword-refinement-20261010/arms/a/review_derivatives/attempt-01/hands_buckle_native.png
 create mode 100644 docs/research-evidence/photo-prompt/wardrobe-keyword-refinement-20261010/arms/a/review_derivatives/attempt-01/thumbnail.png
 create mode 100644 docs/research-evidence/photo-prompt/wardrobe-keyword-refinement-20261010/arms/a/review_derivatives/attempt-02/bag_route.png
 create mode 100644 docs/research-evidence/photo-prompt/wardrobe-keyword-refinement-20261010/arms/a/review_derivatives/attempt-02/buckle_entry.png
 create mode 100644 docs/research-evidence/photo-prompt/wardrobe-keyword-refinement-20261010/arms/a/review_derivatives/attempt-02/coat_flank.png
 create mode 100644 docs/research-evidence/photo-prompt/wardrobe-keyword-refinement-20261010/arms/a/review_derivatives/attempt-02/derivative_manifest.json
 create mode 100644 docs/research-evidence/photo-prompt/wardrobe-keyword-refinement-20261010/arms/a/review_derivatives/attempt-02/face.png
 create mode 100644 docs/research-evidence/photo-prompt/wardrobe-keyword-refinement-20261010/arms/a/review_derivatives/attempt-02/feet.png
 create mode 100644 docs/research-evidence/photo-prompt/wardrobe-keyword-refinement-20261010/arms/a/review_derivatives/attempt-02/hands_buckle.png
 create mode 100644 docs/research-evidence/photo-prompt/wardrobe-keyword-refinement-20261010/arms/a/review_derivatives/attempt-02/right_strap_endpoint.png
 create mode 100644 docs/research-evidence/photo-prompt/wardrobe-keyword-refinement-20261010/arms/a/review_derivatives/attempt-02/thumbnail.png
 create mode 100644 docs/research-evidence/photo-prompt/wardrobe-keyword-refinement-20261010/arms/a/review_shape_attempt_02.json
 create mode 100644 docs/research-evidence/photo-prompt/wardrobe-keyword-refinement-20261010/arms/a/review_shape_attempt_02_diagnostic.json
 create mode 100644 docs/research-evidence/photo-prompt/wardrobe-keyword-refinement-20261010/arms/a/reviewed_contextual_details.json
 create mode 100644 docs/research-evidence/photo-prompt/wardrobe-keyword-refinement-20261010/arms/a/run/revisions/100f55dbf37e465eb77ec49c83bc6cb3/authorial_core_input.json
 create mode 100644 docs/research-evidence/photo-prompt/wardrobe-keyword-refinement-20261010/arms/a/run/revisions/100f55dbf37e465eb77ec49c83bc6cb3/authorial_core_normalized.json
 create mode 100644 docs/research-evidence/photo-prompt/wardrobe-keyword-refinement-20261010/arms/a/run/revisions/100f55dbf37e465eb77ec49c83bc6cb3/baseline.txt
 create mode 100644 docs/research-evidence/photo-prompt/wardrobe-keyword-refinement-20261010/arms/a/run/revisions/100f55dbf37e465eb77ec49c83bc6cb3/catalog.json
 create mode 100644 docs/research-evidence/photo-prompt/wardrobe-keyword-refinement-20261010/arms/a/run/revisions/100f55dbf37e465eb77ec49c83bc6cb3/embodiment_review.json
 create mode 100644 docs/research-evidence/photo-prompt/wardrobe-keyword-refinement-20261010/arms/a/run/revisions/100f55dbf37e465eb77ec49c83bc6cb3/feature_selection.json
 create mode 100644 docs/research-evidence/photo-prompt/wardrobe-keyword-refinement-20261010/arms/a/run/revisions/100f55dbf37e465eb77ec49c83bc6cb3/feature_selection_audit.json
 create mode 100644 docs/research-evidence/photo-prompt/wardrobe-keyword-refinement-20261010/arms/a/run/revisions/100f55dbf37e465eb77ec49c83bc6cb3/freeze_author_input_hashes.json
 create mode 100644 docs/research-evidence/photo-prompt/wardrobe-keyword-refinement-20261010/arms/a/run/revisions/100f55dbf37e465eb77ec49c83bc6cb3/freeze_receipt.json
 create mode 100644 docs/research-evidence/photo-prompt/wardrobe-keyword-refinement-20261010/arms/a/run/revisions/100f55dbf37e465eb77ec49c83bc6cb3/request_envelope_normalized.json
 create mode 100644 docs/research-evidence/photo-prompt/wardrobe-keyword-refinement-20261010/arms/a/run/revisions/daaa946fe65d4c988147c94edc047daa/creative_controls.json
 create mode 100644 docs/research-evidence/photo-prompt/wardrobe-keyword-refinement-20261010/arms/a/run/revisions/de7aff640c7b41c2b8e074667753ce27/authoring_shapes.json
 create mode 100644 docs/research-evidence/photo-prompt/wardrobe-keyword-refinement-20261010/arms/a/run/revisions/de7aff640c7b41c2b8e074667753ce27/request_envelope_input.json
 create mode 100644 docs/research-evidence/photo-prompt/wardrobe-keyword-refinement-20261010/arms/a/run/revisions/de7aff640c7b41c2b8e074667753ce27/request_raw.json
 create mode 100644 docs/research-evidence/photo-prompt/wardrobe-keyword-refinement-20261010/arms/a/run/workflow.json
 create mode 100644 docs/research-evidence/photo-prompt/wardrobe-keyword-refinement-20261010/arms/a/run_bound/.staging/retrieve/pack.json
 create mode 100644 docs/research-evidence/photo-prompt/wardrobe-keyword-refinement-20261010/arms/a/run_bound/.staging/retrieve/receipt.json
 create mode 100644 docs/research-evidence/photo-prompt/wardrobe-keyword-refinement-20261010/arms/a/run_bound/.staging/retrieve/transaction.json
 create mode 100644 docs/research-evidence/photo-prompt/wardrobe-keyword-refinement-20261010/arms/a/run_bound/revisions/0db379defcc2409ca9a20d85ccc2f8cb/authorial_core_input.json
 create mode 100644 docs/research-evidence/photo-prompt/wardrobe-keyword-refinement-20261010/arms/a/run_bound/revisions/0db379defcc2409ca9a20d85ccc2f8cb/authorial_core_normalized.json
 create mode 100644 docs/research-evidence/photo-prompt/wardrobe-keyword-refinement-20261010/arms/a/run_bound/revisions/0db379defcc2409ca9a20d85ccc2f8cb/baseline.txt
 create mode 100644 docs/research-evidence/photo-prompt/wardrobe-keyword-refinement-20261010/arms/a/run_bound/revisions/0db379defcc2409ca9a20d85ccc2f8cb/catalog.json
 create mode 100644 docs/research-evidence/photo-prompt/wardrobe-keyword-refinement-20261010/arms/a/run_bound/revisions/0db379defcc2409ca9a20d85ccc2f8cb/embodiment_review.json
 create mode 100644 docs/research-evidence/photo-prompt/wardrobe-keyword-refinement-20261010/arms/a/run_bound/revisions/0db379defcc2409ca9a20d85ccc2f8cb/feature_selection.json
 create mode 100644 docs/research-evidence/photo-prompt/wardrobe-keyword-refinement-20261010/arms/a/run_bound/revisions/0db379defcc2409ca9a20d85ccc2f8cb/feature_selection_audit.json
 create mode 100644 docs/research-evidence/photo-prompt/wardrobe-keyword-refinement-20261010/arms/a/run_bound/revisions/0db379defcc2409ca9a20d85ccc2f8cb/freeze_author_input_hashes.json
 create mode 100644 docs/research-evidence/photo-prompt/wardrobe-keyword-refinement-20261010/arms/a/run_bound/revisions/0db379defcc2409ca9a20d85ccc2f8cb/freeze_receipt.json
 create mode 100644 docs/research-evidence/photo-prompt/wardrobe-keyword-refinement-20261010/arms/a/run_bound/revisions/0db379defcc2409ca9a20d85ccc2f8cb/request_envelope_normalized.json
 create mode 100644 docs/research-evidence/photo-prompt/wardrobe-keyword-refinement-20261010/arms/a/run_bound/revisions/20f1e06abd1c43199bec98b3c55155de/authoring_shapes.json
 create mode 100644 docs/research-evidence/photo-prompt/wardrobe-keyword-refinement-20261010/arms/a/run_bound/revisions/20f1e06abd1c43199bec98b3c55155de/request_envelope_input.json
 create mode 100644 docs/research-evidence/photo-prompt/wardrobe-keyword-refinement-20261010/arms/a/run_bound/revisions/20f1e06abd1c43199bec98b3c55155de/request_raw.json
 create mode 100644 docs/research-evidence/photo-prompt/wardrobe-keyword-refinement-20261010/arms/a/run_bound/revisions/3e2367b65ad24488a66b5dd21ac21101/creative_controls.json
 create mode 100644 docs/research-evidence/photo-prompt/wardrobe-keyword-refinement-20261010/arms/a/run_bound/revisions/7eceb7663ec04df5a7257653c8b003b5/retry_context.json
 create mode 100644 docs/research-evidence/photo-prompt/wardrobe-keyword-refinement-20261010/arms/a/run_bound/revisions/7eceb7663ec04df5a7257653c8b003b5/retry_proof.json
 create mode 100644 docs/research-evidence/photo-prompt/wardrobe-keyword-refinement-20261010/arms/a/run_bound/revisions/81e43ee13f5d4dd095ba42e7cfae86c8/pack.json
 create mode 100644 docs/research-evidence/photo-prompt/wardrobe-keyword-refinement-20261010/arms/a/run_bound/revisions/81e43ee13f5d4dd095ba42e7cfae86c8/runtime_receipt.json
 create mode 100644 docs/research-evidence/photo-prompt/wardrobe-keyword-refinement-20261010/arms/a/run_bound/workflow.json
 create mode 100644 docs/research-evidence/photo-prompt/wardrobe-keyword-refinement-20261010/arms/a/run_exact/.staging/c4d3623a743f4f00a883a3e769bc985a.composed.json
 create mode 100644 docs/research-evidence/photo-prompt/wardrobe-keyword-refinement-20261010/arms/a/run_exact/.staging/e913518b37914f54b24d961b06bb734b.request.json
 create mode 100644 docs/research-evidence/photo-prompt/wardrobe-keyword-refinement-20261010/arms/a/run_exact/.staging/retrieve/pack.json
 create mode 100644 docs/research-evidence/photo-prompt/wardrobe-keyword-refinement-20261010/arms/a/run_exact/.staging/retrieve/receipt.json
 create mode 100644 docs/research-evidence/photo-prompt/wardrobe-keyword-refinement-20261010/arms/a/run_exact/.staging/retrieve/transaction.json
 create mode 100644 docs/research-evidence/photo-prompt/wardrobe-keyword-refinement-20261010/arms/a/run_exact/revisions/2fbd691a0215422ab639be7d3c469100/authoring_shapes.json
 create mode 100644 docs/research-evidence/photo-prompt/wardrobe-keyword-refinement-20261010/arms/a/run_exact/revisions/2fbd691a0215422ab639be7d3c469100/request_envelope_input.json
 create mode 100644 docs/research-evidence/photo-prompt/wardrobe-keyword-refinement-20261010/arms/a/run_exact/revisions/2fbd691a0215422ab639be7d3c469100/request_raw.json
 create mode 100644 docs/research-evidence/photo-prompt/wardrobe-keyword-refinement-20261010/arms/a/run_exact/revisions/35e78561ebe946999949295d82c70acc/generic_review.json
 create mode 100644 docs/research-evidence/photo-prompt/wardrobe-keyword-refinement-20261010/arms/a/run_exact/revisions/35e78561ebe946999949295d82c70acc/review_audit.json
 create mode 100644 docs/research-evidence/photo-prompt/wardrobe-keyword-refinement-20261010/arms/a/run_exact/revisions/35e78561ebe946999949295d82c70acc/visual_review.json
 create mode 100644 docs/research-evidence/photo-prompt/wardrobe-keyword-refinement-20261010/arms/a/run_exact/revisions/95e878745ff4408da66c632829ee8db6/composed.json
 create mode 100644 docs/research-evidence/photo-prompt/wardrobe-keyword-refinement-20261010/arms/a/run_exact/revisions/95e878745ff4408da66c632829ee8db6/composed_audit.json
 create mode 100644 docs/research-evidence/photo-prompt/wardrobe-keyword-refinement-20261010/arms/a/run_exact/revisions/9c6b9e6b2f2e4c80acfe8c48bb8efe51/authorial_core_input.json
 create mode 100644 docs/research-evidence/photo-prompt/wardrobe-keyword-refinement-20261010/arms/a/run_exact/revisions/9c6b9e6b2f2e4c80acfe8c48bb8efe51/authorial_core_normalized.json
 create mode 100644 docs/research-evidence/photo-prompt/wardrobe-keyword-refinement-20261010/arms/a/run_exact/revisions/9c6b9e6b2f2e4c80acfe8c48bb8efe51/baseline.txt
 create mode 100644 docs/research-evidence/photo-prompt/wardrobe-keyword-refinement-20261010/arms/a/run_exact/revisions/9c6b9e6b2f2e4c80acfe8c48bb8efe51/catalog.json
 create mode 100644 docs/research-evidence/photo-prompt/wardrobe-keyword-refinement-20261010/arms/a/run_exact/revisions/9c6b9e6b2f2e4c80acfe8c48bb8efe51/embodiment_review.json
 create mode 100644 docs/research-evidence/photo-prompt/wardrobe-keyword-refinement-20261010/arms/a/run_exact/revisions/9c6b9e6b2f2e4c80acfe8c48bb8efe51/feature_selection.json
 create mode 100644 docs/research-evidence/photo-prompt/wardrobe-keyword-refinement-20261010/arms/a/run_exact/revisions/9c6b9e6b2f2e4c80acfe8c48bb8efe51/feature_selection_audit.json
 create mode 100644 docs/research-evidence/photo-prompt/wardrobe-keyword-refinement-20261010/arms/a/run_exact/revisions/9c6b9e6b2f2e4c80acfe8c48bb8efe51/freeze_author_input_hashes.json
 create mode 100644 docs/research-evidence/photo-prompt/wardrobe-keyword-refinement-20261010/arms/a/run_exact/revisions/9c6b9e6b2f2e4c80acfe8c48bb8efe51/freeze_receipt.json
 create mode 100644 docs/research-evidence/photo-prompt/wardrobe-keyword-refinement-20261010/arms/a/run_exact/revisions/9c6b9e6b2f2e4c80acfe8c48bb8efe51/request_envelope_normalized.json
 create mode 100644 docs/research-evidence/photo-prompt/wardrobe-keyword-refinement-20261010/arms/a/run_exact/revisions/a17bfa7ca3ec4b66afa2bfb9f918dee5/generic_review_shape.json
 create mode 100644 docs/research-evidence/photo-prompt/wardrobe-keyword-refinement-20261010/arms/a/run_exact/revisions/a17bfa7ca3ec4b66afa2bfb9f918dee5/visual_review_shape.json
 create mode 100644 docs/research-evidence/photo-prompt/wardrobe-keyword-refinement-20261010/arms/a/run_exact/revisions/b9965b2c0454418494d54c0b64b5f472/pack.json
 create mode 100644 docs/research-evidence/photo-prompt/wardrobe-keyword-refinement-20261010/arms/a/run_exact/revisions/b9965b2c0454418494d54c0b64b5f472/runtime_receipt.json
 create mode 100644 docs/research-evidence/photo-prompt/wardrobe-keyword-refinement-20261010/arms/a/run_exact/revisions/c9b24b9a0142406dbc3965962454d53d/render_request.json
 create mode 100644 docs/research-evidence/photo-prompt/wardrobe-keyword-refinement-20261010/arms/a/run_exact/revisions/c9b24b9a0142406dbc3965962454d53d/runtime_audit.json
 create mode 100644 docs/research-evidence/photo-prompt/wardrobe-keyword-refinement-20261010/arms/a/run_exact/revisions/cb50dbb8caa34db38e8db7a8740682b9/creative_controls.json
 create mode 100644 docs/research-evidence/photo-prompt/wardrobe-keyword-refinement-20261010/arms/a/run_exact/revisions/e0315226c20d497ebe4e38bc23c117ca/retry_context.json
 create mode 100644 docs/research-evidence/photo-prompt/wardrobe-keyword-refinement-20261010/arms/a/run_exact/revisions/e0315226c20d497ebe4e38bc23c117ca/retry_proof.json
 create mode 100644 docs/research-evidence/photo-prompt/wardrobe-keyword-refinement-20261010/arms/a/run_exact/revisions/e496d0accbaf4970bbc79f1f2f6274d9/native_plan.json
 create mode 100644 docs/research-evidence/photo-prompt/wardrobe-keyword-refinement-20261010/arms/a/run_exact/workflow.json
 create mode 100644 docs/research-evidence/photo-prompt/wardrobe-keyword-refinement-20261010/arms/a/run_local_pixel_02/.staging/95da5369c3af4559aa1ab2f89214d518.composed.json
 create mode 100644 docs/research-evidence/photo-prompt/wardrobe-keyword-refinement-20261010/arms/a/run_local_pixel_02/.staging/a2ae96ea991b4a06aae4ce806b7dad27.request.json
 create mode 100644 docs/research-evidence/photo-prompt/wardrobe-keyword-refinement-20261010/arms/a/run_local_pixel_02/.staging/a5223d5893df42cb87ba2b8fb91d8d52.composed.json
 create mode 100644 docs/research-evidence/photo-prompt/wardrobe-keyword-refinement-20261010/arms/a/run_local_pixel_02/.staging/b0e617d6bac24e478d5fc5b653b2db6f.request.json
 create mode 100644 docs/research-evidence/photo-prompt/wardrobe-keyword-refinement-20261010/arms/a/run_local_pixel_02/.staging/retrieve/pack.json
 create mode 100644 docs/research-evidence/photo-prompt/wardrobe-keyword-refinement-20261010/arms/a/run_local_pixel_02/.staging/retrieve/receipt.json
 create mode 100644 docs/research-evidence/photo-prompt/wardrobe-keyword-refinement-20261010/arms/a/run_local_pixel_02/.staging/retrieve/transaction.json
 create mode 100644 docs/research-evidence/photo-prompt/wardrobe-keyword-refinement-20261010/arms/a/run_local_pixel_02/revisions/01eaaa9f379149d08f2e25e7ba3c5415/retry_context.json
 create mode 100644 docs/research-evidence/photo-prompt/wardrobe-keyword-refinement-20261010/arms/a/run_local_pixel_02/revisions/01eaaa9f379149d08f2e25e7ba3c5415/retry_proof.json
 create mode 100644 docs/research-evidence/photo-prompt/wardrobe-keyword-refinement-20261010/arms/a/run_local_pixel_02/revisions/07e3780a38514c32a1701c252ad841cc/authoring_shapes.json
 create mode 100644 docs/research-evidence/photo-prompt/wardrobe-keyword-refinement-20261010/arms/a/run_local_pixel_02/revisions/07e3780a38514c32a1701c252ad841cc/request_envelope_input.json
 create mode 100644 docs/research-evidence/photo-prompt/wardrobe-keyword-refinement-20261010/arms/a/run_local_pixel_02/revisions/07e3780a38514c32a1701c252ad841cc/request_raw.json
 create mode 100644 docs/research-evidence/photo-prompt/wardrobe-keyword-refinement-20261010/arms/a/run_local_pixel_02/revisions/0c7fd60796f2421eb3e46a9e18ee1bc3/creative_controls.json
 create mode 100644 docs/research-evidence/photo-prompt/wardrobe-keyword-refinement-20261010/arms/a/run_local_pixel_02/revisions/6682099d5ce34ae99e4da8f952284e67/authorial_core_input.json
 create mode 100644 docs/research-evidence/photo-prompt/wardrobe-keyword-refinement-20261010/arms/a/run_local_pixel_02/revisions/6682099d5ce34ae99e4da8f952284e67/authorial_core_normalized.json
 create mode 100644 docs/research-evidence/photo-prompt/wardrobe-keyword-refinement-20261010/arms/a/run_local_pixel_02/revisions/6682099d5ce34ae99e4da8f952284e67/baseline.txt
 create mode 100644 docs/research-evidence/photo-prompt/wardrobe-keyword-refinement-20261010/arms/a/run_local_pixel_02/revisions/6682099d5ce34ae99e4da8f952284e67/catalog.json
 create mode 100644 docs/research-evidence/photo-prompt/wardrobe-keyword-refinement-20261010/arms/a/run_local_pixel_02/revisions/6682099d5ce34ae99e4da8f952284e67/embodiment_review.json
 create mode 100644 docs/research-evidence/photo-prompt/wardrobe-keyword-refinement-20261010/arms/a/run_local_pixel_02/revisions/6682099d5ce34ae99e4da8f952284e67/feature_selection.json
 create mode 100644 docs/research-evidence/photo-prompt/wardrobe-keyword-refinement-20261010/arms/a/run_local_pixel_02/revisions/6682099d5ce34ae99e4da8f952284e67/feature_selection_audit.json
 create mode 100644 docs/research-evidence/photo-prompt/wardrobe-keyword-refinement-20261010/arms/a/run_local_pixel_02/revisions/6682099d5ce34ae99e4da8f952284e67/freeze_author_input_hashes.json
 create mode 100644 docs/research-evidence/photo-prompt/wardrobe-keyword-refinement-20261010/arms/a/run_local_pixel_02/revisions/6682099d5ce34ae99e4da8f952284e67/freeze_receipt.json
 create mode 100644 docs/research-evidence/photo-prompt/wardrobe-keyword-refinement-20261010/arms/a/run_local_pixel_02/revisions/6682099d5ce34ae99e4da8f952284e67/request_envelope_normalized.json
 create mode 100644 docs/research-evidence/photo-prompt/wardrobe-keyword-refinement-20261010/arms/a/run_local_pixel_02/revisions/7f86dff60e1449fcbad25fda45390d73/composed.json
 create mode 100644 docs/research-evidence/photo-prompt/wardrobe-keyword-refinement-20261010/arms/a/run_local_pixel_02/revisions/7f86dff60e1449fcbad25fda45390d73/composed_audit.json
 create mode 100644 docs/research-evidence/photo-prompt/wardrobe-keyword-refinement-20261010/arms/a/run_local_pixel_02/revisions/9c50b31c2e964067b9581f3fdf9ff8b8/composed.json
 create mode 100644 docs/research-evidence/photo-prompt/wardrobe-keyword-refinement-20261010/arms/a/run_local_pixel_02/revisions/9c50b31c2e964067b9581f3fdf9ff8b8/composed_audit.json
 create mode 100644 docs/research-evidence/photo-prompt/wardrobe-keyword-refinement-20261010/arms/a/run_local_pixel_02/revisions/a5211569ff074935bb52fb50279af0fb/render_request.json
 create mode 100644 docs/research-evidence/photo-prompt/wardrobe-keyword-refinement-20261010/arms/a/run_local_pixel_02/revisions/a5211569ff074935bb52fb50279af0fb/runtime_audit.json
 create mode 100644 docs/research-evidence/photo-prompt/wardrobe-keyword-refinement-20261010/arms/a/run_local_pixel_02/revisions/e0a784c80eea4899bd5784f4a13e91f0/pack.json
 create mode 100644 docs/research-evidence/photo-prompt/wardrobe-keyword-refinement-20261010/arms/a/run_local_pixel_02/revisions/e0a784c80eea4899bd5784f4a13e91f0/runtime_receipt.json
 create mode 100644 docs/research-evidence/photo-prompt/wardrobe-keyword-refinement-20261010/arms/a/run_local_pixel_02/workflow.json
 create mode 100644 docs/research-evidence/photo-prompt/wardrobe-keyword-refinement-20261010/arms/a/run_local_pixel_02_original_bound/.staging/0eba0aaa34e44e2a81fa6b08c7fa821c.request.json
 create mode 100644 docs/research-evidence/photo-prompt/wardrobe-keyword-refinement-20261010/arms/a/run_local_pixel_02_original_bound/.staging/b0d37ac2d71c448bbb9c2440a9acc517.composed.json
 create mode 100644 docs/research-evidence/photo-prompt/wardrobe-keyword-refinement-20261010/arms/a/run_local_pixel_02_original_bound/.staging/retrieve/pack.json
 create mode 100644 docs/research-evidence/photo-prompt/wardrobe-keyword-refinement-20261010/arms/a/run_local_pixel_02_original_bound/.staging/retrieve/receipt.json
 create mode 100644 docs/research-evidence/photo-prompt/wardrobe-keyword-refinement-20261010/arms/a/run_local_pixel_02_original_bound/.staging/retrieve/transaction.json
 create mode 100644 docs/research-evidence/photo-prompt/wardrobe-keyword-refinement-20261010/arms/a/run_local_pixel_02_original_bound/revisions/3332e889f7e948c0a9079b00b8688e70/native_plan.json
 create mode 100644 docs/research-evidence/photo-prompt/wardrobe-keyword-refinement-20261010/arms/a/run_local_pixel_02_original_bound/revisions/5f28c41d55a948dda32dca2a5ab60eb8/authoring_shapes.json
 create mode 100644 docs/research-evidence/photo-prompt/wardrobe-keyword-refinement-20261010/arms/a/run_local_pixel_02_original_bound/revisions/5f28c41d55a948dda32dca2a5ab60eb8/request_envelope_input.json
 create mode 100644 docs/research-evidence/photo-prompt/wardrobe-keyword-refinement-20261010/arms/a/run_local_pixel_02_original_bound/revisions/5f28c41d55a948dda32dca2a5ab60eb8/request_raw.json
 create mode 100644 docs/research-evidence/photo-prompt/wardrobe-keyword-refinement-20261010/arms/a/run_local_pixel_02_original_bound/revisions/727a88093dd14b88b613ca45e71ceb5b/generic_review.json
 create mode 100644 docs/research-evidence/photo-prompt/wardrobe-keyword-refinement-20261010/arms/a/run_local_pixel_02_original_bound/revisions/727a88093dd14b88b613ca45e71ceb5b/review_audit.json
 create mode 100644 docs/research-evidence/photo-prompt/wardrobe-keyword-refinement-20261010/arms/a/run_local_pixel_02_original_bound/revisions/727a88093dd14b88b613ca45e71ceb5b/visual_review.json
 create mode 100644 docs/research-evidence/photo-prompt/wardrobe-keyword-refinement-20261010/arms/a/run_local_pixel_02_original_bound/revisions/78385e1bea2e42979af00b49fc1852d1/retry_context.json
 create mode 100644 docs/research-evidence/photo-prompt/wardrobe-keyword-refinement-20261010/arms/a/run_local_pixel_02_original_bound/revisions/78385e1bea2e42979af00b49fc1852d1/retry_proof.json
 create mode 100644 docs/research-evidence/photo-prompt/wardrobe-keyword-refinement-20261010/arms/a/run_local_pixel_02_original_bound/revisions/7d12050fb16743329e9465a5a3d9efe9/creative_controls.json
 create mode 100644 docs/research-evidence/photo-prompt/wardrobe-keyword-refinement-20261010/arms/a/run_local_pixel_02_original_bound/revisions/8f175334b2ca4b19a642cc2308caab31/generic_review_shape.json
 create mode 100644 docs/research-evidence/photo-prompt/wardrobe-keyword-refinement-20261010/arms/a/run_local_pixel_02_original_bound/revisions/8f175334b2ca4b19a642cc2308caab31/visual_review_shape.json
 create mode 100644 docs/research-evidence/photo-prompt/wardrobe-keyword-refinement-20261010/arms/a/run_local_pixel_02_original_bound/revisions/98d41c0f3b6a4eff9b214303069ea89a/authorial_core_input.json
 create mode 100644 docs/research-evidence/photo-prompt/wardrobe-keyword-refinement-20261010/arms/a/run_local_pixel_02_original_bound/revisions/98d41c0f3b6a4eff9b214303069ea89a/authorial_core_normalized.json
 create mode 100644 docs/research-evidence/photo-prompt/wardrobe-keyword-refinement-20261010/arms/a/run_local_pixel_02_original_bound/revisions/98d41c0f3b6a4eff9b214303069ea89a/baseline.txt
 create mode 100644 docs/research-evidence/photo-prompt/wardrobe-keyword-refinement-20261010/arms/a/run_local_pixel_02_original_bound/revisions/98d41c0f3b6a4eff9b214303069ea89a/catalog.json
 create mode 100644 docs/research-evidence/photo-prompt/wardrobe-keyword-refinement-20261010/arms/a/run_local_pixel_02_original_bound/revisions/98d41c0f3b6a4eff9b214303069ea89a/embodiment_review.json
 create mode 100644 docs/research-evidence/photo-prompt/wardrobe-keyword-refinement-20261010/arms/a/run_local_pixel_02_original_bound/revisions/98d41c0f3b6a4eff9b214303069ea89a/feature_selection.json
 create mode 100644 docs/research-evidence/photo-prompt/wardrobe-keyword-refinement-20261010/arms/a/run_local_pixel_02_original_bound/revisions/98d41c0f3b6a4eff9b214303069ea89a/feature_selection_audit.json
 create mode 100644 docs/research-evidence/photo-prompt/wardrobe-keyword-refinement-20261010/arms/a/run_local_pixel_02_original_bound/revisions/98d41c0f3b6a4eff9b214303069ea89a/freeze_author_input_hashes.json
 create mode 100644 docs/research-evidence/photo-prompt/wardrobe-keyword-refinement-20261010/arms/a/run_local_pixel_02_original_bound/revisions/98d41c0f3b6a4eff9b214303069ea89a/freeze_receipt.json
 create mode 100644 docs/research-evidence/photo-prompt/wardrobe-keyword-refinement-20261010/arms/a/run_local_pixel_02_original_bound/revisions/98d41c0f3b6a4eff9b214303069ea89a/request_envelope_normalized.json
 create mode 100644 docs/research-evidence/photo-prompt/wardrobe-keyword-refinement-20261010/arms/a/run_local_pixel_02_original_bound/revisions/aeed1e6f88ff49cfbff6bb9d42666d95/composed.json
 create mode 100644 docs/research-evidence/photo-prompt/wardrobe-keyword-refinement-20261010/arms/a/run_local_pixel_02_original_bound/revisions/aeed1e6f88ff49cfbff6bb9d42666d95/composed_audit.json
 create mode 100644 docs/research-evidence/photo-prompt/wardrobe-keyword-refinement-20261010/arms/a/run_local_pixel_02_original_bound/revisions/c2338280d9234e45a79abb88f00dfded/render_request.json
 create mode 100644 docs/research-evidence/photo-prompt/wardrobe-keyword-refinement-20261010/arms/a/run_local_pixel_02_original_bound/revisions/c2338280d9234e45a79abb88f00dfded/runtime_audit.json
 create mode 100644 docs/research-evidence/photo-prompt/wardrobe-keyword-refinement-20261010/arms/a/run_local_pixel_02_original_bound/revisions/ee8c2b67bf6f4a8d88b2c956cba344e9/pack.json
 create mode 100644 docs/research-evidence/photo-prompt/wardrobe-keyword-refinement-20261010/arms/a/run_local_pixel_02_original_bound/revisions/ee8c2b67bf6f4a8d88b2c956cba344e9/runtime_receipt.json
 create mode 100644 docs/research-evidence/photo-prompt/wardrobe-keyword-refinement-20261010/arms/a/run_local_pixel_02_original_bound/workflow.json
 create mode 100644 docs/research-evidence/photo-prompt/wardrobe-keyword-refinement-20261010/arms/a/run_manifest.json
 create mode 100644 docs/research-evidence/photo-prompt/wardrobe-keyword-refinement-20261010/arms/a/run_manifest_attempt_01.json
 create mode 100644 docs/research-evidence/photo-prompt/wardrobe-keyword-refinement-20261010/arms/a/run_recovered/.staging/retrieve/pack.json
 create mode 100644 docs/research-evidence/photo-prompt/wardrobe-keyword-refinement-20261010/arms/a/run_recovered/.staging/retrieve/receipt.json
 create mode 100644 docs/research-evidence/photo-prompt/wardrobe-keyword-refinement-20261010/arms/a/run_recovered/.staging/retrieve/transaction.json
 create mode 100644 docs/research-evidence/photo-prompt/wardrobe-keyword-refinement-20261010/arms/a/run_recovered/revisions/0e98be7902e84e86b70d3dabec1419c4/creative_controls.json
 create mode 100644 docs/research-evidence/photo-prompt/wardrobe-keyword-refinement-20261010/arms/a/run_recovered/revisions/0fe6c6b5f3af4b28b5da0c8174171563/authoring_shapes.json
 create mode 100644 docs/research-evidence/photo-prompt/wardrobe-keyword-refinement-20261010/arms/a/run_recovered/revisions/0fe6c6b5f3af4b28b5da0c8174171563/request_envelope_input.json
 create mode 100644 docs/research-evidence/photo-prompt/wardrobe-keyword-refinement-20261010/arms/a/run_recovered/revisions/0fe6c6b5f3af4b28b5da0c8174171563/request_raw.json
 create mode 100644 docs/research-evidence/photo-prompt/wardrobe-keyword-refinement-20261010/arms/a/run_recovered/revisions/5fc77a02d0004f2cb57c9d9f399ed5c1/pack.json
 create mode 100644 docs/research-evidence/photo-prompt/wardrobe-keyword-refinement-20261010/arms/a/run_recovered/revisions/5fc77a02d0004f2cb57c9d9f399ed5c1/runtime_receipt.json
 create mode 100644 docs/research-evidence/photo-prompt/wardrobe-keyword-refinement-20261010/arms/a/run_recovered/revisions/83b51d49b10a4156b774f8cf77fab7cf/retry_context.json
 create mode 100644 docs/research-evidence/photo-prompt/wardrobe-keyword-refinement-20261010/arms/a/run_recovered/revisions/83b51d49b10a4156b774f8cf77fab7cf/retry_proof.json
 create mode 100644 docs/research-evidence/photo-prompt/wardrobe-keyword-refinement-20261010/arms/a/run_recovered/revisions/e59d2fa1a2fc4173b48800b073b12709/authorial_core_input.json
 create mode 100644 docs/research-evidence/photo-prompt/wardrobe-keyword-refinement-20261010/arms/a/run_recovered/revisions/e59d2fa1a2fc4173b48800b073b12709/authorial_core_normalized.json
 create mode 100644 docs/research-evidence/photo-prompt/wardrobe-keyword-refinement-20261010/arms/a/run_recovered/revisions/e59d2fa1a2fc4173b48800b073b12709/baseline.txt
 create mode 100644 docs/research-evidence/photo-prompt/wardrobe-keyword-refinement-20261010/arms/a/run_recovered/revisions/e59d2fa1a2fc4173b48800b073b12709/catalog.json
 create mode 100644 docs/research-evidence/photo-prompt/wardrobe-keyword-refinement-20261010/arms/a/run_recovered/revisions/e59d2fa1a2fc4173b48800b073b12709/embodiment_review.json
 create mode 100644 docs/research-evidence/photo-prompt/wardrobe-keyword-refinement-20261010/arms/a/run_recovered/revisions/e59d2fa1a2fc4173b48800b073b12709/feature_selection.json
 create mode 100644 docs/research-evidence/photo-prompt/wardrobe-keyword-refinement-20261010/arms/a/run_recovered/revisions/e59d2fa1a2fc4173b48800b073b12709/feature_selection_audit.json
 create mode 100644 docs/research-evidence/photo-prompt/wardrobe-keyword-refinement-20261010/arms/a/run_recovered/revisions/e59d2fa1a2fc4173b48800b073b12709/freeze_author_input_hashes.json
 create mode 100644 docs/research-evidence/photo-prompt/wardrobe-keyword-refinement-20261010/arms/a/run_recovered/revisions/e59d2fa1a2fc4173b48800b073b12709/freeze_receipt.json
 create mode 100644 docs/research-evidence/photo-prompt/wardrobe-keyword-refinement-20261010/arms/a/run_recovered/revisions/e59d2fa1a2fc4173b48800b073b12709/request_envelope_normalized.json
 create mode 100644 docs/research-evidence/photo-prompt/wardrobe-keyword-refinement-20261010/arms/a/run_recovered/workflow.json
 create mode 100644 docs/research-evidence/photo-prompt/wardrobe-keyword-refinement-20261010/arms/a/runtime_prompt_en_attempt_01.txt
 create mode 100644 docs/research-evidence/photo-prompt/wardrobe-keyword-refinement-20261010/arms/a/runtime_prompt_en_attempt_02.txt
 create mode 100644 docs/research-evidence/photo-prompt/wardrobe-keyword-refinement-20261010/arms/a/runtime_prompt_en_local_pixel_02.txt
 create mode 100644 docs/research-evidence/photo-prompt/wardrobe-keyword-refinement-20261010/arms/a/runtime_prompt_en_local_pixel_02_reviewed.txt
 create mode 100644 docs/research-evidence/photo-prompt/wardrobe-keyword-refinement-20261010/arms/a/selection_planning_local_pixel_02.json
 create mode 100644 docs/research-evidence/photo-prompt/wardrobe-keyword-refinement-20261010/arms/a/source_verified.json
 create mode 100644 docs/research-evidence/photo-prompt/wardrobe-keyword-refinement-20261010/arms/a/source_verified_local_pixel_02.json
 create mode 100644 docs/research-evidence/photo-prompt/wardrobe-keyword-refinement-20261010/arms/a/source_verified_local_pixel_02_original_bound.json
 create mode 100644 docs/research-evidence/photo-prompt/wardrobe-keyword-refinement-20261010/arms/a/spans.json
 create mode 100644 docs/research-evidence/photo-prompt/wardrobe-keyword-refinement-20261010/arms/a/supplemental_local_errors.json
 create mode 100644 docs/research-evidence/photo-prompt/wardrobe-keyword-refinement-20261010/arms/a/transport.json
 create mode 100644 docs/research-evidence/photo-prompt/wardrobe-keyword-refinement-20261010/arms/a/transport_local_pixel_02.json
 create mode 100644 docs/research-evidence/photo-prompt/wardrobe-keyword-refinement-20261010/arms/a/transport_local_pixel_02_edit_instructions.json
 create mode 100644 docs/research-evidence/photo-prompt/wardrobe-keyword-refinement-20261010/arms/a/transport_local_pixel_02_original_reference.json
 create mode 100644 docs/research-evidence/photo-prompt/wardrobe-keyword-refinement-20261010/arms/a/view_local_pixel_02_diagnostic.json
 create mode 100644 docs/research-evidence/photo-prompt/wardrobe-keyword-refinement-20261010/arms/a/view_local_pixel_02_original_bound_diagnostic.json
 create mode 100644 docs/research-evidence/photo-prompt/wardrobe-keyword-refinement-20261010/arms/a/visual_intent.json
 create mode 100644 docs/research-evidence/photo-prompt/wardrobe-keyword-refinement-20261010/arms/a/visual_intent_exact_inherited.json
 create mode 100644 docs/research-evidence/photo-prompt/wardrobe-keyword-refinement-20261010/arms/a/visual_intent_local_pixel_02.json
 create mode 100644 docs/research-evidence/photo-prompt/wardrobe-keyword-refinement-20261010/arms/a/visual_review_attempt_01.json
 create mode 100644 docs/research-evidence/photo-prompt/wardrobe-keyword-refinement-20261010/arms/a/visual_review_attempt_01_diagnostic.json
 create mode 100644 docs/research-evidence/photo-prompt/wardrobe-keyword-refinement-20261010/arms/a/visual_review_attempt_01_draft_invalid_user_judgment.json
 create mode 100644 docs/research-evidence/photo-prompt/wardrobe-keyword-refinement-20261010/arms/a/visual_review_attempt_02.json
 create mode 100644 docs/research-evidence/photo-prompt/wardrobe-keyword-refinement-20261010/arms/b/REPORT.md
 create mode 100644 docs/research-evidence/photo-prompt/wardrobe-keyword-refinement-20261010/arms/b/adopted_candidate.source-recovery.json
 create mode 100644 docs/research-evidence/photo-prompt/wardrobe-keyword-refinement-20261010/arms/b/authorial_core.json
 create mode 100644 docs/research-evidence/photo-prompt/wardrobe-keyword-refinement-20261010/arms/b/authorization_scope.json
 create mode 100644 docs/research-evidence/photo-prompt/wardrobe-keyword-refinement-20261010/arms/b/baseline.txt
 create mode 100644 docs/research-evidence/photo-prompt/wardrobe-keyword-refinement-20261010/arms/b/candidate_review_notes.json
 create mode 100644 docs/research-evidence/photo-prompt/wardrobe-keyword-refinement-20261010/arms/b/candidate_review_notes.source-recovery.json
 create mode 100644 docs/research-evidence/photo-prompt/wardrobe-keyword-refinement-20261010/arms/b/composed_prompt.final.json
 create mode 100644 docs/research-evidence/photo-prompt/wardrobe-keyword-refinement-20261010/arms/b/composed_prompt.json
 create mode 100644 docs/research-evidence/photo-prompt/wardrobe-keyword-refinement-20261010/arms/b/composed_prompt.source-recovery.draft.json
 create mode 100644 docs/research-evidence/photo-prompt/wardrobe-keyword-refinement-20261010/arms/b/composed_prompt.source-recovery.json
 create mode 100644 docs/research-evidence/photo-prompt/wardrobe-keyword-refinement-20261010/arms/b/composer_view.json
 create mode 100644 docs/research-evidence/photo-prompt/wardrobe-keyword-refinement-20261010/arms/b/composer_view.source-recovery.json
 create mode 100644 docs/research-evidence/photo-prompt/wardrobe-keyword-refinement-20261010/arms/b/concept_selection.json
 create mode 100644 docs/research-evidence/photo-prompt/wardrobe-keyword-refinement-20261010/arms/b/considered_candidate_details.json
 create mode 100644 docs/research-evidence/photo-prompt/wardrobe-keyword-refinement-20261010/arms/b/creative_context.json
 create mode 100644 docs/research-evidence/photo-prompt/wardrobe-keyword-refinement-20261010/arms/b/creative_decline_details.json
 create mode 100644 docs/research-evidence/photo-prompt/wardrobe-keyword-refinement-20261010/arms/b/derived_review_shape.json
 create mode 100644 docs/research-evidence/photo-prompt/wardrobe-keyword-refinement-20261010/arms/b/embodiment_review.json
 create mode 100644 docs/research-evidence/photo-prompt/wardrobe-keyword-refinement-20261010/arms/b/face_native.png
 create mode 100644 docs/research-evidence/photo-prompt/wardrobe-keyword-refinement-20261010/arms/b/final_composed_audit.json
 create mode 100644 docs/research-evidence/photo-prompt/wardrobe-keyword-refinement-20261010/arms/b/final_prompt_en.preflight.txt
 create mode 100644 docs/research-evidence/photo-prompt/wardrobe-keyword-refinement-20261010/arms/b/final_prompt_en.txt
 create mode 100644 docs/research-evidence/photo-prompt/wardrobe-keyword-refinement-20261010/arms/b/hands_native.png
 create mode 100644 docs/research-evidence/photo-prompt/wardrobe-keyword-refinement-20261010/arms/b/image-1.png
 create mode 100644 docs/research-evidence/photo-prompt/wardrobe-keyword-refinement-20261010/arms/b/image_runs.ndjson
 create mode 100644 docs/research-evidence/photo-prompt/wardrobe-keyword-refinement-20261010/arms/b/independence_boundary.json
 create mode 100644 docs/research-evidence/photo-prompt/wardrobe-keyword-refinement-20261010/arms/b/initial_composition_audit_fail.json
 create mode 100644 docs/research-evidence/photo-prompt/wardrobe-keyword-refinement-20261010/arms/b/local_processing_failure.json
 create mode 100644 docs/research-evidence/photo-prompt/wardrobe-keyword-refinement-20261010/arms/b/native_crop_manifest.json
 create mode 100644 docs/research-evidence/photo-prompt/wardrobe-keyword-refinement-20261010/arms/b/native_result_observation.json
 create mode 100644 docs/research-evidence/photo-prompt/wardrobe-keyword-refinement-20261010/arms/b/native_result_persistence.json
 create mode 100644 docs/research-evidence/photo-prompt/wardrobe-keyword-refinement-20261010/arms/b/native_started.json
 create mode 100644 docs/research-evidence/photo-prompt/wardrobe-keyword-refinement-20261010/arms/b/pixel_review.json
 create mode 100644 docs/research-evidence/photo-prompt/wardrobe-keyword-refinement-20261010/arms/b/pixel_review_audit.json
 create mode 100644 docs/research-evidence/photo-prompt/wardrobe-keyword-refinement-20261010/arms/b/precore_feature_selection.json
 create mode 100644 docs/research-evidence/photo-prompt/wardrobe-keyword-refinement-20261010/arms/b/request.txt
 create mode 100644 docs/research-evidence/photo-prompt/wardrobe-keyword-refinement-20261010/arms/b/request_envelope.json
 create mode 100644 docs/research-evidence/photo-prompt/wardrobe-keyword-refinement-20261010/arms/b/result_summary.json
 create mode 100644 docs/research-evidence/photo-prompt/wardrobe-keyword-refinement-20261010/arms/b/run-initial/.staging/46e6a30ca97347f182f109ad2d89dcf1.composed.audit.json
 create mode 100644 docs/research-evidence/photo-prompt/wardrobe-keyword-refinement-20261010/arms/b/run-initial/.staging/46e6a30ca97347f182f109ad2d89dcf1.composed.json
 create mode 100644 docs/research-evidence/photo-prompt/wardrobe-keyword-refinement-20261010/arms/b/run-initial/.staging/retrieve/pack.json
 create mode 100644 docs/research-evidence/photo-prompt/wardrobe-keyword-refinement-20261010/arms/b/run-initial/.staging/retrieve/receipt.json
 create mode 100644 docs/research-evidence/photo-prompt/wardrobe-keyword-refinement-20261010/arms/b/run-initial/.staging/retrieve/transaction.json
 create mode 100644 docs/research-evidence/photo-prompt/wardrobe-keyword-refinement-20261010/arms/b/run-initial/revisions/41de8da787fc47b399feb1fe38ef77df/authorial_core_input.json
 create mode 100644 docs/research-evidence/photo-prompt/wardrobe-keyword-refinement-20261010/arms/b/run-initial/revisions/41de8da787fc47b399feb1fe38ef77df/authorial_core_normalized.json
 create mode 100644 docs/research-evidence/photo-prompt/wardrobe-keyword-refinement-20261010/arms/b/run-initial/revisions/41de8da787fc47b399feb1fe38ef77df/baseline.txt
 create mode 100644 docs/research-evidence/photo-prompt/wardrobe-keyword-refinement-20261010/arms/b/run-initial/revisions/41de8da787fc47b399feb1fe38ef77df/catalog.json
 create mode 100644 docs/research-evidence/photo-prompt/wardrobe-keyword-refinement-20261010/arms/b/run-initial/revisions/41de8da787fc47b399feb1fe38ef77df/embodiment_review.json
 create mode 100644 docs/research-evidence/photo-prompt/wardrobe-keyword-refinement-20261010/arms/b/run-initial/revisions/41de8da787fc47b399feb1fe38ef77df/feature_selection.json
 create mode 100644 docs/research-evidence/photo-prompt/wardrobe-keyword-refinement-20261010/arms/b/run-initial/revisions/41de8da787fc47b399feb1fe38ef77df/feature_selection_audit.json
 create mode 100644 docs/research-evidence/photo-prompt/wardrobe-keyword-refinement-20261010/arms/b/run-initial/revisions/41de8da787fc47b399feb1fe38ef77df/freeze_author_input_hashes.json
 create mode 100644 docs/research-evidence/photo-prompt/wardrobe-keyword-refinement-20261010/arms/b/run-initial/revisions/41de8da787fc47b399feb1fe38ef77df/freeze_receipt.json
 create mode 100644 docs/research-evidence/photo-prompt/wardrobe-keyword-refinement-20261010/arms/b/run-initial/revisions/41de8da787fc47b399feb1fe38ef77df/request_envelope_normalized.json
 create mode 100644 docs/research-evidence/photo-prompt/wardrobe-keyword-refinement-20261010/arms/b/run-initial/revisions/a9ca10407b6f40919ada09f089a75679/creative_controls.json
 create mode 100644 docs/research-evidence/photo-prompt/wardrobe-keyword-refinement-20261010/arms/b/run-initial/revisions/baf1a37795be4cebb5f6a8e2d68e3a0b/authoring_shapes.json
 create mode 100644 docs/research-evidence/photo-prompt/wardrobe-keyword-refinement-20261010/arms/b/run-initial/revisions/baf1a37795be4cebb5f6a8e2d68e3a0b/request_envelope_input.json
 create mode 100644 docs/research-evidence/photo-prompt/wardrobe-keyword-refinement-20261010/arms/b/run-initial/revisions/baf1a37795be4cebb5f6a8e2d68e3a0b/request_raw.json
 create mode 100644 docs/research-evidence/photo-prompt/wardrobe-keyword-refinement-20261010/arms/b/run-initial/revisions/febc3adaf0364823afbfb5e50075d542/pack.json
 create mode 100644 docs/research-evidence/photo-prompt/wardrobe-keyword-refinement-20261010/arms/b/run-initial/revisions/febc3adaf0364823afbfb5e50075d542/runtime_receipt.json
 create mode 100644 docs/research-evidence/photo-prompt/wardrobe-keyword-refinement-20261010/arms/b/run-initial/workflow.json
 create mode 100644 docs/research-evidence/photo-prompt/wardrobe-keyword-refinement-20261010/arms/b/run-source-recovery/.staging/0733c45d26ee451186673cfc24df4d7b.composed.json
 create mode 100644 docs/research-evidence/photo-prompt/wardrobe-keyword-refinement-20261010/arms/b/run-source-recovery/.staging/07c837947fd04b438536ea2f3e49a3f4.composed.json
 create mode 100644 docs/research-evidence/photo-prompt/wardrobe-keyword-refinement-20261010/arms/b/run-source-recovery/.staging/850ed2012cbe43728080590f53cb8b90.request.json
 create mode 100644 docs/research-evidence/photo-prompt/wardrobe-keyword-refinement-20261010/arms/b/run-source-recovery/.staging/retrieve/pack.json
 create mode 100644 docs/research-evidence/photo-prompt/wardrobe-keyword-refinement-20261010/arms/b/run-source-recovery/.staging/retrieve/receipt.json
 create mode 100644 docs/research-evidence/photo-prompt/wardrobe-keyword-refinement-20261010/arms/b/run-source-recovery/.staging/retrieve/transaction.json
 create mode 100644 docs/research-evidence/photo-prompt/wardrobe-keyword-refinement-20261010/arms/b/run-source-recovery/revisions/059c4fe0370b4937aa19ba75a2be7baf/authoring_shapes.json
 create mode 100644 docs/research-evidence/photo-prompt/wardrobe-keyword-refinement-20261010/arms/b/run-source-recovery/revisions/059c4fe0370b4937aa19ba75a2be7baf/request_envelope_input.json
 create mode 100644 docs/research-evidence/photo-prompt/wardrobe-keyword-refinement-20261010/arms/b/run-source-recovery/revisions/059c4fe0370b4937aa19ba75a2be7baf/request_raw.json
 create mode 100644 docs/research-evidence/photo-prompt/wardrobe-keyword-refinement-20261010/arms/b/run-source-recovery/revisions/14195e4d00e845a3ae846fe776c89011/authorial_core_input.json
 create mode 100644 docs/research-evidence/photo-prompt/wardrobe-keyword-refinement-20261010/arms/b/run-source-recovery/revisions/14195e4d00e845a3ae846fe776c89011/authorial_core_normalized.json
 create mode 100644 docs/research-evidence/photo-prompt/wardrobe-keyword-refinement-20261010/arms/b/run-source-recovery/revisions/14195e4d00e845a3ae846fe776c89011/baseline.txt
 create mode 100644 docs/research-evidence/photo-prompt/wardrobe-keyword-refinement-20261010/arms/b/run-source-recovery/revisions/14195e4d00e845a3ae846fe776c89011/catalog.json
 create mode 100644 docs/research-evidence/photo-prompt/wardrobe-keyword-refinement-20261010/arms/b/run-source-recovery/revisions/14195e4d00e845a3ae846fe776c89011/embodiment_review.json
 create mode 100644 docs/research-evidence/photo-prompt/wardrobe-keyword-refinement-20261010/arms/b/run-source-recovery/revisions/14195e4d00e845a3ae846fe776c89011/feature_selection.json
 create mode 100644 docs/research-evidence/photo-prompt/wardrobe-keyword-refinement-20261010/arms/b/run-source-recovery/revisions/14195e4d00e845a3ae846fe776c89011/feature_selection_audit.json
 create mode 100644 docs/research-evidence/photo-prompt/wardrobe-keyword-refinement-20261010/arms/b/run-source-recovery/revisions/14195e4d00e845a3ae846fe776c89011/freeze_author_input_hashes.json
 create mode 100644 docs/research-evidence/photo-prompt/wardrobe-keyword-refinement-20261010/arms/b/run-source-recovery/revisions/14195e4d00e845a3ae846fe776c89011/freeze_receipt.json
 create mode 100644 docs/research-evidence/photo-prompt/wardrobe-keyword-refinement-20261010/arms/b/run-source-recovery/revisions/14195e4d00e845a3ae846fe776c89011/request_envelope_normalized.json
 create mode 100644 docs/research-evidence/photo-prompt/wardrobe-keyword-refinement-20261010/arms/b/run-source-recovery/revisions/23a681060a6644979715799326d253b9/pack.json
 create mode 100644 docs/research-evidence/photo-prompt/wardrobe-keyword-refinement-20261010/arms/b/run-source-recovery/revisions/23a681060a6644979715799326d253b9/runtime_receipt.json
 create mode 100644 docs/research-evidence/photo-prompt/wardrobe-keyword-refinement-20261010/arms/b/run-source-recovery/revisions/50e4737e1ba04762a3afcf920286f6d1/composed.json
 create mode 100644 docs/research-evidence/photo-prompt/wardrobe-keyword-refinement-20261010/arms/b/run-source-recovery/revisions/50e4737e1ba04762a3afcf920286f6d1/composed_audit.json
 create mode 100644 docs/research-evidence/photo-prompt/wardrobe-keyword-refinement-20261010/arms/b/run-source-recovery/revisions/5bc1be1f9d7042989258a38e3eade6df/native_plan.json
 create mode 100644 docs/research-evidence/photo-prompt/wardrobe-keyword-refinement-20261010/arms/b/run-source-recovery/revisions/67e60eda2df9430ca49c7196976cf484/creative_controls.json
 create mode 100644 docs/research-evidence/photo-prompt/wardrobe-keyword-refinement-20261010/arms/b/run-source-recovery/revisions/73697f4ac0be408e894524fe9fc6c863/render_request.json
 create mode 100644 docs/research-evidence/photo-prompt/wardrobe-keyword-refinement-20261010/arms/b/run-source-recovery/revisions/73697f4ac0be408e894524fe9fc6c863/runtime_audit.json
 create mode 100644 docs/research-evidence/photo-prompt/wardrobe-keyword-refinement-20261010/arms/b/run-source-recovery/revisions/99b965cd0bbe4fb99f0b42d72794fef0/composed.json
 create mode 100644 docs/research-evidence/photo-prompt/wardrobe-keyword-refinement-20261010/arms/b/run-source-recovery/revisions/99b965cd0bbe4fb99f0b42d72794fef0/composed_audit.json
 create mode 100644 docs/research-evidence/photo-prompt/wardrobe-keyword-refinement-20261010/arms/b/run-source-recovery/revisions/f221f970c13a493b9437356d006df972/review_audit.json
 create mode 100644 docs/research-evidence/photo-prompt/wardrobe-keyword-refinement-20261010/arms/b/run-source-recovery/revisions/f221f970c13a493b9437356d006df972/visual_review.json
 create mode 100644 docs/research-evidence/photo-prompt/wardrobe-keyword-refinement-20261010/arms/b/run-source-recovery/revisions/f48bdd77eff74d9ead201988ed286060/visual_review_shape.json
 create mode 100644 docs/research-evidence/photo-prompt/wardrobe-keyword-refinement-20261010/arms/b/run-source-recovery/workflow.json
 create mode 100644 docs/research-evidence/photo-prompt/wardrobe-keyword-refinement-20261010/arms/b/run_manifest.json
 create mode 100644 docs/research-evidence/photo-prompt/wardrobe-keyword-refinement-20261010/arms/b/runtime_preparation_status.json
 create mode 100644 docs/research-evidence/photo-prompt/wardrobe-keyword-refinement-20261010/arms/b/source_hashes.json
 create mode 100644 docs/research-evidence/photo-prompt/wardrobe-keyword-refinement-20261010/arms/b/source_recovery_boundary.json
 create mode 100644 docs/research-evidence/photo-prompt/wardrobe-keyword-refinement-20261010/arms/b/spans.json
 create mode 100644 docs/research-evidence/photo-prompt/wardrobe-keyword-refinement-20261010/arms/b/supplemental_pixel_review.json
 create mode 100644 docs/research-evidence/photo-prompt/wardrobe-keyword-refinement-20261010/arms/b/transport.json
 create mode 100644 docs/research-evidence/photo-prompt/wardrobe-keyword-refinement-20261010/arms/b/waist_native.png
 create mode 100644 docs/research-evidence/photo-prompt/wardrobe-keyword-refinement-20261010/arms/c/REPORT.md
 create mode 100644 docs/research-evidence/photo-prompt/wardrobe-keyword-refinement-20261010/arms/c/REPORT.native01.md
 create mode 100644 docs/research-evidence/photo-prompt/wardrobe-keyword-refinement-20261010/arms/c/authored1/authorial_core.json
 create mode 100644 docs/research-evidence/photo-prompt/wardrobe-keyword-refinement-20261010/arms/c/authored1/baseline_canonical.txt
 create mode 100644 docs/research-evidence/photo-prompt/wardrobe-keyword-refinement-20261010/arms/c/authored1/baseline_draft.txt
 create mode 100644 docs/research-evidence/photo-prompt/wardrobe-keyword-refinement-20261010/arms/c/authored1/composed_prompt.json
 create mode 100644 docs/research-evidence/photo-prompt/wardrobe-keyword-refinement-20261010/arms/c/authored1/creative_context.json
 create mode 100644 docs/research-evidence/photo-prompt/wardrobe-keyword-refinement-20261010/arms/c/authored1/creative_controls_reading.json
 create mode 100644 docs/research-evidence/photo-prompt/wardrobe-keyword-refinement-20261010/arms/c/authored1/embodiment_review.json
 create mode 100644 docs/research-evidence/photo-prompt/wardrobe-keyword-refinement-20261010/arms/c/authored1/feature_plan.json
 create mode 100644 docs/research-evidence/photo-prompt/wardrobe-keyword-refinement-20261010/arms/c/authored1/final_prompt_en.txt
 create mode 100644 docs/research-evidence/photo-prompt/wardrobe-keyword-refinement-20261010/arms/c/authored1/precore_feature_selection.json
 create mode 100644 docs/research-evidence/photo-prompt/wardrobe-keyword-refinement-20261010/arms/c/authored1/preflight_errors.json
 create mode 100644 docs/research-evidence/photo-prompt/wardrobe-keyword-refinement-20261010/arms/c/authored1/request.txt
 create mode 100644 docs/research-evidence/photo-prompt/wardrobe-keyword-refinement-20261010/arms/c/authored1/scope.json
 create mode 100644 docs/research-evidence/photo-prompt/wardrobe-keyword-refinement-20261010/arms/c/authored1/spans.json
 create mode 100644 docs/research-evidence/photo-prompt/wardrobe-keyword-refinement-20261010/arms/c/authored1/transport.json
 create mode 100644 docs/research-evidence/photo-prompt/wardrobe-keyword-refinement-20261010/arms/c/authored1/visual_intent.json
 create mode 100644 docs/research-evidence/photo-prompt/wardrobe-keyword-refinement-20261010/arms/c/authored3/SKILL.snapshot.md
 create mode 100644 docs/research-evidence/photo-prompt/wardrobe-keyword-refinement-20261010/arms/c/authored3/adopted_bundle_full.json
 create mode 100644 docs/research-evidence/photo-prompt/wardrobe-keyword-refinement-20261010/arms/c/authored3/authorize_stderr.txt
 create mode 100644 docs/research-evidence/photo-prompt/wardrobe-keyword-refinement-20261010/arms/c/authored3/authorize_stdout.json
 create mode 100644 docs/research-evidence/photo-prompt/wardrobe-keyword-refinement-20261010/arms/c/authored3/composed_prompt.json
 create mode 100644 docs/research-evidence/photo-prompt/wardrobe-keyword-refinement-20261010/arms/c/authored3/focus_bundle_detail_view.json
 create mode 100644 docs/research-evidence/photo-prompt/wardrobe-keyword-refinement-20261010/arms/c/authored3/native_observation.json
 create mode 100644 docs/research-evidence/photo-prompt/wardrobe-keyword-refinement-20261010/arms/c/authored3/native_plan_stderr.txt
 create mode 100644 docs/research-evidence/photo-prompt/wardrobe-keyword-refinement-20261010/arms/c/authored3/native_plan_stdout.json
 create mode 100644 docs/research-evidence/photo-prompt/wardrobe-keyword-refinement-20261010/arms/c/authored3/native_started.json
 create mode 100644 docs/research-evidence/photo-prompt/wardrobe-keyword-refinement-20261010/arms/c/authored3/native_started_stderr.txt
 create mode 100644 docs/research-evidence/photo-prompt/wardrobe-keyword-refinement-20261010/arms/c/authored3/prepare_render_stderr.txt
 create mode 100644 docs/research-evidence/photo-prompt/wardrobe-keyword-refinement-20261010/arms/c/authored3/prepare_render_stdout.json
 create mode 100644 docs/research-evidence/photo-prompt/wardrobe-keyword-refinement-20261010/arms/c/authored3/semantic_self_review.json
 create mode 100644 docs/research-evidence/photo-prompt/wardrobe-keyword-refinement-20261010/arms/c/authored3/visual_intent.json
 create mode 100644 docs/research-evidence/photo-prompt/wardrobe-keyword-refinement-20261010/arms/c/authored5/adopted_bundle_full.json
 create mode 100644 docs/research-evidence/photo-prompt/wardrobe-keyword-refinement-20261010/arms/c/authored5/adopted_bundle_relation_evidence.json
 create mode 100644 docs/research-evidence/photo-prompt/wardrobe-keyword-refinement-20261010/arms/c/authored5/authorial_core.json
 create mode 100644 docs/research-evidence/photo-prompt/wardrobe-keyword-refinement-20261010/arms/c/authored5/baseline_prompt_en.txt
 create mode 100644 docs/research-evidence/photo-prompt/wardrobe-keyword-refinement-20261010/arms/c/authored5/candidate_adoption_notes.json
 create mode 100644 docs/research-evidence/photo-prompt/wardrobe-keyword-refinement-20261010/arms/c/authored5/composed_prompt.json
 create mode 100644 docs/research-evidence/photo-prompt/wardrobe-keyword-refinement-20261010/arms/c/authored5/creative_context.json
 create mode 100644 docs/research-evidence/photo-prompt/wardrobe-keyword-refinement-20261010/arms/c/authored5/detail_view_verification.json
 create mode 100644 docs/research-evidence/photo-prompt/wardrobe-keyword-refinement-20261010/arms/c/authored5/embodiment_review.json
 create mode 100644 docs/research-evidence/photo-prompt/wardrobe-keyword-refinement-20261010/arms/c/authored5/final_prompt_en.txt
 create mode 100644 docs/research-evidence/photo-prompt/wardrobe-keyword-refinement-20261010/arms/c/authored5/focus_bundle_detail_view.json
 create mode 100644 docs/research-evidence/photo-prompt/wardrobe-keyword-refinement-20261010/arms/c/authored5/independent_authoring_boundary.json
 create mode 100644 docs/research-evidence/photo-prompt/wardrobe-keyword-refinement-20261010/arms/c/authored5/inherited_effective_profile_comparison.json
 create mode 100644 docs/research-evidence/photo-prompt/wardrobe-keyword-refinement-20261010/arms/c/authored5/native_observation.json
 create mode 100644 docs/research-evidence/photo-prompt/wardrobe-keyword-refinement-20261010/arms/c/authored5/native_plan_cli_recovery.json
 create mode 100644 docs/research-evidence/photo-prompt/wardrobe-keyword-refinement-20261010/arms/c/authored5/native_plan_result.json
 create mode 100644 docs/research-evidence/photo-prompt/wardrobe-keyword-refinement-20261010/arms/c/authored5/native_result.json
 create mode 100644 docs/research-evidence/photo-prompt/wardrobe-keyword-refinement-20261010/arms/c/authored5/native_result.stderr.txt
 create mode 100644 docs/research-evidence/photo-prompt/wardrobe-keyword-refinement-20261010/arms/c/authored5/native_started.json
 create mode 100644 docs/research-evidence/photo-prompt/wardrobe-keyword-refinement-20261010/arms/c/authored5/precore_feature_selection.invalid_wire.json
 create mode 100644 docs/research-evidence/photo-prompt/wardrobe-keyword-refinement-20261010/arms/c/authored5/precore_feature_selection.json
 create mode 100644 docs/research-evidence/photo-prompt/wardrobe-keyword-refinement-20261010/arms/c/authored5/review_audit_result.json
 create mode 100644 docs/research-evidence/photo-prompt/wardrobe-keyword-refinement-20261010/arms/c/authored5/review_audit_result.stderr.txt
 create mode 100644 docs/research-evidence/photo-prompt/wardrobe-keyword-refinement-20261010/arms/c/authored5/review_shape_result.json
 create mode 100644 docs/research-evidence/photo-prompt/wardrobe-keyword-refinement-20261010/arms/c/authored5/review_shape_result.stderr.txt
 create mode 100644 docs/research-evidence/photo-prompt/wardrobe-keyword-refinement-20261010/arms/c/authored5/scope.json
 create mode 100644 docs/research-evidence/photo-prompt/wardrobe-keyword-refinement-20261010/arms/c/authored5/selection_wire_recovery.json
 create mode 100644 docs/research-evidence/photo-prompt/wardrobe-keyword-refinement-20261010/arms/c/authored5/source_receipt_verification.json
 create mode 100644 docs/research-evidence/photo-prompt/wardrobe-keyword-refinement-20261010/arms/c/authored5/transport.json
 create mode 100644 docs/research-evidence/photo-prompt/wardrobe-keyword-refinement-20261010/arms/c/authored5/visual_intent.json
 create mode 100644 docs/research-evidence/photo-prompt/wardrobe-keyword-refinement-20261010/arms/c/binding_preflight_recovery.json
 create mode 100644 docs/research-evidence/photo-prompt/wardrobe-keyword-refinement-20261010/arms/c/candidate_adoption_notes.json
 create mode 100644 docs/research-evidence/photo-prompt/wardrobe-keyword-refinement-20261010/arms/c/composition_preflight_recovery.json
 create mode 100644 docs/research-evidence/photo-prompt/wardrobe-keyword-refinement-20261010/arms/c/coordinator_envelope_confirmation_local2.json
 create mode 100644 docs/research-evidence/photo-prompt/wardrobe-keyword-refinement-20261010/arms/c/generated_images/native_01/generic_review.json
 create mode 100644 docs/research-evidence/photo-prompt/wardrobe-keyword-refinement-20261010/arms/c/generated_images/native_01/image_metadata.json
 create mode 100644 docs/research-evidence/photo-prompt/wardrobe-keyword-refinement-20261010/arms/c/generated_images/native_01/original.png
 create mode 100644 docs/research-evidence/photo-prompt/wardrobe-keyword-refinement-20261010/arms/c/generated_images/native_01/review_views/cuff.png
 create mode 100644 docs/research-evidence/photo-prompt/wardrobe-keyword-refinement-20261010/arms/c/generated_images/native_01/review_views/needle_eye.png
 create mode 100644 docs/research-evidence/photo-prompt/wardrobe-keyword-refinement-20261010/arms/c/generated_images/native_01/review_views/needle_route.png
 create mode 100644 docs/research-evidence/photo-prompt/wardrobe-keyword-refinement-20261010/arms/c/generated_images/native_01/review_views/thumbnail.png
 create mode 100644 docs/research-evidence/photo-prompt/wardrobe-keyword-refinement-20261010/arms/c/generated_images/native_01/review_views/views_manifest.json
 create mode 100644 docs/research-evidence/photo-prompt/wardrobe-keyword-refinement-20261010/arms/c/generated_images/native_01/supplemental_findings.json
 create mode 100644 docs/research-evidence/photo-prompt/wardrobe-keyword-refinement-20261010/arms/c/generated_images/native_01/visual_review.invalid_user_judgment.json
 create mode 100644 docs/research-evidence/photo-prompt/wardrobe-keyword-refinement-20261010/arms/c/generated_images/native_01/visual_review.json
 create mode 100644 docs/research-evidence/photo-prompt/wardrobe-keyword-refinement-20261010/arms/c/generated_images/native_02/generic_review.json
 create mode 100644 docs/research-evidence/photo-prompt/wardrobe-keyword-refinement-20261010/arms/c/generated_images/native_02/image_metadata.json
 create mode 100644 docs/research-evidence/photo-prompt/wardrobe-keyword-refinement-20261010/arms/c/generated_images/native_02/original.png
 create mode 100644 docs/research-evidence/photo-prompt/wardrobe-keyword-refinement-20261010/arms/c/generated_images/native_02/review_views/cuff.png
 create mode 100644 docs/research-evidence/photo-prompt/wardrobe-keyword-refinement-20261010/arms/c/generated_images/native_02/review_views/far_arm_and_hand.png
 create mode 100644 docs/research-evidence/photo-prompt/wardrobe-keyword-refinement-20261010/arms/c/generated_images/native_02/review_views/needle_grip_and_eye.png
 create mode 100644 docs/research-evidence/photo-prompt/wardrobe-keyword-refinement-20261010/arms/c/generated_images/native_02/review_views/needle_route.png
 create mode 100644 docs/research-evidence/photo-prompt/wardrobe-keyword-refinement-20261010/arms/c/generated_images/native_02/review_views/thumbnail.png
 create mode 100644 docs/research-evidence/photo-prompt/wardrobe-keyword-refinement-20261010/arms/c/generated_images/native_02/review_views/views_manifest.json
 create mode 100644 docs/research-evidence/photo-prompt/wardrobe-keyword-refinement-20261010/arms/c/generated_images/native_02/supplemental_findings.json
 create mode 100644 docs/research-evidence/photo-prompt/wardrobe-keyword-refinement-20261010/arms/c/generated_images/native_02/visual_review.json
 create mode 100644 docs/research-evidence/photo-prompt/wardrobe-keyword-refinement-20261010/arms/c/image_runs.ndjson
 create mode 100644 docs/research-evidence/photo-prompt/wardrobe-keyword-refinement-20261010/arms/c/image_runs.ndjson.retry-reservations.json
 create mode 100644 docs/research-evidence/photo-prompt/wardrobe-keyword-refinement-20261010/arms/c/local2_repair_decision.json
 create mode 100644 docs/research-evidence/photo-prompt/wardrobe-keyword-refinement-20261010/arms/c/local2_request_envelope.json
 create mode 100644 docs/research-evidence/photo-prompt/wardrobe-keyword-refinement-20261010/arms/c/local2_request_raw.txt
 create mode 100644 docs/research-evidence/photo-prompt/wardrobe-keyword-refinement-20261010/arms/c/local2_request_spans.json
 create mode 100644 docs/research-evidence/photo-prompt/wardrobe-keyword-refinement-20261010/arms/c/local2_retry_input/private/attempt.json
 create mode 100644 docs/research-evidence/photo-prompt/wardrobe-keyword-refinement-20261010/arms/c/local2_retry_input/private/current_envelope.json
 create mode 100644 docs/research-evidence/photo-prompt/wardrobe-keyword-refinement-20261010/arms/c/local2_retry_input/private/decision.json
 create mode 100644 docs/research-evidence/photo-prompt/wardrobe-keyword-refinement-20261010/arms/c/local2_retry_input/private/retry_coordinator_diagnostics.json
 create mode 100644 docs/research-evidence/photo-prompt/wardrobe-keyword-refinement-20261010/arms/c/local2_retry_input/retry_context.json
 create mode 100644 docs/research-evidence/photo-prompt/wardrobe-keyword-refinement-20261010/arms/c/local2_retry_input/retry_projection_audit.json
 create mode 100644 docs/research-evidence/photo-prompt/wardrobe-keyword-refinement-20261010/arms/c/local2_retry_input/retry_proof.json
 create mode 100644 docs/research-evidence/photo-prompt/wardrobe-keyword-refinement-20261010/arms/c/local_inspection_helper_error.json
 create mode 100644 docs/research-evidence/photo-prompt/wardrobe-keyword-refinement-20261010/arms/c/native_01_attempt.json
 create mode 100644 docs/research-evidence/photo-prompt/wardrobe-keyword-refinement-20261010/arms/c/native_02_attempt.json
 create mode 100644 docs/research-evidence/photo-prompt/wardrobe-keyword-refinement-20261010/arms/c/parent_attempt.json
 create mode 100644 docs/research-evidence/photo-prompt/wardrobe-keyword-refinement-20261010/arms/c/preserved_error_index.json
 create mode 100644 docs/research-evidence/photo-prompt/wardrobe-keyword-refinement-20261010/arms/c/projected_effective_contract_comparison.json
 create mode 100644 docs/research-evidence/photo-prompt/wardrobe-keyword-refinement-20261010/arms/c/repair_decision.json
 create mode 100644 docs/research-evidence/photo-prompt/wardrobe-keyword-refinement-20261010/arms/c/request_envelope.json
 create mode 100644 docs/research-evidence/photo-prompt/wardrobe-keyword-refinement-20261010/arms/c/required_gate_union_native01.json
 create mode 100644 docs/research-evidence/photo-prompt/wardrobe-keyword-refinement-20261010/arms/c/required_gate_union_native02.json
 create mode 100644 docs/research-evidence/photo-prompt/wardrobe-keyword-refinement-20261010/arms/c/result_summary.json
 create mode 100644 docs/research-evidence/photo-prompt/wardrobe-keyword-refinement-20261010/arms/c/retry_input/private/attempt.json
 create mode 100644 docs/research-evidence/photo-prompt/wardrobe-keyword-refinement-20261010/arms/c/retry_input/private/current_envelope.json
 create mode 100644 docs/research-evidence/photo-prompt/wardrobe-keyword-refinement-20261010/arms/c/retry_input/private/decision.json
 create mode 100644 docs/research-evidence/photo-prompt/wardrobe-keyword-refinement-20261010/arms/c/retry_input/private/retry_coordinator_diagnostics.json
 create mode 100644 docs/research-evidence/photo-prompt/wardrobe-keyword-refinement-20261010/arms/c/retry_input/retry_context.json
 create mode 100644 docs/research-evidence/photo-prompt/wardrobe-keyword-refinement-20261010/arms/c/retry_input/retry_projection_audit.json
 create mode 100644 docs/research-evidence/photo-prompt/wardrobe-keyword-refinement-20261010/arms/c/retry_input/retry_proof.json
 create mode 100644 docs/research-evidence/photo-prompt/wardrobe-keyword-refinement-20261010/arms/c/review_record_recovery_native01.json
 create mode 100644 docs/research-evidence/photo-prompt/wardrobe-keyword-refinement-20261010/arms/c/run1/.staging/retrieve/pack.json
 create mode 100644 docs/research-evidence/photo-prompt/wardrobe-keyword-refinement-20261010/arms/c/run1/.staging/retrieve/receipt.json
 create mode 100644 docs/research-evidence/photo-prompt/wardrobe-keyword-refinement-20261010/arms/c/run1/.staging/retrieve/transaction.json
 create mode 100644 docs/research-evidence/photo-prompt/wardrobe-keyword-refinement-20261010/arms/c/run1/revisions/27aa714990124c2e952aecd271280ce4/authoring_shapes.json
 create mode 100644 docs/research-evidence/photo-prompt/wardrobe-keyword-refinement-20261010/arms/c/run1/revisions/27aa714990124c2e952aecd271280ce4/request_envelope_input.json
 create mode 100644 docs/research-evidence/photo-prompt/wardrobe-keyword-refinement-20261010/arms/c/run1/revisions/27aa714990124c2e952aecd271280ce4/request_raw.json
 create mode 100644 docs/research-evidence/photo-prompt/wardrobe-keyword-refinement-20261010/arms/c/run1/revisions/6a377d12bf94456ba21118bec5189900/authorial_core_input.json
 create mode 100644 docs/research-evidence/photo-prompt/wardrobe-keyword-refinement-20261010/arms/c/run1/revisions/6a377d12bf94456ba21118bec5189900/authorial_core_normalized.json
 create mode 100644 docs/research-evidence/photo-prompt/wardrobe-keyword-refinement-20261010/arms/c/run1/revisions/6a377d12bf94456ba21118bec5189900/baseline.txt
 create mode 100644 docs/research-evidence/photo-prompt/wardrobe-keyword-refinement-20261010/arms/c/run1/revisions/6a377d12bf94456ba21118bec5189900/catalog.json
 create mode 100644 docs/research-evidence/photo-prompt/wardrobe-keyword-refinement-20261010/arms/c/run1/revisions/6a377d12bf94456ba21118bec5189900/embodiment_review.json
 create mode 100644 docs/research-evidence/photo-prompt/wardrobe-keyword-refinement-20261010/arms/c/run1/revisions/6a377d12bf94456ba21118bec5189900/feature_selection.json
 create mode 100644 docs/research-evidence/photo-prompt/wardrobe-keyword-refinement-20261010/arms/c/run1/revisions/6a377d12bf94456ba21118bec5189900/feature_selection_audit.json
 create mode 100644 docs/research-evidence/photo-prompt/wardrobe-keyword-refinement-20261010/arms/c/run1/revisions/6a377d12bf94456ba21118bec5189900/freeze_author_input_hashes.json
 create mode 100644 docs/research-evidence/photo-prompt/wardrobe-keyword-refinement-20261010/arms/c/run1/revisions/6a377d12bf94456ba21118bec5189900/freeze_receipt.json
 create mode 100644 docs/research-evidence/photo-prompt/wardrobe-keyword-refinement-20261010/arms/c/run1/revisions/6a377d12bf94456ba21118bec5189900/request_envelope_normalized.json
 create mode 100644 docs/research-evidence/photo-prompt/wardrobe-keyword-refinement-20261010/arms/c/run1/revisions/80414da3be3f45628b4b4bc0efd94a83/pack.json
 create mode 100644 docs/research-evidence/photo-prompt/wardrobe-keyword-refinement-20261010/arms/c/run1/revisions/80414da3be3f45628b4b4bc0efd94a83/runtime_receipt.json
 create mode 100644 docs/research-evidence/photo-prompt/wardrobe-keyword-refinement-20261010/arms/c/run1/revisions/912c9981b79f4b2b8b0481ea9c22a59c/retry_context.json
 create mode 100644 docs/research-evidence/photo-prompt/wardrobe-keyword-refinement-20261010/arms/c/run1/revisions/912c9981b79f4b2b8b0481ea9c22a59c/retry_proof.json
 create mode 100644 docs/research-evidence/photo-prompt/wardrobe-keyword-refinement-20261010/arms/c/run1/revisions/f0b1991ff096433298e07b17c965b1dd/creative_controls.json
 create mode 100644 docs/research-evidence/photo-prompt/wardrobe-keyword-refinement-20261010/arms/c/run1/workflow.json
 create mode 100644 docs/research-evidence/photo-prompt/wardrobe-keyword-refinement-20261010/arms/c/run2/.staging/retrieve/pack.json
 create mode 100644 docs/research-evidence/photo-prompt/wardrobe-keyword-refinement-20261010/arms/c/run2/.staging/retrieve/receipt.json
 create mode 100644 docs/research-evidence/photo-prompt/wardrobe-keyword-refinement-20261010/arms/c/run2/.staging/retrieve/transaction.json
 create mode 100644 docs/research-evidence/photo-prompt/wardrobe-keyword-refinement-20261010/arms/c/run2/revisions/1d9ca473d00246908f0b711bb0d7a732/creative_controls.json
 create mode 100644 docs/research-evidence/photo-prompt/wardrobe-keyword-refinement-20261010/arms/c/run2/revisions/4f7ed39ccace460191bfb6bd341ddeda/authorial_core_input.json
 create mode 100644 docs/research-evidence/photo-prompt/wardrobe-keyword-refinement-20261010/arms/c/run2/revisions/4f7ed39ccace460191bfb6bd341ddeda/authorial_core_normalized.json
 create mode 100644 docs/research-evidence/photo-prompt/wardrobe-keyword-refinement-20261010/arms/c/run2/revisions/4f7ed39ccace460191bfb6bd341ddeda/baseline.txt
 create mode 100644 docs/research-evidence/photo-prompt/wardrobe-keyword-refinement-20261010/arms/c/run2/revisions/4f7ed39ccace460191bfb6bd341ddeda/catalog.json
 create mode 100644 docs/research-evidence/photo-prompt/wardrobe-keyword-refinement-20261010/arms/c/run2/revisions/4f7ed39ccace460191bfb6bd341ddeda/embodiment_review.json
 create mode 100644 docs/research-evidence/photo-prompt/wardrobe-keyword-refinement-20261010/arms/c/run2/revisions/4f7ed39ccace460191bfb6bd341ddeda/feature_selection.json
 create mode 100644 docs/research-evidence/photo-prompt/wardrobe-keyword-refinement-20261010/arms/c/run2/revisions/4f7ed39ccace460191bfb6bd341ddeda/feature_selection_audit.json
 create mode 100644 docs/research-evidence/photo-prompt/wardrobe-keyword-refinement-20261010/arms/c/run2/revisions/4f7ed39ccace460191bfb6bd341ddeda/freeze_author_input_hashes.json
 create mode 100644 docs/research-evidence/photo-prompt/wardrobe-keyword-refinement-20261010/arms/c/run2/revisions/4f7ed39ccace460191bfb6bd341ddeda/freeze_receipt.json
 create mode 100644 docs/research-evidence/photo-prompt/wardrobe-keyword-refinement-20261010/arms/c/run2/revisions/4f7ed39ccace460191bfb6bd341ddeda/request_envelope_normalized.json
 create mode 100644 docs/research-evidence/photo-prompt/wardrobe-keyword-refinement-20261010/arms/c/run2/revisions/ca27a81f13c9426ab3347074ef88e63f/pack.json
 create mode 100644 docs/research-evidence/photo-prompt/wardrobe-keyword-refinement-20261010/arms/c/run2/revisions/ca27a81f13c9426ab3347074ef88e63f/runtime_receipt.json
 create mode 100644 docs/research-evidence/photo-prompt/wardrobe-keyword-refinement-20261010/arms/c/run2/revisions/d94575ac200f447f9f78fc65a5b6ece5/retry_context.json
 create mode 100644 docs/research-evidence/photo-prompt/wardrobe-keyword-refinement-20261010/arms/c/run2/revisions/d94575ac200f447f9f78fc65a5b6ece5/retry_proof.json
 create mode 100644 docs/research-evidence/photo-prompt/wardrobe-keyword-refinement-20261010/arms/c/run2/revisions/ea2da8a02d5f440380e370e5c738744d/authoring_shapes.json
 create mode 100644 docs/research-evidence/photo-prompt/wardrobe-keyword-refinement-20261010/arms/c/run2/revisions/ea2da8a02d5f440380e370e5c738744d/request_envelope_input.json
 create mode 100644 docs/research-evidence/photo-prompt/wardrobe-keyword-refinement-20261010/arms/c/run2/revisions/ea2da8a02d5f440380e370e5c738744d/request_raw.json
 create mode 100644 docs/research-evidence/photo-prompt/wardrobe-keyword-refinement-20261010/arms/c/run2/workflow.json
 create mode 100644 docs/research-evidence/photo-prompt/wardrobe-keyword-refinement-20261010/arms/c/run3/.staging/43e93adc44964dd082fad0a8aeca82ac.composed.audit.json
 create mode 100644 docs/research-evidence/photo-prompt/wardrobe-keyword-refinement-20261010/arms/c/run3/.staging/43e93adc44964dd082fad0a8aeca82ac.composed.json
 create mode 100644 docs/research-evidence/photo-prompt/wardrobe-keyword-refinement-20261010/arms/c/run3/.staging/cd6e43333a634779bb9cb421b19cf317.request.json
 create mode 100644 docs/research-evidence/photo-prompt/wardrobe-keyword-refinement-20261010/arms/c/run3/.staging/f777854207a640f6abb19566ef586bb4.composed.json
 create mode 100644 docs/research-evidence/photo-prompt/wardrobe-keyword-refinement-20261010/arms/c/run3/.staging/retrieve/pack.json
 create mode 100644 docs/research-evidence/photo-prompt/wardrobe-keyword-refinement-20261010/arms/c/run3/.staging/retrieve/receipt.json
 create mode 100644 docs/research-evidence/photo-prompt/wardrobe-keyword-refinement-20261010/arms/c/run3/.staging/retrieve/transaction.json
 create mode 100644 docs/research-evidence/photo-prompt/wardrobe-keyword-refinement-20261010/arms/c/run3/revisions/03373722876d488b89bd712d80981a88/retry_context.json
 create mode 100644 docs/research-evidence/photo-prompt/wardrobe-keyword-refinement-20261010/arms/c/run3/revisions/03373722876d488b89bd712d80981a88/retry_proof.json
 create mode 100644 docs/research-evidence/photo-prompt/wardrobe-keyword-refinement-20261010/arms/c/run3/revisions/12049fc853b94e0cb3bd1f5b0fbf7d97/native_plan.json
 create mode 100644 docs/research-evidence/photo-prompt/wardrobe-keyword-refinement-20261010/arms/c/run3/revisions/2af52e37e63c493bbafc3d5ef14bfd5e/authorial_core_input.json
 create mode 100644 docs/research-evidence/photo-prompt/wardrobe-keyword-refinement-20261010/arms/c/run3/revisions/2af52e37e63c493bbafc3d5ef14bfd5e/authorial_core_normalized.json
 create mode 100644 docs/research-evidence/photo-prompt/wardrobe-keyword-refinement-20261010/arms/c/run3/revisions/2af52e37e63c493bbafc3d5ef14bfd5e/baseline.txt
 create mode 100644 docs/research-evidence/photo-prompt/wardrobe-keyword-refinement-20261010/arms/c/run3/revisions/2af52e37e63c493bbafc3d5ef14bfd5e/catalog.json
 create mode 100644 docs/research-evidence/photo-prompt/wardrobe-keyword-refinement-20261010/arms/c/run3/revisions/2af52e37e63c493bbafc3d5ef14bfd5e/embodiment_review.json
 create mode 100644 docs/research-evidence/photo-prompt/wardrobe-keyword-refinement-20261010/arms/c/run3/revisions/2af52e37e63c493bbafc3d5ef14bfd5e/feature_selection.json
 create mode 100644 docs/research-evidence/photo-prompt/wardrobe-keyword-refinement-20261010/arms/c/run3/revisions/2af52e37e63c493bbafc3d5ef14bfd5e/feature_selection_audit.json
 create mode 100644 docs/research-evidence/photo-prompt/wardrobe-keyword-refinement-20261010/arms/c/run3/revisions/2af52e37e63c493bbafc3d5ef14bfd5e/freeze_author_input_hashes.json
 create mode 100644 docs/research-evidence/photo-prompt/wardrobe-keyword-refinement-20261010/arms/c/run3/revisions/2af52e37e63c493bbafc3d5ef14bfd5e/freeze_receipt.json
 create mode 100644 docs/research-evidence/photo-prompt/wardrobe-keyword-refinement-20261010/arms/c/run3/revisions/2af52e37e63c493bbafc3d5ef14bfd5e/request_envelope_normalized.json
 create mode 100644 docs/research-evidence/photo-prompt/wardrobe-keyword-refinement-20261010/arms/c/run3/revisions/58dd6dd37b9c451f97bc8f5607dda118/generic_review_shape.json
 create mode 100644 docs/research-evidence/photo-prompt/wardrobe-keyword-refinement-20261010/arms/c/run3/revisions/58dd6dd37b9c451f97bc8f5607dda118/visual_review_shape.json
 create mode 100644 docs/research-evidence/photo-prompt/wardrobe-keyword-refinement-20261010/arms/c/run3/revisions/5f7720b0255142508cd850a36cb8ea13/composed.json
 create mode 100644 docs/research-evidence/photo-prompt/wardrobe-keyword-refinement-20261010/arms/c/run3/revisions/5f7720b0255142508cd850a36cb8ea13/composed_audit.json
 create mode 100644 docs/research-evidence/photo-prompt/wardrobe-keyword-refinement-20261010/arms/c/run3/revisions/68a30b918010422598f1cc6439440217/creative_controls.json
 create mode 100644 docs/research-evidence/photo-prompt/wardrobe-keyword-refinement-20261010/arms/c/run3/revisions/85138093bea64593a108633cb89353b6/pack.json
 create mode 100644 docs/research-evidence/photo-prompt/wardrobe-keyword-refinement-20261010/arms/c/run3/revisions/85138093bea64593a108633cb89353b6/runtime_receipt.json
 create mode 100644 docs/research-evidence/photo-prompt/wardrobe-keyword-refinement-20261010/arms/c/run3/revisions/caeb793314e6404aa86e38fd7f87df03/render_request.json
 create mode 100644 docs/research-evidence/photo-prompt/wardrobe-keyword-refinement-20261010/arms/c/run3/revisions/caeb793314e6404aa86e38fd7f87df03/runtime_audit.json
 create mode 100644 docs/research-evidence/photo-prompt/wardrobe-keyword-refinement-20261010/arms/c/run3/revisions/d17b7b8148b345e5ab17c6504aaeccfa/authoring_shapes.json
 create mode 100644 docs/research-evidence/photo-prompt/wardrobe-keyword-refinement-20261010/arms/c/run3/revisions/d17b7b8148b345e5ab17c6504aaeccfa/request_envelope_input.json
 create mode 100644 docs/research-evidence/photo-prompt/wardrobe-keyword-refinement-20261010/arms/c/run3/revisions/d17b7b8148b345e5ab17c6504aaeccfa/request_raw.json
 create mode 100644 docs/research-evidence/photo-prompt/wardrobe-keyword-refinement-20261010/arms/c/run3/revisions/d3a2144d249d4bc7962321b89f3da394/generic_review.json
 create mode 100644 docs/research-evidence/photo-prompt/wardrobe-keyword-refinement-20261010/arms/c/run3/revisions/d3a2144d249d4bc7962321b89f3da394/review_audit.json
 create mode 100644 docs/research-evidence/photo-prompt/wardrobe-keyword-refinement-20261010/arms/c/run3/revisions/d3a2144d249d4bc7962321b89f3da394/visual_review.json
 create mode 100644 docs/research-evidence/photo-prompt/wardrobe-keyword-refinement-20261010/arms/c/run3/workflow.json
 create mode 100644 docs/research-evidence/photo-prompt/wardrobe-keyword-refinement-20261010/arms/c/run4/revisions/aaa9d01909334a99934115002750f993/authoring_shapes.json
 create mode 100644 docs/research-evidence/photo-prompt/wardrobe-keyword-refinement-20261010/arms/c/run4/revisions/aaa9d01909334a99934115002750f993/request_envelope_input.json
 create mode 100644 docs/research-evidence/photo-prompt/wardrobe-keyword-refinement-20261010/arms/c/run4/revisions/aaa9d01909334a99934115002750f993/request_raw.json
 create mode 100644 docs/research-evidence/photo-prompt/wardrobe-keyword-refinement-20261010/arms/c/run4/workflow.json
 create mode 100644 docs/research-evidence/photo-prompt/wardrobe-keyword-refinement-20261010/arms/c/run4_init_recovery.json
 create mode 100644 docs/research-evidence/photo-prompt/wardrobe-keyword-refinement-20261010/arms/c/run5/.staging/1824aa648e1344cb8fe6a47ecf2524ce.composed.json
 create mode 100644 docs/research-evidence/photo-prompt/wardrobe-keyword-refinement-20261010/arms/c/run5/.staging/dea3af11564147398c7f5391298724c7.request.json
 create mode 100644 docs/research-evidence/photo-prompt/wardrobe-keyword-refinement-20261010/arms/c/run5/.staging/retrieve/pack.json
 create mode 100644 docs/research-evidence/photo-prompt/wardrobe-keyword-refinement-20261010/arms/c/run5/.staging/retrieve/receipt.json
 create mode 100644 docs/research-evidence/photo-prompt/wardrobe-keyword-refinement-20261010/arms/c/run5/.staging/retrieve/transaction.json
 create mode 100644 docs/research-evidence/photo-prompt/wardrobe-keyword-refinement-20261010/arms/c/run5/revisions/014feb37484d4d5d81863f7d6f08f647/render_request.json
 create mode 100644 docs/research-evidence/photo-prompt/wardrobe-keyword-refinement-20261010/arms/c/run5/revisions/014feb37484d4d5d81863f7d6f08f647/runtime_audit.json
 create mode 100644 docs/research-evidence/photo-prompt/wardrobe-keyword-refinement-20261010/arms/c/run5/revisions/1ed5215bbf104a7890eee986c8256047/pack.json
 create mode 100644 docs/research-evidence/photo-prompt/wardrobe-keyword-refinement-20261010/arms/c/run5/revisions/1ed5215bbf104a7890eee986c8256047/runtime_receipt.json
 create mode 100644 docs/research-evidence/photo-prompt/wardrobe-keyword-refinement-20261010/arms/c/run5/revisions/232859c213164a7aa96bf8cbdaea185c/retry_context.json
 create mode 100644 docs/research-evidence/photo-prompt/wardrobe-keyword-refinement-20261010/arms/c/run5/revisions/232859c213164a7aa96bf8cbdaea185c/retry_proof.json
 create mode 100644 docs/research-evidence/photo-prompt/wardrobe-keyword-refinement-20261010/arms/c/run5/revisions/3781ec7887a744ccb8fb7c23a91e1fa8/generic_review_shape.json
 create mode 100644 docs/research-evidence/photo-prompt/wardrobe-keyword-refinement-20261010/arms/c/run5/revisions/3781ec7887a744ccb8fb7c23a91e1fa8/visual_review_shape.json
 create mode 100644 docs/research-evidence/photo-prompt/wardrobe-keyword-refinement-20261010/arms/c/run5/revisions/8aca876bdb7c47dfa3656435c68a014a/creative_controls.json
 create mode 100644 docs/research-evidence/photo-prompt/wardrobe-keyword-refinement-20261010/arms/c/run5/revisions/9f0d36513cff4bfab049a830c043bca0/authoring_shapes.json
 create mode 100644 docs/research-evidence/photo-prompt/wardrobe-keyword-refinement-20261010/arms/c/run5/revisions/9f0d36513cff4bfab049a830c043bca0/request_envelope_input.json
 create mode 100644 docs/research-evidence/photo-prompt/wardrobe-keyword-refinement-20261010/arms/c/run5/revisions/9f0d36513cff4bfab049a830c043bca0/request_raw.json
 create mode 100644 docs/research-evidence/photo-prompt/wardrobe-keyword-refinement-20261010/arms/c/run5/revisions/a7026c03703b48d4a9cd3222db1bdbe7/generic_review.json
 create mode 100644 docs/research-evidence/photo-prompt/wardrobe-keyword-refinement-20261010/arms/c/run5/revisions/a7026c03703b48d4a9cd3222db1bdbe7/review_audit.json
 create mode 100644 docs/research-evidence/photo-prompt/wardrobe-keyword-refinement-20261010/arms/c/run5/revisions/a7026c03703b48d4a9cd3222db1bdbe7/visual_review.json
 create mode 100644 docs/research-evidence/photo-prompt/wardrobe-keyword-refinement-20261010/arms/c/run5/revisions/a86ef5469945480392fbcc0c0eed02a1/authorial_core_input.json
 create mode 100644 docs/research-evidence/photo-prompt/wardrobe-keyword-refinement-20261010/arms/c/run5/revisions/a86ef5469945480392fbcc0c0eed02a1/authorial_core_normalized.json
 create mode 100644 docs/research-evidence/photo-prompt/wardrobe-keyword-refinement-20261010/arms/c/run5/revisions/a86ef5469945480392fbcc0c0eed02a1/baseline.txt
 create mode 100644 docs/research-evidence/photo-prompt/wardrobe-keyword-refinement-20261010/arms/c/run5/revisions/a86ef5469945480392fbcc0c0eed02a1/catalog.json
 create mode 100644 docs/research-evidence/photo-prompt/wardrobe-keyword-refinement-20261010/arms/c/run5/revisions/a86ef5469945480392fbcc0c0eed02a1/embodiment_review.json
 create mode 100644 docs/research-evidence/photo-prompt/wardrobe-keyword-refinement-20261010/arms/c/run5/revisions/a86ef5469945480392fbcc0c0eed02a1/feature_selection.json
 create mode 100644 docs/research-evidence/photo-prompt/wardrobe-keyword-refinement-20261010/arms/c/run5/revisions/a86ef5469945480392fbcc0c0eed02a1/feature_selection_audit.json
 create mode 100644 docs/research-evidence/photo-prompt/wardrobe-keyword-refinement-20261010/arms/c/run5/revisions/a86ef5469945480392fbcc0c0eed02a1/freeze_author_input_hashes.json
 create mode 100644 docs/research-evidence/photo-prompt/wardrobe-keyword-refinement-20261010/arms/c/run5/revisions/a86ef5469945480392fbcc0c0eed02a1/freeze_receipt.json
 create mode 100644 docs/research-evidence/photo-prompt/wardrobe-keyword-refinement-20261010/arms/c/run5/revisions/a86ef5469945480392fbcc0c0eed02a1/request_envelope_normalized.json
 create mode 100644 docs/research-evidence/photo-prompt/wardrobe-keyword-refinement-20261010/arms/c/run5/revisions/e43085bc12714b9c92b3d49f25242bf8/native_plan.json
 create mode 100644 docs/research-evidence/photo-prompt/wardrobe-keyword-refinement-20261010/arms/c/run5/revisions/ec0a7cb8f341421db47a2b542b70aa1f/composed.json
 create mode 100644 docs/research-evidence/photo-prompt/wardrobe-keyword-refinement-20261010/arms/c/run5/revisions/ec0a7cb8f341421db47a2b542b70aa1f/composed_audit.json
 create mode 100644 docs/research-evidence/photo-prompt/wardrobe-keyword-refinement-20261010/arms/c/run5/workflow.json
 create mode 100644 docs/research-evidence/photo-prompt/wardrobe-keyword-refinement-20261010/arms/c/run_manifest.json
 create mode 100644 docs/research-evidence/photo-prompt/wardrobe-keyword-refinement-20261010/arms/c/source_preflight_recovery.json
 create mode 100644 docs/research-evidence/photo-prompt/wardrobe-keyword-refinement-20261010/audit_research_coverage.py
 create mode 100644 docs/research-evidence/photo-prompt/wardrobe-keyword-refinement-20261010/augment_data.py
 create mode 100644 docs/research-evidence/photo-prompt/wardrobe-keyword-refinement-20261010/focused-tests.log
 create mode 100644 docs/research-evidence/photo-prompt/wardrobe-keyword-refinement-20261010/native-manifest-test-initial.py.txt
 create mode 100644 docs/research-evidence/photo-prompt/wardrobe-keyword-refinement-20261010/prepare_arms.py
 create mode 100644 docs/research-evidence/photo-prompt/wardrobe-keyword-refinement-20261010/preservation-verification-final.log
 create mode 100644 docs/research-evidence/photo-prompt/wardrobe-keyword-refinement-20261010/preservation-verification.log
 create mode 100644 docs/research-evidence/photo-prompt/wardrobe-keyword-refinement-20261010/request.txt
 create mode 100644 docs/research-evidence/photo-prompt/wardrobe-keyword-refinement-20261010/research-coverage-audit-final.log
 create mode 100644 docs/research-evidence/photo-prompt/wardrobe-keyword-refinement-20261010/research-coverage-audit-initial-error.log
 create mode 100644 docs/research-evidence/photo-prompt/wardrobe-keyword-refinement-20261010/research-coverage-audit.log
 create mode 100644 docs/research-evidence/photo-prompt/wardrobe-keyword-refinement-20261010/restore-contracts.log
 create mode 100644 docs/research-evidence/photo-prompt/wardrobe-keyword-refinement-20261010/restore_inherited_contracts.py
 create mode 100644 docs/research-evidence/photo-prompt/wardrobe-keyword-refinement-20261010/runtime-publication-before-contract-restoration.json
 create mode 100644 docs/research-evidence/photo-prompt/wardrobe-keyword-refinement-20261010/runtime-publication-final.stderr.log
 create mode 100644 docs/research-evidence/photo-prompt/wardrobe-keyword-refinement-20261010/runtime-publication.json
 create mode 100644 docs/research-evidence/photo-prompt/wardrobe-keyword-refinement-20261010/runtime-publication.stderr.log
 create mode 100644 docs/research-evidence/photo-prompt/wardrobe-keyword-refinement-20261010/semantic-build-final.log
 create mode 100644 docs/research-evidence/photo-prompt/wardrobe-keyword-refinement-20261010/semantic-build.log
 create mode 100644 docs/research-evidence/photo-prompt/wardrobe-keyword-refinement-20261010/verify_preservation.py
 create mode 100644 docs/research-evidence/photo-prompt/wardrobe-keyword-refinement-20261010/visual-build-final.log
 create mode 100644 docs/research-evidence/photo-prompt/wardrobe-keyword-refinement-20261010/visual-build.log
 create mode 100644 docs/research-evidence/photo-prompt/wardrobe-keyword-refinement-20261010/wardrobe-tests-final.log
 create mode 100644 docs/research-evidence/photo-prompt/wardrobe-keyword-refinement-20261010/write_final_delivery.py
 create mode 100644 docs/research-evidence/photo-prompt/wardrobe-keyword-semantics-20261010/CANDIDATE-BLUEPRINTS.json
 create mode 100644 docs/research-evidence/photo-prompt/wardrobe-keyword-semantics-20261010/CARD-CATALOG.md
 create mode 100644 docs/research-evidence/photo-prompt/wardrobe-keyword-semantics-20261010/CARD-SPECS.tsv
 create mode 100644 docs/research-evidence/photo-prompt/wardrobe-keyword-semantics-20261010/COMBINATION-ANALYSIS.json
 create mode 100644 docs/research-evidence/photo-prompt/wardrobe-keyword-semantics-20261010/CONTEXT-BOUNDARIES.json
 create mode 100644 docs/research-evidence/photo-prompt/wardrobe-keyword-semantics-20261010/CURRENT-INVENTORY.json
 create mode 100644 docs/research-evidence/photo-prompt/wardrobe-keyword-semantics-20261010/CURRENT-MATCHED-ROWS.json
 create mode 100644 docs/research-evidence/photo-prompt/wardrobe-keyword-semantics-20261010/IMPLEMENTATION-PLAN.md
 create mode 100644 docs/research-evidence/photo-prompt/wardrobe-keyword-semantics-20261010/KEYWORD-COVERAGE.csv
 create mode 100644 docs/research-evidence/photo-prompt/wardrobe-keyword-semantics-20261010/KEYWORD-COVERAGE.json
 create mode 100644 docs/research-evidence/photo-prompt/wardrobe-keyword-semantics-20261010/KEYWORD-RESEARCH-ROUTING.csv
 create mode 100644 docs/research-evidence/photo-prompt/wardrobe-keyword-semantics-20261010/MANIFEST.json
 create mode 100644 docs/research-evidence/photo-prompt/wardrobe-keyword-semantics-20261010/NATIVE-VALIDATION-PLAN.json
 create mode 100644 docs/research-evidence/photo-prompt/wardrobe-keyword-semantics-20261010/PACKAGE-VALIDATION.json
 create mode 100644 docs/research-evidence/photo-prompt/wardrobe-keyword-semantics-20261010/README.md
 create mode 100644 docs/research-evidence/photo-prompt/wardrobe-keyword-semantics-20261010/REGRESSION-PLAN.json
 create mode 100644 docs/research-evidence/photo-prompt/wardrobe-keyword-semantics-20261010/RESEARCH-COUNTS.json
 create mode 100644 docs/research-evidence/photo-prompt/wardrobe-keyword-semantics-20261010/RESEARCH.md
 create mode 100644 docs/research-evidence/photo-prompt/wardrobe-keyword-semantics-20261010/SEMANTIC-CARDS.json
 create mode 100644 docs/research-evidence/photo-prompt/wardrobe-keyword-semantics-20261010/SOURCES.json
 create mode 100644 docs/research-evidence/photo-prompt/wardrobe-keyword-semantics-20261010/audit_inventory.py
 create mode 100644 docs/research-evidence/photo-prompt/wardrobe-keyword-semantics-20261010/build_research.py
 create mode 100644 docs/research-evidence/photo-prompt/wardrobe-keyword-semantics-20261010/build_validation_plan.py
 create mode 100644 docs/research-evidence/photo-prompt/wardrobe-keyword-semantics-20261010/inputs/import-provenance.json
 create mode 100644 docs/research-evidence/photo-prompt/wardrobe-keyword-semantics-20261010/inputs/wardrobe_keyword_catalog.json
 create mode 100644 docs/research-evidence/photo-prompt/wardrobe-keyword-semantics-20261010/inputs/wardrobe_keyword_catalog.md
 create mode 100644 docs/research-evidence/photo-prompt/wardrobe-keyword-semantics-20261010/validate_package.py
 create mode 100644 docs/research-evidence/photo-prompt/wardrobe-keyword-semantics-20261010/validation/task-start-preservation.json
 create mode 100644 docs/research-evidence/photo-prompt/wardrobe-keyword-semantics-20261010/web-evidence/README.md
 create mode 100644 docs/research-evidence/photo-prompt/wardrobe-keyword-semantics-20261010/web-evidence/boundary-sources.txt
 create mode 100644 docs/research-evidence/photo-prompt/wardrobe-keyword-semantics-20261010/web-evidence/button-down.txt
 create mode 100644 docs/research-evidence/photo-prompt/wardrobe-keyword-semantics-20261010/web-evidence/construction-sources.txt
 create mode 100644 docs/research-evidence/photo-prompt/wardrobe-keyword-semantics-20261010/web-evidence/culture-camera.txt
 create mode 100644 docs/research-evidence/photo-prompt/wardrobe-keyword-semantics-20261010/web-evidence/final-definitions.txt
 create mode 100644 docs/research-evidence/photo-prompt/wardrobe-keyword-semantics-20261010/web-evidence/hanbok-and-structure-search.txt
 create mode 100644 docs/research-evidence/photo-prompt/wardrobe-keyword-semantics-20261010/web-evidence/hanbok-and-structure-verified-search.txt
 create mode 100644 docs/research-evidence/photo-prompt/wardrobe-keyword-semantics-20261010/web-evidence/historical-and-physical.txt
 create mode 100644 docs/research-evidence/photo-prompt/wardrobe-keyword-semantics-20261010/web-evidence/initial-public-search.txt
 create mode 100644 docs/research-evidence/photo-prompt/wardrobe-keyword-semantics-20261010/web-evidence/material-definitions.txt
 create mode 100644 docs/research-evidence/photo-prompt/wardrobe-keyword-semantics-20261010/web-evidence/museum-materials.txt
 create mode 100644 docs/research-evidence/photo-prompt/wardrobe-keyword-semantics-20261010/web-evidence/physical-details.txt
 create mode 100644 docs/research-evidence/photo-prompt/wardrobe-keyword-semantics-20261010/web-evidence/source-verification.txt
 create mode 100644 docs/research-evidence/photo-prompt/wardrobe-keyword-semantics-20261010/web-evidence/textile-definitions.txt
 create mode 100644 docs/research-evidence/photo-prompt/wardrobe-keyword-semantics-20261010/web-evidence/textile-education.txt
 create mode 100644 skills/photo-prompt-image-generator/assets/photo_prompt_semantic_index_shards/901081bd95d8f406/shard-000.json
 create mode 100644 skills/photo-prompt-image-generator/assets/photo_prompt_semantic_index_shards/901081bd95d8f406/shard-001.json
 create mode 100644 skills/photo-prompt-image-generator/assets/photo_prompt_semantic_index_shards/901081bd95d8f406/shard-002.json
 create mode 100644 skills/photo-prompt-image-generator/assets/photo_prompt_semantic_index_shards/901081bd95d8f406/shard-003.json
 create mode 100644 skills/photo-prompt-image-generator/assets/photo_prompt_semantic_index_shards/901081bd95d8f406/shard-004.json
 create mode 100644 skills/photo-prompt-image-generator/assets/photo_prompt_semantic_index_shards/901081bd95d8f406/shard-005.json
 create mode 100644 skills/photo-prompt-image-generator/assets/photo_prompt_semantic_index_shards/901081bd95d8f406/shard-006.json
 create mode 100644 skills/photo-prompt-image-generator/assets/photo_prompt_semantic_index_shards/901081bd95d8f406/shard-007.json
 create mode 100644 skills/photo-prompt-image-generator/assets/photo_prompt_semantic_index_shards/901081bd95d8f406/shard-008.json
 create mode 100644 skills/photo-prompt-image-generator/assets/photo_prompt_semantic_index_shards/901081bd95d8f406/shard-009.json
 create mode 100644 skills/photo-prompt-image-generator/assets/photo_prompt_semantic_index_shards/901081bd95d8f406/shard-010.json
 create mode 100644 skills/photo-prompt-image-generator/assets/photo_prompt_semantic_index_shards/901081bd95d8f406/shard-011.json
 create mode 100644 skills/photo-prompt-image-generator/assets/photo_prompt_semantic_index_shards/901081bd95d8f406/shard-012.json
 create mode 100644 skills/photo-prompt-image-generator/assets/photo_prompt_semantic_index_shards/901081bd95d8f406/shard-013.json
 create mode 100644 skills/photo-prompt-image-generator/assets/photo_prompt_semantic_index_shards/901081bd95d8f406/shard-014.json
 create mode 100644 skills/photo-prompt-image-generator/assets/photo_prompt_semantic_index_shards/901081bd95d8f406/shard-015.json
 create mode 100644 skills/photo-prompt-image-generator/assets/photo_prompt_visual_obligations_wardrobe_owner_relations.json
 create mode 100644 skills/photo-prompt-image-generator/assets/photo_prompt_visual_profile_index_shards/shard-000-861954948ec3bb9fedd7ef53bcb8630c63663c6093541c3cd6dc3911c7745c57.json
 create mode 100644 skills/photo-prompt-image-generator/assets/photo_prompt_visual_profile_index_shards/shard-001-783243811c03c56dccff372339410271113c0fab53d219073992b5f178e3ead3.json
 create mode 100644 skills/photo-prompt-image-generator/assets/photo_prompt_visual_profile_index_shards/shard-002-64a73b688c045ce59812795e7f23e6b0aa9b670a20cc46a0f661018d4939f00c.json
 create mode 100644 skills/photo-prompt-image-generator/assets/photo_prompt_visual_profile_index_shards/shard-003-71b9f42b56bf7548310b66ac2568523037b7ff5897d4e6b7977624ad97327d41.json
 create mode 100644 skills/photo-prompt-image-generator/assets/photo_prompt_visual_profile_index_shards/shard-004-bbe8c8268a72238df3009eb7797acf9b767721611796c379cea0b5066dbf30b2.json
 create mode 100644 skills/photo-prompt-image-generator/assets/photo_prompt_visual_profile_index_shards/shard-005-e11c7829b7e9e1bc9b987c07d1a81050d103eb38248b57b9d20eca7fe795cf52.json
 create mode 100644 skills/photo-prompt-image-generator/assets/photo_prompt_visual_profile_index_shards/shard-006-db45b6e7f8fa3007fb8e4bff4a131ec04a92d98e4b235e608821f109ba733cd1.json
 create mode 100644 skills/photo-prompt-image-generator/assets/photo_prompt_visual_profile_index_shards/shard-007-4f0b5417d0d0afd97c0aa5907415cbaa137fb2c30d8439829ba7a8297f4f1591.json
 create mode 100644 skills/photo-prompt-image-generator/assets/photo_prompt_visual_profile_index_shards/shard-008-782cb2dea17cf4f5b95e921438d5e4711ae3ef2118d707a7c68fb7556827b671.json
 create mode 100644 skills/photo-prompt-image-generator/assets/photo_prompt_visual_profile_index_shards/shard-009-df9e1a9c2956edb2907a813e887ef0c876fd2211596df6de0c7e731d735d7ba0.json
 create mode 100644 skills/photo-prompt-image-generator/assets/photo_prompt_visual_profile_index_shards/shard-010-0772be685ed4658b8f9a275fc57a05c92c61e5e21d70dadb8b4abf8b49ae385d.json
 create mode 100644 skills/photo-prompt-image-generator/assets/photo_prompt_visual_profile_index_shards/shard-011-11f8e6cf04180529cb6ea551e435356d4422f4f65cb2e7ffadf2090e46dc51e5.json
 create mode 100644 skills/photo-prompt-image-generator/assets/photo_prompt_visual_profile_index_shards/shard-012-3fca093e695702c1640b92899192eeded27e3f7d835ff45dd66a6c60a60644f9.json
 create mode 100644 skills/photo-prompt-image-generator/assets/photo_prompt_visual_profile_index_shards/shard-013-00e494e0e8061839d544bea4a1191c5b688839d3aaa2f53ebe644042cbc9975e.json
 create mode 100644 skills/photo-prompt-image-generator/assets/photo_prompt_visual_profile_index_shards/shard-014-6dbb60625c1b4e8a5d1c3b09c9932879749831360da9a0969c08c56aee1be5c9.json
 create mode 100644 skills/photo-prompt-image-generator/assets/photo_prompt_visual_profile_index_shards/shard-015-0b0f68da569024a6de33058724c23ba4dcd749597fa6dfa30674f89ff238b154.json
 create mode 100644 skills/photo-prompt-image-generator/assets/photo_prompt_wardrobe_owner_relations_extension.json
 create mode 100644 tests/test_photo_native_independent_manifest.py
 create mode 100644 tests/test_photo_wardrobe_owner_relations.py
