term_id,section,source_term,card_id,priority,meaning_class,decision,source_ids,candidate_neighbor_ids,profile_neighbor_ids,property_paths_proposal
AF001,01,클래식 — Classic,AFR001,P2,style_family,review_existing_equivalence_then_reuse_or_extend,S08,classic_elegant;buzz_cut;chrh_hair_topology_chignon;red_lip_classic;photo_3_2;classic_mustache;classic_tapered_wing_liner;penny_loafers,chrh_rel_hair_topology_chignon,wardrobe.details.layer_order;wardrobe.details.tailoring_front
AF002,01,프레피 — Preppy,AFR001,P2,style_family,review_existing_equivalence_then_reuse_or_extend,S08,dark_academia_tweed_outfit;dark_academia_tweed_outfit;penny_loafers,,wardrobe.details.layer_order;wardrobe.details.tailoring_front
AF003,01,아이비 스타일 — Ivy style,AFR001,P2,style_family,inspect_equivalent_structure_then_add_distinct_variant_only_if_needed,S08,,,wardrobe.details.layer_order;wardrobe.details.tailoring_front
AF004,01,트래드 — Trad / Traditional,AFR001,P2,style_family,review_existing_equivalence_then_reuse_or_extend,S08,traditional_editorial_photo;traditional_portrait;adult_gugak_instrument_performer;street_vendor;traditional_korean_model;traditional_craftsperson;framer_restorer_role_model;paper_umbrella_prop;gugak_instrument_rehearsal_room;traditional_market;snow_temple_pavilion;traditional_shrine_interior;serene_traditional;traditional_zither_wood_string_bridge_surface;ritual_traditional_profile;opening_hybrid_veranda_architecture_2,opening_hybrid_veranda_architecture,wardrobe.details.layer_order;wardrobe.details.tailoring_front
AF005,01,다크 아카데미아 — Dark academia,AFR002,P2,style_family,review_existing_equivalence_then_reuse_or_extend,S11;S08,dark_academia_reader;dark_academia_book_stack;dark_academia_tweed_outfit;dark_academia_tweed_outfit;brass_candlestick_prop;oak_library_dark_academia;dark_academia_study_tabletop;dark_academia;dark_academia_still_life,,wardrobe.color;wardrobe.details.layer_order
AF006,01,라이트 아카데미아 — Light academia,AFR002,P2,style_family,review_existing_equivalence_then_reuse_or_extend,S11;S08,light_academia_knit_layers;light_academia_aesthetic,,wardrobe.color;wardrobe.details.layer_order
AF007,01,콰이어트 럭셔리 — Quiet luxury,AFR003,P2,style_family,review_existing_equivalence_then_reuse_or_extend,S15;S08,old_money_tailored_layers;quiet_diffuse_material_gallery_lighting;greige_camel_cream_quiet_palette;quiet_luxury_aesthetic;old_money_aesthetic,low_brand_prominence_material_luxury,wardrobe.color;wardrobe.details.tailoring_front
AF008,01,올드머니 룩 — Old-money aesthetic,AFR003,P2,style_family,review_existing_equivalence_then_reuse_or_extend,S15;S08,old_money_aesthetic,,wardrobe.color;wardrobe.details.tailoring_front
AF009,01,미니멀리즘 — Minimalism,AFR003,P2,style_family,review_existing_equivalence_then_reuse_or_extend,S15;S08,stone_wood_brass_precision_junction_surface;quiet_luxury_aesthetic;architectural_material_luxury_aesthetic,low_brand_prominence_material_luxury,wardrobe.color;wardrobe.details.tailoring_front
AF010,01,프렌치 시크 — French chic,AFR003,P2,style_family,inspect_equivalent_structure_then_add_distinct_variant_only_if_needed,S15;S08,,,wardrobe.color;wardrobe.details.tailoring_front
AF011,01,헤리티지 — Heritage,AFR004,P2,style_family,review_existing_equivalence_then_reuse_or_extend,S02;S08,heritage_restorer_role_model;building_reinforced_travel_case_frame;comparing_archive_sample_with_new_iteration;archive_reinterpretation_material_study;reinforced_travel_case_corner_sample;archive_sample_new_iteration_pair;gugak_instrument_rehearsal_room;heritage_restoration_lab;heritage_travel_case_workshop;pal_app_beige_grid_red_line;wood_canvas_leather_brass_travel_structure_surface;heritage_reinterpretation_luxury_aesthetic;heritage_travel_object_luxury_aesthetic,heritage_travel_object_construction;pa_crossing_lines_same_carrier,wardrobe.details.utility_pocket_closure;wardrobe.details.layer_order
AF012,01,컨트리 룩 — Country style,AFR004,P2,style_family,inspect_equivalent_structure_then_add_distinct_variant_only_if_needed,S02;S08,,,wardrobe.details.utility_pocket_closure;wardrobe.details.layer_order
AF013,01,이퀘스트리언 — Equestrian,AFR004,P2,style_family,review_existing_equivalence_then_reuse_or_extend,S02;S08,equestrian_rider;equestrian_dust_arena,,wardrobe.details.utility_pocket_closure;wardrobe.details.layer_order
AF014,01,워크웨어 — Workwear,AFR005,P2,style_family,review_existing_equivalence_then_reuse_or_extend,S02;S22,miner_workwear_hard_hat;mine_workwear_hidden_silk_lining;clinical_nursing_scrub_duty_system;emt_high_visibility_transport_uniform;rail_platform_dispatch_uniform;professional_kitchen_protective_workwear;rugged_workwear_layers;clt_ct028_v1;chef_temperature_ticket_hygiene_check;indigenous_futurisms_world_landcare_location;pov_paid_work_cost_gap_composition,clinical_nursing_duty_system;emergency_medical_transport_system;clothing_ct028_v1,wardrobe.details.utility_pocket_closure
AF015,01,유틸리티 — Utility,AFR005,P2,style_family,review_existing_equivalence_then_reuse_or_extend,S02;S22,humanoid_labor_robot;quadruped_utility_robot;photographer_utility_vest_costume;police_public_safety_duty_uniform;cargo_utility_tank_set;y2kr_cargo_mini;y2kr_cargo_capri;sheathed_utility_knife_prop;real_survival_knife;pov_service_source_coping_composition;sage_green_palette;khaki_utility_coded;unif_utility_pockets_beside_closure,police_public_safety_duty_system;y2kr_cargo_mini;y2kr_cargo_capri;uniform_utility_pockets_beside_closure,wardrobe.details.utility_pocket_closure
AF016,01,밀리터리 — Military-inspired,AFR005,P2,style_family,review_existing_equivalence_then_reuse_or_extend,S02;S22,military_dress_uniform_costume,,wardrobe.details.utility_pocket_closure
AF017,01,고프코어 — Gorpcore,AFR006,P2,style_family,review_existing_equivalence_then_reuse_or_extend,S12,gorpcore_aesthetic,,wardrobe.details.layer_order;wardrobe.material
AF018,01,보헤미안 / 보호 — Bohemian / Boho,AFR007,P2,style_family,review_existing_equivalence_then_reuse_or_extend,S09;S38,wuxia_cosplay_model;xia_protective_intervention_group;vc_atrocity_declared_target_subject;huipil_rectilinear_tunic_system;firefighter_turnout_ppe_system;professional_kitchen_protective_workwear;xia_protective_interposition;vc_atrocity_campaign_breach_action;sorting_and_preparing_fandom_event_materials;xianxia_sect_formation_repair_action;ability_academy_practical_exam_action;character_affection_distance_spectrum_scene_action;ctx_c022;ctx_c158;reflective_cased_plate_viewing_context;subculture_fandom_material_capture;rapier_museum_reference_prop;bt_overload_rating_prop;vc_atrocity_status_record_prop;vc_minor_crime_intervention_prop;xianxia_sect_formation_repair_prop;bt_overload_dependency_location;vc_atrocity_conflict_location;vc_minor_crime_context_location;industrial_electronic_club_floor;quiet_fandom_collection_exchange_table;hr_hospital_protection_gap;xia_intervention_three_role_blocking;vc_atrocity_causal_map_composition;vc_minor_crime_relation_composition;ri_ballgame_player_readable_composition;xia_intervention_immediate_release;gaowu_surface_material;heritage_travel_object_luxury_aesthetic;vc_minor_crime_relation_aesthetic;hr_exorcism_contested_threshold;hr_talisman_bridge_seam;final_fitting_function_check_phase;sort_protect_exchange_prepare_step;xianxia_sect_procedure_step;des_covetous_owner_response_cue;place_secured_temporary_closure_state;xianxia_sect_formation_repair_occasion;protective_linen_rebirth_core;vulnerability_vs_protection_tension;hr_safe_boundary_failure,wearable_protective_armor_system;heritage_travel_object_construction;rapier_acute_point_elaborate_guard;xia_protective_intervention_event;firefighter_protective_response_system;maritime_safety_coast_guard_role;genocidal_group_destruction_campaign;armed_conflict_protected_status_breach;daguerreotype_reflective_cased_plate_object;y2kr_boho_palette;ri_ballgame_player;sca_g14;hvr_profile_exorcism_contested_threshold;hvr_profile_hospital_protection_gap;hvr_profile_talisman_bridge_seam;hvr_profile_safe_boundary_failure,wardrobe.details.tassel_fringe_braid;wardrobe.details.hardware
AF019,01,웨스턴 — Western,AFR007,P2,style_family,review_existing_equivalence_then_reuse_or_extend,S09;S38,western_death_personification_agent;western_frontier_outfit;western_frontier_station;jianghu_frontier_inn_hall;western_frontier_world;ri_five_buddha_families_readable_composition;y2kr_western_belt;mortality_agent_intervention;western_cowboy_boots,korean_afterlife_guide_escort;western_death_personification;jianghu_inn_identity_standoff;y2kr_western_belt,wardrobe.details.tassel_fringe_braid;wardrobe.details.hardware
AF020,01,바이커 — Biker / Moto,AFR008,P2,style_family,review_existing_equivalence_then_reuse_or_extend,S05;S09,y2kr_moto_jacket;y2kr_moto_bag;biker_short_thigh_knee_landmark,exercise_dress_integrated_short_liner;cycling_bib_shorts_strap_pad_continuity;y2kr_moto_jacket;y2kr_moto_bag,wardrobe.details.hardware;wardrobe.details.wardrobe_straps
AF021,01,그런지 — Grunge,AFR008,P2,style_family,review_existing_equivalence_then_reuse_or_extend,S05;S09,nineties_grunge_editorial;soft_grunge_aesthetic;smudged_soft_grunge_liner,,wardrobe.details.hardware;wardrobe.details.wardrobe_straps
AF022,01,펑크 — Punk,AFR008,P2,style_family,review_existing_equivalence_then_reuse_or_extend,S05;S09,punk_band_vocalist;adult_goth_scene_participant;adult_diy_punk_venue_collective;goth_postpunk_self_styling;assembling_goth_scene_style_for_venue;punk_rococopunk_mechanism_prop;punk_rococopunk_maintenance_handoff_prop;small_postpunk_music_venue;punk_rococopunk_world_core;sff_pro_x01;sff_extra_xa050;sff_extra_xa051;sff_extra_xa052,,wardrobe.details.hardware;wardrobe.details.wardrobe_straps
AF023,01,고스 / 고딕 — Goth / Gothic,AFR009,P2,style_family,review_existing_equivalence_then_reuse_or_extend,S09;S16,gothic_doll_cosplayer;adult_goth_scene_participant;silver_blonde_gothic_hair;deep_burgundy_wine_hair;gothic_dark_makeup;cool_dusty_rose_bean_lip;sharp_lifted_eyeliner_lower_lid;half_lidded_menacing_distant_gaze;gothic_lolita_dress;gothic_doll_lace_dress;victorian_gothic_dress;dark_spaghetti_strap_top;goth_postpunk_self_styling;gothic_doll_still_pose;ornate_gothic_perfume_bottle;gothic_candle_studio;gothic_glass_curio_cabinet;pf_brick_castle_location;pf_venetian_arcade_location;orn_gd52;orn_gd69;victorian_gothic_world;punk_raypunk_world_core;punk_lunarpunk_world_core;pf_brick_castle_composition;pf_venetian_arcade_composition;gothic_melancholy;dark_intimate_gothic_tension;romantic_decay_mood;orn_gd51;sff_pro_x04;red_colored_contact_lenses;catlike_narrow_eye_shape;y2kr_blackletter;romantic_decay_core;hr_gothic_past_present,decadent_languor_environment;pf_brick_castle;pf_venetian_arcade;y2kr_goth_palette;y2kr_blackletter;y2kr_goth_motif;orn_profile_gd51;hvr_profile_gothic_past_present,wardrobe.material;wardrobe.color;wardrobe.details.layer_order
AF024,01,다크 로맨틱 — Dark romantic,AFR009,P2,style_family,review_existing_equivalence_then_reuse_or_extend,S09;S16,vamp_romantic,,wardrobe.material;wardrobe.color;wardrobe.details.layer_order
AF025,01,발레코어 — Balletcore,AFR010,P2,style_family,review_existing_equivalence_then_reuse_or_extend,S10;S13,balletcore_aesthetic;coquette_balletcore_flatlay,,wardrobe.details.layer_order;wardrobe.details.wardrobe_trim
AF026,01,코케트 — Coquette,AFR010,P2,style_family,review_existing_equivalence_then_reuse_or_extend,S10;S13,satin_ribbon_flatlay_prop;coquette_tea_table_flatlay;hair_ribbon_bow;coquette_aesthetic;coquette_balletcore_flatlay,playful_flirtation_interaction,wardrobe.details.layer_order;wardrobe.details.wardrobe_trim
AF027,01,Y2K,AFR011,P2,style_family,review_existing_equivalence_then_reuse_or_extend,S14;S16,y2k_desk_gadget_stack;adult_y2k_revival_stylist;kpop_glossy_y2k_stagewear;capri_cropped_windbreaker;contemporary_heisei_y2k_layers;styling_contemporary_heisei_y2k_revival;retro_flip_phone_prop;beaded_phone_charm_prop;y2k_scrapbook_tabletop;y2k;vaporwave_y2k;y2k_chrome_editorial;kpop_y2k_album_world;lit_direct_flash_snapshot;lit_direct_flash_camera_axis;lit_direct_flash_small_speedlight;lit_direct_flash_near_far_drop;lit_direct_flash_crisp_close_shadow;kpop_y2k_pastel_chrome;lit_direct_flash_neutral_cool_balance;y2kr_warm_denim_palette;cyber_y2k_aesthetic;y2k_dailywear_nostalgia;y2k_indie_sleaze_flatlay;lit_direct_flash_glossy_snapshot_finish;wedge_sneakers;skirt_over_pants_layering,y2kr_warm_denim_palette;y2kr_pop_palette;y2kr_cyber_palette;y2kr_sport_palette;y2kr_rave_palette;y2kr_goth_motif,wardrobe.length.hem_landmark;wardrobe.details.layer_order
AF028,01,오피스 사이렌 — Office siren,AFR012,P2,style_family,review_existing_equivalence_then_reuse_or_extend,S14,office_siren_aesthetic;office_look_not_siren_guard,,wardrobe.details.tailoring_front;wardrobe.structure.front_fastener
AF029,01,란제리 드레싱 — Lingerie dressing,AFR013,P1,style_family,inspect_equivalent_structure_then_add_distinct_variant_only_if_needed,S16,,,wardrobe.details.layer_order;wardrobe.details.corset_bustier
AF030,02,트렌치코트 — Trench coat,AFR014,P1,variant_family,review_existing_equivalence_then_reuse_or_extend,S01,detective_trench_coat_costume;clt_ct009_v1,clothing_ct009_v1,wardrobe.details.trench_components
AF031,02,맥 코트 — Mac coat,AFR015,P0,variant_family,inspect_equivalent_structure_then_add_distinct_variant_only_if_needed,S04,,,wardrobe.structure.sleeve_attachment;wardrobe.structure.front_fastener
AF032,02,발마칸 코트 — Balmacaan coat,AFR015,P0,variant_family,inspect_equivalent_structure_then_add_distinct_variant_only_if_needed,S04,,,wardrobe.structure.sleeve_attachment;wardrobe.structure.front_fastener
AF033,02,피코트 — Peacoat,AFR016,P0,variant_family,inspect_equivalent_structure_then_add_distinct_variant_only_if_needed,S04;S03,,,wardrobe.details.tailoring_front;wardrobe.structure.front_fastener
AF034,02,더플코트 — Duffle coat,AFR016,P0,variant_family,inspect_equivalent_structure_then_add_distinct_variant_only_if_needed,S04;S03,,,wardrobe.details.tailoring_front;wardrobe.structure.front_fastener
AF035,02,랩 코트 — Wrap coat,AFR017,P1,variant_family,inspect_equivalent_structure_then_add_distinct_variant_only_if_needed,S04;S38,,,wardrobe.panel.structure;wardrobe.details.layer_order
AF036,02,로브 코트 — Robe coat,AFR017,P1,variant_family,inspect_equivalent_structure_then_add_distinct_variant_only_if_needed,S04;S38,,,wardrobe.panel.structure;wardrobe.details.layer_order
AF037,02,코쿤 코트 — Cocoon coat,AFR018,P1,variant_family,inspect_equivalent_structure_then_add_distinct_variant_only_if_needed,S04;S19,,,wardrobe.silhouette.torso_outline;wardrobe.length.hem_landmark
AF038,02,더스터 — Duster,AFR018,P1,variant_family,inspect_equivalent_structure_then_add_distinct_variant_only_if_needed,S04;S19,,,wardrobe.silhouette.torso_outline;wardrobe.length.hem_landmark
AF039,02,케이프 — Cape,AFR019,P1,variant_family,review_existing_equivalence_then_reuse_or_extend,S22;S38,andean_poncho_panel_system;clt_ct011_v1;clt_ct011_v2;ccx_cc26_02;unif_hood_belt_cape_layers,costume_ccx_cc26_02;uniform_hood_belt_cape_layers;clothing_ct011_v1,wardrobe.details.cape_cloak_poncho
AF040,02,판초 — Poncho,AFR019,P1,variant_family,review_existing_equivalence_then_reuse_or_extend,S22;S38,andean_poncho_panel_system;clt_ct011_v1;clt_ct011_v2;poncho_central_neck_front_back_panels,andean_poncho_central_opening_panel_system;clothing_ct011_v2,wardrobe.details.cape_cloak_poncho
AF041,02,블레이저 — Blazer,AFR020,P1,variant_family,review_existing_equivalence_then_reuse_or_extend,S04;S19;S32,teacher_blazer_uniform;coordinated_school_uniform_system;clean_blazer_trousers;athletic_shorts_oversized_blazer;school_uniform_component_inspection;jacket_lapel_settle_action;sport_luxe_fandom;school_uniform_consistent_trim_system;visible_bralette_tailored_blazer_layer;sculpted_power_shoulders;oversized_top_tiny_bottom,school_uniform_institutional_system;underwear_as_outerwear_layer_system,wardrobe.details.tailoring_front;wardrobe.length.hem_landmark;wardrobe.material.visible_weave
AF042,02,싱글브레스티드 — Single-breasted,AFR020,P1,variant_family,review_existing_equivalence_then_reuse_or_extend,S04;S19;S32,clt_ct012_v2,clothing_ct012_v2,wardrobe.details.tailoring_front;wardrobe.length.hem_landmark;wardrobe.material.visible_weave
AF043,02,더블브레스티드 — Double-breasted,AFR020,P1,variant_family,inspect_equivalent_structure_then_add_distinct_variant_only_if_needed,S04;S19;S32,,,wardrobe.details.tailoring_front;wardrobe.length.hem_landmark;wardrobe.material.visible_weave
AF044,02,오버사이즈 블레이저 — Oversized blazer,AFR020,P1,variant_family,review_existing_equivalence_then_reuse_or_extend,S04;S19;S32,athletic_shorts_oversized_blazer,,wardrobe.details.tailoring_front;wardrobe.length.hem_landmark;wardrobe.material.visible_weave
AF045,02,크롭 재킷 — Cropped jacket,AFR020,P1,variant_family,review_existing_equivalence_then_reuse_or_extend,S04;S19;S32,street_jacket_boots;fit_ff04_v1_candidate;y2kr_crop_low,y2kr_crop_low;fit_ff04_v1,wardrobe.details.tailoring_front;wardrobe.length.hem_landmark;wardrobe.material.visible_weave
AF046,02,트위드 재킷 — Tweed jacket,AFR020,P1,variant_family,review_existing_equivalence_then_reuse_or_extend,S04;S19;S32,dark_academia_tweed_outfit;dark_academia_tweed_outfit,,wardrobe.details.tailoring_front;wardrobe.length.hem_landmark;wardrobe.material.visible_weave
AF047,02,라이더 / 모토 재킷 — Biker / Moto jacket,AFR021,P1,variant_family,review_existing_equivalence_then_reuse_or_extend,S05,motorcycle_rider_model;black_leather_rider_outfit;black_leather_rider_outfit;y2kr_moto_jacket;biker_short_thigh_knee_landmark,exercise_dress_integrated_short_liner;cycling_bib_shorts_strap_pad_continuity;y2kr_moto_jacket,wardrobe.details.hardware;wardrobe.structure.front_fastener
AF048,02,보머 재킷 — Bomber jacket,AFR022,P1,variant_family,review_existing_equivalence_then_reuse_or_extend,S08;S22,casual_bomber_jacket_miniskirt,,wardrobe.details.bomber_finish;wardrobe.color
AF049,02,바시티 재킷 — Varsity jacket,AFR022,P1,variant_family,inspect_equivalent_structure_then_add_distinct_variant_only_if_needed,S08;S22,,,wardrobe.details.bomber_finish;wardrobe.color
AF050,02,해링턴 재킷 — Harrington jacket,AFR023,P0,variant_family,inspect_equivalent_structure_then_add_distinct_variant_only_if_needed,S06,,,wardrobe.details.bomber_finish;wardrobe.structure.front_fastener
AF051,02,트러커 재킷 — Trucker jacket,AFR024,P1,variant_family,inspect_equivalent_structure_then_add_distinct_variant_only_if_needed,S07,,,wardrobe.details.utility_pocket_closure;wardrobe.surface.denim_chambray
AF052,02,셔킷 — Shacket,AFR025,P0,variant_family,inspect_equivalent_structure_then_add_distinct_variant_only_if_needed,S02;S22,,,wardrobe.details.utility_pocket_closure;wardrobe.details.wardrobe_structure
AF053,02,초어 재킷 — Chore jacket,AFR025,P0,variant_family,inspect_equivalent_structure_then_add_distinct_variant_only_if_needed,S02;S22,,,wardrobe.details.utility_pocket_closure;wardrobe.details.wardrobe_structure
AF054,02,반 재킷 — Barn jacket,AFR025,P0,variant_family,inspect_equivalent_structure_then_add_distinct_variant_only_if_needed,S02;S22,,,wardrobe.details.utility_pocket_closure;wardrobe.details.wardrobe_structure
AF055,02,필드 / 사파리 재킷 — Field / Safari jacket,AFR025,P0,variant_family,review_existing_equivalence_then_reuse_or_extend,S02;S22,crime_scene_reporter;horse_in_field;field_reporter;agricultural_field_robot;disaster_search_robot;field_biologist_role_model;field_air_quality_station;rail_switch_actuator;seasonal_vegetable_crate;military_uniform_duty_model;aeolian_dune_field_subject;volcanic_hydrothermal_field_subject;submerged_settlement_structure_subject;conworld_cartography_world_survey_subject;speculative_evolution_world_field_subject;original_species_world_field_subject;multispecies_world_corridor_subject;cryptid_folklore_world_field_subject;rule_horror_contradictory_route_subject;urban_occult_jurisdiction_handoff_subject;character_face_gaze_impression_scene_subject;character_nonhuman_expression_scene_subject;character_companion_reciprocity_scene_subject;insurance_field_coat;military_field_uniform_system;emt_high_visibility_transport_uniform;collecting_air_sample;inspecting_rail_switch;military_uniform_duty_inspection;bt_phase_driving_action;ep_half_drawn_curtain_pause;urban_occult_transit_investigation_action;ia_field_measure;soil_e082;instrument_confusion_pair_diagnostic_capture;thermal_field_survey_capture;fixed_camera_trap_capture;cross_polarized_birefringence_capture;fixed_roi_time_series_capture;registered_multichannel_capture;repeat_viewpoint_place_capture;front_camera_low_light_response_advisory;rule_horror_capture_context;urban_occult_capture_context;real_survival_knife;sonar_anomaly_tablet_prop;field_notebook_binoculars_prop;field_notebook_unreadable_prop;survey_quadrat_frame;unclaimed_memorial_record_prop;microscope_pitch_reference_slide;black_hole_emission_ring_measurement_prop;orn_gd07;orn_gd10;orn_gd19;orn_gd27;orn_gd53;electric_electromagnet_attracted_parts;snow_field;wildflower_field;aurora_borealis_field;overgrown_flower_field;night_sky_field;farm_field_at_dawn;field_biology_hide;wildflower_meadow_dusk;urban_air_monitoring_rooftop;aeolian_dune_crosswind_location;hydrothermal_vent_field_location;primordial_sea_combat_location;forming_landform_location;submerged_street_foundation_location;fixed_legend_stone_location;sunlit_comet_encounter_field;deep_field_interacting_galaxies_location;interferometric_reconstruction_display_location;coronagraph_outer_corona_location;speculative_evolution_world_field_location;original_species_world_field_location;mecha_kaiju_kaiju_evacuation_location;character_face_gaze_impression_scene_location;soil_e062;lit_noir_selective_gobo_pool;orn_gd66;pal_app_red_navy_violet_noir_light;scan_line_light;lit_window_diffused_daylight_field;lit_practical_pool_ambient_balance;pc_px07_component_1;third_grid_focal_anchor_relation;asymmetric_counterbalance_relation;subject_field_negative_space_relation;vent_plume_altered_ground_frame;earth_diver_surface_return_composition;cme_coronagraph_radial_composition;pc_pc01_component_4;pc_pc06_component_3;pc_pc26_component_2;pc_pc26_component_4;pc_px02_component_3;pc_px07_component_2;mg_text_mask;mg_lower_third;mg_feathered_edge;mg_silhouette_clip;pc_px07_component_3;sf_089_base;85mm;drone_topdown;actioncam_ultrawide;shallow_depth;rb_readable_environment_focus_candidate;rb_depth_focus_continuity_candidate;pr_focus_plane_subject_falloff_candidate;wind_response_motion;cr_candidate_accented_analogous;cr_candidate_high_chroma;cr_candidate_low_chroma;cr_candidate_vivid_on_muted;cr_candidate_muted_on_vivid;cr_candidate_uniform_chroma;cr_candidate_dark_on_dark;cr_candidate_light_on_light;cr_candidate_chromatic_subject;cr_candidate_neutral_subject;cr_candidate_color_blocks;cr_advisory_temperature_field;pal_app_neutral_cobalt_accent;pal_app_electric_blue_lime;pal_app_black_oxblood_bone;matching_reflections_and_depth;water_w030;water_w031;oil_stained_metal_surface;hw_damask_tonal_pattern_1;cryptid_folklore_world_surface_material;urban_occult_surface_material;pal_app_black_antique_gold_ivory;pal_app_ivory_champagne_gold;pal_app_aubergine_old_gold;pal_app_ice_white_platinum;pal_app_silver_iceblue_white_chrome;volcanic_hydrothermal_field_aesthetic;bt_phase_nucleation_aesthetic;theremin_split_antenna_field_direction;theremin_no_contact_dual_field_relation;sustained_instrument_control_phase;repeat_viewpoint_alignment_step;conworld_cartography_world_procedure_step;rule_horror_procedure_step;urban_occult_procedure_step;ep_curtain_half_drawn_light_change;hr_dust_removed_silhouette;microscope_field_pov;balanced_contour_highlight_dimension;rb_optional_lens_falloff_candidate;luminous_pollen_glow;fire_f026;unif_contrasting_robe_sleeves;unif_kesa_patchwork_outer_border;unif_blue_frock_collar_cuffs;palette_role_hierarchy_relation;multispecies_world_corridor_occasion;rule_horror_contradictory_route_occasion;keyboard_percussion_standing_reach_pose;theremin_split_hand_field_pose;rule_horror_narrative_core,medium_native_glitch;diegetic_reality_invariant_failure;military_uniform_duty_system;contour_highlight_cosmetic_sculpting;balayage_ribbon_color_placement;earth_diver_first_land_creation;auroral_arc_curtain_atmosphere;bloodstain_observation_documentation;phase_transition_nucleation_growth;wide_angle_near_field_perspective;telephoto_distance_compression_relation;split_diopter_dual_focus_planes;backlit_silhouette_mass_relation;high_key_tonal_distribution;tenebrist_dark_field_isolation;blue_hour_ambient_practical_balance;third_grid_focal_anchor_relation;asymmetric_counterbalance_relation;look_motion_room_direction_relation;subject_field_negative_space_relation;handled_environment_surface_layer;patterned_cast_shadow_receiver_continuity;cyanotype_contact_print_prussian_blue_relation;smartphone_ultrawide_near_far_perspective_relation;uniform_blue_frock_collar_cuffs;cr_accented_analogous;cr_high_chroma;cr_low_chroma;cr_vivid_on_muted;cr_muted_on_vivid;cr_uniform_chroma;cr_dark_on_dark;cr_light_on_light;cr_chromatic_subject;cr_neutral_subject;cr_color_blocks;rb_optional_lens_falloff;uniform_contrasting_robe_sleeves;uniform_kesa_patchwork_outer_border;mg_text_mask_relation;mg_lower_third_relation;mg_feathered_edge_relation;mg_silhouette_clip_relation;ia_profile_field_measure;orn_profile_gd07;orn_profile_gd10;orn_profile_gd19;orn_profile_gd27;orn_profile_gd53;orn_profile_gd66;water_rel_w030;water_rel_w031;pa_neutral_cobalt_owner;pa_bounded_metal_trim;pa_painted_emissive_owners;pa_local_color_under_separate_lights;pa_dark_oxblood_bone_owners;egr_profile_three_owner_palette_roles;soil_rel_e062;soil_rel_e082;sf_profile_089_base,wardrobe.details.utility_pocket_closure;wardrobe.details.wardrobe_structure
AF056,02,퀼팅 재킷 — Quilted jacket,AFR026,P0,variant_family,inspect_equivalent_structure_then_add_distinct_variant_only_if_needed,S02,,,wardrobe.material.visible_weave;wardrobe.material
AF057,02,왁스드 재킷 — Waxed jacket,AFR026,P0,variant_family,inspect_equivalent_structure_then_add_distinct_variant_only_if_needed,S02,,,wardrobe.material.visible_weave;wardrobe.material
AF058,03,풀오버 — Pullover,AFR027,P0,variant_family,review_existing_equivalence_then_reuse_or_extend,S24;S38,clt_ct006_v1;clt_ct006_v2,clothing_ct006_v2,wardrobe.details.cardigan_opening;wardrobe.length.hem_landmark
AF059,03,카디건 — Cardigan,AFR027,P0,variant_family,review_existing_equivalence_then_reuse_or_extend,S24;S38,librarian_cardigan_formal;coordinated_school_uniform_system;knit_cardigan_jeans;sky_blue_ribbed_cardigan_sweatpants;white_tee_cardigan_home;tank_lightweight_summer_layer_wide_trouser_ensemble;clt_ct006_v1;y2kr_crop_cardigan;school_uniform_component_inspection;lightweight_open_knit_layer_surface;adjusting_collar;cardigan_pilling_detail;school_uniform_consistent_trim_system,underwear_as_outerwear_layer_system;y2kr_crop_cardigan;clothing_ct006_v1,wardrobe.details.cardigan_opening;wardrobe.length.hem_landmark
AF060,03,크롭 카디건 — Cropped cardigan,AFR027,P0,variant_family,review_existing_equivalence_then_reuse_or_extend,S24;S38,y2kr_crop_cardigan,y2kr_crop_cardigan,wardrobe.details.cardigan_opening;wardrobe.length.hem_landmark
AF061,03,롱라인 카디건 — Longline cardigan,AFR027,P0,variant_family,inspect_equivalent_structure_then_add_distinct_variant_only_if_needed,S24;S38,,,wardrobe.details.cardigan_opening;wardrobe.length.hem_landmark
AF062,03,트윈세트 — Twinset,AFR028,P0,variant_family,inspect_equivalent_structure_then_add_distinct_variant_only_if_needed,S24;S38,,,wardrobe.details.layer_order;wardrobe.material;wardrobe.color
AF063,03,스웨터 베스트 — Sweater vest,AFR028,P0,variant_family,inspect_equivalent_structure_then_add_distinct_variant_only_if_needed,S24;S38,,,wardrobe.details.layer_order;wardrobe.material;wardrobe.color
AF064,03,슬리브리스 니트 — Sleeveless knit,AFR028,P0,variant_family,inspect_equivalent_structure_then_add_distinct_variant_only_if_needed,S24;S38,,,wardrobe.details.layer_order;wardrobe.material;wardrobe.color
AF065,03,폴로 니트 — Knit polo,AFR029,P1,variant_family,inspect_equivalent_structure_then_add_distinct_variant_only_if_needed,S22;S24,,,wardrobe.details.henley_placket;wardrobe.structure.front_fastener
AF066,03,하프집 니트 — Half-zip knit,AFR029,P1,variant_family,inspect_equivalent_structure_then_add_distinct_variant_only_if_needed,S22;S24,,,wardrobe.details.henley_placket;wardrobe.structure.front_fastener
AF067,03,헨리넥 — Henley,AFR029,P1,variant_family,review_existing_equivalence_then_reuse_or_extend,S22;S24,clt_ct001_v1,clothing_ct001_v1,wardrobe.details.henley_placket;wardrobe.structure.front_fastener
AF068,03,랩 니트 — Wrap knit,AFR030,P1,variant_family,review_existing_equivalence_then_reuse_or_extend,S22;S38,y2kr_wrap_knit,y2kr_wrap_knit,wardrobe.panel.structure;wardrobe.structure.front_fastener
AF069,03,타이프런트 톱 — Tie-front top,AFR030,P1,variant_family,review_existing_equivalence_then_reuse_or_extend,S22;S38,y2kr_tie_front,y2kr_tie_front,wardrobe.panel.structure;wardrobe.structure.front_fastener
AF070,03,볼레로 — Bolero,AFR031,P1,variant_family,review_existing_equivalence_then_reuse_or_extend,S22;S38,tank_lightweight_summer_layer_wide_trouser_ensemble;y2kr_bolero;lightweight_open_knit_layer_surface,y2kr_bolero,wardrobe.details.layer_order;wardrobe.length.hem_landmark
AF071,03,슈러그 — Shrug,AFR031,P1,variant_family,review_existing_equivalence_then_reuse_or_extend,S22;S38,y2kr_shrug;pv_shoulder_raise,y2kr_shrug,wardrobe.details.layer_order;wardrobe.length.hem_landmark
AF072,03,캐미솔 — Camisole,AFR032,P1,variant_family,review_existing_equivalence_then_reuse_or_extend,S16;S17,lace_trim_camisole_wide_denim_ensemble;clt_ct004_v1;clt_ct004_v2;y2kr_cami;camisole_slip_over_shirt_layer;clt_ct155_v1;y2kr_lace_cami,lace_trim_attached_edge;underwear_as_outerwear_layer_system;y2kr_cami;y2kr_lace_cami;clothing_ct004_v1;clothing_ct155_v1,wardrobe.structure.strap_attachment;wardrobe.details.corset_bustier
AF073,03,브라렛 — Bralette,AFR032,P1,variant_family,review_existing_equivalence_then_reuse_or_extend,S16;S17,visible_bralette_tailored_blazer_layer;pfe_neck_foundation_candidate,underwear_as_outerwear_layer_system;pfe_neck_foundation,wardrobe.structure.strap_attachment;wardrobe.details.corset_bustier
AF074,03,밴도 / 튜브톱 — Bandeau / Tube top,AFR032,P1,variant_family,review_existing_equivalence_then_reuse_or_extend,S16;S17,clt_ct004_v1;clt_ct004_v2;y2kr_tube_top;y2kr_bandeau;sw_candidate_bandeau,sw_bandeau;y2kr_tube_top;y2kr_bandeau;clothing_ct004_v2,wardrobe.structure.strap_attachment;wardrobe.details.corset_bustier
AF075,03,보디슈트 — Bodysuit,AFR032,P1,variant_family,review_existing_equivalence_then_reuse_or_extend,S16;S17,chrh_hair_color_state_hair_bikini_structure;tokusatsu_hero_suit;athletic_unitard_continuous_one_piece;y2kr_bodysuit;sff_extra_xa047;exercise_dress_outer_skirt_inner_shorts;sff_extra_xa058,unitard_upper_crotch_leg_continuity;underwear_as_outerwear_layer_system;y2kr_bodysuit,wardrobe.structure.strap_attachment;wardrobe.details.corset_bustier
AF076,03,플란넬 셔츠 — Flannel shirt,AFR033,P1,variant_family,inspect_equivalent_structure_then_add_distinct_variant_only_if_needed,S22;S26,,,wardrobe.material;wardrobe.accessories.neck_wear_position
AF077,03,푸시보 블라우스 — Pussy-bow blouse,AFR033,P1,variant_family,inspect_equivalent_structure_then_add_distinct_variant_only_if_needed,S22;S26,,,wardrobe.material;wardrobe.accessories.neck_wear_position
AF078,04,크루넥 — Crew neck,AFR034,P1,variant_family,inspect_equivalent_structure_then_add_distinct_variant_only_if_needed,S17;S24,,,wardrobe.neckline
AF079,04,터틀넥 / 롤넥 — Turtleneck / Roll neck,AFR034,P1,variant_family,review_existing_equivalence_then_reuse_or_extend,S17;S24,pv_head_tilt,cv_profile_head_tilt,wardrobe.neckline
AF080,04,모크넥 — Mock neck,AFR034,P1,variant_family,review_existing_equivalence_then_reuse_or_extend,S17;S24,clt_ct039_v2,clothing_ct039_v2,wardrobe.neckline
AF081,04,퍼널넥 — Funnel neck,AFR034,P1,variant_family,inspect_equivalent_structure_then_add_distinct_variant_only_if_needed,S17;S24,,,wardrobe.neckline
AF082,04,보트넥 / 바토넥 — Boat / Bateau neck,AFR035,P1,variant_family,review_existing_equivalence_then_reuse_or_extend,S17,coast_guard_rescue_line_recovery;coast_guard_rescue_line_lifebuoy_radio_set;former_service_residue_prop;coast_guard_rescue_boat_deck;dockside_sailorcore;mythic_flood_preservation_aesthetic;clt_ct035_v1;clt_ct035_v2;boat_deck_shoes,maritime_safety_coast_guard_role;mythic_flood_preservation_vessel;ghost_ship_former_vessel_breach;clothing_ct035_v2;water_rel_w036,wardrobe.neckline
AF083,04,스쿱넥 / U넥 — Scoop neck,AFR035,P1,variant_family,review_existing_equivalence_then_reuse_or_extend,S17,sw_candidate_scoop,sw_scoop,wardrobe.neckline
AF084,04,스퀘어넥 — Square neck,AFR035,P1,variant_family,review_existing_equivalence_then_reuse_or_extend,S17,clt_ct035_v1;sw_candidate_square,sw_square;clothing_ct035_v1,wardrobe.neckline
AF085,04,V넥 — V-neck,AFR036,P1,variant_family,review_existing_equivalence_then_reuse_or_extend,S17,sw_candidate_plunge,sw_plunge,wardrobe.neckline;wardrobe.coverage.opening_location
AF086,04,플런징 네크라인 — Plunging neckline,AFR036,P1,variant_family,inspect_equivalent_structure_then_add_distinct_variant_only_if_needed,S17,,,wardrobe.neckline;wardrobe.coverage.opening_location
AF087,04,스위트하트넥 — Sweetheart neckline,AFR037,P1,variant_family,review_existing_equivalence_then_reuse_or_extend,S17;S20,sw_candidate_sweetheart,sw_sweetheart,wardrobe.neckline;wardrobe.panel.folds
AF088,04,카울넥 — Cowl neck,AFR037,P1,variant_family,review_existing_equivalence_then_reuse_or_extend,S17;S20,clt_ct037_v1;pfe_cowl_candidate,pfe_cowl;clothing_ct037_v1,wardrobe.neckline;wardrobe.panel.folds
AF089,04,서플리스넥 — Surplice neckline,AFR037,P1,variant_family,inspect_equivalent_structure_then_add_distinct_variant_only_if_needed,S17;S20,,,wardrobe.neckline;wardrobe.panel.folds
AF090,04,오프숄더 / 바르도넥 — Off-the-shoulder / Bardot,AFR038,P0,variant_family,review_existing_equivalence_then_reuse_or_extend,S17;S18,sf_151_base;clt_ct038_v1;clt_ct038_v2;sw_candidate_offshoulder,sw_offshoulder;sf_profile_151_base,wardrobe.neckline;wardrobe.coverage.opening_location
AF091,04,원숄더 — One-shoulder,AFR038,P0,variant_family,review_existing_equivalence_then_reuse_or_extend,S17;S18,clt_ct142_v2;y2kr_one_shoulder;black_backpack_one_shoulder;clt_ct131_v1;y2kr_mini_shoulder;pv_shoulder_lower;pv_shoulder_forward;pv_head_tilt;clt_ct038_v1;clt_ct038_v2;unif_shoulder_draped_empty_sleeve;sw_candidate_oneshoulder;pfe_one_shoulder_candidate,uniform_shoulder_draped_empty_sleeve;sw_oneshoulder;y2kr_one_shoulder;y2kr_mini_shoulder;pfe_one_shoulder;clothing_ct131_v1;clothing_ct142_v2,wardrobe.neckline;wardrobe.coverage.opening_location
AF092,04,콜드숄더 — Cold-shoulder,AFR038,P0,variant_family,review_existing_equivalence_then_reuse_or_extend,S17;S18,cold_shoulder_knit_top_midi_skirt;cold_shoulder_cutout_sleeve_bridge,,wardrobe.neckline;wardrobe.coverage.opening_location
AF093,04,홀터넥 — Halter neck,AFR039,P0,variant_family,review_existing_equivalence_then_reuse_or_extend,S17;S18,sw_candidate_halter;pfe_halter_candidate,racerback_sports_bra_strap_convergence;sw_halter;pfe_halter,wardrobe.structure.strap_attachment;wardrobe.material.transmission;wardrobe.neckline
AF094,04,스트랩리스 — Strapless,AFR039,P0,variant_family,review_existing_equivalence_then_reuse_or_extend,S17;S18,clt_ct004_v2;y2kr_tube_top;y2kr_bandeau;y2kr_tube_dress;sw_candidate_strapless,sw_strapless;y2kr_tube_top;y2kr_bandeau;y2kr_tube_dress;clothing_ct004_v2,wardrobe.structure.strap_attachment;wardrobe.material.transmission;wardrobe.neckline
AF095,04,키홀 네크라인 — Keyhole neckline,AFR039,P0,variant_family,inspect_equivalent_structure_then_add_distinct_variant_only_if_needed,S17;S18,,,wardrobe.structure.strap_attachment;wardrobe.material.transmission;wardrobe.neckline
AF096,04,일루전 네크라인 — Illusion neckline,AFR039,P0,variant_family,review_existing_equivalence_then_reuse_or_extend,S17;S18,pfe_illusion_panel_candidate,pfe_illusion_panel,wardrobe.structure.strap_attachment;wardrobe.material.transmission;wardrobe.neckline
AF097,05,피티드 — Fitted,AFR040,P1,variant_family,review_existing_equivalence_then_reuse_or_extend,S19;S20,constructed_golem_subject;ao_dai_long_tunic_trouser_system;kebaya_front_open_blouse_sarong_system;dirndl_bodice_blouse_skirt_apron_system;opening_frock_coat_long_skirt_1;ccx_cc08_01;ccx_cc23_01;nineties_slip_dress_layered;sky_blue_ribbed_cardigan_sweatpants;athletic_unitard_continuous_one_piece;studio_bra_tank_seven_eighth_legging_ensemble;court_skort_racerback_top_ensemble;exercise_dress_integrated_liner_ensemble;cycling_jersey_bib_short_ensemble;fitted_tank_capri_low_profile_flat_ensemble;fitted_top_harem_low_profile_ensemble;fitted_top_balloon_trouser_ensemble;simple_top_wrap_skirt_ensemble;fitted_top_bermuda_slim_belt_ensemble;clt_ct005_v2;sw_candidate_swimdress;sw_candidate_wetsuit;sw_candidate_springsuit;sw_candidate_leggings;contemporary_heisei_y2k_layers;y2kr_baby_tee;y2kr_corset_top;y2kr_bustier;y2kr_moto_jacket;pfe_volume_contrast_candidate;ctx_c059;ctx_c096;fit_ff07_v2_candidate;building_reinforced_travel_case_frame;reinforced_travel_case_corner_sample;padded_object_support_prop;punk_stonepunk_mechanism_prop;orn_gd28;couture_atelier_fitting_room;heritage_travel_case_workshop;pfe_mesh_skin_candidate;kebaya_kerongsang_brooch_set;wood_canvas_leather_brass_travel_structure_surface;precision_brushed_polished_metal_junction_surface;y2kr_stretch_denim;heritage_travel_object_luxury_aesthetic;ao_dai_side_openings_over_trousers;kebaya_center_fastening_front_opening;dirndl_bodice_blouse_skirt_apron_layers;sports_bra_extended_longline_underband;two_in_one_short_shell_inner_tight;brief_lined_running_short_inner_brief;exercise_dress_outer_skirt_inner_shorts;cycling_bib_shoulder_strap_pad_continuity;hw_anglaise_fitted_back_1;hw_anglaise_fitted_back_2;hw_lingerie_daydress_3;y2kr_graphic_baby;y2kr_bandage;y2kr_tiny_big;y2kr_stretch_denim_garment;fit_ff47_v2_candidate;fit_ff61_v1_candidate;seven_eighth_legging_ankle_landmark;capri_legging_mid_calf_landmark;biker_short_thigh_knee_landmark;flare_legging_knee_to_hem_expansion;fitted_top_voluminous_bottom_contrast,qipao_standing_collar_diagonal_closure_system;kebaya_front_open_blouse_sarong_system;nivi_sari_continuous_pleat_pallu_system;bespoke_tailoring_individual_pattern;heritage_travel_object_construction;golem_constructed_material_agency;longline_sports_bra_extended_underband;two_in_one_running_shorts_dual_layer;active_skort_outer_skirt_inner_shorts;exercise_dress_integrated_short_liner;cycling_bib_shorts_strap_pad_continuity;unitard_upper_crotch_leg_continuity;stirrup_leggings_underfoot_loop;opening_frock_coat_long_skirt;hw_anglaise_fitted_back;hw_lingerie_daydress;costume_ccx_cc08_01;costume_ccx_cc23_01;sw_swimdress;sw_wetsuit;sw_springsuit;sw_leggings;y2kr_baby_tee;y2kr_graphic_baby;y2kr_corset_top;y2kr_bustier;y2kr_moto_jacket;y2kr_bandage;y2kr_tiny_big;y2kr_stretch_denim;pfe_volume_contrast;pfe_mesh_skin;clothing_ct005_v2;clothing_ct023_v2;orn_profile_gd28;fit_ff07_v2;fit_ff47_v2;fit_ff61_v1,wardrobe.fit.contact_distribution;wardrobe.drape
AF098,05,슬림핏 — Slim fit,AFR040,P1,variant_family,inspect_equivalent_structure_then_add_distinct_variant_only_if_needed,S19;S20,,,wardrobe.fit.contact_distribution;wardrobe.drape
AF099,05,바디콘 — Bodycon,AFR040,P1,variant_family,review_existing_equivalence_then_reuse_or_extend,S19;S20,y2kr_bodycon;pfe_opaque_fit_candidate;wet_look_bodycon;body_con_second_skin;sculptural_bandage_bodycon,y2kr_bodycon;pfe_opaque_fit,wardrobe.fit.contact_distribution;wardrobe.drape
AF100,05,바디스키밍 — Body-skimming,AFR040,P1,variant_family,review_existing_equivalence_then_reuse_or_extend,S19;S20,pfe_skimming_candidate;bias_cut_body_skimming_drape;fitted_top_voluminous_bottom_contrast,self_possessed_sensual_presence;pfe_skimming,wardrobe.fit.contact_distribution;wardrobe.drape
AF101,05,아워글라스 실루엣 — Hourglass silhouette,AFR041,P1,variant_family,review_existing_equivalence_then_reuse_or_extend,S19;S22,natural_hourglass_relation;top_hourglass_relation;bottom_hourglass_relation,soft_full_figure_volume,wardrobe.silhouette.torso_outline;wardrobe.panel.structure
AF102,05,웨이스트 신칭 — Waist cinching,AFR041,P1,variant_family,inspect_equivalent_structure_then_add_distinct_variant_only_if_needed,S19;S22,,,wardrobe.silhouette.torso_outline;wardrobe.panel.structure
AF103,05,보디스 — Bodice,AFR042,P0,variant_family,review_existing_equivalence_then_reuse_or_extend,S16;S22,dirndl_bodice_blouse_skirt_apron_system;norwegian_bunad_regional_ensemble;hw_chemise_gown_sash_1;ccx_cc08_01;one_piece_a_line_dress;one_piece_wrap_dress;one_piece_shirt_dress;tailored_full_length_jumpsuit;clt_ct004_v2;clt_ct005_v1;clt_ct005_v2;clt_ct019_v2;sw_candidate_onepiece;sff_extra_xa028;one_piece_drape_turnaround;one_piece_continuous_bodice_to_hem;one_piece_seam_closure_drape;dirndl_bodice_blouse_skirt_apron_layers;jumpsuit_bodice_crotch_leg_continuity;clt_ct001_v1;clt_ct031_v1;clt_ct031_v2;clt_ct036_v1;clt_ct036_v2;clt_ct038_v1;clt_ct038_v2;clt_ct045_v2;clt_ct072_v2;hw_stomacher_insert_1;hw_stomacher_insert_2;hw_empire_raised_waist_1;hw_empire_raised_waist_2;hw_lingerie_daydress_2;hw_lace_insertion_1;ccx_cc08_02;ccx_cc10_03;vr_attached_rear_costume_panel;pfe_halter_candidate;pfe_lateral_chest_candidate;pfe_illusion_panel_candidate;sff_pro_c16;sff_pro_e13;sca_g01;appearance_h028;fit_ff17_v2_candidate;fit_ff19_v1_candidate;fit_ff19_v2_candidate;fit_ff21_v1_candidate;fit_ff21_v2_candidate;fit_ff34_v2_candidate;fit_ff43_v2_candidate;fit_ff44_v1_candidate;fit_ff44_v2_candidate;fit_ff61_v1_candidate,one_piece_dress_construction;cold_shoulder_cutout_topology;bifurcated_one_piece_jumpsuit;hw_stomacher_insert;hw_chemise_gown_sash;hw_empire_raised_waist;hw_lingerie_daydress;hw_lace_insertion;costume_ccx_cc08_01;costume_ccx_cc08_02;costume_ccx_cc10_03;costume_attached_rear_panel;sw_onepiece;pfe_halter;pfe_one_shoulder;pfe_lateral_chest;pfe_illusion_panel;clothing_ct001_v1;clothing_ct004_v2;clothing_ct005_v1;clothing_ct005_v2;clothing_ct019_v2;clothing_ct023_v2;clothing_ct031_v1;clothing_ct031_v2;clothing_ct036_v1;clothing_ct036_v2;clothing_ct038_v1;clothing_ct038_v2;clothing_ct045_v2;clothing_ct072_v2;sca_g01;appearance_rel_h028;fit_ff17_v2;fit_ff19_v1;fit_ff19_v2;fit_ff21_v1;fit_ff21_v2;fit_ff34_v2;fit_ff43_v2;fit_ff44_v1;fit_ff44_v2;fit_ff61_v1,wardrobe.details.corset_bustier;wardrobe.details.layer_order
AF104,05,코르셋 톱 — Corset top,AFR042,P0,variant_family,review_existing_equivalence_then_reuse_or_extend,S16;S22,y2kr_corset_top,y2kr_corset_top,wardrobe.details.corset_bustier;wardrobe.details.layer_order
AF105,05,뷔스티에 — Bustier,AFR042,P0,variant_family,review_existing_equivalence_then_reuse_or_extend,S16;S22,clt_ct023_v1;clt_ct023_v2;y2kr_bustier;sff_extra_xa031;corset_bustier_layered;sff_extra_xa056;sff_extra_xa057,y2kr_bustier,wardrobe.details.corset_bustier;wardrobe.details.layer_order
AF106,05,오버버스트 코르셋 — Overbust corset,AFR042,P0,variant_family,inspect_equivalent_structure_then_add_distinct_variant_only_if_needed,S16;S22,,,wardrobe.details.corset_bustier;wardrobe.details.layer_order
AF107,05,언더버스트 코르셋 — Underbust corset,AFR042,P0,variant_family,inspect_equivalent_structure_then_add_distinct_variant_only_if_needed,S16;S22,,,wardrobe.details.corset_bustier;wardrobe.details.layer_order
AF108,05,컵 디테일 — Cupped construction,AFR043,P1,variant_family,inspect_equivalent_structure_then_add_distinct_variant_only_if_needed,S16;S22,,,wardrobe.details.bra_wire_boning;wardrobe.construction.boning
AF109,05,언더와이어 — Underwire,AFR043,P1,variant_family,review_existing_equivalence_then_reuse_or_extend,S16;S22,clt_ct072_v1,clothing_ct072_v1,wardrobe.details.bra_wire_boning;wardrobe.construction.boning
AF110,05,보닝 — Boning,AFR043,P1,variant_family,review_existing_equivalence_then_reuse_or_extend,S16;S22,clt_ct023_v1;y2kr_corset_top;clt_ct072_v1;clt_ct072_v2;sff_pro_c15;sff_pro_c16;sff_pro_e19;orn_gd40,couture_atelier_individual_construction;y2kr_corset_top;clothing_ct023_v1;clothing_ct072_v2,wardrobe.details.bra_wire_boning;wardrobe.construction.boning
AF111,05,다트 — Dart,AFR044,P1,variant_family,review_existing_equivalence_then_reuse_or_extend,S23;S22,eyes_dart_to_partner_then_away;clt_ct031_v1;clt_ct031_v2;sff_pro_c01,clothing_ct031_v2,wardrobe.details.princess_dart;wardrobe.structure.panel_connection
AF112,05,프린세스 심 — Princess seams,AFR044,P1,variant_family,review_existing_equivalence_then_reuse_or_extend,S23;S22,clt_ct031_v1,clothing_ct031_v1,wardrobe.details.princess_dart;wardrobe.structure.panel_connection
AF113,05,엠파이어 웨이스트 — Empire waist,AFR045,P1,variant_family,review_existing_equivalence_then_reuse_or_extend,S22;S16,hw_empire_raised_waist_1;hw_empire_raised_waist_2,hw_empire_raised_waist,wardrobe.details.peplum;wardrobe.panel.structure
AF114,05,페플럼 — Peplum,AFR045,P1,variant_family,review_existing_equivalence_then_reuse_or_extend,S22;S16,clt_ct005_v1;architectural_peplum,clothing_ct005_v1,wardrobe.details.peplum;wardrobe.panel.structure
AF115,05,핏앤플레어 — Fit-and-flare,AFR041,P1,variant_family,review_existing_equivalence_then_reuse_or_extend,S19;S22,,one_piece_dress_construction,wardrobe.silhouette.torso_outline;wardrobe.panel.structure
AF116,05,바이어스 컷 — Bias cut,AFR046,P1,variant_family,review_existing_equivalence_then_reuse_or_extend,S20;S19,bias_cut_body_skimming_drape;sff_pro_c22,self_possessed_sensual_presence,wardrobe.drape;wardrobe.panel.folds
AF117,05,루칭 — Ruching,AFR047,P0,variant_family,review_existing_equivalence_then_reuse_or_extend,S21;S22,leggings_center_back_scrunch_channel;sw_candidate_ruched;pfe_ruching_candidate,sw_ruched;pfe_ruching,wardrobe.details.gathers_shirring_smock
AF118,05,셔링 — Shirring,AFR047,P0,variant_family,review_existing_equivalence_then_reuse_or_extend,S21;S22,harem_gathered_waist_ankle_cuff;clt_ct064_v1;clt_ct064_v2;sw_candidate_shirred;y2kr_ruched_top,gathered_ankle_voluminous_trouser;balloon_curved_leg_tapered_hem;sw_shirred;y2kr_ruched_top,wardrobe.details.gathers_shirring_smock
AF119,05,스모킹 — Smocking,AFR047,P0,variant_family,review_existing_equivalence_then_reuse_or_extend,S21;S22,clt_ct064_v1;clt_ct064_v2;sw_candidate_smocked,sw_smocked;clothing_ct064_v2,wardrobe.details.gathers_shirring_smock
AF120,05,드레이프 — Drape / Draping,AFR046,P1,variant_family,review_existing_equivalence_then_reuse_or_extend,S20;S19,chrh_hair_color_state_hair_body_overlap;ritual_goddess_drape_costume;nivi_sari_pleat_pallu_system;dhoti_waist_leg_drape_system;andean_poncho_panel_system;thai_chut_thai_regional_ensemble;clt_ct142_v1;clt_ct142_v2;clt_ct148_v1;clt_ct148_v2;ccx_cc41_01;one_piece_wrap_dress;sheer_opaque_overlay_garment;clt_ct011_v2;new_romantic_theatrical_tailoring;y2kr_slip;pfe_skimming_candidate;ctx_c101;one_piece_drape_turnaround;sheer_backlight_transmission_test;draping_and_hand_finishing_couture_layers;refining_new_romantic_club_look;ctx_sari_commute_choice;basted_toile_dress_form_prop;new_romantic_tailoring_makeup_and_club_ephemera;garment_design_studio;textile_backlight_studio;hogarth_waving_line_path;hogarth_serpentine_depth_path;sheet_drape_stable_coverage_path;animated_inanimate_helper;fabric_settling_after_force;ccx_cc41_02;opaque_satin_specular_flow_surface;fine_wool_cashmere_matte_pile_surface;fluid_satin_luster_drape_surface;lightweight_crepe_matte_drape_surface;sheet_fold_contact_shadow_surface;clt_ct091_v1;clt_ct091_v2;satin_directional_luster_drape_surface;y2kr_satin;couture_atelier_craft_aesthetic;cheekbone_to_temple_blush_drape;sff_pro_m01;one_piece_seam_closure_drape;sheer_visible_edge_weave;bias_cut_body_skimming_drape;sari_waist_wrap_and_pallu_route;poncho_central_neck_front_back_panels;couture_internal_support_and_drape_layers;pleat_fold_ridge_valley_geometry;sheet_drape_stable_coverage_detail;clt_ct037_v1;clt_ct077_v1;hw_polonaise_three_lifts_1;hw_polonaise_three_lifts_2;y2kr_satin_garment;pfe_cowl_candidate;pfe_covered_underlayer_relief_candidate;sff_pro_c22;sff_pro_c23;sff_pro_e06;fit_ff31_v1_candidate;fit_ff38_v1_candidate;cocoon_relaxed_drape;scarf_drape_wrap,one_piece_dress_construction;hogarth_waving_line_of_beauty;hogarth_serpentine_line_of_grace;self_possessed_sensual_presence;nivi_sari_continuous_pleat_pallu_system;andean_poncho_central_opening_panel_system;low_brand_prominence_material_luxury;couture_atelier_individual_construction;cheekbone_temple_blush_drape;strategic_coverage_figure_study;satin_directional_luster_drape_surface;hw_polonaise_three_lifts;costume_ccx_cc41_01;costume_ccx_cc41_02;y2kr_slip;y2kr_satin;pfe_cowl;pfe_skimming;pfe_covered_underlayer_relief;clothing_ct011_v2;clothing_ct037_v1;clothing_ct077_v1;clothing_ct142_v1;chrh_rel_hair_color_state_hair_body_overlap;fit_ff31_v1;fit_ff38_v1,wardrobe.drape;wardrobe.panel.folds
AF121,06,슬리브리스 — Sleeveless,AFR048,P0,variant_family,review_existing_equivalence_then_reuse_or_extend,S17;S18;S22,sw_candidate_jane;y2kr_rib_tank;y2kr_crop_tank;y2kr_denim_vest;sff_extra_xa045;cold_shoulder_cutout_sleeve_bridge;unif_sleeveless_robe_over_inner_sleeves,cold_shoulder_cutout_topology;sw_jane;y2kr_rib_tank;y2kr_crop_tank;y2kr_denim_vest;uniform_sleeveless_robe_over_inner_sleeves,wardrobe.coverage.opening_location;wardrobe.structure.strap_attachment
AF122,06,스파게티 스트랩 — Spaghetti straps,AFR048,P0,variant_family,review_existing_equivalence_then_reuse_or_extend,S17;S18;S22,dark_spaghetti_strap_top,,wardrobe.coverage.opening_location;wardrobe.structure.strap_attachment
AF123,06,딥 암홀 — Deep armhole,AFR048,P0,variant_family,inspect_equivalent_structure_then_add_distinct_variant_only_if_needed,S17;S18;S22,,,wardrobe.coverage.opening_location;wardrobe.structure.strap_attachment
AF124,06,드롭 암홀 — Dropped armhole,AFR048,P0,variant_family,inspect_equivalent_structure_then_add_distinct_variant_only_if_needed,S17;S18;S22,,,wardrobe.coverage.opening_location;wardrobe.structure.strap_attachment
AF125,06,컷어웨이 숄더 — Cutaway shoulders,AFR048,P0,variant_family,inspect_equivalent_structure_then_add_distinct_variant_only_if_needed,S17;S18;S22,,,wardrobe.coverage.opening_location;wardrobe.structure.strap_attachment
AF126,06,레이서백 — Racerback,AFR049,P0,variant_family,review_existing_equivalence_then_reuse_or_extend,S17;S18;S22,running_split_short_racerback_tank_ensemble;court_skort_racerback_top_ensemble;racerback_strap_yoke_convergence;crossback_strap_intersection;fit_ff52_v1_candidate,racerback_sports_bra_strap_convergence;fit_ff52_v1,wardrobe.structure.back_strap_connection;wardrobe.coverage.opening_location
AF127,06,사이드 오픈 — Open-sided,AFR050,P0,variant_family,review_existing_equivalence_then_reuse_or_extend,S17;S22,hw_dangui_open_sides_1;hw_dangui_open_sides_2;hw_dangui_open_sides_3,hw_dangui_open_sides,wardrobe.coverage.opening_location
AF128,06,오픈백 / 백리스 — Open-back / Backless,AFR049,P0,variant_family,review_existing_equivalence_then_reuse_or_extend,S17;S18;S22,pfe_back_face_candidate;pfe_hair_clearance_candidate;selective_open_back_stable_front_coverage;sff_extra_xa022;fit_ff20_v2_candidate;backless_loafers;clt_ct124_v1,pfe_back_face;clothing_ct124_v1;fit_ff20_v2,wardrobe.structure.back_strap_connection;wardrobe.coverage.opening_location
AF129,06,로백 — Low-back,AFR049,P0,variant_family,review_existing_equivalence_then_reuse_or_extend,S17;S18;S22,sw_candidate_scoopback,sw_scoopback,wardrobe.structure.back_strap_connection;wardrobe.coverage.opening_location
AF130,06,크로스백 — Cross-back,AFR049,P0,variant_family,review_existing_equivalence_then_reuse_or_extend,S17;S18;S22,crossback_strap_intersection;sw_candidate_crossback;fit_ff52_v2_candidate,sw_crossback;fit_ff52_v2,wardrobe.structure.back_strap_connection;wardrobe.coverage.opening_location
AF131,06,웨이스트 컷아웃 — Waist cut-out,AFR050,P0,variant_family,review_existing_equivalence_then_reuse_or_extend,S17;S22,sw_candidate_cutout;pfe_cutout_candidate,sw_cutout;pfe_cutout,wardrobe.coverage.opening_location
AF132,06,버스트 컷아웃 — Bust cut-out,AFR050,P0,variant_family,inspect_equivalent_structure_then_add_distinct_variant_only_if_needed,S17;S22,,,wardrobe.coverage.opening_location
AF133,06,언더버스트 컷아웃 — Underbust cut-out,AFR050,P0,variant_family,inspect_equivalent_structure_then_add_distinct_variant_only_if_needed,S17;S22,,,wardrobe.coverage.opening_location
AF134,06,사이드붑 — Sideboob,AFR051,P1,visible_state,review_existing_equivalence_then_reuse_or_extend,S17;S16,pfe_lateral_chest_candidate,pfe_lateral_chest,wardrobe.coverage.opening_location
AF135,06,언더붑 — Underboob,AFR051,P1,visible_state,review_existing_equivalence_then_reuse_or_extend,S17;S16,pfe_lower_chest_candidate,pfe_lower_chest,wardrobe.coverage.opening_location
AF136,06,미드리프 베어링 — Midriff-baring,AFR052,P0,visible_state,inspect_equivalent_structure_then_add_distinct_variant_only_if_needed,S19;S17,,,wardrobe.coverage.opening_location;wardrobe.length.hem_landmark
AF137,06,네이블 베어링 — Navel-baring,AFR052,P0,visible_state,review_existing_equivalence_then_reuse_or_extend,S19;S17,pfe_navel_candidate,pfe_navel,wardrobe.coverage.opening_location;wardrobe.length.hem_landmark
AF138,06,시어 / 시스루 — Sheer / See-through,AFR053,P0,material_state,review_existing_equivalence_then_reuse_or_extend,S26;S33;S17,chrh_hair_cut_see_through_bangs;barong_tagalog_untucked_formal_shirt;ethereal_sheer_layering;sheer_layered_blouse_soft;sheer_opaque_overlay_garment;sheer_panel_tailored_garment;y2kr_sheer_top;sheer_backlight_transmission_test;mesh_sheer_layering;textile_backlight_studio;pfe_mesh_skin_candidate;pfe_hosiery_sheer_candidate;sheer_organza_chiffon_transmission;clt_ct079_v1;clt_ct091_v1;y2kr_sheer_nylon;sheer_translucent_complexion_coverage;sheer_complexion_texture_preservation;sheer_transmission_opaque_underlayer;sheer_visible_edge_weave;sw_candidate_mesh;y2kr_sheer_nylon_garment;sff_pro_e01;sff_pro_e02;sff_pro_e14;sff_extra_xa001;sff_extra_xa021;fit_ff49_v2_candidate,sheer_garment_optical_layering;no_makeup_makeup_layering;restrained_polished_natural_makeup_balance;sw_mesh;y2kr_sheer_top;y2kr_sheer_nylon;pfe_mesh_skin;pfe_hosiery_sheer;clothing_ct079_v1;clothing_ct091_v1;chrh_rel_hair_cut_see_through_bangs;fit_ff49_v2,wardrobe.material.transmission;wardrobe.details.layer_order
AF139,07,미니스커트 — Miniskirt,AFR054,P1,variant_family,inspect_equivalent_structure_then_add_distinct_variant_only_if_needed,S22;S38,,,wardrobe.length.hem_landmark
AF140,07,마이크로미니 — Micro-mini,AFR054,P1,variant_family,review_existing_equivalence_then_reuse_or_extend,S22;S38,pfe_mini_outer_leg_candidate;y2kr_micro_mini,y2kr_micro_mini;pfe_mini_outer_leg,wardrobe.length.hem_landmark
AF141,07,미디 — Midi,AFR054,P1,variant_family,review_existing_equivalence_then_reuse_or_extend,S22;S38,cold_shoulder_knit_top_midi_skirt;culotte_button_front_blouse;midi_controller_external_sound_action;midi_controller_external_sound_chain_prop;electronic_instrument_signal_studio;electronic_control_separation_light;midi_controller_touch_and_output_relation;culotte_inseam_leg_separation;clt_ct076_v1;clt_ct076_v2;cropped_wide_leg_culotte_geometry;midi_controller_touch_signal_pose,culotte_cropped_wide_leg_topology;theremin_dual_antenna_noncontact;midi_controller_external_sound_source;clothing_ct076_v1,wardrobe.length.hem_landmark
AF142,07,맥시 — Maxi,AFR054,P1,variant_family,review_existing_equivalence_then_reuse_or_extend,S22;S38,clt_ct076_v1;clt_ct076_v2;palazzo_full_length_wide_leg_geometry,,wardrobe.length.hem_landmark
AF143,07,펜슬 스커트 — Pencil skirt,AFR055,P1,variant_family,review_existing_equivalence_then_reuse_or_extend,S19;S22,business_blouse_pencil_skirt;ctx_c135,,wardrobe.silhouette.torso_outline;wardrobe.panel.structure
AF144,07,A라인 — A-line,AFR055,P1,variant_family,review_existing_equivalence_then_reuse_or_extend,S19;S22,chrh_hair_cut_a_line;one_piece_a_line_dress;exercise_dress_integrated_liner_ensemble;ia_go_review;water_w139,one_piece_dress_construction;hogarth_waving_line_of_beauty;irreversible_threshold_crossing_consequence;ia_profile_go_review;water_rel_w139;chrh_rel_hair_cut_a_line,wardrobe.silhouette.torso_outline;wardrobe.panel.structure
AF145,07,플리츠 스커트 — Pleated skirt,AFR056,P0,variant_family,inspect_equivalent_structure_then_add_distinct_variant_only_if_needed,S22;S21,,,wardrobe.details.pleat_topology
AF146,07,나이프 플리츠 — Knife pleats,AFR056,P0,variant_family,review_existing_equivalence_then_reuse_or_extend,S22;S21,clt_ct063_v1,clothing_ct063_v1,wardrobe.details.pleat_topology
AF147,07,박스 플리츠 — Box pleats,AFR056,P0,variant_family,review_existing_equivalence_then_reuse_or_extend,S22;S21,clt_ct063_v2;hw_francaise_free_back_1,hw_francaise_free_back;clothing_ct063_v2,wardrobe.details.pleat_topology
AF148,07,아코디언 플리츠 — Accordion pleats,AFR056,P0,variant_family,inspect_equivalent_structure_then_add_distinct_variant_only_if_needed,S22;S21,,,wardrobe.details.pleat_topology
AF149,07,랩 스커트 — Wrap skirt,AFR057,P1,variant_family,review_existing_equivalence_then_reuse_or_extend,S22;S08,simple_top_wrap_skirt_ensemble;clt_ct018_v1;wrap_skirt_diagonal_overlap_closure,clothing_ct018_v1,wardrobe.panel.structure;wardrobe.details.pleat_topology
AF150,07,킬트 / 킬트풍 스커트 — Kilt / Kilt-inspired skirt,AFR057,P1,variant_family,review_existing_equivalence_then_reuse_or_extend,S22;S08,scottish_kilt_pleated_wrap_system;kilt_flat_apron_side_back_pleats,,wardrobe.panel.structure;wardrobe.details.pleat_topology
AF151,07,티어드 스커트 — Tiered skirt,AFR058,P1,variant_family,review_existing_equivalence_then_reuse_or_extend,S22;S20,clt_ct018_v2;y2kr_tiered,y2kr_tiered;clothing_ct018_v2,wardrobe.details.skirt_layering;wardrobe.length.hem_landmark
AF152,07,버블 스커트 — Bubble skirt,AFR058,P1,variant_family,inspect_equivalent_structure_then_add_distinct_variant_only_if_needed,S22;S20,,,wardrobe.details.skirt_layering;wardrobe.length.hem_landmark
AF153,07,비대칭 밑단 — Asymmetric hem,AFR058,P1,variant_family,review_existing_equivalence_then_reuse_or_extend,S22;S20,clt_ct062_v1;clt_ct062_v2;asymmetrical_hemline,,wardrobe.details.skirt_layering;wardrobe.length.hem_landmark
AF154,07,하이로 밑단 — High-low hem,AFR058,P1,variant_family,inspect_equivalent_structure_then_add_distinct_variant_only_if_needed,S22;S20,,,wardrobe.details.skirt_layering;wardrobe.length.hem_landmark
AF155,07,핸커치프 헴 — Handkerchief hem,AFR058,P1,variant_family,review_existing_equivalence_then_reuse_or_extend,S22;S20,y2kr_handkerchief_hem,y2kr_handkerchief_hem,wardrobe.details.skirt_layering;wardrobe.length.hem_landmark
AF156,07,니트 드레스 — Knit dress,AFR059,P1,variant_family,inspect_equivalent_structure_then_add_distinct_variant_only_if_needed,S24;S19,,,wardrobe.material.visible_weave;wardrobe.neckline;wardrobe.length.hem_landmark
AF157,07,스웨터 드레스 — Sweater dress,AFR059,P1,variant_family,inspect_equivalent_structure_then_add_distinct_variant_only_if_needed,S24;S19,,,wardrobe.material.visible_weave;wardrobe.neckline;wardrobe.length.hem_landmark
AF158,07,터틀넥 드레스 — Turtleneck dress,AFR059,P1,variant_family,inspect_equivalent_structure_then_add_distinct_variant_only_if_needed,S24;S19,,,wardrobe.material.visible_weave;wardrobe.neckline;wardrobe.length.hem_landmark
AF159,07,슬립 드레스 — Slip dress,AFR060,P1,variant_family,review_existing_equivalence_then_reuse_or_extend,S16;S22;S38,nineties_slip_dress_layered;pale_yellow_gauze_slip_dress;dropwaist_satin_slip_dress;y2kr_slip,y2kr_slip,wardrobe.details.wardrobe_structure;wardrobe.details.layer_order
AF160,07,랩 드레스 — Wrap dress,AFR060,P1,variant_family,review_existing_equivalence_then_reuse_or_extend,S16;S22;S38,deconstructed_mummy_wrap_dress;one_piece_wrap_dress;clt_ct020_v1,one_piece_dress_construction;clothing_ct020_v1,wardrobe.details.wardrobe_structure;wardrobe.details.layer_order
AF161,07,블레이저 드레스 — Blazer dress,AFR060,P1,variant_family,inspect_equivalent_structure_then_add_distinct_variant_only_if_needed,S16;S22;S38,,,wardrobe.details.wardrobe_structure;wardrobe.details.layer_order
AF162,07,셔츠 드레스 — Shirt dress,AFR060,P1,variant_family,review_existing_equivalence_then_reuse_or_extend,S16;S22;S38,one_piece_shirt_dress;clt_ct020_v1;clt_ct020_v2,one_piece_dress_construction,wardrobe.details.wardrobe_structure;wardrobe.details.layer_order
AF163,07,피나포어 드레스 — Pinafore dress,AFR060,P1,variant_family,inspect_equivalent_structure_then_add_distinct_variant_only_if_needed,S16;S22;S38,,,wardrobe.details.wardrobe_structure;wardrobe.details.layer_order
AF164,07,시스 드레스 — Sheath dress,AFR060,P1,variant_family,inspect_equivalent_structure_then_add_distinct_variant_only_if_needed,S16;S22;S38,,,wardrobe.details.wardrobe_structure;wardrobe.details.layer_order
AF165,07,사이드 슬릿 — Side slit,AFR061,P0,variant_family,review_existing_equivalence_then_reuse_or_extend,S22;S38,clt_ct140_v2;clt_ct061_v1;pfe_slit_candidate,pfe_slit;clothing_ct061_v1;clothing_ct140_v2,wardrobe.details.hem_slit_vent;wardrobe.coverage.opening_location
AF166,07,프런트 슬릿 — Front slit,AFR061,P0,variant_family,inspect_equivalent_structure_then_add_distinct_variant_only_if_needed,S22;S38,,,wardrobe.details.hem_slit_vent;wardrobe.coverage.opening_location
AF167,07,더블 슬릿 — Double slit,AFR061,P0,variant_family,inspect_equivalent_structure_then_add_distinct_variant_only_if_needed,S22;S38,,,wardrobe.details.hem_slit_vent;wardrobe.coverage.opening_location
AF168,07,싸이하이 슬릿 — Thigh-high slit,AFR061,P0,variant_family,review_existing_equivalence_then_reuse_or_extend,S22;S38,pfe_slit_candidate,pfe_slit,wardrobe.details.hem_slit_vent;wardrobe.coverage.opening_location
AF169,07,벤트 — Vent,AFR061,P0,variant_family,review_existing_equivalence_then_reuse_or_extend,S22;S38,volcanic_hydrothermal_field_subject;water_w088;hydrothermal_vent_alteration_relation;water_w062;fire_f070;volcanic_rim_dusk;hydrothermal_vent_field_location;vent_plume_altered_ground_frame;localized_hydrothermal_steam;sff_pro_g07;hydrothermal_altered_ground_mineral_crust_surface;volcanic_hydrothermal_field_aesthetic;soil_e044;clt_ct061_v1;clt_ct061_v2,face_pareidolia_embedded_nonface_pattern;clothing_ct061_v2;water_rel_w062;water_rel_w088;fire_rel_f070;soil_rel_e044,wardrobe.details.hem_slit_vent;wardrobe.coverage.opening_location
AF170,08,스트레이트 — Straight leg,AFR062,P1,variant_family,review_existing_equivalence_then_reuse_or_extend,S19;S22,straight_black_hair_with_bangs;wrap_front_blouse_straight_trousers,,wardrobe.details.trouser_leg_shape;wardrobe.drape
AF171,08,와이드 레그 — Wide leg,AFR062,P1,variant_family,review_existing_equivalence_then_reuse_or_extend,S19;S22,crop_top_wide_pants;wide_leg_long_line;cropped_wide_leg_culotte_geometry;flare_legging_knee_to_hem_expansion,culotte_cropped_wide_leg_topology,wardrobe.details.trouser_leg_shape;wardrobe.drape
AF172,08,팔라초 — Palazzo,AFR062,P1,variant_family,review_existing_equivalence_then_reuse_or_extend,S19;S22,palazzo_full_length_wide_leg_geometry,culotte_cropped_wide_leg_topology,wardrobe.details.trouser_leg_shape;wardrobe.drape
AF173,08,테이퍼드 — Tapered,AFR063,P1,variant_family,review_existing_equivalence_then_reuse_or_extend,S19;S22,sca_h05;chrh_hair_cut_feathered_ends;salwar_kameez_tunic_trouser_scarf_system;fitted_top_balloon_trouser_ensemble;water_w044;soil_e065;fire_f012;mg_tapered_stroke;classic_tapered_wing_liner;balloon_leg_curve_tapered_hem;clt_ct031_v2;y2kr_abstract_blades;y2kr_flame_graphic;fit_ff12_v2_candidate;balloon_convex_leg_tapered_hem_silhouette,cjk_seed_face_relation;restrained_polished_natural_makeup_balance;balloon_curved_leg_tapered_hem;cheekbone_temple_blush_drape;y2kr_abstract_blades;y2kr_flame_graphic;clothing_ct031_v2;sca_h05;ca_pointed_ear_panels;mg_tapered_stroke_relation;water_rel_w044;fire_rel_f012;soil_rel_e065;fit_ff12_v2,wardrobe.silhouette.outer_leg_curve;wardrobe.fit.hem_taper
AF174,08,배럴 — Barrel leg,AFR063,P1,variant_family,review_existing_equivalence_then_reuse_or_extend,S19;S22,punk_clockpunk_mechanism_prop;water_w033;fit_ff26_v1_candidate,water_rel_w033;fit_ff26_v1,wardrobe.silhouette.outer_leg_curve;wardrobe.fit.hem_taper
AF175,08,부츠컷 — Bootcut,AFR064,P1,variant_family,review_existing_equivalence_then_reuse_or_extend,S19;S22,clt_ct013_v2;y2kr_bootcut,y2kr_bootcut;clothing_ct013_v2,wardrobe.details.flared_trouser_hem;wardrobe.details.trouser_leg_shape
AF176,08,플레어 — Flared,AFR064,P1,variant_family,review_existing_equivalence_then_reuse_or_extend,S19;S22,clt_ct005_v1;sw_candidate_tankini;y2kr_flare_yoga;alto_tenor_saxophone_reed_keywork_prop;modern_piston_trumpet_prop;fire_f108;prism_flare_light;fire_f126;circular_sun_flare;anamorphic_horizontal_flare;pe_veiling_flare;pe_aligned_ghosts;pe_horizontal_anamorphic_streak;clt_ct048_v1;clt_ct065_v2;unif_separate_flared_trouser_hems;y2kr_flare;fit_ff15_v2_candidate;waist_to_hip_flare;flare_legging_knee_to_hem_expansion,alto_tenor_saxophone_reed_conical_body;modern_piston_trumpet_three_valve;diffusion_filter_highlight_halation;sw_tankini;y2kr_flare;y2kr_flare_yoga;clothing_ct005_v1;clothing_ct048_v1;clothing_ct065_v2;uniform_separate_flared_trouser_hems;ca_flared_lower_form;fire_rel_f108;fire_rel_f126;fire_rel_f131;fire_rel_f132;fire_rel_f133;fit_ff15_v2,wardrobe.details.flared_trouser_hem;wardrobe.details.trouser_leg_shape
AF177,08,시가렛 팬츠 — Cigarette pants,AFR064,P1,variant_family,inspect_equivalent_structure_then_add_distinct_variant_only_if_needed,S19;S22,,,wardrobe.details.flared_trouser_hem;wardrobe.details.trouser_leg_shape
AF178,08,퀼로트 — Culottes,AFR065,P1,variant_family,review_existing_equivalence_then_reuse_or_extend,S19;S22,culotte_button_front_blouse;palazzo_full_length_wide_leg_geometry,culotte_cropped_wide_leg_topology,wardrobe.length.hem_landmark;wardrobe.details.trouser_leg_shape
AF179,08,하이웨이스트 — High-waisted / High-rise,AFR065,P1,variant_family,review_existing_equivalence_then_reuse_or_extend,S19;S22,sff_pro_e24;sff_extra_xa016;high_rise_waist_navel_relation,longline_sports_bra_extended_underband,wardrobe.length.hem_landmark;wardrobe.details.trouser_leg_shape
AF180,08,미드라이즈 — Mid-rise,AFR065,P1,variant_family,inspect_equivalent_structure_then_add_distinct_variant_only_if_needed,S19;S22,,,wardrobe.length.hem_landmark;wardrobe.details.trouser_leg_shape
AF181,08,로라이즈 — Low-rise,AFR065,P1,variant_family,review_existing_equivalence_then_reuse_or_extend,S19;S22,y2kr_low_cargo;sw_candidate_midlowrise;y2kr_low_rise;y2kr_ultra_low;y2kr_crop_low,sw_midlowrise;y2kr_low_rise;y2kr_ultra_low;y2kr_low_cargo;y2kr_crop_low,wardrobe.length.hem_landmark;wardrobe.details.trouser_leg_shape
AF182,08,테일러드 쇼츠 — Tailored shorts,AFR066,P1,variant_family,inspect_equivalent_structure_then_add_distinct_variant_only_if_needed,S22;S38,,,wardrobe.length.hem_landmark;wardrobe.details.skirt_layering
AF183,08,핫팬츠 / 마이크로 쇼츠 — Hot pants / Micro shorts,AFR066,P1,variant_family,review_existing_equivalence_then_reuse_or_extend,S22;S38,micro_short_proportion;biker_short_thigh_knee_landmark,,wardrobe.length.hem_landmark;wardrobe.details.skirt_layering
AF184,08,버뮤다 쇼츠 — Bermuda shorts,AFR066,P1,variant_family,review_existing_equivalence_then_reuse_or_extend,S22;S38,fitted_top_bermuda_slim_belt_ensemble;casual_capri_below_knee_clear_ankle_gap;bermuda_two_knee_length_short_hems,capri_trouser_below_knee_clear_ankle_gap,wardrobe.length.hem_landmark;wardrobe.details.skirt_layering
AF185,08,스코트 — Skort,AFR066,P1,variant_family,review_existing_equivalence_then_reuse_or_extend,S22;S38,court_skort_racerback_top_ensemble;skort_outer_panel_inner_shorts,two_in_one_running_shorts_dual_layer;active_skort_outer_skirt_inner_shorts;exercise_dress_integrated_short_liner,wardrobe.length.hem_landmark;wardrobe.details.skirt_layering
AF186,08,레깅스 — Leggings,AFR067,P1,variant_family,review_existing_equivalence_then_reuse_or_extend,S22;S19,athletic_unitard_continuous_one_piece;studio_bra_tank_seven_eighth_legging_ensemble;sw_candidate_leggings;leggings_crossover_front_waistband;leggings_v_back_waistband;leggings_center_back_scrunch_channel;leggings_absent_center_front_seam;stirrup_legging_underfoot_loop;fit_ff53_v1_candidate;seven_eighth_legging_ankle_landmark;capri_legging_mid_calf_landmark;flare_legging_knee_to_hem_expansion,two_in_one_running_shorts_dual_layer;unitard_upper_crotch_leg_continuity;stirrup_leggings_underfoot_loop;sw_leggings;fit_ff53_v1,wardrobe.details.trouser_leg_shape;wardrobe.structure.strap_attachment
AF187,08,스티럽 팬츠 — Stirrup pants,AFR067,P1,variant_family,inspect_equivalent_structure_then_add_distinct_variant_only_if_needed,S22;S19,,,wardrobe.details.trouser_leg_shape;wardrobe.structure.strap_attachment
AF188,09,울 — Wool,AFR068,P1,metadata,retain_specification_and_separate_observable_proxy,S28;S29;S24,needle_felt_wool_prop;needle_felt_fiber_texture;tartan_wool_twill_sett_surface;fine_wool_cashmere_matte_pile_surface,qipao_standing_collar_diagonal_closure_system;low_brand_prominence_material_luxury,wardrobe.material
AF189,09,메리노 울 — Merino wool,AFR068,P1,metadata,retain_specification_and_separate_observable_proxy,S28;S29;S24,,,wardrobe.material
AF190,09,램스울 — Lambswool,AFR068,P1,metadata,retain_specification_and_separate_observable_proxy,S28;S29;S24,,,wardrobe.material
AF191,09,캐시미어 — Cashmere,AFR068,P1,metadata,retain_specification_and_separate_observable_proxy,S28;S29;S24,fine_wool_cashmere_matte_pile_surface,,wardrobe.material
AF192,09,모헤어 — Mohair,AFR068,P1,metadata,retain_specification_and_separate_observable_proxy,S28;S29;S24,,,wardrobe.material
AF193,09,앙고라 — Angora,AFR068,P1,metadata,retain_specification_and_separate_observable_proxy,S28;S29;S24,,,wardrobe.material
AF194,09,알파카 — Alpaca,AFR068,P1,metadata,retain_specification_and_separate_observable_proxy,S28;S29;S24,,,wardrobe.material
AF195,09,트위드 — Tweed,AFR069,P0,variant_family,review_existing_equivalence_then_reuse_or_extend,S32;S26;S24,dark_academia_tweed_outfit;dark_academia_tweed_outfit,,wardrobe.material.visible_weave;wardrobe.pattern
AF196,09,부클레 — Bouclé,AFR069,P0,variant_family,inspect_equivalent_structure_then_add_distinct_variant_only_if_needed,S32;S26;S24,,,wardrobe.material.visible_weave;wardrobe.pattern
AF197,09,플란넬 — Flannel,AFR069,P0,variant_family,inspect_equivalent_structure_then_add_distinct_variant_only_if_needed,S32;S26;S24,,,wardrobe.material.visible_weave;wardrobe.pattern
AF198,09,코듀로이 — Corduroy,AFR069,P0,variant_family,review_existing_equivalence_then_reuse_or_extend,S32;S26;S24,clt_ct089_v1;clt_ct089_v2;sff_pro_t10,clothing_ct089_v1,wardrobe.material.visible_weave;wardrobe.pattern
AF199,09,개버딘 — Gabardine,AFR070,P1,variant_family,inspect_equivalent_structure_then_add_distinct_variant_only_if_needed,S26;S01,,,wardrobe.material.visible_weave;wardrobe.surface.denim_chambray
AF200,09,트윌 / 능직 — Twill,AFR070,P1,variant_family,review_existing_equivalence_then_reuse_or_extend,S26;S01,y2kr_denim_jacket;y2kr_denim_mini;y2kr_denim_dress;tartan_sett_twill_texture;y2kr_denim_bag;tartan_wool_twill_sett_surface;clt_ct084_v1;clt_ct084_v2;clt_ct086_v1;y2kr_stretch_denim;sff_pro_t04;y2kr_stretch_denim_garment,y2kr_denim_jacket;y2kr_denim_mini;y2kr_denim_dress;y2kr_stretch_denim;y2kr_denim_bag;clothing_ct084_v1;clothing_ct086_v1,wardrobe.material.visible_weave;wardrobe.surface.denim_chambray
AF201,09,데님 — Denim,AFR070,P1,variant_family,review_existing_equivalence_then_reuse_or_extend,S26;S01,cropped_tank_denim_casual;soft_denim_jacket_summer;oversized_jersey_denim_jorts;lace_trim_camisole_wide_denim_ensemble;contemporary_heisei_y2k_layers;y2kr_denim_jacket;y2kr_denim_vest;y2kr_denim_mini;y2kr_denim_dress;y2kr_flare_yoga;y2kr_cropped_denim_jacket;y2kr_skinny_jeans;y2k_platform_denim_acrylic_and_pearl_details;neutral_base_single_lemon_accent;y2kr_warm_denim_palette;y2kr_denim_bag;raw_denim_patch_surface;clt_ct086_v1;clt_ct086_v2;clt_ct098_v1;layered_style_textile_surface;y2kr_stretch_denim;sport_luxe_fandom;patchwork_denim_panel;y2kr_stretch_denim_garment,y2kr_denim_jacket;y2kr_denim_vest;y2kr_denim_mini;y2kr_denim_dress;y2kr_stretch_denim;y2kr_denim_bag;y2kr_warm_denim_palette;y2kr_flare_yoga;y2kr_cropped_denim_jacket;y2kr_skinny_jeans;clothing_ct086_v1;clothing_ct098_v1,wardrobe.material.visible_weave;wardrobe.surface.denim_chambray
AF202,09,저지 — Jersey,AFR070,P1,variant_family,review_existing_equivalence_then_reuse_or_extend,S26;S01,oversized_jersey_denim_jorts;cycling_jersey_bib_short_ensemble;clt_ct026_v1;clt_ct026_v2;y2kr_jersey;clt_ct087_v1;clt_ct087_v2;sff_pro_t14;sff_pro_t19;blokecore_aesthetic;sport_luxe_fandom;sff_extra_xa056,y2kr_jersey;clothing_ct026_v1;clothing_ct026_v2,wardrobe.material.visible_weave;wardrobe.surface.denim_chambray
AF203,09,폰테 — Ponte,AFR070,P1,variant_family,review_existing_equivalence_then_reuse_or_extend,S26;S01,sff_pro_t20,,wardrobe.material.visible_weave;wardrobe.surface.denim_chambray
AF204,09,벨벳 — Velvet,AFR071,P1,variant_family,review_existing_equivalence_then_reuse_or_extend,S26;S24,private_appointment_service_capture;crown_on_cushion_prop;velvet_jewelry_tray_prop;old_hotel_lobby_decay;private_client_material_salon;grand_gilded_mirror_salon;baroque_gilded_chiaroscuro_lighting;velvet_antler_skin_texture;soft_velvet_pile_texture;velvet_stage_dust_texture;soot_velvet;velvet_fabric_surface;red_velvet_banquette_surface;gilded_marble_velvet_opulence_surface;clt_ct089_v1;clt_ct089_v2;velvet_pile_nap_direction_surface;ccx_cc31_01;sff_pro_t13;ctx_pile_turn;baroque_opulent_luxury_aesthetic;private_client_service_luxury_aesthetic;cervid_velvet_antler_bud_ear_root;faded_luxury_after_event_trace;ccx_cc31_02;sff_pro_e19;broken_luxury_core;luxury_vs_decay_tension,decadent_languor_environment;private_client_service_interaction;costume_ccx_cc31_01;clothing_ct089_v2,wardrobe.material;wardrobe.surface.velvet_pile
AF205,09,벨루어 — Velour,AFR071,P1,variant_family,review_existing_equivalence_then_reuse_or_extend,S26;S24,y2kr_velour_hoodie;y2kr_velour_pants;y2kr_velour;y2kr_velour_garment,y2kr_velour_hoodie;y2kr_velour_pants;y2kr_velour,wardrobe.material;wardrobe.surface.velvet_pile
AF206,09,새틴 — Satin,AFR072,P0,variant_family,review_existing_equivalence_then_reuse_or_extend,S26;S16,business_blouse_pencil_skirt;lace_trim_tee_satin_skirt;dropwaist_satin_slip_dress;satin_ribbon_flatlay_prop;lace_satin_lingerie_inspired;sff_pro_e22;sff_extra_xa048;sff_extra_xa049;sff_extra_xa037;opaque_satin_specular_flow_surface;fluid_satin_luster_drape_surface;clt_ct085_v1;clt_ct085_v2;satin_directional_luster_drape_surface;y2kr_satin;sff_pro_t07;jazz_age_modern;coquette_balletcore_flatlay;satin_creme_lip_finish;uniform_full_lip_color_coverage;liquid_satin_sheen;sw_candidate_finish;y2kr_satin_garment;sff_pro_e14,self_possessed_sensual_presence;decadent_languor_environment;gradient_lip_center_distribution;restrained_polished_natural_makeup_balance;satin_directional_luster_drape_surface;sw_finish;y2kr_satin;clothing_ct085_v1,wardrobe.surface.satin_sateen;wardrobe.material
AF207,09,실크 — Silk,AFR072,P0,variant_family,review_existing_equivalence_then_reuse_or_extend,S26;S16,modern_shaman_performer;modern_shaman_ritual_costume;celestial_silk_ribbon_robe;commoner_disguise_over_silk;mine_workwear_hidden_silk_lining;sff_pro_y06;sff_extra_xa032;draping_and_hand_finishing_couture_layers;round_fan_prop;five_color_silk_strip_prop;punk_rococopunk_mechanism_prop;royal_princess_chamber;punk_rococopunk_world_core;silk_hanbok_texture;fine_silk_ribbon_texture;silk_scarf;silk_opera_gloves;silk_scarf_tied_on_bag;silk_tulle_embroidery_layer_surface;fluid_satin_luster_drape_surface;landscape_embroidery_hem;couture_internal_support_and_drape_layers,qipao_standing_collar_diagonal_closure_system,wardrobe.surface.satin_sateen;wardrobe.material
AF208,09,레이스 — Lace,AFR073,P1,variant_family,review_existing_equivalence_then_reuse_or_extend,S17;S16;S26,gothic_doll_lace_dress;living_doll_lace_joint_costume;kebaya_front_open_blouse_sarong_system;lace_trim_tee_satin_skirt;lace_trim_camisole_wide_denim_ensemble;goth_postpunk_self_styling;ctx_masculine_lace_own_choice;bat_shadow_lace_prop;lace_glove_flatlay_prop;lolita_headwear_parasol_and_structured_bag;goth_record_and_handmade_accessory_details;punk_rococopunk_mechanism_prop;punk_rococopunk_system_diagnostic_prop;lace_satin_lingerie_inspired;punk_rococopunk_world_core;lace_shadow_pattern;lace_partial_occlusion_frame;opening_western_blouse_reference_4;oxblood_wine_palette;narrow_lace_scarf_openwork_strip;charred_paper_edge;lace_fabric_surface;lace_opaque_layer_separation_surface;clt_ct090_v1;clt_ct090_v2;opening_western_blouse_reference_3;opening_modern_reinterpretation_layers_3;layered_style_textile_surface;dark_feminine_aesthetic;vamp_romantic;coquette_balletcore_flatlay;laced_up_delicate_aesthetic;vg_graphite_thread_raised_flower;lace_frill_not_fur_guard;lace_trim_edge;integrated_mesh_or_perforated_panel;lace_edge_over_opaque_base;clt_ct055_v2;opening_western_blouse_reference_1;hw_lingerie_daydress_2;hw_lace_insertion_1;ccx_cc26_02;sw_candidate_laceup;sw_candidate_crochet;y2kr_lace_cami;pfe_opaque_lace_trim_candidate;pfe_lace_welt_candidate;pfe_plain_welt_candidate;sff_pro_c11;sff_pro_c12;sff_pro_c13;sff_extra_xa004;sff_extra_xa055;sff_extra_xa056;orn_gd31;orn_gd32;orn_gd41;orn_gd42;appearance_h013;egr_high_collar_lace_structure;fit_ff44_v2_candidate;sff_pro_b04;sff_pro_b11,sheer_garment_optical_layering;kebaya_front_open_blouse_sarong_system;lace_trim_attached_edge;opening_western_blouse_reference;opening_modern_reinterpretation_layers;hw_lingerie_daydress;hw_lace_insertion;costume_ccx_cc26_02;sw_laceup;sw_crochet;y2kr_lace_cami;clothing_ct055_v2;clothing_ct090_v1;orn_profile_gd31;orn_profile_gd32;orn_profile_gd41;orn_profile_gd42;appearance_rel_h013;egr_profile_high_collar_lace_structure;vg_graphite_thread_raised_flower_profile;fit_ff44_v2,wardrobe.surface.mesh_tulle_lace;wardrobe.material.transmission
AF209,09,메시 — Mesh,AFR073,P1,variant_family,review_existing_equivalence_then_reuse_or_extend,S17;S16;S26,clt_ct152_v1;cycling_jersey_bib_short_ensemble;goth_postpunk_self_styling;y2kr_mesh_top;y2kr_mesh_dress;sff_extra_xa028;sff_extra_xa029;rigging_and_calibrating_generic_avatar;generic_avatar_rigging_tracking_tools;fursuit_foam_fur_pattern_and_cooling_kit;electric_faraday_mesh_enclosure;mesh_sheer_layering;sff_pro_e07;mg_warped_grid;pfe_mesh_skin_candidate;y2kr_trucker;body_mapped_circular_knit_zones;athletic_mesh_open_structure;clt_ct090_v1;clt_ct090_v2;y2kr_mesh;y2kr_metal_mesh;cycling_bib_shoulder_strap_pad_continuity;integrated_mesh_or_perforated_panel;sw_candidate_mesh;y2kr_mesh_garment;y2kr_metal_mesh_garment;sff_pro_e06;sff_pro_e08;sff_pro_e15;egr_micropleated_tulle_panel,sheer_garment_optical_layering;cycling_bib_shorts_strap_pad_continuity;costume_ccx_cc27_01;sw_mesh;y2kr_mesh_top;y2kr_mesh_dress;y2kr_mesh;y2kr_metal_mesh;y2kr_trucker;pfe_mesh_skin;clothing_ct090_v2;clothing_ct152_v1;mg_warped_grid_relation;egr_profile_micropleated_tulle_panel;electric_faraday_mesh_enclosure_relation,wardrobe.surface.mesh_tulle_lace;wardrobe.material.transmission
AF210,09,튈 — Tulle,AFR073,P1,variant_family,review_existing_equivalence_then_reuse_or_extend,S17;S16;S26,draping_and_hand_finishing_couture_layers;basted_toile_dress_form_prop;silk_tulle_embroidery_layer_surface;clt_ct090_v2;couture_internal_support_and_drape_layers;ccx_cc27_01;sff_pro_c13;sff_pro_e03;sff_pro_e04;sff_pro_e14;sff_extra_xa021;egr_micropleated_tulle_panel,sheer_garment_optical_layering;costume_ccx_cc27_01;clothing_ct090_v2;egr_profile_micropleated_tulle_panel,wardrobe.surface.mesh_tulle_lace;wardrobe.material.transmission
AF211,09,시폰 — Chiffon,AFR074,P1,variant_family,review_existing_equivalence_then_reuse_or_extend,S26;S22,sff_pro_y07;sheer_organza_chiffon_transmission;sff_extra_xa002,sheer_garment_optical_layering,wardrobe.surface.chiffon_organza_taffeta;wardrobe.drape
AF212,09,오간자 — Organza,AFR074,P1,variant_family,review_existing_equivalence_then_reuse_or_extend,S26;S22,sheer_organza_chiffon_transmission,sheer_garment_optical_layering,wardrobe.surface.chiffon_organza_taffeta;wardrobe.drape
AF213,09,스무스 레더 — Smooth leather,AFR075,P0,variant_family,inspect_equivalent_structure_then_add_distinct_variant_only_if_needed,S30;S31,,,wardrobe.surface.leather_suede_pvc
AF214,09,스웨이드 — Suede,AFR075,P0,variant_family,review_existing_equivalence_then_reuse_or_extend,S30;S31,suede_nap_texture;sff_pro_f08;clt_ct080_v1;clt_ct080_v2;tall_suede_boots,clothing_ct080_v1,wardrobe.surface.leather_suede_pvc
AF215,09,페이턴트 레더 — Patent leather,AFR075,P0,variant_family,review_existing_equivalence_then_reuse_or_extend,S30;S31,y2kr_patent;y2kr_patent_garment,y2kr_patent,wardrobe.surface.leather_suede_pvc
AF216,09,인조가죽 — Faux leather,AFR075,P0,variant_family,inspect_equivalent_structure_then_add_distinct_variant_only_if_needed,S30;S31,,,wardrobe.surface.leather_suede_pvc
AF217,09,시어링 — Shearling,AFR076,P0,variant_family,inspect_equivalent_structure_then_add_distinct_variant_only_if_needed,S31;S24;S42,,,wardrobe.material;wardrobe.details.wardrobe_trim
AF218,09,셰르파 — Sherpa,AFR076,P0,variant_family,inspect_equivalent_structure_then_add_distinct_variant_only_if_needed,S31;S24;S42,,,wardrobe.material;wardrobe.details.wardrobe_trim
AF219,09,페이크 퍼 — Faux fur,AFR076,P0,variant_family,review_existing_equivalence_then_reuse_or_extend,S31;S24;S42,ccx_cc17_01;y2kr_faux_fur;mob_wife_aesthetic;ccx_cc22_02;y2kr_fur_trim;y2kr_faux_fur_garment,costume_ccx_cc17_01;costume_ccx_cc22_02;y2kr_fur_trim;y2kr_faux_fur,wardrobe.material;wardrobe.details.wardrobe_trim
AF220,10,리브 / 골지 — Rib knit,AFR077,P1,variant_family,review_existing_equivalence_then_reuse_or_extend,S24;S26,sky_blue_ribbed_cardigan_sweatpants;clt_ct010_v1;y2kr_rib_tank;ctx_rib_flatten;pf_rib_vault_chapel_location;pf_rib_vault_chapel_composition;vg_faille_crossgrain_ribs;rib_knit_stretch_recovery_surface;ribbed_knit_body_boundary_surface;clt_ct087_v1;clt_ct087_v2;sff_pro_t15;ribbed_knit_texture;sw_candidate_rib,pf_rib_vault_chapel;sw_rib;y2kr_rib_tank;clothing_ct010_v1;clothing_ct087_v1;vg_faille_crossgrain_ribs_profile,wardrobe.surface.jersey_rib_interlock;wardrobe.material.visible_weave
AF221,10,케이블 니트 — Cable knit,AFR078,P1,variant_family,review_existing_equivalence_then_reuse_or_extend,S24,clt_ct008_v1;clt_ct008_v2,clothing_ct008_v1,wardrobe.details.cable_knit
AF222,10,아란 니트 — Aran knit,AFR078,P1,variant_family,inspect_equivalent_structure_then_add_distinct_variant_only_if_needed,S24,,,wardrobe.details.cable_knit
AF223,10,피셔맨 리브 — Fisherman’s rib,AFR077,P1,variant_family,inspect_equivalent_structure_then_add_distinct_variant_only_if_needed,S24;S26,,,wardrobe.surface.jersey_rib_interlock;wardrobe.material.visible_weave
AF224,10,와플 니트 — Waffle knit,AFR077,P1,variant_family,inspect_equivalent_structure_then_add_distinct_variant_only_if_needed,S24;S26,,,wardrobe.surface.jersey_rib_interlock;wardrobe.material.visible_weave
AF225,10,포인텔 — Pointelle,AFR079,P0,variant_family,inspect_equivalent_structure_then_add_distinct_variant_only_if_needed,S24;S25,,,wardrobe.material.visible_weave;wardrobe.material.transmission
AF226,10,오픈 니트 — Open knit,AFR079,P0,variant_family,review_existing_equivalence_then_reuse_or_extend,S24;S25,sff_pro_y04;lightweight_open_knit_layer_surface,,wardrobe.material.visible_weave;wardrobe.material.transmission
AF227,10,청키 니트 — Chunky knit,AFR080,P1,variant_family,inspect_equivalent_structure_then_add_distinct_variant_only_if_needed,S24,,,wardrobe.material.visible_weave
AF228,10,파인게이지 니트 — Fine-gauge knit,AFR080,P1,variant_family,inspect_equivalent_structure_then_add_distinct_variant_only_if_needed,S24,,,wardrobe.material.visible_weave
AF229,10,브러시드 니트 — Brushed knit,AFR081,P1,variant_family,inspect_equivalent_structure_then_add_distinct_variant_only_if_needed,S24;S29,,,wardrobe.material
AF230,10,퍼지 니트 — Fuzzy knit,AFR081,P1,variant_family,inspect_equivalent_structure_then_add_distinct_variant_only_if_needed,S24;S29,,,wardrobe.material
AF231,10,멜란지 / 헤더 — Mélange / Heather,AFR082,P1,variant_family,inspect_equivalent_structure_then_add_distinct_variant_only_if_needed,S24;S26,,,wardrobe.color;wardrobe.material.visible_weave
AF232,10,말드 — Marled,AFR082,P1,variant_family,inspect_equivalent_structure_then_add_distinct_variant_only_if_needed,S24;S26,,,wardrobe.color;wardrobe.material.visible_weave
AF233,10,인타르시아 — Intarsia,AFR083,P0,variant_family,inspect_equivalent_structure_then_add_distinct_variant_only_if_needed,S25;S24;S26,,,wardrobe.surface.jacquard_dobby;wardrobe.material.visible_weave
AF234,10,자카드 — Jacquard,AFR083,P0,variant_family,review_existing_equivalence_then_reuse_or_extend,S25;S24;S26,clt_ct088_v1;clt_ct088_v2;layered_style_textile_surface;sff_pro_t09;sw_candidate_jacquard,sw_jacquard;clothing_ct088_v2,wardrobe.surface.jacquard_dobby;wardrobe.material.visible_weave
AF235,10,페어아일 — Fair Isle,AFR083,P0,variant_family,inspect_equivalent_structure_then_add_distinct_variant_only_if_needed,S25;S24;S26,,,wardrobe.surface.jacquard_dobby;wardrobe.material.visible_weave
AF236,10,아가일 — Argyle,AFR084,P1,variant_family,inspect_equivalent_structure_then_add_distinct_variant_only_if_needed,S24;S32;S26,,,wardrobe.surface.check_patterns;wardrobe.surface.houndstooth_polka;wardrobe.pattern
AF237,10,타탄 — Tartan,AFR084,P1,variant_family,review_existing_equivalence_then_reuse_or_extend,S24;S32;S26,scottish_kilt_pleated_wrap_system;tartan_sett_twill_texture;tartan_wool_twill_sett_surface;sff_pro_x03;kilt_flat_apron_side_back_pleats,,wardrobe.surface.check_patterns;wardrobe.surface.houndstooth_polka;wardrobe.pattern
AF238,10,글렌 체크 — Glen check,AFR084,P1,variant_family,inspect_equivalent_structure_then_add_distinct_variant_only_if_needed,S24;S32;S26,,,wardrobe.surface.check_patterns;wardrobe.surface.houndstooth_polka;wardrobe.pattern
AF239,10,하운즈투스 — Houndstooth,AFR084,P1,variant_family,review_existing_equivalence_then_reuse_or_extend,S24;S32;S26,clt_ct095_v1;clt_ct095_v2,clothing_ct095_v1,wardrobe.surface.check_patterns;wardrobe.surface.houndstooth_polka;wardrobe.pattern
AF240,10,헤링본 — Herringbone,AFR084,P1,variant_family,review_existing_equivalence_then_reuse_or_extend,S24;S32;S26,clt_ct084_v1;clt_ct084_v2;sff_pro_t06,clothing_ct084_v2,wardrobe.surface.check_patterns;wardrobe.surface.houndstooth_polka;wardrobe.pattern
AF241,10,윈도페인 — Windowpane,AFR084,P1,variant_family,review_existing_equivalence_then_reuse_or_extend,S24;S32;S26,clt_ct094_v2,clothing_ct094_v2,wardrobe.surface.check_patterns;wardrobe.surface.houndstooth_polka;wardrobe.pattern
AF242,10,핀스트라이프 — Pinstripe,AFR084,P1,variant_family,review_existing_equivalence_then_reuse_or_extend,S24;S32;S26,lowrider_paint_trim_hydraulic_and_upholstery_details,,wardrobe.surface.check_patterns;wardrobe.surface.houndstooth_polka;wardrobe.pattern
AF243,10,다크 플로럴 — Dark floral,AFR085,P1,variant_family,inspect_equivalent_structure_then_add_distinct_variant_only_if_needed,S22;S38,,,wardrobe.surface.floral_paisley_animal;wardrobe.pattern
AF244,10,페이즐리 — Paisley,AFR085,P1,variant_family,review_existing_equivalence_then_reuse_or_extend,S22;S38,clt_ct096_v1;clt_ct096_v2,clothing_ct096_v1,wardrobe.surface.floral_paisley_animal;wardrobe.pattern
AF245,10,레오퍼드 — Leopard print,AFR085,P1,variant_family,review_existing_equivalence_then_reuse_or_extend,S22;S38,y2kr_leopard_print,y2kr_leopard_print,wardrobe.surface.floral_paisley_animal;wardrobe.pattern
AF246,10,카무플라주 — Camouflage,AFR085,P1,variant_family,review_existing_equivalence_then_reuse_or_extend,S22;S38,military_field_uniform_system;y2kr_camouflage,military_uniform_duty_system;y2kr_camouflage,wardrobe.surface.floral_paisley_animal;wardrobe.pattern
AF247,11,드롭숄더 — Dropped shoulder,AFR086,P1,variant_family,review_existing_equivalence_then_reuse_or_extend,S22;S23,y2kr_oversize_tee;clt_ct044_v1;clt_ct044_v2;oversized_design_ease_relation,y2kr_oversize_tee;clothing_ct044_v2,wardrobe.structure.sleeve_attachment;wardrobe.silhouette.sleeve_flare;wardrobe.sleeves.bishop_bell_balloon
AF248,11,래글런 소매 — Raglan sleeve,AFR086,P1,variant_family,inspect_equivalent_structure_then_add_distinct_variant_only_if_needed,S22;S23,,,wardrobe.structure.sleeve_attachment;wardrobe.silhouette.sleeve_flare;wardrobe.sleeves.bishop_bell_balloon
AF249,11,돌먼 / 배트윙 소매 — Dolman / Batwing sleeve,AFR086,P1,variant_family,review_existing_equivalence_then_reuse_or_extend,S22;S23,clt_ct045_v1;clt_ct045_v2;sff_pro_c25,clothing_ct045_v1,wardrobe.structure.sleeve_attachment;wardrobe.silhouette.sleeve_flare;wardrobe.sleeves.bishop_bell_balloon
AF250,11,퍼프 소매 — Puff sleeve,AFR086,P1,variant_family,review_existing_equivalence_then_reuse_or_extend,S22;S23,clt_ct046_v2,clothing_ct046_v2,wardrobe.structure.sleeve_attachment;wardrobe.silhouette.sleeve_flare;wardrobe.sleeves.bishop_bell_balloon
AF251,11,비숍 소매 — Bishop sleeve,AFR086,P1,variant_family,review_existing_equivalence_then_reuse_or_extend,S22;S23,clt_ct047_v1,clothing_ct047_v1,wardrobe.structure.sleeve_attachment;wardrobe.silhouette.sleeve_flare;wardrobe.sleeves.bishop_bell_balloon
AF252,11,벨 소매 — Bell sleeve,AFR086,P1,variant_family,review_existing_equivalence_then_reuse_or_extend,S22;S23,clt_ct047_v2;fit_ff15_v2_candidate,clothing_ct047_v2;fit_ff15_v2,wardrobe.structure.sleeve_attachment;wardrobe.silhouette.sleeve_flare;wardrobe.sleeves.bishop_bell_balloon
AF253,11,익스트라 롱 슬리브 — Extra-long sleeves,AFR087,P1,variant_family,inspect_equivalent_structure_then_add_distinct_variant_only_if_needed,S22,,,wardrobe.length.sleeve;wardrobe.structure.cuff_edge
AF254,11,슬릿 슬리브 — Slit sleeves,AFR087,P1,variant_family,inspect_equivalent_structure_then_add_distinct_variant_only_if_needed,S22,,,wardrobe.length.sleeve;wardrobe.structure.cuff_edge
AF255,11,썸홀 — Thumbhole,AFR087,P1,variant_family,review_existing_equivalence_then_reuse_or_extend,S22,thumbhole_cuff_hand_opening,,wardrobe.length.sleeve;wardrobe.structure.cuff_edge
AF256,11,피터팬 칼라 — Peter Pan collar,AFR088,P1,variant_family,review_existing_equivalence_then_reuse_or_extend,S22,clt_ct041_v1,clothing_ct041_v1,wardrobe.details.stand_peterpan_sailor;wardrobe.details.tailoring_front
AF257,11,노치드 라펠 — Notched lapel,AFR088,P1,variant_family,inspect_equivalent_structure_then_add_distinct_variant_only_if_needed,S22,,,wardrobe.details.stand_peterpan_sailor;wardrobe.details.tailoring_front
AF258,11,피크드 라펠 — Peaked lapel,AFR088,P1,variant_family,inspect_equivalent_structure_then_add_distinct_variant_only_if_needed,S22,,,wardrobe.details.stand_peterpan_sailor;wardrobe.details.tailoring_front
AF259,11,숄칼라 — Shawl collar,AFR088,P1,variant_family,inspect_equivalent_structure_then_add_distinct_variant_only_if_needed,S22,,,wardrobe.details.stand_peterpan_sailor;wardrobe.details.tailoring_front
AF260,11,프릴 / 러플 — Frill / Ruffle,AFR089,P0,variant_family,review_existing_equivalence_then_reuse_or_extend,S22;S09,akihabara_maid_cafe_uniform;frill_apron_maid_costume;clt_ct065_v1;sw_candidate_ruffle;y2kr_ruffle_mini,lace_trim_attached_edge;sw_ruffle;y2kr_ruffle_mini;clothing_ct043_v1;clothing_ct065_v1,wardrobe.details.ruffle_flounce;wardrobe.details.tassel_fringe_braid;wardrobe.structure.front_fastener
AF261,11,프린지 — Fringe,AFR089,P0,variant_family,review_existing_equivalence_then_reuse_or_extend,S22;S09,curtain_bangs;y2kr_side_fringe;sca_h14;egr_brow_level_blunt_fringe;chrh_hair_cut_full_bangs;chrh_hair_cut_blunt_bangs;chrh_hair_cut_micro_bangs;chrh_hair_cut_see_through_bangs;chrh_hair_cut_wispy_bangs;chrh_hair_cut_bottleneck_bangs;chrh_hair_cut_side_swept_bangs;chrh_hair_cut_supp_french_bob;chrh_hair_color_state_colored_bangs;sff_pro_e07;ri_tallit_corner_fringe_readable_composition;ri_athena_aegis_readable_composition;electric_channel_core_edge_color;chromatic_fringe_edges;rb_optional_chromatic_fringe_candidate;rebozo_long_shawl_route_and_fringe;clt_ct068_v1;clt_ct068_v2;orn_gd38,hime_cut_structural;intertidal_high_low_exposure_zonation;rb_optional_chromatic_fringe;y2kr_side_fringe;clothing_ct068_v2;ri_tallit_corner_fringe;ri_athena_aegis;sca_h14;ca_blunt_fringe;orn_profile_gd38;egr_profile_brow_level_blunt_fringe;chrh_rel_hair_cut_full_bangs;chrh_rel_hair_cut_blunt_bangs;chrh_rel_hair_cut_see_through_bangs;chrh_rel_hair_cut_wispy_bangs;chrh_rel_hair_cut_side_swept_bangs;chrh_rel_hair_cut_supp_french_bob;chrh_rel_hair_color_state_colored_bangs,wardrobe.details.ruffle_flounce;wardrobe.details.tassel_fringe_braid;wardrobe.structure.front_fastener
AF262,11,레이스업 — Lace-up,AFR089,P0,variant_family,review_existing_equivalence_then_reuse_or_extend,S22;S09,laced_up_delicate_aesthetic;sw_candidate_laceup,sw_laceup,wardrobe.details.ruffle_flounce;wardrobe.details.tassel_fringe_braid;wardrobe.structure.front_fastener
AF263,11,디스트레스드 — Distressed,AFR090,P1,variant_family,review_existing_equivalence_then_reuse_or_extend,S09;S22,basted_toile_balance_and_fit_lines,,wardrobe.details.wardrobe_trim
AF264,11,로 에지 — Raw edge,AFR090,P1,variant_family,inspect_equivalent_structure_then_add_distinct_variant_only_if_needed,S09;S22,,,wardrobe.details.wardrobe_trim
AF265,11,스터드 — Studs,AFR091,P1,variant_family,review_existing_equivalence_then_reuse_or_extend,S09;S22,simple_pearl_studs;small_studded_dailywear_accessory;clt_ct108_v2;y2kr_studs;orn_gd24;clt_ct069_v1;clt_ct069_v2;orn_gd40;fit_ff44_v1_candidate,button_down_collar_fastening;y2kr_studs;clothing_ct023_v2;clothing_ct108_v2;orn_profile_gd24;orn_profile_gd40;fit_ff44_v1,wardrobe.details.sequins_beads_studs;wardrobe.details.wardrobe_straps
AF266,11,체인 디테일 — Chain details,AFR091,P1,variant_family,inspect_equivalent_structure_then_add_distinct_variant_only_if_needed,S09;S22,,,wardrobe.details.sequins_beads_studs;wardrobe.details.wardrobe_straps
AF267,11,본디지 스트랩 — Bondage-inspired straps,AFR091,P1,variant_family,review_existing_equivalence_then_reuse_or_extend,S09;S22,orn_gd57,,wardrobe.details.sequins_beads_studs;wardrobe.details.wardrobe_straps
AF268,12,카멜 — Camel,AFR092,P2,metadata,retain_specification_and_separate_observable_proxy,S37;S38,greige_camel_cream_quiet_palette;pal_app_camel_chocolate_cream,,wardrobe.color
AF269,12,오트밀 — Oatmeal,AFR092,P2,metadata,retain_specification_and_separate_observable_proxy,S37;S38,pal_app_warm_white_oatmeal,,wardrobe.color
AF270,12,에크루 — Ecru,AFR092,P2,metadata,retain_specification_and_separate_observable_proxy,S37;S38,,,wardrobe.color
AF271,12,아이보리 — Ivory,AFR092,P2,metadata,retain_specification_and_separate_observable_proxy,S37;S38,deconstructed_mummy_wrap_dress;business_blouse_pencil_skirt;pearl_ivory_champagne_gold_palette;pal_app_ivory_mushroom_olive;egr_palette_s301;egr_palette_s308;egr_palette_s314;pal_app_ivory_champagne_gold,pa_bounded_metal_trim,wardrobe.color
AF272,12,토프 — Taupe,AFR092,P2,metadata,retain_specification_and_separate_observable_proxy,S37;S38,unif_green_coat_tan_shirt_taupe_trousers;milky_taupe_palette;greige_camel_cream_quiet_palette;pal_app_warm_white_oatmeal;egr_palette_s307,restrained_polished_natural_makeup_balance;uniform_green_coat_tan_shirt_taupe_trousers,wardrobe.color
AF273,12,그레이지 — Greige,AFR092,P2,metadata,retain_specification_and_separate_observable_proxy,S37;S38,greige_camel_cream_quiet_palette,,wardrobe.color
AF274,12,초콜릿 브라운 — Chocolate brown,AFR092,P2,metadata,retain_specification_and_separate_observable_proxy,S37;S38,pal_app_camel_chocolate_cream;pal_app_chocolate_caramel_cream,,wardrobe.color
AF275,12,에스프레소 — Espresso,AFR092,P2,metadata,retain_specification_and_separate_observable_proxy,S37;S38,pal_app_espresso_cobalt_cream;egr_palette_s308,pa_food_container_color_owners,wardrobe.color
AF276,12,코냑 / 토바코 — Cognac / Tobacco,AFR092,P2,metadata,retain_specification_and_separate_observable_proxy,S37;S38,,,wardrobe.color
AF277,12,러스트 — Rust,AFR092,P2,metadata,retain_specification_and_separate_observable_proxy,S37;S38,rusted_decommissioned_android;e_waste_robot_graveyard;hr_palette_mold_ward;rust_pitting_texture;hr_corrosion_used_touch_zone;soil_e027;pal_app_rust_ink_dirtycream,hvr_profile_palette_mold_ward;hvr_profile_corrosion_used_touch_zone;soil_rel_e027,wardrobe.color
AF278,12,테라코타 — Terracotta,AFR092,P2,metadata,retain_specification_and_separate_observable_proxy,S37;S38,pal_app_cobalt_white_terracotta;soil_e096,soil_rel_e096,wardrobe.color
AF279,12,번트 오렌지 — Burnt orange,AFR092,P2,metadata,retain_specification_and_separate_observable_proxy,S37;S38,,,wardrobe.color
AF280,12,머스터드 / 오커 — Mustard / Ochre,AFR092,P2,metadata,retain_specification_and_separate_observable_proxy,S37;S38,pe_earth_palette,,wardrobe.color
AF281,12,버건디 — Burgundy,AFR092,P2,metadata,retain_specification_and_separate_observable_proxy,S37;S38,deep_burgundy_wine_hair;black_cherry_palette;pe_burgundy_peach_mapping;egr_palette_s319;unif_lapel_chain_separate_inner_neck;colored_mascara_accent,uniform_lapel_chain_separate_inner_neck,wardrobe.color
AF282,12,옥스블러드 — Oxblood,AFR092,P2,metadata,retain_specification_and_separate_observable_proxy,S37;S38,oxblood_wine_palette;black_cherry_palette;obsidian_antique_gold_oxblood_palette;pal_app_black_oxblood_bone;egr_palette_s310;vamp_romantic,pa_dark_oxblood_bone_owners,wardrobe.color
AF283,12,플럼 / 오버진 — Plum / Aubergine,AFR092,P2,metadata,retain_specification_and_separate_observable_proxy,S37;S38,lush_summer_fruit_orchard;egr_palette_s311;egr_palette_s316;pal_app_aubergine_old_gold,,wardrobe.color
AF284,12,올리브 — Olive,AFR092,P2,metadata,retain_specification_and_separate_observable_proxy,S37;S38,pal_app_ivory_mushroom_olive,,wardrobe.color
AF285,12,포레스트 그린 — Forest green,AFR092,P2,metadata,retain_specification_and_separate_observable_proxy,S37;S38,,,wardrobe.color
AF286,12,차콜 — Charcoal,AFR092,P2,metadata,retain_specification_and_separate_observable_proxy,S37;S38,fire_f110;fire_f090;egr_charcoal_backdrop_dark_material;pal_app_electric_blue_lime;egr_palette_s302;egr_palette_s307;egr_palette_s311;egr_palette_s317;pe_charcoal_print,egr_profile_charcoal_backdrop_dark_material;fire_rel_f003;fire_rel_f051;fire_rel_f090;fire_rel_f110,wardrobe.color
AF287,12,네이비 — Navy,AFR092,P2,metadata,retain_specification_and_separate_observable_proxy,S37;S38,casual_bomber_jacket_miniskirt;pal_app_red_navy_violet_noir_light;pal_app_navy_white_red_marine;pal_app_navy_brass_cream,pa_bounded_metal_trim;pa_bands_same_carrier;pa_local_color_under_separate_lights,wardrobe.color
AF288,13,앵클부츠 — Ankle boots,AFR093,P0,variant_family,review_existing_equivalence_then_reuse_or_extend,S36;S35,street_jacket_boots;pointed_ankle_boots,,wardrobe.length.hem_landmark;wardrobe.footwear.shaft_height
AF289,13,첼시부츠 — Chelsea boots,AFR094,P1,variant_family,inspect_equivalent_structure_then_add_distinct_variant_only_if_needed,S36;S35;S05,,,wardrobe.footwear.backless_vs_strapped;wardrobe.footwear.shaft_height
AF290,13,컴뱃부츠 — Combat boots,AFR094,P1,variant_family,inspect_equivalent_structure_then_add_distinct_variant_only_if_needed,S36;S35;S05,,,wardrobe.footwear.backless_vs_strapped;wardrobe.footwear.shaft_height
AF291,13,바이커 / 모토 부츠 — Biker / Moto boots,AFR094,P1,variant_family,review_existing_equivalence_then_reuse_or_extend,S36;S35;S05,biker_short_thigh_knee_landmark,exercise_dress_integrated_short_liner;cycling_bib_shorts_strap_pad_continuity,wardrobe.footwear.backless_vs_strapped;wardrobe.footwear.shaft_height
AF292,13,라이딩 부츠 — Riding boots,AFR094,P1,variant_family,inspect_equivalent_structure_then_add_distinct_variant_only_if_needed,S36;S35;S05,,,wardrobe.footwear.backless_vs_strapped;wardrobe.footwear.shaft_height
AF293,13,웨스턴 / 카우보이 부츠 — Western / Cowboy boots,AFR094,P1,variant_family,review_existing_equivalence_then_reuse_or_extend,S36;S35;S05,western_death_personification_agent;western_frontier_outfit;western_frontier_station;jianghu_frontier_inn_hall;western_frontier_world;ri_five_buddha_families_readable_composition;y2kr_western_belt;mortality_agent_intervention;western_cowboy_boots,korean_afterlife_guide_escort;western_death_personification;jianghu_inn_identity_standoff;y2kr_western_belt,wardrobe.footwear.backless_vs_strapped;wardrobe.footwear.shaft_height
AF294,13,니하이 부츠 — Knee-high boots,AFR093,P0,variant_family,review_existing_equivalence_then_reuse_or_extend,S36;S35,y2kr_knee_boots,y2kr_knee_boots,wardrobe.length.hem_landmark;wardrobe.footwear.shaft_height
AF295,13,오버니 부츠 — Over-the-knee boots,AFR093,P0,variant_family,inspect_equivalent_structure_then_add_distinct_variant_only_if_needed,S36;S35,,,wardrobe.length.hem_landmark;wardrobe.footwear.shaft_height
AF296,13,싸이하이 부츠 — Thigh-high boots,AFR093,P0,variant_family,review_existing_equivalence_then_reuse_or_extend,S36;S35,fishnet_thigh_high_boots,,wardrobe.length.hem_landmark;wardrobe.footwear.shaft_height
AF297,13,삭스부츠 — Sock boots,AFR094,P1,variant_family,inspect_equivalent_structure_then_add_distinct_variant_only_if_needed,S36;S35;S05,,,wardrobe.footwear.backless_vs_strapped;wardrobe.footwear.shaft_height
AF298,13,로퍼 — Loafers,AFR095,P1,variant_family,review_existing_equivalence_then_reuse_or_extend,S35;S10,chunky_dad_sneakers;slim_low_profile_sneakers;sporty_racing_sneakers;ballet_flat_sneakers;wedge_sneakers;mary_jane_flats;penny_loafers;backless_loafers;boat_deck_shoes;fisherman_sandals;strappy_flat_sandals;kitten_heel_thong_sandals;leather_flip_flops;colorful_jelly_shoes;pointed_ankle_boots;western_cowboy_boots;tall_suede_boots;block_heel_pumps;glove_pumps;square_toe_heels;low_profile_ballet_flat_topology;thong_sandal_toe_post_topology;clt_ct122_v1;clt_ct122_v2;clt_ct123_v1;clt_ct123_v2;clt_ct124_v1;clt_ct124_v2;clt_ct125_v1;clt_ct125_v2;clt_ct126_v1;clt_ct126_v2;clt_ct127_v1;clt_ct127_v2;clt_ct128_v1;clt_ct128_v2;clt_ct129_v1;clt_ct129_v2;clt_ct130_v1;clt_ct130_v2;vr_uncovered_foot;opening_tailcoat_formal_tail_topology_3;y2kr_platform_sandal;y2kr_platform_flip;y2kr_platform_slide;y2kr_jelly;y2kr_strappy;y2kr_kitten;y2kr_pointed;y2kr_platform_boots;y2kr_knee_boots;y2kr_furry_boots;y2kr_sheepskin_boots;y2kr_skate_shoes;y2kr_chunky_trainers;y2kr_ballet_flats;sff_pro_b01;sff_pro_b02;sff_pro_b03;sff_pro_b04;sff_pro_b05;sff_pro_b06;sff_pro_b07;sff_pro_b08;sff_pro_b09;sff_pro_b10;sff_pro_b11;sff_pro_b12;sff_pro_b13;sff_pro_b14,clothing_ct123_v2,wardrobe.footwear.oxford_derby_brogue;wardrobe.footwear.backless_vs_strapped
AF299,13,메리제인 — Mary Janes,AFR095,P1,variant_family,review_existing_equivalence_then_reuse_or_extend,S35;S10,mary_jane_flats;sff_pro_b01,,wardrobe.footwear.oxford_derby_brogue;wardrobe.footwear.backless_vs_strapped
AF300,13,발레 플랫 — Ballet flats,AFR095,P1,variant_family,review_existing_equivalence_then_reuse_or_extend,S35;S10,ballet_flat_sneakers;low_profile_ballet_flat_topology;y2kr_ballet_flats,y2kr_ballet_flats,wardrobe.footwear.oxford_derby_brogue;wardrobe.footwear.backless_vs_strapped
AF301,13,옥스퍼드 / 더비 — Oxford / Derby,AFR095,P1,variant_family,review_existing_equivalence_then_reuse_or_extend,S35;S10,clt_ct083_v1;clt_ct083_v2;sff_pro_t03;clt_ct122_v1;clt_ct122_v2,clothing_ct083_v2;clothing_ct122_v1;clothing_ct122_v2,wardrobe.footwear.oxford_derby_brogue;wardrobe.footwear.backless_vs_strapped
AF302,13,키튼힐 — Kitten heel,AFR096,P1,variant_family,review_existing_equivalence_then_reuse_or_extend,S35;S36,kitten_heel_thong_sandals,,wardrobe.footwear.heel_platform_wedge
AF303,13,블록힐 — Block heel,AFR096,P1,variant_family,review_existing_equivalence_then_reuse_or_extend,S35;S36,block_heel_pumps;clt_ct130_v1;sff_pro_b07,clothing_ct130_v1,wardrobe.footwear.heel_platform_wedge
AF304,13,플랫폼 — Platform,AFR096,P1,variant_family,review_existing_equivalence_then_reuse_or_extend,S35;S36,social_platform_reproduction_container;train_platform_commuter;rail_platform_dispatch_uniform;contemporary_heisei_y2k_layers;rail_dispatch_doors_clear_ready_signal;ep_transit_boundary_waiting_orientation;opening_rail_platform_departure_3;ed_bus_stop_ready_candidate;ed_subway_exit_candidate;media_mix_capture_context;rail_dispatch_radio_indicator_baton_set;y2k_platform_denim_acrylic_and_pearl_details;punk_cyberpunk_mechanism_prop;subway_platform;korean_train_platform;train_platform_last_car;formal_biwu_courtyard_platform;active_rail_driver_cab;staffed_platform_dispatch_zone;pov_transit_gate_departure_location;opening_rail_platform_departure_1;pf_gun_battery_location;demoscene_world_restore_location;fire_f096;punk_cyberpunk_world_core;train_platform_fluorescent_light;subway_train_fluorescent;ep_walkable_path_three_depth_markers;ep_transit_system_boundary_direction;opening_rail_platform_departure_4;pf_gun_battery_composition;farewell_platform;wedge_sneakers;clt_ct130_v1;clt_ct130_v2;y2kr_platform_sandal;y2kr_platform_flip;y2kr_platform_slide;y2kr_platform_boots;sff_pro_b06;vertical_9x16_ui_safe_frame;vertical_4x5_feed_safe_frame;square_1x1_center_safe_frame;reels_ui_safe_negative_space;shorts_thumbnail_safe_face_placement;face_upper_middle_safe_frame;center_safe_subject_frame;blank_lower_third_safe_area;shop_feed_crop_safe_no_text;carousel_crop_safe_series_frame;profile_picture_crop_safe;pr_casual_crop_subject_legibility_candidate,formal_biwu_reciprocal_salute_standoff;rail_driver_operation;rail_platform_dispatch_operation;early_2000s_compact_digicam_social_repost;opening_rail_platform_departure;pf_gun_battery;ed_subway_exit;y2kr_platform_sandal;y2kr_platform_flip;y2kr_platform_slide;y2kr_platform_boots;clothing_ct130_v1;fire_rel_f096,wardrobe.footwear.heel_platform_wedge
AF305,13,러그솔 — Lug sole,AFR096,P1,variant_family,inspect_equivalent_structure_then_add_distinct_variant_only_if_needed,S35;S36,,,wardrobe.footwear.heel_platform_wedge
AF306,14,타이츠 / 팬티호즈 — Tights / Pantyhose,AFR097,P1,variant_family,review_existing_equivalence_then_reuse_or_extend,S33;S34,sw_candidate_leggings;pfe_hosiery_sheer_candidate;pfe_hosiery_opaque_candidate;pfe_hosiery_sheen_candidate;clt_ct107_v1;clt_ct107_v2;stirrup_legging_underfoot_loop;capri_legging_mid_calf_landmark,stirrup_leggings_underfoot_loop;sw_leggings;pfe_hosiery_sheer;pfe_hosiery_opaque;pfe_hosiery_sheen,wardrobe.accessories.sock_stocking_tights;wardrobe.details.layer_order
AF307,14,스타킹 — Stockings,AFR097,P1,variant_family,review_existing_equivalence_then_reuse_or_extend,S33;S34,clt_ct025_v1;fishnet_thigh_high_boots;pfe_hosiery_sheer_candidate;pfe_hosiery_sheen_candidate;clt_ct107_v1;clt_ct107_v2;pfe_hosiery_backline_candidate;pfe_garter_path_candidate;pfe_lace_welt_candidate;pfe_plain_welt_candidate,pfe_hosiery_sheer;pfe_hosiery_sheen;pfe_hosiery_backline;pfe_garter_path;pfe_thigh_skin_band;clothing_ct025_v1;clothing_ct107_v1,wardrobe.accessories.sock_stocking_tights;wardrobe.details.layer_order
AF308,14,시어 타이츠 — Sheer tights,AFR098,P0,variant_family,review_existing_equivalence_then_reuse_or_extend,S33;S34;S27,pfe_hosiery_sheer_candidate,pfe_hosiery_sheer,wardrobe.accessories.sock_stocking_tights;wardrobe.material.transmission
AF309,14,오페이크 타이츠 — Opaque tights,AFR098,P0,variant_family,review_existing_equivalence_then_reuse_or_extend,S33;S34;S27,pfe_hosiery_opaque_candidate,pfe_hosiery_opaque,wardrobe.accessories.sock_stocking_tights;wardrobe.material.transmission
AF310,14,매트 타이츠 — Matte tights,AFR098,P0,variant_family,inspect_equivalent_structure_then_add_distinct_variant_only_if_needed,S33;S34;S27,,,wardrobe.accessories.sock_stocking_tights;wardrobe.material.transmission
AF311,14,글로시 타이츠 — Glossy tights,AFR098,P0,variant_family,inspect_equivalent_structure_then_add_distinct_variant_only_if_needed,S33;S34;S27,,,wardrobe.accessories.sock_stocking_tights;wardrobe.material.transmission
AF312,14,피시넷 — Fishnet,AFR098,P0,variant_family,review_existing_equivalence_then_reuse_or_extend,S33;S34;S27,fishnet_thigh_high_boots;sff_extra_xa048;sff_extra_xa047,,wardrobe.accessories.sock_stocking_tights;wardrobe.material.transmission
AF313,14,레이스 타이츠 — Lace tights,AFR098,P0,variant_family,inspect_equivalent_structure_then_add_distinct_variant_only_if_needed,S33;S34;S27,,,wardrobe.accessories.sock_stocking_tights;wardrobe.material.transmission
AF314,14,백심 — Back-seam hosiery,AFR098,P0,variant_family,review_existing_equivalence_then_reuse_or_extend,S33;S34;S27,pfe_hosiery_backline_candidate,pfe_hosiery_backline,wardrobe.accessories.sock_stocking_tights;wardrobe.material.transmission
AF315,14,싸이하이 스타킹 — Thigh-high stockings,AFR097,P1,variant_family,inspect_equivalent_structure_then_add_distinct_variant_only_if_needed,S33;S34,,,wardrobe.accessories.sock_stocking_tights;wardrobe.details.layer_order
AF316,14,홀드업 / 스테이업 — Hold-ups / Stay-ups,AFR097,P1,variant_family,inspect_equivalent_structure_then_add_distinct_variant_only_if_needed,S33;S34,,,wardrobe.accessories.sock_stocking_tights;wardrobe.details.layer_order
AF317,14,가터벨트 — Garter belt,AFR099,P1,variant_family,review_existing_equivalence_then_reuse_or_extend,S16;S22,pfe_garter_path_candidate,pfe_garter_path,wardrobe.details.garter_suspender
AF318,14,니삭스 — Knee-high socks,AFR097,P1,variant_family,inspect_equivalent_structure_then_add_distinct_variant_only_if_needed,S33;S34,,,wardrobe.accessories.sock_stocking_tights;wardrobe.details.layer_order
AF319,14,오버니 삭스 — Over-the-knee socks,AFR097,P1,variant_family,inspect_equivalent_structure_then_add_distinct_variant_only_if_needed,S33;S34,,,wardrobe.accessories.sock_stocking_tights;wardrobe.details.layer_order
AF320,14,레그워머 — Leg warmers,AFR097,P1,variant_family,review_existing_equivalence_then_reuse_or_extend,S33;S34,clt_ct107_v2;y2kr_legwarmers,stirrup_leggings_underfoot_loop;y2kr_legwarmers;clothing_ct107_v2,wardrobe.accessories.sock_stocking_tights;wardrobe.details.layer_order
AF321,14,암워머 — Arm warmers,AFR097,P1,variant_family,inspect_equivalent_structure_then_add_distinct_variant_only_if_needed,S33;S34,,,wardrobe.accessories.sock_stocking_tights;wardrobe.details.layer_order
AF322,14,베레모 — Beret,AFR100,P1,variant_family,review_existing_equivalence_then_reuse_or_extend,S24;S22,beret,,wardrobe.accessories.headwear
AF323,14,뉴스보이 캡 — Newsboy cap,AFR100,P1,variant_family,inspect_equivalent_structure_then_add_distinct_variant_only_if_needed,S24;S22,,,wardrobe.accessories.headwear
AF324,14,비니 — Beanie,AFR100,P1,variant_family,review_existing_equivalence_then_reuse_or_extend,S24;S22,beanie,,wardrobe.accessories.headwear
AF325,14,스카프 / 머플러 — Scarf,AFR101,P1,variant_family,review_existing_equivalence_then_reuse_or_extend,S24;S38,sari_continuous_drape_system;salwar_kameez_tunic_trouser_scarf_system;andean_poncho_panel_system;mexican_rebozo_shawl_wrap_system;y2kr_scarf_top;ctx_borrowed_scarf_return;ctx_scarf_offer_refusal;handknit_scarf_prop;neutral_base_single_lemon_accent;silk_scarf;silk_scarf_tied_on_bag;bandana_scarf_neck;rebozo_woven_shawl_with_fringe;narrow_lace_scarf_openwork_strip;clear_jelly_bag_charm_system;clt_ct104_v1;clt_ct104_v2;unif_neck_scarf_separate_hair_ornament;y2kr_bandana;y2kr_headscarf;y2kr_scarf_belt;y2kr_skinny_scarf;sff_pro_t22;sari_waist_wrap_and_pallu_route;rebozo_long_shawl_route_and_fringe;scarf_drape_wrap,wrap_front_overlap_closure;wrap_skirt_overlap_closure;y2kr_bandana;y2kr_headscarf;y2kr_scarf_top;y2kr_scarf_belt;y2kr_skinny_scarf;clothing_ct104_v2;uniform_neck_scarf_separate_hair_ornament,wardrobe.accessories.neck_wear_position;wardrobe.details.layer_order
AF326,14,스톨 — Stole,AFR101,P1,variant_family,review_existing_equivalence_then_reuse_or_extend,S24;S38,clt_ct104_v1;clt_ct104_v2,,wardrobe.accessories.neck_wear_position;wardrobe.details.layer_order
AF327,14,와이드 벨트 — Wide belt,AFR102,P1,variant_family,review_existing_equivalence_then_reuse_or_extend,S22;S09,y2kr_wide_belt,y2kr_wide_belt,wardrobe.details.wardrobe_straps;wardrobe.details.hardware;wardrobe.details.layer_order
AF328,14,코르셋 벨트 — Corset belt,AFR102,P1,variant_family,review_existing_equivalence_then_reuse_or_extend,S22;S09,natural_hourglass_relation,,wardrobe.details.wardrobe_straps;wardrobe.details.hardware;wardrobe.details.layer_order
AF329,14,체인 벨트 — Chain belt,AFR102,P1,variant_family,review_existing_equivalence_then_reuse_or_extend,S22;S09,y2kr_chain_belt,y2kr_chain_belt,wardrobe.details.wardrobe_straps;wardrobe.details.hardware;wardrobe.details.layer_order
AF330,14,패션 하네스 — Fashion harness,AFR102,P1,variant_family,inspect_equivalent_structure_then_add_distinct_variant_only_if_needed,S22;S09,,,wardrobe.details.wardrobe_straps;wardrobe.details.hardware;wardrobe.details.layer_order
AF331,14,초커 — Choker,AFR103,P1,variant_family,review_existing_equivalence_then_reuse_or_extend,S22;S38,adjusting_choker_gloves;ruby_cameo_choker_prop;choker_gloves_high_heels;royal_crest_choker;y2kr_stone_choker;y2kr_tattoo_choker;sff_extra_xa040;ctx_c019;vel_open_ring_choker_mount,y2kr_stone_choker;y2kr_tattoo_choker;vel_open_ring_choker_mount_profile,wardrobe.accessories.glove_mitten;wardrobe.accessories.neck_wear_position
AF332,14,핑거리스 글러브 — Fingerless gloves,AFR103,P1,variant_family,review_existing_equivalence_then_reuse_or_extend,S22;S38,clt_ct106_v1,clothing_ct106_v1,wardrobe.accessories.glove_mitten;wardrobe.accessories.neck_wear_position
AF333,14,리본 타이 — Ribbon tie,AFR103,P1,variant_family,review_existing_equivalence_then_reuse_or_extend,S22;S38,y2kr_ribbon_tie,y2kr_ribbon_tie,wardrobe.accessories.glove_mitten;wardrobe.accessories.neck_wear_position
AF334,15,레이어링 — Layering,AFR104,P0,relation_family,review_existing_equivalence_then_reuse_or_extend,S38;S37,adult_decora_maker_wearer;ethereal_sheer_layering;tank_lightweight_summer_layer_wide_trouser_ensemble;decora_diy_accessory_layers;cybergoth_technical_synthetic_layers;sff_pro_y07;sheer_backlight_transmission_test;layering_terrain_and_story_cues_in_diorama;layering_handmade_decora_accessories;black_leather_harness_style;textile_backlight_studio;asymmetrical_flatlay_layering;window_reflection_layering;rb_foreground_occlusion_candidate;rb_scale_perspective_candidate;prepare_style_participate_step;hanfu_period_collar_layer_sequence;visible_bralette_tailored_blazer_layer;waistband_reveal_outer_garment_edges;y2kr_long_short_layer;y2kr_visible_layers;sff_pro_e20;natural_hourglass_relation;slender_linear_build;soft_full_figure_volume;curvilinear_figure_relation;toned_muscular_definition;compact_adult_frame;willowy_long_limb_proportion;statuesque_tall_large_proportion;long_torso_shorter_leg_relation;short_torso_longer_leg_relation;top_hourglass_relation;bottom_hourglass_relation;triangle_lower_body_dominant_relation;spoon_high_hip_relation;rectangle_low_waist_definition_relation;inverted_triangle_upper_body_dominant_relation;oval_central_torso_relation;diamond_central_torso_relation;shoulder_to_waist_taper;waist_to_hip_flare;hip_to_outer_thigh_transition;back_to_waist_curve;waist_to_glute_transition;dropped_low_waistline;architectural_peplum;sculpted_power_shoulders;cinched_hourglass_waist;body_con_second_skin;oversized_top_tiny_bottom;cocoon_relaxed_drape;skirt_over_pants_layering;advanced_clever_layering;wide_leg_long_line;micro_short_proportion;asymmetrical_hemline;scarf_drape_wrap;sculptural_bandage_bodycon;protective_cocoon_wrap_silhouette;cropped_wide_leg_culotte_geometry;tailored_jumpsuit_continuous_line;oversized_design_ease_relation;cropped_hem_landmark_relation;palazzo_full_length_wide_leg_geometry;seven_eighth_legging_ankle_landmark;capri_legging_mid_calf_landmark;biker_short_thigh_knee_landmark;flare_legging_knee_to_hem_expansion;high_rise_waist_navel_relation;casual_capri_below_knee_clear_ankle_gap;harem_roomy_folds_gathered_ankles;balloon_convex_leg_tapered_hem_silhouette;fitted_top_voluminous_bottom_contrast;bermuda_two_knee_length_short_hems;opening_reformed_hanbok_length_closure_3;bm_stature_scale;bm_compact_frame;bm_stocky_build;bm_wiry_definition;bm_muscle_volume;bm_muscle_striation;bm_shoulder_width;bm_shoulder_slope;bm_ribcage_width;bm_ribcage_depth;bm_back_width_depth;bm_neck_proportion;bm_scapular_relief;bm_torso_limb_ratio;bm_waist_level;bm_head_body_ratio;bm_bust_prominence;bm_breast_root_width;bm_breast_root_height;bm_breast_fullness;bm_breast_spacing;bm_breast_vertical_position;bm_breast_asymmetry;bm_nipple_projection;bm_waist_width_depth;bm_abdominal_projection;bm_abdominal_segmentation;bm_abdominal_v_boundary;bm_navel_shape;bm_hip_width;bm_gluteal_projection;bm_gluteal_fullness;bm_gluteal_cleft;bm_thigh_volume;bm_limb_alignment;bm_finger_proportion;bm_knuckle_relief;bm_foot_arch_instep;ne_regional_soft_volume;ne_regional_contour_transition;seated_horizontal_zither_two_hand_pose;wind_embouchure_two_hand_key_pose;cello_between_knees_floor_endpin_pose;double_bass_floor_supported_standing_pose;keyboard_percussion_standing_reach_pose;theremin_split_hand_field_pose;midi_controller_touch_signal_pose;neutral_standing_pose;relaxed_standing_weight_shift;contrapposto_full_body;power_stance_feet_apart;casual_lean_against_wall;leaning_on_railing_pose;seated_forward_lean;seated_sideways_chair_pose;relaxed_floor_sit_pose;crouching_street_pose;kneeling_soft_pose;reclining_lounge_pose;walking_mid_stride_pose;turning_back_over_shoulder_pose;stepping_into_frame_pose;arms_crossed_stance;hands_in_pockets_stance;one_knee_raised_seated_pose;tiptoe_reach_pose;jumping_motion_pose;editorial_s_curve_pose;half_turn_weight_shift_pose;candid_adjusting_balance_pose;group_layered_staggered_pose;figura_serpentinata_full_body;tribhanga_three_bend_full_body;single_arc_c_curve_pose;pelvic_obliquity_single_support;staggered_leg_depth_separation;crossed_ankles_narrow_base;lower_limb_plantarflexed_line;perched_edge_sit_grounded_support;propped_elbow_recline_support;open_grounded_self_directed_stance;controlled_three_quarter_weight_shift;fully_supported_inert_body_pose;loaded_ready_stance;forward_lean_recovery_posture;single_support_backward_flexed_free_leg;mep_graphic_pose_candidate;character_moe_nonhuman_aligned_body_response;character_moe_relationship_mutual_orientation;pc_pc05_component_4;pc_pc07_component_3;pc_pc08_component_2;pc_pc09_component_1;pc_pc09_component_3;pc_pc10_component_1;pc_pc11_component_1;pc_pc12_component_3;pc_pc13_component_3;pc_pc14_component_3;pc_pc27_component_2;pc_pc29_component_1;pc_pc30_component_3;pc_px10_component_1;pfe_relaxed_supported_turn_candidate;pfe_supported_s_curve_candidate;sff_pro_p01;sff_pro_p02;sff_pro_p04;sff_pro_p05;sff_pro_p06;sff_pro_p07;sff_pro_p09;ctx_c008;ctx_c013;ctx_c017;ctx_c020;ctx_c038;ctx_c064;ctx_c081;ctx_c082;ctx_c083;ctx_c100;ctx_c105;ctx_c108;ctx_c130;ctx_c141;pv_single_support;pv_wide_stance;pv_narrow_stance;pv_seated_upright;pv_deep_sit;pv_sideways_seat;pv_legs_one_side_seat;pv_reverse_chair;pv_chair_straddle;pv_knee_over_knee;pv_figure_four;pv_ankle_cross_seated;pv_knee_hug;pv_seated_legs_extended;pv_cross_leg_floor;pv_side_sit_floor;pv_w_sit;pv_tall_kneel;pv_heel_sit;pv_half_kneel;pv_squat_grounded;pv_toe_squat;pv_quadruped;pv_supine;pv_prone;pv_side_lying;pv_prone_forearms;pv_prone_feet_raised;pv_supine_knees_bent;pv_curled_side;pv_flexed_foot;pv_front_lunge;pv_front_split;pv_side_split;pv_arabesque;pv_tendu;pv_retire;pv_demi_pointe;pv_utkatasana;pv_parsvakonasana;pv_natarajasana;pv_paschimottanasana;pv_marjaryasana;pv_bitilasana;pv_kakasana;pv_savasana;pv_wall_arch;pv_negative_space_arms;pv_cross_shins_seated_surface;pv_ballet_second_flat;pv_ballet_demi_plie_flat;bm_mobility_contact;bm_pose_surface_change;sv_seated_knees_apart;sv_supported_m_legs;sv_supine_limb_spread;cv_single_heel_lift;ia_reclined_support;water_w008;water_w145;water_w152;hr_jiangshi_rigid_pose;hr_levitation_clearance;fire_f148;sf_112_base;sf_113_base;sf_117_base;sf_120_base;sf_102_base;sf_103_base,west_african_grand_boubou_volume_system;adult_everyday_controlled_reveal_moment;y2kr_long_short_layer;y2kr_visible_layers,wardrobe.details.layer_order;wardrobe.material;wardrobe.length.hem_landmark
AF335,15,토널 드레싱 — Tonal dressing,AFR105,P1,relation_family,inspect_equivalent_structure_then_add_distinct_variant_only_if_needed,S37,,,wardrobe.color;wardrobe.material
AF336,15,모노크롬 — Monochrome,AFR105,P1,relation_family,review_existing_equivalence_then_reuse_or_extend,S37,lit_noir_monochrome_or_restrained_palette;pe_platinum_print_paper;pe_wet_plate_artifact;pe_daguerreotype_plate;monochrome_diffused_lid_wash;muted_monochrome_cheek_wash,autochrome_glass_transparency_color_screen,wardrobe.color;wardrobe.material
AF337,15,텍스처 믹스 — Texture mixing,AFR104,P0,relation_family,inspect_equivalent_structure_then_add_distinct_variant_only_if_needed,S38;S37,,,wardrobe.details.layer_order;wardrobe.material;wardrobe.length.hem_landmark
AF338,15,길이 대비 — Length contrast,AFR104,P0,relation_family,inspect_equivalent_structure_then_add_distinct_variant_only_if_needed,S38;S37,,,wardrobe.details.layer_order;wardrobe.material;wardrobe.length.hem_landmark
AF339,15,볼륨 대비 — Volume contrast,AFR104,P0,relation_family,review_existing_equivalence_then_reuse_or_extend,S38;S37,pfe_volume_contrast_candidate;sff_pro_x02;y2kr_tiny_big,y2kr_tiny_big;pfe_volume_contrast,wardrobe.details.layer_order;wardrobe.material;wardrobe.length.hem_landmark
AF340,15,벨티드 스타일링 — Belted styling,AFR106,P0,relation_family,inspect_equivalent_structure_then_add_distinct_variant_only_if_needed,S39;S38,,,wardrobe.details.layer_order;wardrobe.details.top_layer_relation
AF341,15,프런트 턱 / 프렌치 턱 — Front tuck / French tuck,AFR106,P0,relation_family,inspect_equivalent_structure_then_add_distinct_variant_only_if_needed,S39;S38,,,wardrobe.details.layer_order;wardrobe.details.top_layer_relation
AF342,15,원버튼 카디건 스타일링 — One-button cardigan styling,AFR107,P0,visible_state,inspect_equivalent_structure_then_add_distinct_variant_only_if_needed,S24;S38,,,wardrobe.details.cardigan_opening;wardrobe.structure.front_fastener
AF343,15,시어 레이어링 — Sheer layering,AFR108,P0,relation_family,review_existing_equivalence_then_reuse_or_extend,S17;S33;S38,ethereal_sheer_layering,,wardrobe.material.transmission;wardrobe.details.layer_order
AF344,15,란제리 애즈 아우터웨어 — Lingerie as outerwear,AFR109,P1,relation_family,inspect_equivalent_structure_then_add_distinct_variant_only_if_needed,S16;S38,,,wardrobe.details.layer_order;wardrobe.details.corset_bustier
AF345,15,하의실종 스타일링,AFR110,P0,visible_state,inspect_equivalent_structure_then_add_distinct_variant_only_if_needed,S38;S16,,,wardrobe.details.layer_order;wardrobe.length.hem_landmark
AF346,15,노팬츠 룩 — No-pants look,AFR110,P0,visible_state,inspect_equivalent_structure_then_add_distinct_variant_only_if_needed,S38;S16,,,wardrobe.details.layer_order;wardrobe.length.hem_landmark
AF347,15,피카부 디테일 — Peekaboo details,AFR111,P1,relation_family,inspect_equivalent_structure_then_add_distinct_variant_only_if_needed,S17;S38,,,wardrobe.coverage.opening_location;wardrobe.details.layer_order
