row_id,group_number,group_title,reference_term,research_depth,recommended_route,proposed_profile_ids,source_ids,interpretation_ko,activation,source_verification,runtime_status,pixel_status
MK0001,1,모션과 애니메이션의 가장 기본적인 용어,Motion Graphics / 모션 그래픽,family_mapped,workflow_or_source_evidence,mg_workflow_format_labels,S03;S45,작품 유형·의도·제작 방법·인상 라벨은 제약의 출발점이다. 관찰 가능한 배치·형태·이벤트를 요청 맥락에서 별도 선언한다.,advisory_until_context_owner_and_core_checks,primary_sources_at_profile_or_family_level_not_individual_keyword_certification,not_installed,not_tested
MK0002,1,모션과 애니메이션의 가장 기본적인 용어,Animation / 애니메이션,family_mapped,workflow_or_source_evidence,mg_workflow_format_labels,S03;S45,작품 유형·의도·제작 방법·인상 라벨은 제약의 출발점이다. 관찰 가능한 배치·형태·이벤트를 요청 맥락에서 별도 선언한다.,advisory_until_context_owner_and_core_checks,primary_sources_at_profile_or_family_level_not_individual_keyword_certification,not_installed,not_tested
MK0003,1,모션과 애니메이션의 가장 기본적인 용어,Keyframe / 키프레임,family_mapped,workflow_or_source_evidence,mg_workflow_keyframe_authoring,S01;S02,키프레임 값·시간·핸들·구동 인터페이스를 실제 소스에서 보존한다. 경로 도형의 tangent와 시간 곡선의 tangent를 구분한다.,advisory_until_context_owner_and_core_checks,primary_sources_at_profile_or_family_level_not_individual_keyword_certification,not_installed,not_tested
MK0004,1,모션과 애니메이션의 가장 기본적인 용어,Interpolation / 보간,family_mapped,temporal_sequence_only,mg_temporal_easing,S01;S02,동일한 시작·끝 값 사이에서 시간에 따른 변화율을 비교한다. AE의 keyframe 진입·이탈 명칭과 Blender의 segment 명칭을 반드시 따로 보존한다.,advisory_until_context_owner_and_core_checks,primary_sources_at_profile_or_family_level_not_individual_keyword_certification,not_installed,not_tested
MK0005,1,모션과 애니메이션의 가장 기본적인 용어,Linear Interpolation / 선형 보간,family_mapped,temporal_sequence_only,mg_temporal_easing,S01;S02,동일한 시작·끝 값 사이에서 시간에 따른 변화율을 비교한다. AE의 keyframe 진입·이탈 명칭과 Blender의 segment 명칭을 반드시 따로 보존한다.,advisory_until_context_owner_and_core_checks,primary_sources_at_profile_or_family_level_not_individual_keyword_certification,not_installed,not_tested
MK0006,1,모션과 애니메이션의 가장 기본적인 용어,Bezier Interpolation / 베지어 보간,family_mapped,temporal_sequence_only,mg_temporal_easing,S01;S02,동일한 시작·끝 값 사이에서 시간에 따른 변화율을 비교한다. AE의 keyframe 진입·이탈 명칭과 Blender의 segment 명칭을 반드시 따로 보존한다.,advisory_until_context_owner_and_core_checks,primary_sources_at_profile_or_family_level_not_individual_keyword_certification,not_installed,not_tested
MK0007,1,모션과 애니메이션의 가장 기본적인 용어,Hold Keyframe / 홀드 키프레임,family_mapped,temporal_sequence_only,mg_temporal_hold,S01;S02,지정 시간 구간 동안 값이 유지되고 전환 지점 이후에만 바뀌는 관계다. 재생 정지와 값 hold를 구분한다.,advisory_until_context_owner_and_core_checks,primary_sources_at_profile_or_family_level_not_individual_keyword_certification,not_installed,not_tested
MK0008,1,모션과 애니메이션의 가장 기본적인 용어,Easing / 이징,family_mapped,temporal_sequence_only,mg_temporal_easing,S01;S02,동일한 시작·끝 값 사이에서 시간에 따른 변화율을 비교한다. AE의 keyframe 진입·이탈 명칭과 Blender의 segment 명칭을 반드시 따로 보존한다.,advisory_until_context_owner_and_core_checks,primary_sources_at_profile_or_family_level_not_individual_keyword_certification,not_installed,not_tested
MK0009,1,모션과 애니메이션의 가장 기본적인 용어,Ease In,family_mapped,temporal_sequence_only,mg_temporal_easing,S01;S02,동일한 시작·끝 값 사이에서 시간에 따른 변화율을 비교한다. AE의 keyframe 진입·이탈 명칭과 Blender의 segment 명칭을 반드시 따로 보존한다.,advisory_until_context_owner_and_core_checks,primary_sources_at_profile_or_family_level_not_individual_keyword_certification,not_installed,not_tested
MK0010,1,모션과 애니메이션의 가장 기본적인 용어,Ease Out,family_mapped,temporal_sequence_only,mg_temporal_easing,S01;S02,동일한 시작·끝 값 사이에서 시간에 따른 변화율을 비교한다. AE의 keyframe 진입·이탈 명칭과 Blender의 segment 명칭을 반드시 따로 보존한다.,advisory_until_context_owner_and_core_checks,primary_sources_at_profile_or_family_level_not_individual_keyword_certification,not_installed,not_tested
MK0011,1,모션과 애니메이션의 가장 기본적인 용어,Ease In-Out,family_mapped,temporal_sequence_only,mg_temporal_easing,S01;S02,동일한 시작·끝 값 사이에서 시간에 따른 변화율을 비교한다. AE의 keyframe 진입·이탈 명칭과 Blender의 segment 명칭을 반드시 따로 보존한다.,advisory_until_context_owner_and_core_checks,primary_sources_at_profile_or_family_level_not_individual_keyword_certification,not_installed,not_tested
MK0012,1,모션과 애니메이션의 가장 기본적인 용어,Easy Ease,family_mapped,temporal_sequence_only,mg_temporal_easing,S01;S02,동일한 시작·끝 값 사이에서 시간에 따른 변화율을 비교한다. AE의 keyframe 진입·이탈 명칭과 Blender의 segment 명칭을 반드시 따로 보존한다.,advisory_until_context_owner_and_core_checks,primary_sources_at_profile_or_family_level_not_individual_keyword_certification,not_installed,not_tested
MK0013,1,모션과 애니메이션의 가장 기본적인 용어,Acceleration / 가속,family_mapped,temporal_sequence_only,mg_temporal_easing,S01;S02,동일한 시작·끝 값 사이에서 시간에 따른 변화율을 비교한다. AE의 keyframe 진입·이탈 명칭과 Blender의 segment 명칭을 반드시 따로 보존한다.,advisory_until_context_owner_and_core_checks,primary_sources_at_profile_or_family_level_not_individual_keyword_certification,not_installed,not_tested
MK0014,1,모션과 애니메이션의 가장 기본적인 용어,Deceleration / 감속,family_mapped,temporal_sequence_only,mg_temporal_easing,S01;S02,동일한 시작·끝 값 사이에서 시간에 따른 변화율을 비교한다. AE의 keyframe 진입·이탈 명칭과 Blender의 segment 명칭을 반드시 따로 보존한다.,advisory_until_context_owner_and_core_checks,primary_sources_at_profile_or_family_level_not_individual_keyword_certification,not_installed,not_tested
MK0015,1,모션과 애니메이션의 가장 기본적인 용어,Velocity / 속도·변화율,family_mapped,temporal_sequence_only,mg_temporal_easing,S01;S02,동일한 시작·끝 값 사이에서 시간에 따른 변화율을 비교한다. AE의 keyframe 진입·이탈 명칭과 Blender의 segment 명칭을 반드시 따로 보존한다.,advisory_until_context_owner_and_core_checks,primary_sources_at_profile_or_family_level_not_individual_keyword_certification,not_installed,not_tested
MK0016,1,모션과 애니메이션의 가장 기본적인 용어,Timing / 타이밍,family_mapped,workflow_or_source_evidence,mg_workflow_keyframe_authoring,S01;S02,키프레임 값·시간·핸들·구동 인터페이스를 실제 소스에서 보존한다. 경로 도형의 tangent와 시간 곡선의 tangent를 구분한다.,advisory_until_context_owner_and_core_checks,primary_sources_at_profile_or_family_level_not_individual_keyword_certification,not_installed,not_tested
MK0017,1,모션과 애니메이션의 가장 기본적인 용어,Spacing / 스페이싱,family_mapped,workflow_or_source_evidence,mg_workflow_keyframe_authoring,S01;S02,키프레임 값·시간·핸들·구동 인터페이스를 실제 소스에서 보존한다. 경로 도형의 tangent와 시간 곡선의 tangent를 구분한다.,advisory_until_context_owner_and_core_checks,primary_sources_at_profile_or_family_level_not_individual_keyword_certification,not_installed,not_tested
MK0018,1,모션과 애니메이션의 가장 기본적인 용어,Pacing / 페이싱,family_mapped,workflow_or_source_evidence,mg_workflow_keyframe_authoring,S01;S02,키프레임 값·시간·핸들·구동 인터페이스를 실제 소스에서 보존한다. 경로 도형의 tangent와 시간 곡선의 tangent를 구분한다.,advisory_until_context_owner_and_core_checks,primary_sources_at_profile_or_family_level_not_individual_keyword_certification,not_installed,not_tested
MK0019,1,모션과 애니메이션의 가장 기본적인 용어,Duration / 듀레이션,family_mapped,temporal_sequence_only,mg_temporal_hold,S01;S02,지정 시간 구간 동안 값이 유지되고 전환 지점 이후에만 바뀌는 관계다. 재생 정지와 값 hold를 구분한다.,advisory_until_context_owner_and_core_checks,primary_sources_at_profile_or_family_level_not_individual_keyword_certification,not_installed,not_tested
MK0020,1,모션과 애니메이션의 가장 기본적인 용어,Delay / 딜레이,family_mapped,temporal_sequence_only,mg_temporal_hold,S01;S02,지정 시간 구간 동안 값이 유지되고 전환 지점 이후에만 바뀌는 관계다. 재생 정지와 값 hold를 구분한다.,advisory_until_context_owner_and_core_checks,primary_sources_at_profile_or_family_level_not_individual_keyword_certification,not_installed,not_tested
MK0021,1,모션과 애니메이션의 가장 기본적인 용어,Offset / 오프셋,family_mapped,temporal_sequence_only,mg_temporal_stagger,S07;S19,대상 순서와 각 대상의 시작 시점 차이를 기록한다. 정지 배열에서의 위치 차이는 다른 속성이다.,advisory_until_context_owner_and_core_checks,primary_sources_at_profile_or_family_level_not_individual_keyword_certification,not_installed,not_tested
MK0022,1,모션과 애니메이션의 가장 기본적인 용어,Stagger / 스태거,family_mapped,temporal_sequence_only,mg_temporal_stagger,S07;S19,대상 순서와 각 대상의 시작 시점 차이를 기록한다. 정지 배열에서의 위치 차이는 다른 속성이다.,advisory_until_context_owner_and_core_checks,primary_sources_at_profile_or_family_level_not_individual_keyword_certification,not_installed,not_tested
MK0023,1,모션과 애니메이션의 가장 기본적인 용어,Cascade / 캐스케이드,family_mapped,temporal_sequence_only,mg_temporal_stagger,S07;S19,대상 순서와 각 대상의 시작 시점 차이를 기록한다. 정지 배열에서의 위치 차이는 다른 속성이다.,advisory_until_context_owner_and_core_checks,primary_sources_at_profile_or_family_level_not_individual_keyword_certification,not_installed,not_tested
MK0024,1,모션과 애니메이션의 가장 기본적인 용어,Sequence / 시퀀스,family_mapped,temporal_sequence_only,mg_temporal_stagger,S07;S19,대상 순서와 각 대상의 시작 시점 차이를 기록한다. 정지 배열에서의 위치 차이는 다른 속성이다.,advisory_until_context_owner_and_core_checks,primary_sources_at_profile_or_family_level_not_individual_keyword_certification,not_installed,not_tested
MK0025,1,모션과 애니메이션의 가장 기본적인 용어,Loop / 루프,family_mapped,temporal_sequence_only,mg_temporal_loop,S02;S12,한 주기의 끝과 다음 시작 사이에서 전체 상태가 어떤 연속성을 갖는지 검사한다. seamless 요구에는 필요한 값·속도·시각 상태의 접합 기준을 명시한다.,advisory_until_context_owner_and_core_checks,primary_sources_at_profile_or_family_level_not_individual_keyword_certification,not_installed,not_tested
MK0026,1,모션과 애니메이션의 가장 기본적인 용어,Seamless Loop / 심리스 루프,family_mapped,temporal_sequence_only,mg_temporal_loop,S02;S12,한 주기의 끝과 다음 시작 사이에서 전체 상태가 어떤 연속성을 갖는지 검사한다. seamless 요구에는 필요한 값·속도·시각 상태의 접합 기준을 명시한다.,advisory_until_context_owner_and_core_checks,primary_sources_at_profile_or_family_level_not_individual_keyword_certification,not_installed,not_tested
MK0027,1,모션과 애니메이션의 가장 기본적인 용어,Ping-pong Loop / 왕복 루프,family_mapped,temporal_sequence_only,mg_temporal_pingpong,S02;S12,같은 상태 경로를 정방향으로 갔다가 역순으로 돌아오는 시간 관계다. 끝점에서의 정지는 별도 요청이다.,advisory_until_context_owner_and_core_checks,primary_sources_at_profile_or_family_level_not_individual_keyword_certification,not_installed,not_tested
MK0028,1,모션과 애니메이션의 가장 기본적인 용어,Cycle / 사이클,family_mapped,temporal_sequence_only,mg_temporal_loop,S02;S12,한 주기의 끝과 다음 시작 사이에서 전체 상태가 어떤 연속성을 갖는지 검사한다. seamless 요구에는 필요한 값·속도·시각 상태의 접합 기준을 명시한다.,advisory_until_context_owner_and_core_checks,primary_sources_at_profile_or_family_level_not_individual_keyword_certification,not_installed,not_tested
MK0029,1,모션과 애니메이션의 가장 기본적인 용어,Hold / 홀드,family_mapped,temporal_sequence_only,mg_temporal_hold,S01;S02,지정 시간 구간 동안 값이 유지되고 전환 지점 이후에만 바뀌는 관계다. 재생 정지와 값 hold를 구분한다.,advisory_until_context_owner_and_core_checks,primary_sources_at_profile_or_family_level_not_individual_keyword_certification,not_installed,not_tested
MK0030,1,모션과 애니메이션의 가장 기본적인 용어,Pause / 포즈,family_mapped,temporal_sequence_only,mg_temporal_hold,S01;S02,지정 시간 구간 동안 값이 유지되고 전환 지점 이후에만 바뀌는 관계다. 재생 정지와 값 hold를 구분한다.,advisory_until_context_owner_and_core_checks,primary_sources_at_profile_or_family_level_not_individual_keyword_certification,not_installed,not_tested
MK0031,1,모션과 애니메이션의 가장 기본적인 용어,Beat / 비트,family_mapped,temporal_sequence_only,mg_temporal_motion_qualities;mg_temporal_audio_reactive,S02;S03;S12;S19,"느낌 라벨을 속도 변화, 정착 시간, 주기, 형태 연속성 등 사용자 문맥에 맞는 관찰 조건으로 풀어 쓴다. 숫자 preset은 자동 확정하지 않는다.",advisory_until_context_owner_and_core_checks,primary_sources_at_profile_or_family_level_not_individual_keyword_certification,not_installed,not_tested
MK0032,2,움직임의 느낌을 표현하는 용어,Snappy Motion / 스내피 모션,family_mapped,temporal_sequence_only,mg_temporal_motion_qualities,S02;S03,"느낌 라벨을 속도 변화, 정착 시간, 주기, 형태 연속성 등 사용자 문맥에 맞는 관찰 조건으로 풀어 쓴다. 숫자 preset은 자동 확정하지 않는다.",advisory_until_context_owner_and_core_checks,primary_sources_at_profile_or_family_level_not_individual_keyword_certification,not_installed,not_tested
MK0033,2,움직임의 느낌을 표현하는 용어,Smooth Motion / 스무스 모션,family_mapped,temporal_sequence_only,mg_temporal_motion_qualities,S02;S03,"느낌 라벨을 속도 변화, 정착 시간, 주기, 형태 연속성 등 사용자 문맥에 맞는 관찰 조건으로 풀어 쓴다. 숫자 preset은 자동 확정하지 않는다.",advisory_until_context_owner_and_core_checks,primary_sources_at_profile_or_family_level_not_individual_keyword_certification,not_installed,not_tested
MK0034,2,움직임의 느낌을 표현하는 용어,Fluid Motion / 플루이드 모션,family_mapped,temporal_sequence_only,mg_temporal_motion_qualities,S02;S03,"느낌 라벨을 속도 변화, 정착 시간, 주기, 형태 연속성 등 사용자 문맥에 맞는 관찰 조건으로 풀어 쓴다. 숫자 preset은 자동 확정하지 않는다.",advisory_until_context_owner_and_core_checks,primary_sources_at_profile_or_family_level_not_individual_keyword_certification,not_installed,not_tested
MK0035,2,움직임의 느낌을 표현하는 용어,Organic Motion / 오가닉 모션,family_mapped,temporal_sequence_only,mg_temporal_motion_qualities,S02;S03,"느낌 라벨을 속도 변화, 정착 시간, 주기, 형태 연속성 등 사용자 문맥에 맞는 관찰 조건으로 풀어 쓴다. 숫자 preset은 자동 확정하지 않는다.",advisory_until_context_owner_and_core_checks,primary_sources_at_profile_or_family_level_not_individual_keyword_certification,not_installed,not_tested
MK0036,2,움직임의 느낌을 표현하는 용어,Mechanical Motion / 메커니컬 모션,family_mapped,temporal_sequence_only,mg_temporal_motion_qualities,S02;S03,"느낌 라벨을 속도 변화, 정착 시간, 주기, 형태 연속성 등 사용자 문맥에 맞는 관찰 조건으로 풀어 쓴다. 숫자 preset은 자동 확정하지 않는다.",advisory_until_context_owner_and_core_checks,primary_sources_at_profile_or_family_level_not_individual_keyword_certification,not_installed,not_tested
MK0037,2,움직임의 느낌을 표현하는 용어,Elastic Motion / 엘라스틱 모션,family_mapped,temporal_sequence_only,mg_temporal_spring,S02;S19,"목표값, 목표를 넘는 위상, 이후의 오차 감소를 분리한다. overshoot만 요청되면 진동 횟수나 물리 spring을 자동 추가하지 않는다.",advisory_until_context_owner_and_core_checks,primary_sources_at_profile_or_family_level_not_individual_keyword_certification,not_installed,not_tested
MK0038,2,움직임의 느낌을 표현하는 용어,Spring Motion / 스프링 모션,family_mapped,temporal_sequence_only,mg_temporal_spring,S02;S19,"목표값, 목표를 넘는 위상, 이후의 오차 감소를 분리한다. overshoot만 요청되면 진동 횟수나 물리 spring을 자동 추가하지 않는다.",advisory_until_context_owner_and_core_checks,primary_sources_at_profile_or_family_level_not_individual_keyword_certification,not_installed,not_tested
MK0039,2,움직임의 느낌을 표현하는 용어,Bouncy Motion / 바운시 모션,family_mapped,temporal_sequence_only,mg_temporal_bounce,S02;S38,"대상과 접촉면의 접근, 접촉, 반발의 순서를 실제 이동 궤적에서 확인한다.",advisory_until_context_owner_and_core_checks,primary_sources_at_profile_or_family_level_not_individual_keyword_certification,not_installed,not_tested
MK0040,2,움직임의 느낌을 표현하는 용어,Overshoot / 오버슈트,family_mapped,temporal_sequence_only,mg_temporal_spring,S02;S19,"목표값, 목표를 넘는 위상, 이후의 오차 감소를 분리한다. overshoot만 요청되면 진동 횟수나 물리 spring을 자동 추가하지 않는다.",advisory_until_context_owner_and_core_checks,primary_sources_at_profile_or_family_level_not_individual_keyword_certification,not_installed,not_tested
MK0041,2,움직임의 느낌을 표현하는 용어,Undershoot / 언더슈트,family_mapped,temporal_sequence_only,mg_temporal_spring,S02;S19,"목표값, 목표를 넘는 위상, 이후의 오차 감소를 분리한다. overshoot만 요청되면 진동 횟수나 물리 spring을 자동 추가하지 않는다.",advisory_until_context_owner_and_core_checks,primary_sources_at_profile_or_family_level_not_individual_keyword_certification,not_installed,not_tested
MK0042,2,움직임의 느낌을 표현하는 용어,Settle / 세틀,family_mapped,temporal_sequence_only,mg_temporal_spring,S02;S19,"목표값, 목표를 넘는 위상, 이후의 오차 감소를 분리한다. overshoot만 요청되면 진동 횟수나 물리 spring을 자동 추가하지 않는다.",advisory_until_context_owner_and_core_checks,primary_sources_at_profile_or_family_level_not_individual_keyword_certification,not_installed,not_tested
MK0043,2,움직임의 느낌을 표현하는 용어,Recoil / 리코일,family_mapped,temporal_sequence_only,mg_temporal_spring,S02;S19,"목표값, 목표를 넘는 위상, 이후의 오차 감소를 분리한다. overshoot만 요청되면 진동 횟수나 물리 spring을 자동 추가하지 않는다.",advisory_until_context_owner_and_core_checks,primary_sources_at_profile_or_family_level_not_individual_keyword_certification,not_installed,not_tested
MK0044,2,움직임의 느낌을 표현하는 용어,Snap / 스냅,family_mapped,temporal_sequence_only,mg_temporal_motion_qualities,S02;S03,"느낌 라벨을 속도 변화, 정착 시간, 주기, 형태 연속성 등 사용자 문맥에 맞는 관찰 조건으로 풀어 쓴다. 숫자 preset은 자동 확정하지 않는다.",advisory_until_context_owner_and_core_checks,primary_sources_at_profile_or_family_level_not_individual_keyword_certification,not_installed,not_tested
MK0045,2,움직임의 느낌을 표현하는 용어,Pop / 팝,family_mapped,temporal_sequence_only,mg_temporal_motion_qualities,S02;S03,"느낌 라벨을 속도 변화, 정착 시간, 주기, 형태 연속성 등 사용자 문맥에 맞는 관찰 조건으로 풀어 쓴다. 숫자 preset은 자동 확정하지 않는다.",advisory_until_context_owner_and_core_checks,primary_sources_at_profile_or_family_level_not_individual_keyword_certification,not_installed,not_tested
MK0046,2,움직임의 느낌을 표현하는 용어,Punch / 펀치,family_mapped,temporal_sequence_only,mg_temporal_motion_qualities,S02;S03,"느낌 라벨을 속도 변화, 정착 시간, 주기, 형태 연속성 등 사용자 문맥에 맞는 관찰 조건으로 풀어 쓴다. 숫자 preset은 자동 확정하지 않는다.",advisory_until_context_owner_and_core_checks,primary_sources_at_profile_or_family_level_not_individual_keyword_certification,not_installed,not_tested
MK0047,2,움직임의 느낌을 표현하는 용어,Pulse / 펄스,family_mapped,temporal_sequence_only,mg_temporal_motion_qualities,S02;S03,"느낌 라벨을 속도 변화, 정착 시간, 주기, 형태 연속성 등 사용자 문맥에 맞는 관찰 조건으로 풀어 쓴다. 숫자 preset은 자동 확정하지 않는다.",advisory_until_context_owner_and_core_checks,primary_sources_at_profile_or_family_level_not_individual_keyword_certification,not_installed,not_tested
MK0048,2,움직임의 느낌을 표현하는 용어,Breathing / 브리딩,family_mapped,temporal_sequence_only,mg_temporal_motion_qualities,S02;S03,"느낌 라벨을 속도 변화, 정착 시간, 주기, 형태 연속성 등 사용자 문맥에 맞는 관찰 조건으로 풀어 쓴다. 숫자 preset은 자동 확정하지 않는다.",advisory_until_context_owner_and_core_checks,primary_sources_at_profile_or_family_level_not_individual_keyword_certification,not_installed,not_tested
MK0049,2,움직임의 느낌을 표현하는 용어,Float / 플로트,family_mapped,temporal_sequence_only,mg_temporal_path_motion,S01;S19;S38,"대상 경로, 기준 중심·축, 시간별 위치와 위상 관계를 명시한다. 파형·파문은 전파 방향과 상태 차이를 추가한다.",advisory_until_context_owner_and_core_checks,primary_sources_at_profile_or_family_level_not_individual_keyword_certification,not_installed,not_tested
MK0050,2,움직임의 느낌을 표현하는 용어,Drift / 드리프트,family_mapped,temporal_sequence_only,mg_temporal_path_motion,S01;S19;S38,"대상 경로, 기준 중심·축, 시간별 위치와 위상 관계를 명시한다. 파형·파문은 전파 방향과 상태 차이를 추가한다.",advisory_until_context_owner_and_core_checks,primary_sources_at_profile_or_family_level_not_individual_keyword_certification,not_installed,not_tested
MK0051,2,움직임의 느낌을 표현하는 용어,Hover / 호버,family_mapped,temporal_sequence_only,mg_temporal_path_motion,S01;S19;S38,"대상 경로, 기준 중심·축, 시간별 위치와 위상 관계를 명시한다. 파형·파문은 전파 방향과 상태 차이를 추가한다.",advisory_until_context_owner_and_core_checks,primary_sources_at_profile_or_family_level_not_individual_keyword_certification,not_installed,not_tested
MK0052,2,움직임의 느낌을 표현하는 용어,Jitter / 지터,family_mapped,temporal_sequence_only,mg_temporal_flicker_jitter,S02;S12,불규칙 변화의 대상 속성·진폭·주파수 범위와 기준 상태를 분리한다. random seed는 재현 메타데이터다.,advisory_until_context_owner_and_core_checks,primary_sources_at_profile_or_family_level_not_individual_keyword_certification,not_installed,not_tested
MK0053,2,움직임의 느낌을 표현하는 용어,Shake / 셰이크,family_mapped,temporal_sequence_only,mg_temporal_flicker_jitter,S02;S12,불규칙 변화의 대상 속성·진폭·주파수 범위와 기준 상태를 분리한다. random seed는 재현 메타데이터다.,advisory_until_context_owner_and_core_checks,primary_sources_at_profile_or_family_level_not_individual_keyword_certification,not_installed,not_tested
MK0054,2,움직임의 느낌을 표현하는 용어,Wobble / 워블,family_mapped,temporal_sequence_only,mg_temporal_spring,S02;S19,"목표값, 목표를 넘는 위상, 이후의 오차 감소를 분리한다. overshoot만 요청되면 진동 횟수나 물리 spring을 자동 추가하지 않는다.",advisory_until_context_owner_and_core_checks,primary_sources_at_profile_or_family_level_not_individual_keyword_certification,not_installed,not_tested
MK0055,2,움직임의 느낌을 표현하는 용어,Flicker / 플리커,family_mapped,temporal_sequence_only,mg_temporal_flicker_jitter,S02;S12,불규칙 변화의 대상 속성·진폭·주파수 범위와 기준 상태를 분리한다. random seed는 재현 메타데이터다.,advisory_until_context_owner_and_core_checks,primary_sources_at_profile_or_family_level_not_individual_keyword_certification,not_installed,not_tested
MK0056,2,움직임의 느낌을 표현하는 용어,Flick / 플릭,family_mapped,temporal_sequence_only,mg_temporal_motion_qualities,S02;S03,"느낌 라벨을 속도 변화, 정착 시간, 주기, 형태 연속성 등 사용자 문맥에 맞는 관찰 조건으로 풀어 쓴다. 숫자 preset은 자동 확정하지 않는다.",advisory_until_context_owner_and_core_checks,primary_sources_at_profile_or_family_level_not_individual_keyword_certification,not_installed,not_tested
MK0057,2,움직임의 느낌을 표현하는 용어,Whip / 휩,family_mapped,temporal_sequence_only,mg_temporal_motion_qualities,S02;S03,"느낌 라벨을 속도 변화, 정착 시간, 주기, 형태 연속성 등 사용자 문맥에 맞는 관찰 조건으로 풀어 쓴다. 숫자 preset은 자동 확정하지 않는다.",advisory_until_context_owner_and_core_checks,primary_sources_at_profile_or_family_level_not_individual_keyword_certification,not_installed,not_tested
MK0058,2,움직임의 느낌을 표현하는 용어,Swing / 스윙,family_mapped,temporal_sequence_only,mg_temporal_path_motion,S01;S19;S38,"대상 경로, 기준 중심·축, 시간별 위치와 위상 관계를 명시한다. 파형·파문은 전파 방향과 상태 차이를 추가한다.",advisory_until_context_owner_and_core_checks,primary_sources_at_profile_or_family_level_not_individual_keyword_certification,not_installed,not_tested
MK0059,2,움직임의 느낌을 표현하는 용어,Orbit / 오빗,family_mapped,temporal_sequence_only,mg_temporal_path_motion,S01;S19;S38,"대상 경로, 기준 중심·축, 시간별 위치와 위상 관계를 명시한다. 파형·파문은 전파 방향과 상태 차이를 추가한다.",advisory_until_context_owner_and_core_checks,primary_sources_at_profile_or_family_level_not_individual_keyword_certification,not_installed,not_tested
MK0060,2,움직임의 느낌을 표현하는 용어,Spiral / 스파이럴,family_mapped,context_split_required,mg_vortex_distribution;mg_temporal_path_motion,S01;S19;S38,점·선·유체 무늬가 회전 중심 또는 방사 방향과 관계를 갖는 순간 형태다. attraction·repulsion의 인과는 sequence에서 확인한다.,advisory_until_context_owner_and_core_checks,primary_sources_at_profile_or_family_level_not_individual_keyword_certification,not_installed,not_tested
MK0061,2,움직임의 느낌을 표현하는 용어,Wave / 웨이브,family_mapped,temporal_sequence_only,mg_temporal_path_motion,S01;S19;S38,"대상 경로, 기준 중심·축, 시간별 위치와 위상 관계를 명시한다. 파형·파문은 전파 방향과 상태 차이를 추가한다.",advisory_until_context_owner_and_core_checks,primary_sources_at_profile_or_family_level_not_individual_keyword_certification,not_installed,not_tested
MK0062,2,움직임의 느낌을 표현하는 용어,Ripple / 리플,family_mapped,temporal_sequence_only,mg_temporal_path_motion,S01;S19;S38,"대상 경로, 기준 중심·축, 시간별 위치와 위상 관계를 명시한다. 파형·파문은 전파 방향과 상태 차이를 추가한다.",advisory_until_context_owner_and_core_checks,primary_sources_at_profile_or_family_level_not_individual_keyword_certification,not_installed,not_tested
MK0063,2,움직임의 느낌을 표현하는 용어,Flow / 플로우,family_mapped,temporal_sequence_only,mg_temporal_path_motion,S01;S19;S38,"대상 경로, 기준 중심·축, 시간별 위치와 위상 관계를 명시한다. 파형·파문은 전파 방향과 상태 차이를 추가한다.",advisory_until_context_owner_and_core_checks,primary_sources_at_profile_or_family_level_not_individual_keyword_certification,not_installed,not_tested
MK0064,3,애니메이션 12원칙에서 파생되는 용어,Squash & Stretch / 스쿼시 앤 스트레치,family_mapped,temporal_sequence_only,mg_temporal_squash,S03;S21,같은 대상이 짧아지며 넓어지거나 길어지며 가늘어지는 시간 관계다. 질량·체적 보존의 요구 수준은 매체와 사용자 요구에 맞춘다.,advisory_until_context_owner_and_core_checks,primary_sources_at_profile_or_family_level_not_individual_keyword_certification,not_installed,not_tested
MK0065,3,애니메이션 12원칙에서 파생되는 용어,Anticipation / 안티시페이션·예비동작,family_mapped,temporal_sequence_only,mg_temporal_anticipation,S03,예비 자세·반대 방향 준비·멈춤이 주동작에 앞서고 같은 수행자·동작 목표에 연결되는 관계다.,advisory_until_context_owner_and_core_checks,primary_sources_at_profile_or_family_level_not_individual_keyword_certification,not_installed,not_tested
MK0066,3,애니메이션 12원칙에서 파생되는 용어,Staging / 스테이징,family_mapped,workflow_or_source_evidence,mg_workflow_format_labels,S03;S45,작품 유형·의도·제작 방법·인상 라벨은 제약의 출발점이다. 관찰 가능한 배치·형태·이벤트를 요청 맥락에서 별도 선언한다.,advisory_until_context_owner_and_core_checks,primary_sources_at_profile_or_family_level_not_individual_keyword_certification,not_installed,not_tested
MK0067,3,애니메이션 12원칙에서 파생되는 용어,Pose to Pose / 포즈 투 포즈,family_mapped,workflow_or_source_evidence,mg_workflow_format_labels,S03;S45,작품 유형·의도·제작 방법·인상 라벨은 제약의 출발점이다. 관찰 가능한 배치·형태·이벤트를 요청 맥락에서 별도 선언한다.,advisory_until_context_owner_and_core_checks,primary_sources_at_profile_or_family_level_not_individual_keyword_certification,not_installed,not_tested
MK0068,3,애니메이션 12원칙에서 파생되는 용어,Straight Ahead / 스트레이트 어헤드,family_mapped,workflow_or_source_evidence,mg_workflow_format_labels,S03;S45,작품 유형·의도·제작 방법·인상 라벨은 제약의 출발점이다. 관찰 가능한 배치·형태·이벤트를 요청 맥락에서 별도 선언한다.,advisory_until_context_owner_and_core_checks,primary_sources_at_profile_or_family_level_not_individual_keyword_certification,not_installed,not_tested
MK0069,3,애니메이션 12원칙에서 파생되는 용어,Follow Through / 팔로스루,family_mapped,temporal_sequence_only,mg_temporal_followthrough,S03,주체가 멈추거나 방향을 바꾼 뒤 부속 부위가 계속 움직이는 관계와 부위별 시작·종료 시간 차이를 기록한다.,advisory_until_context_owner_and_core_checks,primary_sources_at_profile_or_family_level_not_individual_keyword_certification,not_installed,not_tested
MK0070,3,애니메이션 12원칙에서 파생되는 용어,Overlapping Action / 오버래핑 액션,family_mapped,temporal_sequence_only,mg_temporal_followthrough,S03,주체가 멈추거나 방향을 바꾼 뒤 부속 부위가 계속 움직이는 관계와 부위별 시작·종료 시간 차이를 기록한다.,advisory_until_context_owner_and_core_checks,primary_sources_at_profile_or_family_level_not_individual_keyword_certification,not_installed,not_tested
MK0071,3,애니메이션 12원칙에서 파생되는 용어,Slow In / 슬로 인,family_mapped,temporal_sequence_only,mg_temporal_easing,S01;S02,동일한 시작·끝 값 사이에서 시간에 따른 변화율을 비교한다. AE의 keyframe 진입·이탈 명칭과 Blender의 segment 명칭을 반드시 따로 보존한다.,advisory_until_context_owner_and_core_checks,primary_sources_at_profile_or_family_level_not_individual_keyword_certification,not_installed,not_tested
MK0072,3,애니메이션 12원칙에서 파생되는 용어,Slow Out / 슬로 아웃,family_mapped,temporal_sequence_only,mg_temporal_easing,S01;S02,동일한 시작·끝 값 사이에서 시간에 따른 변화율을 비교한다. AE의 keyframe 진입·이탈 명칭과 Blender의 segment 명칭을 반드시 따로 보존한다.,advisory_until_context_owner_and_core_checks,primary_sources_at_profile_or_family_level_not_individual_keyword_certification,not_installed,not_tested
MK0073,3,애니메이션 12원칙에서 파생되는 용어,Arc / 아크,family_mapped,temporal_sequence_only,mg_temporal_path_motion,S01;S19;S38,"대상 경로, 기준 중심·축, 시간별 위치와 위상 관계를 명시한다. 파형·파문은 전파 방향과 상태 차이를 추가한다.",advisory_until_context_owner_and_core_checks,primary_sources_at_profile_or_family_level_not_individual_keyword_certification,not_installed,not_tested
MK0074,3,애니메이션 12원칙에서 파생되는 용어,Secondary Action / 세컨더리 액션,family_mapped,context_split_required,mg_temporal_followthrough;mg_workflow_format_labels,S03;S45,주체가 멈추거나 방향을 바꾼 뒤 부속 부위가 계속 움직이는 관계와 부위별 시작·종료 시간 차이를 기록한다.,advisory_until_context_owner_and_core_checks,primary_sources_at_profile_or_family_level_not_individual_keyword_certification,not_installed,not_tested
MK0075,3,애니메이션 12원칙에서 파생되는 용어,Exaggeration / 과장,family_mapped,temporal_sequence_only,mg_temporal_motion_qualities,S02;S03,"느낌 라벨을 속도 변화, 정착 시간, 주기, 형태 연속성 등 사용자 문맥에 맞는 관찰 조건으로 풀어 쓴다. 숫자 preset은 자동 확정하지 않는다.",advisory_until_context_owner_and_core_checks,primary_sources_at_profile_or_family_level_not_individual_keyword_certification,not_installed,not_tested
MK0076,3,애니메이션 12원칙에서 파생되는 용어,Appeal / 어필,family_mapped,workflow_or_source_evidence,mg_workflow_format_labels,S03;S45,작품 유형·의도·제작 방법·인상 라벨은 제약의 출발점이다. 관찰 가능한 배치·형태·이벤트를 요청 맥락에서 별도 선언한다.,advisory_until_context_owner_and_core_checks,primary_sources_at_profile_or_family_level_not_individual_keyword_certification,not_installed,not_tested
MK0077,4,그래프 에디터 관련 용어,Graph Editor / 그래프 에디터,family_mapped,workflow_or_source_evidence,mg_workflow_keyframe_authoring,S01;S02,키프레임 값·시간·핸들·구동 인터페이스를 실제 소스에서 보존한다. 경로 도형의 tangent와 시간 곡선의 tangent를 구분한다.,advisory_until_context_owner_and_core_checks,primary_sources_at_profile_or_family_level_not_individual_keyword_certification,not_installed,not_tested
MK0078,4,그래프 에디터 관련 용어,Speed Graph / 속도 그래프,family_mapped,temporal_sequence_only,mg_temporal_easing,S01;S02,동일한 시작·끝 값 사이에서 시간에 따른 변화율을 비교한다. AE의 keyframe 진입·이탈 명칭과 Blender의 segment 명칭을 반드시 따로 보존한다.,advisory_until_context_owner_and_core_checks,primary_sources_at_profile_or_family_level_not_individual_keyword_certification,not_installed,not_tested
MK0079,4,그래프 에디터 관련 용어,Value Graph / 값 그래프,family_mapped,temporal_sequence_only,mg_temporal_easing,S01;S02,동일한 시작·끝 값 사이에서 시간에 따른 변화율을 비교한다. AE의 keyframe 진입·이탈 명칭과 Blender의 segment 명칭을 반드시 따로 보존한다.,advisory_until_context_owner_and_core_checks,primary_sources_at_profile_or_family_level_not_individual_keyword_certification,not_installed,not_tested
MK0080,4,그래프 에디터 관련 용어,Curve / 커브,family_mapped,workflow_or_source_evidence,mg_workflow_keyframe_authoring,S01;S02,키프레임 값·시간·핸들·구동 인터페이스를 실제 소스에서 보존한다. 경로 도형의 tangent와 시간 곡선의 tangent를 구분한다.,advisory_until_context_owner_and_core_checks,primary_sources_at_profile_or_family_level_not_individual_keyword_certification,not_installed,not_tested
MK0081,4,그래프 에디터 관련 용어,Bezier Handle / 베지어 핸들,family_mapped,workflow_or_source_evidence,mg_workflow_keyframe_authoring,S01;S02,키프레임 값·시간·핸들·구동 인터페이스를 실제 소스에서 보존한다. 경로 도형의 tangent와 시간 곡선의 tangent를 구분한다.,advisory_until_context_owner_and_core_checks,primary_sources_at_profile_or_family_level_not_individual_keyword_certification,not_installed,not_tested
MK0082,4,그래프 에디터 관련 용어,Influence / 인플루언스,family_mapped,workflow_or_source_evidence,mg_workflow_keyframe_authoring,S01;S02,키프레임 값·시간·핸들·구동 인터페이스를 실제 소스에서 보존한다. 경로 도형의 tangent와 시간 곡선의 tangent를 구분한다.,advisory_until_context_owner_and_core_checks,primary_sources_at_profile_or_family_level_not_individual_keyword_certification,not_installed,not_tested
MK0083,4,그래프 에디터 관련 용어,Temporal Interpolation / 시간 보간,family_mapped,temporal_sequence_only,mg_temporal_easing,S01;S02,동일한 시작·끝 값 사이에서 시간에 따른 변화율을 비교한다. AE의 keyframe 진입·이탈 명칭과 Blender의 segment 명칭을 반드시 따로 보존한다.,advisory_until_context_owner_and_core_checks,primary_sources_at_profile_or_family_level_not_individual_keyword_certification,not_installed,not_tested
MK0084,4,그래프 에디터 관련 용어,Spatial Interpolation / 공간 보간,family_mapped,temporal_sequence_only,mg_temporal_path_motion,S01;S19;S38,"대상 경로, 기준 중심·축, 시간별 위치와 위상 관계를 명시한다. 파형·파문은 전파 방향과 상태 차이를 추가한다.",advisory_until_context_owner_and_core_checks,primary_sources_at_profile_or_family_level_not_individual_keyword_certification,not_installed,not_tested
MK0085,4,그래프 에디터 관련 용어,Motion Path / 모션 패스,family_mapped,temporal_sequence_only,mg_temporal_path_motion,S01;S19;S38,"대상 경로, 기준 중심·축, 시간별 위치와 위상 관계를 명시한다. 파형·파문은 전파 방향과 상태 차이를 추가한다.",advisory_until_context_owner_and_core_checks,primary_sources_at_profile_or_family_level_not_individual_keyword_certification,not_installed,not_tested
MK0086,4,그래프 에디터 관련 용어,Roving Keyframe / 로빙 키프레임,family_mapped,workflow_or_source_evidence,mg_workflow_keyframe_authoring,S01;S02,키프레임 값·시간·핸들·구동 인터페이스를 실제 소스에서 보존한다. 경로 도형의 tangent와 시간 곡선의 tangent를 구분한다.,advisory_until_context_owner_and_core_checks,primary_sources_at_profile_or_family_level_not_individual_keyword_certification,not_installed,not_tested
MK0087,4,그래프 에디터 관련 용어,Tangent / 접선,family_mapped,workflow_or_source_evidence,mg_workflow_keyframe_authoring,S01;S02,키프레임 값·시간·핸들·구동 인터페이스를 실제 소스에서 보존한다. 경로 도형의 tangent와 시간 곡선의 tangent를 구분한다.,advisory_until_context_owner_and_core_checks,primary_sources_at_profile_or_family_level_not_individual_keyword_certification,not_installed,not_tested
MK0088,4,그래프 에디터 관련 용어,Continuous Bezier / 연속 베지어,family_mapped,workflow_or_source_evidence,mg_workflow_keyframe_authoring,S01;S02,키프레임 값·시간·핸들·구동 인터페이스를 실제 소스에서 보존한다. 경로 도형의 tangent와 시간 곡선의 tangent를 구분한다.,advisory_until_context_owner_and_core_checks,primary_sources_at_profile_or_family_level_not_individual_keyword_certification,not_installed,not_tested
MK0089,4,그래프 에디터 관련 용어,Auto Bezier / 자동 베지어,family_mapped,workflow_or_source_evidence,mg_workflow_keyframe_authoring,S01;S02,키프레임 값·시간·핸들·구동 인터페이스를 실제 소스에서 보존한다. 경로 도형의 tangent와 시간 곡선의 tangent를 구분한다.,advisory_until_context_owner_and_core_checks,primary_sources_at_profile_or_family_level_not_individual_keyword_certification,not_installed,not_tested
MK0090,5,Transform·레이어 구조 관련 용어,Position / 위치,family_mapped,workflow_or_source_evidence,mg_workflow_rig,S12;S20,대상과 기준점·부모·제약의 내부 구동 구조다. 정지 결과의 배치와 실제 리그가 존재한다는 주장을 구분한다.,advisory_until_context_owner_and_core_checks,primary_sources_at_profile_or_family_level_not_individual_keyword_certification,not_installed,not_tested
MK0091,5,Transform·레이어 구조 관련 용어,Scale / 스케일,family_mapped,workflow_or_source_evidence,mg_workflow_rig,S12;S20,대상과 기준점·부모·제약의 내부 구동 구조다. 정지 결과의 배치와 실제 리그가 존재한다는 주장을 구분한다.,advisory_until_context_owner_and_core_checks,primary_sources_at_profile_or_family_level_not_individual_keyword_certification,not_installed,not_tested
MK0092,5,Transform·레이어 구조 관련 용어,Rotation / 회전,family_mapped,workflow_or_source_evidence,mg_workflow_rig,S12;S20,대상과 기준점·부모·제약의 내부 구동 구조다. 정지 결과의 배치와 실제 리그가 존재한다는 주장을 구분한다.,advisory_until_context_owner_and_core_checks,primary_sources_at_profile_or_family_level_not_individual_keyword_certification,not_installed,not_tested
MK0093,5,Transform·레이어 구조 관련 용어,Orientation / 오리엔테이션,family_mapped,workflow_or_source_evidence,mg_workflow_rig,S12;S20,대상과 기준점·부모·제약의 내부 구동 구조다. 정지 결과의 배치와 실제 리그가 존재한다는 주장을 구분한다.,advisory_until_context_owner_and_core_checks,primary_sources_at_profile_or_family_level_not_individual_keyword_certification,not_installed,not_tested
MK0094,5,Transform·레이어 구조 관련 용어,Opacity / 불투명도,family_mapped,static_or_result_frame,mg_opacity_overlap,S09;S10,앞 요소를 통해 뒤 요소가 어느 정도 읽히는지와 겹친 부분의 색·경계를 표현한다.,advisory_until_context_owner_and_core_checks,primary_sources_at_profile_or_family_level_not_individual_keyword_certification,not_installed,not_tested
MK0095,5,Transform·레이어 구조 관련 용어,Anchor Point / 앵커 포인트,family_mapped,workflow_or_source_evidence,mg_workflow_rig,S12;S20,대상과 기준점·부모·제약의 내부 구동 구조다. 정지 결과의 배치와 실제 리그가 존재한다는 주장을 구분한다.,advisory_until_context_owner_and_core_checks,primary_sources_at_profile_or_family_level_not_individual_keyword_certification,not_installed,not_tested
MK0096,5,Transform·레이어 구조 관련 용어,Pivot / 피벗,family_mapped,workflow_or_source_evidence,mg_workflow_rig,S12;S20,대상과 기준점·부모·제약의 내부 구동 구조다. 정지 결과의 배치와 실제 리그가 존재한다는 주장을 구분한다.,advisory_until_context_owner_and_core_checks,primary_sources_at_profile_or_family_level_not_individual_keyword_certification,not_installed,not_tested
MK0097,5,Transform·레이어 구조 관련 용어,Transform / 트랜스폼,family_mapped,workflow_or_source_evidence,mg_workflow_rig,S12;S20,대상과 기준점·부모·제약의 내부 구동 구조다. 정지 결과의 배치와 실제 리그가 존재한다는 주장을 구분한다.,advisory_until_context_owner_and_core_checks,primary_sources_at_profile_or_family_level_not_individual_keyword_certification,not_installed,not_tested
MK0098,5,Transform·레이어 구조 관련 용어,Parenting / 페어런팅,family_mapped,workflow_or_source_evidence,mg_workflow_rig,S12;S20,대상과 기준점·부모·제약의 내부 구동 구조다. 정지 결과의 배치와 실제 리그가 존재한다는 주장을 구분한다.,advisory_until_context_owner_and_core_checks,primary_sources_at_profile_or_family_level_not_individual_keyword_certification,not_installed,not_tested
MK0099,5,Transform·레이어 구조 관련 용어,Parent / 부모,family_mapped,workflow_or_source_evidence,mg_workflow_rig,S12;S20,대상과 기준점·부모·제약의 내부 구동 구조다. 정지 결과의 배치와 실제 리그가 존재한다는 주장을 구분한다.,advisory_until_context_owner_and_core_checks,primary_sources_at_profile_or_family_level_not_individual_keyword_certification,not_installed,not_tested
MK0100,5,Transform·레이어 구조 관련 용어,Child / 자식,family_mapped,workflow_or_source_evidence,mg_workflow_rig,S12;S20,대상과 기준점·부모·제약의 내부 구동 구조다. 정지 결과의 배치와 실제 리그가 존재한다는 주장을 구분한다.,advisory_until_context_owner_and_core_checks,primary_sources_at_profile_or_family_level_not_individual_keyword_certification,not_installed,not_tested
MK0101,5,Transform·레이어 구조 관련 용어,Null Object / 널 오브젝트,family_mapped,workflow_or_source_evidence,mg_workflow_rig,S12;S20,대상과 기준점·부모·제약의 내부 구동 구조다. 정지 결과의 배치와 실제 리그가 존재한다는 주장을 구분한다.,advisory_until_context_owner_and_core_checks,primary_sources_at_profile_or_family_level_not_individual_keyword_certification,not_installed,not_tested
MK0102,5,Transform·레이어 구조 관련 용어,Controller / 컨트롤러,family_mapped,workflow_or_source_evidence,mg_workflow_rig,S12;S20,대상과 기준점·부모·제약의 내부 구동 구조다. 정지 결과의 배치와 실제 리그가 존재한다는 주장을 구분한다.,advisory_until_context_owner_and_core_checks,primary_sources_at_profile_or_family_level_not_individual_keyword_certification,not_installed,not_tested
MK0103,5,Transform·레이어 구조 관련 용어,Rig / 리그,family_mapped,workflow_or_source_evidence,mg_workflow_rig,S12;S20,대상과 기준점·부모·제약의 내부 구동 구조다. 정지 결과의 배치와 실제 리그가 존재한다는 주장을 구분한다.,advisory_until_context_owner_and_core_checks,primary_sources_at_profile_or_family_level_not_individual_keyword_certification,not_installed,not_tested
MK0104,5,Transform·레이어 구조 관련 용어,Constraint / 컨스트레인트,family_mapped,workflow_or_source_evidence,mg_workflow_rig,S12;S20,대상과 기준점·부모·제약의 내부 구동 구조다. 정지 결과의 배치와 실제 리그가 존재한다는 주장을 구분한다.,advisory_until_context_owner_and_core_checks,primary_sources_at_profile_or_family_level_not_individual_keyword_certification,not_installed,not_tested
MK0105,5,Transform·레이어 구조 관련 용어,Look At / Aim Constraint,family_mapped,workflow_or_source_evidence,mg_workflow_rig,S12;S20,대상과 기준점·부모·제약의 내부 구동 구조다. 정지 결과의 배치와 실제 리그가 존재한다는 주장을 구분한다.,advisory_until_context_owner_and_core_checks,primary_sources_at_profile_or_family_level_not_individual_keyword_certification,not_installed,not_tested
MK0106,5,Transform·레이어 구조 관련 용어,Hierarchy / 계층 구조,family_mapped,workflow_or_source_evidence,mg_workflow_rig,S12;S20,대상과 기준점·부모·제약의 내부 구동 구조다. 정지 결과의 배치와 실제 리그가 존재한다는 주장을 구분한다.,advisory_until_context_owner_and_core_checks,primary_sources_at_profile_or_family_level_not_individual_keyword_certification,not_installed,not_tested
MK0107,6,Shape·Vector 모션 용어,Shape Layer / 셰이프 레이어,family_mapped,static_or_result_frame,mg_path_open_closed,S46;S47,"끝점이 남는 선과 연결된 폐곡선을 구분하고, 선을 따라 놓인 스트로크와 내부 영역을 채우는 필을 별도 속성으로 기록한다.",advisory_until_context_owner_and_core_checks,primary_sources_at_profile_or_family_level_not_individual_keyword_certification,not_installed,not_tested
MK0108,6,Shape·Vector 모션 용어,Vector / 벡터,family_mapped,static_or_result_frame,mg_path_open_closed,S46;S47,"끝점이 남는 선과 연결된 폐곡선을 구분하고, 선을 따라 놓인 스트로크와 내부 영역을 채우는 필을 별도 속성으로 기록한다.",advisory_until_context_owner_and_core_checks,primary_sources_at_profile_or_family_level_not_individual_keyword_certification,not_installed,not_tested
MK0109,6,Shape·Vector 모션 용어,Raster / 래스터,family_mapped,workflow_or_source_evidence,mg_workflow_render_passes,S29;S33,실제 렌더 설정과 채널·패스의 목록이다. beauty look의 장식 용어로 투입하지 않는다.,advisory_until_context_owner_and_core_checks,primary_sources_at_profile_or_family_level_not_individual_keyword_certification,not_installed,not_tested
MK0110,6,Shape·Vector 모션 용어,Path / 패스,family_mapped,static_or_result_frame,mg_path_open_closed,S46;S47,"끝점이 남는 선과 연결된 폐곡선을 구분하고, 선을 따라 놓인 스트로크와 내부 영역을 채우는 필을 별도 속성으로 기록한다.",advisory_until_context_owner_and_core_checks,primary_sources_at_profile_or_family_level_not_individual_keyword_certification,not_installed,not_tested
MK0111,6,Shape·Vector 모션 용어,Vertex / 버텍스,family_mapped,static_or_result_frame,mg_path_open_closed,S46;S47,"끝점이 남는 선과 연결된 폐곡선을 구분하고, 선을 따라 놓인 스트로크와 내부 영역을 채우는 필을 별도 속성으로 기록한다.",advisory_until_context_owner_and_core_checks,primary_sources_at_profile_or_family_level_not_individual_keyword_certification,not_installed,not_tested
MK0112,6,Shape·Vector 모션 용어,Bezier Path / 베지어 패스,family_mapped,static_or_result_frame,mg_path_open_closed,S46;S47,"끝점이 남는 선과 연결된 폐곡선을 구분하고, 선을 따라 놓인 스트로크와 내부 영역을 채우는 필을 별도 속성으로 기록한다.",advisory_until_context_owner_and_core_checks,primary_sources_at_profile_or_family_level_not_individual_keyword_certification,not_installed,not_tested
MK0113,6,Shape·Vector 모션 용어,Open Path / 오픈 패스,family_mapped,static_or_result_frame,mg_path_open_closed,S46;S47,"끝점이 남는 선과 연결된 폐곡선을 구분하고, 선을 따라 놓인 스트로크와 내부 영역을 채우는 필을 별도 속성으로 기록한다.",advisory_until_context_owner_and_core_checks,primary_sources_at_profile_or_family_level_not_individual_keyword_certification,not_installed,not_tested
MK0114,6,Shape·Vector 모션 용어,Closed Path / 클로즈드 패스,family_mapped,static_or_result_frame,mg_path_open_closed,S46;S47,"끝점이 남는 선과 연결된 폐곡선을 구분하고, 선을 따라 놓인 스트로크와 내부 영역을 채우는 필을 별도 속성으로 기록한다.",advisory_until_context_owner_and_core_checks,primary_sources_at_profile_or_family_level_not_individual_keyword_certification,not_installed,not_tested
MK0115,6,Shape·Vector 모션 용어,Fill / 필,family_mapped,static_or_result_frame,mg_path_open_closed,S46;S47,"끝점이 남는 선과 연결된 폐곡선을 구분하고, 선을 따라 놓인 스트로크와 내부 영역을 채우는 필을 별도 속성으로 기록한다.",advisory_until_context_owner_and_core_checks,primary_sources_at_profile_or_family_level_not_individual_keyword_certification,not_installed,not_tested
MK0116,6,Shape·Vector 모션 용어,Stroke / 스트로크,family_mapped,static_or_result_frame,mg_path_open_closed,S46;S47,"끝점이 남는 선과 연결된 폐곡선을 구분하고, 선을 따라 놓인 스트로크와 내부 영역을 채우는 필을 별도 속성으로 기록한다.",advisory_until_context_owner_and_core_checks,primary_sources_at_profile_or_family_level_not_individual_keyword_certification,not_installed,not_tested
MK0117,6,Shape·Vector 모션 용어,Stroke Width / 스트로크 폭,family_mapped,static_or_result_frame,mg_stroke_cap,S46,개방 선 끝의 절단·반원·정사각 연장 형태를 끝점에서 확인한다. 같은 선폭이라도 끝의 범위는 다르다.,advisory_until_context_owner_and_core_checks,primary_sources_at_profile_or_family_level_not_individual_keyword_certification,not_installed,not_tested
MK0118,6,Shape·Vector 모션 용어,Cap / 캡,family_mapped,static_or_result_frame,mg_stroke_cap,S46,개방 선 끝의 절단·반원·정사각 연장 형태를 끝점에서 확인한다. 같은 선폭이라도 끝의 범위는 다르다.,advisory_until_context_owner_and_core_checks,primary_sources_at_profile_or_family_level_not_individual_keyword_certification,not_installed,not_tested
MK0119,6,Shape·Vector 모션 용어,Join / 조인,family_mapped,static_or_result_frame,mg_stroke_join,S46,"두 선분의 연결 부위가 날카로운 연장, 둥근 연결, 잘린 모서리 중 어떤 형태인지 분리한다.",advisory_until_context_owner_and_core_checks,primary_sources_at_profile_or_family_level_not_individual_keyword_certification,not_installed,not_tested
MK0120,6,Shape·Vector 모션 용어,Miter Join / 마이터 조인,family_mapped,static_or_result_frame,mg_stroke_join,S46,"두 선분의 연결 부위가 날카로운 연장, 둥근 연결, 잘린 모서리 중 어떤 형태인지 분리한다.",advisory_until_context_owner_and_core_checks,primary_sources_at_profile_or_family_level_not_individual_keyword_certification,not_installed,not_tested
MK0121,6,Shape·Vector 모션 용어,Round Join / 라운드 조인,family_mapped,static_or_result_frame,mg_stroke_join,S46,"두 선분의 연결 부위가 날카로운 연장, 둥근 연결, 잘린 모서리 중 어떤 형태인지 분리한다.",advisory_until_context_owner_and_core_checks,primary_sources_at_profile_or_family_level_not_individual_keyword_certification,not_installed,not_tested
MK0122,6,Shape·Vector 모션 용어,Bevel Join / 베벨 조인,family_mapped,static_or_result_frame,mg_stroke_join,S46,"두 선분의 연결 부위가 날카로운 연장, 둥근 연결, 잘린 모서리 중 어떤 형태인지 분리한다.",advisory_until_context_owner_and_core_checks,primary_sources_at_profile_or_family_level_not_individual_keyword_certification,not_installed,not_tested
MK0123,6,Shape·Vector 모션 용어,Dash / 대시,family_mapped,static_or_result_frame,mg_dash_spacing,S46,선의 경로를 따라 반복되는 표시 길이와 빈 간격을 한 패턴으로 기술한다.,advisory_until_context_owner_and_core_checks,primary_sources_at_profile_or_family_level_not_individual_keyword_certification,not_installed,not_tested
MK0124,6,Shape·Vector 모션 용어,Trim Paths / 트림 패스,family_mapped,temporal_sequence_only,mg_temporal_trim_reveal,S04;S47,"trim은 경로상의 노출 구간 변화를, wiggle·pucker/bloat는 경로 또는 윤곽 변형을 따로 추적한다.",advisory_until_context_owner_and_core_checks,primary_sources_at_profile_or_family_level_not_individual_keyword_certification,not_installed,not_tested
MK0125,6,Shape·Vector 모션 용어,Repeater / 리피터,family_mapped,static_or_result_frame,mg_grid_repeat,S16;S17;S19,지정 원형의 여러 사본이 행과 열의 기준에 맞추어 배열된 형태다.,advisory_until_context_owner_and_core_checks,primary_sources_at_profile_or_family_level_not_individual_keyword_certification,not_installed,not_tested
MK0126,6,Shape·Vector 모션 용어,Offset Paths / 오프셋 패스,family_mapped,static_or_result_frame,mg_offset_contours,S05;S47,기준 윤곽의 안팎에 거리 관계를 유지하는 새 윤곽을 만든다. 비원형 도형의 중심 기준 확대와 구분한다.,advisory_until_context_owner_and_core_checks,primary_sources_at_profile_or_family_level_not_individual_keyword_certification,not_installed,not_tested
MK0127,6,Shape·Vector 모션 용어,Merge Paths / 머지 패스,family_mapped,static_or_result_frame,mg_path_boolean,S04;S47,입력 윤곽이 겹치는 위치와 남거나 제거되는 영역의 관계를 표현한다. 연산 이름은 입력 증거가 있을 때만 확정한다.,advisory_until_context_owner_and_core_checks,primary_sources_at_profile_or_family_level_not_individual_keyword_certification,not_installed,not_tested
MK0128,6,Shape·Vector 모션 용어,Round Corners / 라운드 코너,family_mapped,static_or_result_frame,mg_corner_rounding,S46;S49,명시한 윤곽의 모서리가 연속된 둥근 곡선으로 바뀌는 형태를 표현한다.,advisory_until_context_owner_and_core_checks,primary_sources_at_profile_or_family_level_not_individual_keyword_certification,not_installed,not_tested
MK0129,6,Shape·Vector 모션 용어,Pucker & Bloat / 퍼커 앤 블로트,family_mapped,temporal_sequence_only,mg_temporal_trim_reveal,S04;S47,"trim은 경로상의 노출 구간 변화를, wiggle·pucker/bloat는 경로 또는 윤곽 변형을 따로 추적한다.",advisory_until_context_owner_and_core_checks,primary_sources_at_profile_or_family_level_not_individual_keyword_certification,not_installed,not_tested
MK0130,6,Shape·Vector 모션 용어,Wiggle Paths / 위글 패스,family_mapped,temporal_sequence_only,mg_temporal_trim_reveal,S04;S47,"trim은 경로상의 노출 구간 변화를, wiggle·pucker/bloat는 경로 또는 윤곽 변형을 따로 추적한다.",advisory_until_context_owner_and_core_checks,primary_sources_at_profile_or_family_level_not_individual_keyword_certification,not_installed,not_tested
MK0131,6,Shape·Vector 모션 용어,Taper / 테이퍼,family_mapped,static_or_result_frame,mg_tapered_stroke,S04;S46,선의 진행 위치에 따라 폭이 좁아지거나 넓어지는 관계다. 3D 물체의 taper와 별도 문맥을 갖는다.,advisory_until_context_owner_and_core_checks,primary_sources_at_profile_or_family_level_not_individual_keyword_certification,not_installed,not_tested
MK0132,6,Shape·Vector 모션 용어,Path Morph / 패스 모프,family_mapped,temporal_sequence_only,mg_temporal_morph,S04;S21,출발·도착 형태 사이에 대응하는 윤곽·부위가 시간에 따라 변하는지 확인한다.,advisory_until_context_owner_and_core_checks,primary_sources_at_profile_or_family_level_not_individual_keyword_certification,not_installed,not_tested
MK0133,7,Morphing·변형 관련 용어,Morph / 모프,family_mapped,temporal_sequence_only,mg_temporal_morph,S04;S21,출발·도착 형태 사이에 대응하는 윤곽·부위가 시간에 따라 변하는지 확인한다.,advisory_until_context_owner_and_core_checks,primary_sources_at_profile_or_family_level_not_individual_keyword_certification,not_installed,not_tested
MK0134,7,Morphing·변형 관련 용어,Morphing / 모핑,family_mapped,temporal_sequence_only,mg_temporal_morph,S04;S21,출발·도착 형태 사이에 대응하는 윤곽·부위가 시간에 따라 변하는지 확인한다.,advisory_until_context_owner_and_core_checks,primary_sources_at_profile_or_family_level_not_individual_keyword_certification,not_installed,not_tested
MK0135,7,Morphing·변형 관련 용어,Shape Morph / 셰이프 모프,family_mapped,temporal_sequence_only,mg_temporal_morph,S04;S21,출발·도착 형태 사이에 대응하는 윤곽·부위가 시간에 따라 변하는지 확인한다.,advisory_until_context_owner_and_core_checks,primary_sources_at_profile_or_family_level_not_individual_keyword_certification,not_installed,not_tested
MK0136,7,Morphing·변형 관련 용어,Image Morph / 이미지 모프,family_mapped,temporal_sequence_only,mg_temporal_morph,S04;S21,출발·도착 형태 사이에 대응하는 윤곽·부위가 시간에 따라 변하는지 확인한다.,advisory_until_context_owner_and_core_checks,primary_sources_at_profile_or_family_level_not_individual_keyword_certification,not_installed,not_tested
MK0137,7,Morphing·변형 관련 용어,Warp / 워프,family_mapped,static_or_result_frame,mg_warped_grid,S21;S22,기준 격자·직선·표면 패턴이 지역적으로 휘거나 팽창한 결과를 기술한다. 알고리즘 이름은 별도 근거를 요구한다.,advisory_until_context_owner_and_core_checks,primary_sources_at_profile_or_family_level_not_individual_keyword_certification,not_installed,not_tested
MK0138,7,Morphing·변형 관련 용어,Distortion / 디스토션,family_mapped,static_or_result_frame,mg_warped_grid,S21;S22,기준 격자·직선·표면 패턴이 지역적으로 휘거나 팽창한 결과를 기술한다. 알고리즘 이름은 별도 근거를 요구한다.,advisory_until_context_owner_and_core_checks,primary_sources_at_profile_or_family_level_not_individual_keyword_certification,not_installed,not_tested
MK0139,7,Morphing·변형 관련 용어,Displacement / 디스플레이스먼트,family_mapped,static_or_result_frame,mg_warped_grid,S21;S22,기준 격자·직선·표면 패턴이 지역적으로 휘거나 팽창한 결과를 기술한다. 알고리즘 이름은 별도 근거를 요구한다.,advisory_until_context_owner_and_core_checks,primary_sources_at_profile_or_family_level_not_individual_keyword_certification,not_installed,not_tested
MK0140,7,Morphing·변형 관련 용어,Twist / 트위스트,family_mapped,static_or_result_frame,mg_bend_twist,S21,"축에 따른 중심선 굽힘, 단면의 회전, 단면 크기 변화라는 세 기하 관계를 각각 유지한다.",advisory_until_context_owner_and_core_checks,primary_sources_at_profile_or_family_level_not_individual_keyword_certification,not_installed,not_tested
MK0141,7,Morphing·변형 관련 용어,Bend / 벤드,family_mapped,static_or_result_frame,mg_bend_twist,S21,"축에 따른 중심선 굽힘, 단면의 회전, 단면 크기 변화라는 세 기하 관계를 각각 유지한다.",advisory_until_context_owner_and_core_checks,primary_sources_at_profile_or_family_level_not_individual_keyword_certification,not_installed,not_tested
MK0142,7,Morphing·변형 관련 용어,Taper Deformer / 테이퍼 디포머,family_mapped,static_or_result_frame,mg_bend_twist,S21,"축에 따른 중심선 굽힘, 단면의 회전, 단면 크기 변화라는 세 기하 관계를 각각 유지한다.",advisory_until_context_owner_and_core_checks,primary_sources_at_profile_or_family_level_not_individual_keyword_certification,not_installed,not_tested
MK0143,7,Morphing·변형 관련 용어,Bulge / 벌지,family_mapped,static_or_result_frame,mg_warped_grid,S21;S22,기준 격자·직선·표면 패턴이 지역적으로 휘거나 팽창한 결과를 기술한다. 알고리즘 이름은 별도 근거를 요구한다.,advisory_until_context_owner_and_core_checks,primary_sources_at_profile_or_family_level_not_individual_keyword_certification,not_installed,not_tested
MK0144,7,Morphing·변형 관련 용어,Spherize / 스페라이즈,family_mapped,static_or_result_frame,mg_warped_grid,S21;S22,기준 격자·직선·표면 패턴이 지역적으로 휘거나 팽창한 결과를 기술한다. 알고리즘 이름은 별도 근거를 요구한다.,advisory_until_context_owner_and_core_checks,primary_sources_at_profile_or_family_level_not_individual_keyword_certification,not_installed,not_tested
MK0145,7,Morphing·변형 관련 용어,Liquify / 리퀴파이,family_mapped,static_or_result_frame,mg_warped_grid,S21;S22,기준 격자·직선·표면 패턴이 지역적으로 휘거나 팽창한 결과를 기술한다. 알고리즘 이름은 별도 근거를 요구한다.,advisory_until_context_owner_and_core_checks,primary_sources_at_profile_or_family_level_not_individual_keyword_certification,not_installed,not_tested
MK0146,7,Morphing·변형 관련 용어,Deformer / 디포머,family_mapped,static_or_result_frame,mg_warped_grid,S21;S22,기준 격자·직선·표면 패턴이 지역적으로 휘거나 팽창한 결과를 기술한다. 알고리즘 이름은 별도 근거를 요구한다.,advisory_until_context_owner_and_core_checks,primary_sources_at_profile_or_family_level_not_individual_keyword_certification,not_installed,not_tested
MK0147,8,타이포그래피 모션 용어,Kinetic Typography / 키네틱 타이포그래피,family_mapped,temporal_sequence_only,mg_temporal_text_reveal,S07;S48,"문자 단위 추가, 획을 따라 드러나는 변화, 마스크에 의한 노출을 다른 이벤트로 기록한다. variable font의 실제 axis는 폰트·프로젝트 증거가 필요하다.",advisory_until_context_owner_and_core_checks,primary_sources_at_profile_or_family_level_not_individual_keyword_certification,not_installed,not_tested
MK0148,8,타이포그래피 모션 용어,Animated Typography / 애니메이티드 타이포그래피,family_mapped,temporal_sequence_only,mg_temporal_text_reveal,S07;S48,"문자 단위 추가, 획을 따라 드러나는 변화, 마스크에 의한 노출을 다른 이벤트로 기록한다. variable font의 실제 axis는 폰트·프로젝트 증거가 필요하다.",advisory_until_context_owner_and_core_checks,primary_sources_at_profile_or_family_level_not_individual_keyword_certification,not_installed,not_tested
MK0149,8,타이포그래피 모션 용어,Text Reveal / 텍스트 리빌,family_mapped,temporal_sequence_only,mg_temporal_text_reveal,S07;S48,"문자 단위 추가, 획을 따라 드러나는 변화, 마스크에 의한 노출을 다른 이벤트로 기록한다. variable font의 실제 axis는 폰트·프로젝트 증거가 필요하다.",advisory_until_context_owner_and_core_checks,primary_sources_at_profile_or_family_level_not_individual_keyword_certification,not_installed,not_tested
MK0150,8,타이포그래피 모션 용어,Type-on / 타입온,family_mapped,temporal_sequence_only,mg_temporal_text_reveal,S07;S48,"문자 단위 추가, 획을 따라 드러나는 변화, 마스크에 의한 노출을 다른 이벤트로 기록한다. variable font의 실제 axis는 폰트·프로젝트 증거가 필요하다.",advisory_until_context_owner_and_core_checks,primary_sources_at_profile_or_family_level_not_individual_keyword_certification,not_installed,not_tested
MK0151,8,타이포그래피 모션 용어,Write-on / 라이트온,family_mapped,temporal_sequence_only,mg_temporal_text_reveal,S07;S48,"문자 단위 추가, 획을 따라 드러나는 변화, 마스크에 의한 노출을 다른 이벤트로 기록한다. variable font의 실제 axis는 폰트·프로젝트 증거가 필요하다.",advisory_until_context_owner_and_core_checks,primary_sources_at_profile_or_family_level_not_individual_keyword_certification,not_installed,not_tested
MK0152,8,타이포그래피 모션 용어,Character Animator / 문자 단위 애니메이터,family_mapped,temporal_sequence_only,mg_temporal_stagger,S07;S19,대상 순서와 각 대상의 시작 시점 차이를 기록한다. 정지 배열에서의 위치 차이는 다른 속성이다.,advisory_until_context_owner_and_core_checks,primary_sources_at_profile_or_family_level_not_individual_keyword_certification,not_installed,not_tested
MK0153,8,타이포그래피 모션 용어,Per-character Animation / 글자별 애니메이션,family_mapped,temporal_sequence_only,mg_temporal_stagger;mg_temporal_text_reveal,S07;S19;S48,대상 순서와 각 대상의 시작 시점 차이를 기록한다. 정지 배열에서의 위치 차이는 다른 속성이다.,advisory_until_context_owner_and_core_checks,primary_sources_at_profile_or_family_level_not_individual_keyword_certification,not_installed,not_tested
MK0154,8,타이포그래피 모션 용어,Tracking / 자간 조정,family_mapped,static_or_result_frame,mg_text_spacing,S06;S48,"문자 쌍, 선택 span, 여러 행에 적용되는 서로 다른 간격 관계를 분리한다. 글자 내용과 글꼴 맥락이 필요하다.",advisory_until_context_owner_and_core_checks,primary_sources_at_profile_or_family_level_not_individual_keyword_certification,not_installed,not_tested
MK0155,8,타이포그래피 모션 용어,Kerning / 커닝,family_mapped,static_or_result_frame,mg_text_spacing,S06;S48,"문자 쌍, 선택 span, 여러 행에 적용되는 서로 다른 간격 관계를 분리한다. 글자 내용과 글꼴 맥락이 필요하다.",advisory_until_context_owner_and_core_checks,primary_sources_at_profile_or_family_level_not_individual_keyword_certification,not_installed,not_tested
MK0156,8,타이포그래피 모션 용어,Leading / 행간,family_mapped,static_or_result_frame,mg_text_spacing,S06;S48,"문자 쌍, 선택 span, 여러 행에 적용되는 서로 다른 간격 관계를 분리한다. 글자 내용과 글꼴 맥락이 필요하다.",advisory_until_context_owner_and_core_checks,primary_sources_at_profile_or_family_level_not_individual_keyword_certification,not_installed,not_tested
MK0157,8,타이포그래피 모션 용어,Baseline / 베이스라인,family_mapped,static_or_result_frame,mg_text_spacing,S06;S48,"문자 쌍, 선택 span, 여러 행에 적용되는 서로 다른 간격 관계를 분리한다. 글자 내용과 글꼴 맥락이 필요하다.",advisory_until_context_owner_and_core_checks,primary_sources_at_profile_or_family_level_not_individual_keyword_certification,not_installed,not_tested
MK0158,8,타이포그래피 모션 용어,Baseline Shift / 베이스라인 시프트,family_mapped,static_or_result_frame,mg_baseline_shift,S06;S48,선택 문자만 같은 행의 기준선에서 위·아래로 이동한 관계다.,advisory_until_context_owner_and_core_checks,primary_sources_at_profile_or_family_level_not_individual_keyword_certification,not_installed,not_tested
MK0159,8,타이포그래피 모션 용어,Cap Height / 캡 높이,family_mapped,static_or_result_frame,mg_text_spacing,S06;S48,"문자 쌍, 선택 span, 여러 행에 적용되는 서로 다른 간격 관계를 분리한다. 글자 내용과 글꼴 맥락이 필요하다.",advisory_until_context_owner_and_core_checks,primary_sources_at_profile_or_family_level_not_individual_keyword_certification,not_installed,not_tested
MK0160,8,타이포그래피 모션 용어,X-height / 엑스하이트,family_mapped,static_or_result_frame,mg_text_spacing,S06;S48,"문자 쌍, 선택 span, 여러 행에 적용되는 서로 다른 간격 관계를 분리한다. 글자 내용과 글꼴 맥락이 필요하다.",advisory_until_context_owner_and_core_checks,primary_sources_at_profile_or_family_level_not_individual_keyword_certification,not_installed,not_tested
MK0161,8,타이포그래피 모션 용어,Text on Path / 패스 텍스트,family_mapped,static_or_result_frame,mg_text_on_path,S07;S48,선언한 문자열의 기준선이 경로를 따라가며 글자 방향과 읽는 순서가 유지되는 관계다.,advisory_until_context_owner_and_core_checks,primary_sources_at_profile_or_family_level_not_individual_keyword_certification,not_installed,not_tested
MK0162,8,타이포그래피 모션 용어,Text Mask / 텍스트 마스크,family_mapped,static_or_result_frame,mg_text_mask_result,S08;S48,이미지 내용이 읽을 수 있는 문자 윤곽의 안쪽에만 보이는 결과 관계다.,advisory_until_context_owner_and_core_checks,primary_sources_at_profile_or_family_level_not_individual_keyword_certification,not_installed,not_tested
MK0163,8,타이포그래피 모션 용어,Text Extrusion / 텍스트 익스트루전,family_mapped,static_or_result_frame,mg_text_extrusion,S07;S20,글리프 전면 윤곽과 깊이 방향 측면이 연결된 입체 글자 형태다.,advisory_until_context_owner_and_core_checks,primary_sources_at_profile_or_family_level_not_individual_keyword_certification,not_installed,not_tested
MK0164,8,타이포그래피 모션 용어,Variable Font Animation / 가변 글꼴 애니메이션,family_mapped,temporal_sequence_only,mg_temporal_text_reveal,S07;S48,"문자 단위 추가, 획을 따라 드러나는 변화, 마스크에 의한 노출을 다른 이벤트로 기록한다. variable font의 실제 axis는 폰트·프로젝트 증거가 필요하다.",advisory_until_context_owner_and_core_checks,primary_sources_at_profile_or_family_level_not_individual_keyword_certification,not_installed,not_tested
MK0165,9,Mask·Matte·투명도 관련 용어,Alpha Channel / 알파 채널,family_mapped,workflow_or_source_evidence,mg_matte_polarity,S08;S09,정상 매트는 높은 alpha 또는 luma 영역에서 소스가 드러나고 반전 매트는 반대로 작동한다. 별도 매트·소스·결과로 검증한다.,advisory_until_context_owner_and_core_checks,primary_sources_at_profile_or_family_level_not_individual_keyword_certification,not_installed,not_tested
MK0166,9,Mask·Matte·투명도 관련 용어,RGBA,family_mapped,workflow_or_source_evidence,mg_matte_polarity,S08;S09,정상 매트는 높은 alpha 또는 luma 영역에서 소스가 드러나고 반전 매트는 반대로 작동한다. 별도 매트·소스·결과로 검증한다.,advisory_until_context_owner_and_core_checks,primary_sources_at_profile_or_family_level_not_individual_keyword_certification,not_installed,not_tested
MK0167,9,Mask·Matte·투명도 관련 용어,Mask / 마스크,family_mapped,workflow_or_source_evidence,mg_matte_polarity,S08;S09,정상 매트는 높은 alpha 또는 luma 영역에서 소스가 드러나고 반전 매트는 반대로 작동한다. 별도 매트·소스·결과로 검증한다.,advisory_until_context_owner_and_core_checks,primary_sources_at_profile_or_family_level_not_individual_keyword_certification,not_installed,not_tested
MK0168,9,Mask·Matte·투명도 관련 용어,Mask Path / 마스크 패스,family_mapped,workflow_or_source_evidence,mg_matte_polarity,S08;S09,정상 매트는 높은 alpha 또는 luma 영역에서 소스가 드러나고 반전 매트는 반대로 작동한다. 별도 매트·소스·결과로 검증한다.,advisory_until_context_owner_and_core_checks,primary_sources_at_profile_or_family_level_not_individual_keyword_certification,not_installed,not_tested
MK0169,9,Mask·Matte·투명도 관련 용어,Mask Feather / 마스크 페더,family_mapped,static_or_result_frame,mg_feathered_boundary,S09,가시 영역 경계만 부드럽게 이어지는 관계와 가시 영역 크기 변경을 분리한다.,advisory_until_context_owner_and_core_checks,primary_sources_at_profile_or_family_level_not_individual_keyword_certification,not_installed,not_tested
MK0170,9,Mask·Matte·투명도 관련 용어,Mask Expansion / 마스크 확장,family_mapped,static_or_result_frame,mg_feathered_boundary,S09,가시 영역 경계만 부드럽게 이어지는 관계와 가시 영역 크기 변경을 분리한다.,advisory_until_context_owner_and_core_checks,primary_sources_at_profile_or_family_level_not_individual_keyword_certification,not_installed,not_tested
MK0171,9,Mask·Matte·투명도 관련 용어,Matte / 매트,family_mapped,workflow_or_source_evidence,mg_matte_polarity,S08;S09,정상 매트는 높은 alpha 또는 luma 영역에서 소스가 드러나고 반전 매트는 반대로 작동한다. 별도 매트·소스·결과로 검증한다.,advisory_until_context_owner_and_core_checks,primary_sources_at_profile_or_family_level_not_individual_keyword_certification,not_installed,not_tested
MK0172,9,Mask·Matte·투명도 관련 용어,Track Matte / 트랙 매트,family_mapped,workflow_or_source_evidence,mg_matte_polarity,S08;S09,정상 매트는 높은 alpha 또는 luma 영역에서 소스가 드러나고 반전 매트는 반대로 작동한다. 별도 매트·소스·결과로 검증한다.,advisory_until_context_owner_and_core_checks,primary_sources_at_profile_or_family_level_not_individual_keyword_certification,not_installed,not_tested
MK0173,9,Mask·Matte·투명도 관련 용어,Alpha Matte / 알파 매트,family_mapped,workflow_or_source_evidence,mg_matte_polarity,S08;S09,정상 매트는 높은 alpha 또는 luma 영역에서 소스가 드러나고 반전 매트는 반대로 작동한다. 별도 매트·소스·결과로 검증한다.,advisory_until_context_owner_and_core_checks,primary_sources_at_profile_or_family_level_not_individual_keyword_certification,not_installed,not_tested
MK0174,9,Mask·Matte·투명도 관련 용어,Alpha Inverted Matte / 알파 반전 매트,family_mapped,workflow_or_source_evidence,mg_matte_polarity,S08;S09,정상 매트는 높은 alpha 또는 luma 영역에서 소스가 드러나고 반전 매트는 반대로 작동한다. 별도 매트·소스·결과로 검증한다.,advisory_until_context_owner_and_core_checks,primary_sources_at_profile_or_family_level_not_individual_keyword_certification,not_installed,not_tested
MK0175,9,Mask·Matte·투명도 관련 용어,Luma Matte / 루마 매트,family_mapped,workflow_or_source_evidence,mg_matte_polarity,S08;S09,정상 매트는 높은 alpha 또는 luma 영역에서 소스가 드러나고 반전 매트는 반대로 작동한다. 별도 매트·소스·결과로 검증한다.,advisory_until_context_owner_and_core_checks,primary_sources_at_profile_or_family_level_not_individual_keyword_certification,not_installed,not_tested
MK0176,9,Mask·Matte·투명도 관련 용어,Luma Inverted Matte / 루마 반전 매트,family_mapped,workflow_or_source_evidence,mg_matte_polarity,S08;S09,정상 매트는 높은 alpha 또는 luma 영역에서 소스가 드러나고 반전 매트는 반대로 작동한다. 별도 매트·소스·결과로 검증한다.,advisory_until_context_owner_and_core_checks,primary_sources_at_profile_or_family_level_not_individual_keyword_certification,not_installed,not_tested
MK0177,9,Mask·Matte·투명도 관련 용어,Stencil / 스텐실,family_mapped,static_or_result_frame,mg_negative_stencil,S08;S10,형상으로 남는 부분과 구멍처럼 제거된 부분을 방향 있는 포함·배제 관계로 표현한다.,advisory_until_context_owner_and_core_checks,primary_sources_at_profile_or_family_level_not_individual_keyword_certification,not_installed,not_tested
MK0178,9,Mask·Matte·투명도 관련 용어,Silhouette / 실루엣 모드,family_mapped,static_or_result_frame,mg_negative_stencil,S08;S10,형상으로 남는 부분과 구멍처럼 제거된 부분을 방향 있는 포함·배제 관계로 표현한다.,advisory_until_context_owner_and_core_checks,primary_sources_at_profile_or_family_level_not_individual_keyword_certification,not_installed,not_tested
MK0179,10,합성·VFX 용어,Compositing / 컴포지팅·합성,family_mapped,static_or_result_frame,mg_composite_contact,S09;S10,"피사체와 목적 장면이 경계, 접촉 그림자, 빛 방향에서 충돌하지 않는 관계다.",advisory_until_context_owner_and_core_checks,primary_sources_at_profile_or_family_level_not_individual_keyword_certification,not_installed,not_tested
MK0180,10,합성·VFX 용어,Layer / 레이어,family_mapped,workflow_or_source_evidence,mg_workflow_composite_sources,S09;S10;S11,레이어 계층·합성 소스·마스크 이력·clean plate의 역할을 프로젝트 자료로 기록한다. 결과 경계의 품질과 소스 구조는 별도 증거다.,advisory_until_context_owner_and_core_checks,primary_sources_at_profile_or_family_level_not_individual_keyword_certification,not_installed,not_tested
MK0181,10,합성·VFX 용어,Layer Stack / 레이어 스택,family_mapped,workflow_or_source_evidence,mg_workflow_composite_sources,S09;S10;S11,레이어 계층·합성 소스·마스크 이력·clean plate의 역할을 프로젝트 자료로 기록한다. 결과 경계의 품질과 소스 구조는 별도 증거다.,advisory_until_context_owner_and_core_checks,primary_sources_at_profile_or_family_level_not_individual_keyword_certification,not_installed,not_tested
MK0182,10,합성·VFX 용어,Blending Mode / 블렌딩 모드,family_mapped,workflow_or_source_evidence,mg_blend_operator,S10;S46,동일한 색공간의 선언된 두 입력과 출력으로 연산 관계를 검사한다. 이름만으로 최종 화면을 설계하지 않는다.,advisory_until_context_owner_and_core_checks,primary_sources_at_profile_or_family_level_not_individual_keyword_certification,not_installed,not_tested
MK0183,10,합성·VFX 용어,Multiply / 멀티플라이,family_mapped,workflow_or_source_evidence,mg_blend_operator,S10;S46,동일한 색공간의 선언된 두 입력과 출력으로 연산 관계를 검사한다. 이름만으로 최종 화면을 설계하지 않는다.,advisory_until_context_owner_and_core_checks,primary_sources_at_profile_or_family_level_not_individual_keyword_certification,not_installed,not_tested
MK0184,10,합성·VFX 용어,Screen / 스크린,family_mapped,workflow_or_source_evidence,mg_blend_operator,S10;S46,동일한 색공간의 선언된 두 입력과 출력으로 연산 관계를 검사한다. 이름만으로 최종 화면을 설계하지 않는다.,advisory_until_context_owner_and_core_checks,primary_sources_at_profile_or_family_level_not_individual_keyword_certification,not_installed,not_tested
MK0185,10,합성·VFX 용어,Add / 애드,family_mapped,workflow_or_source_evidence,mg_blend_operator,S10;S46,동일한 색공간의 선언된 두 입력과 출력으로 연산 관계를 검사한다. 이름만으로 최종 화면을 설계하지 않는다.,advisory_until_context_owner_and_core_checks,primary_sources_at_profile_or_family_level_not_individual_keyword_certification,not_installed,not_tested
MK0186,10,합성·VFX 용어,Overlay / 오버레이,family_mapped,workflow_or_source_evidence,mg_blend_operator,S10;S46,동일한 색공간의 선언된 두 입력과 출력으로 연산 관계를 검사한다. 이름만으로 최종 화면을 설계하지 않는다.,advisory_until_context_owner_and_core_checks,primary_sources_at_profile_or_family_level_not_individual_keyword_certification,not_installed,not_tested
MK0187,10,합성·VFX 용어,Difference / 디퍼런스,family_mapped,workflow_or_source_evidence,mg_blend_operator,S10;S46,동일한 색공간의 선언된 두 입력과 출력으로 연산 관계를 검사한다. 이름만으로 최종 화면을 설계하지 않는다.,advisory_until_context_owner_and_core_checks,primary_sources_at_profile_or_family_level_not_individual_keyword_certification,not_installed,not_tested
MK0188,10,합성·VFX 용어,Pre-compose / 프리컴프,family_mapped,workflow_or_source_evidence,mg_workflow_composite_sources,S09;S10;S11,레이어 계층·합성 소스·마스크 이력·clean plate의 역할을 프로젝트 자료로 기록한다. 결과 경계의 품질과 소스 구조는 별도 증거다.,advisory_until_context_owner_and_core_checks,primary_sources_at_profile_or_family_level_not_individual_keyword_certification,not_installed,not_tested
MK0189,10,합성·VFX 용어,Nesting / 네스팅,family_mapped,workflow_or_source_evidence,mg_workflow_composite_sources,S09;S10;S11,레이어 계층·합성 소스·마스크 이력·clean plate의 역할을 프로젝트 자료로 기록한다. 결과 경계의 품질과 소스 구조는 별도 증거다.,advisory_until_context_owner_and_core_checks,primary_sources_at_profile_or_family_level_not_individual_keyword_certification,not_installed,not_tested
MK0190,10,합성·VFX 용어,Adjustment Layer / 조정 레이어,family_mapped,workflow_or_source_evidence,mg_workflow_composite_sources,S09;S10;S11,레이어 계층·합성 소스·마스크 이력·clean plate의 역할을 프로젝트 자료로 기록한다. 결과 경계의 품질과 소스 구조는 별도 증거다.,advisory_until_context_owner_and_core_checks,primary_sources_at_profile_or_family_level_not_individual_keyword_certification,not_installed,not_tested
MK0191,10,합성·VFX 용어,Keying / 키잉,family_mapped,static_or_result_frame,mg_chroma_spill,S09;S10,피사체 가장자리에 남는 키 배경 색과 자연스러운 반사 색을 구분하고 제거 요구를 국부적으로 표현한다.,advisory_until_context_owner_and_core_checks,primary_sources_at_profile_or_family_level_not_individual_keyword_certification,not_installed,not_tested
MK0192,10,합성·VFX 용어,Chroma Key / 크로마 키,family_mapped,static_or_result_frame,mg_chroma_spill,S09;S10,피사체 가장자리에 남는 키 배경 색과 자연스러운 반사 색을 구분하고 제거 요구를 국부적으로 표현한다.,advisory_until_context_owner_and_core_checks,primary_sources_at_profile_or_family_level_not_individual_keyword_certification,not_installed,not_tested
MK0193,10,합성·VFX 용어,Green Screen / 그린스크린,family_mapped,static_or_result_frame,mg_chroma_spill,S09;S10,피사체 가장자리에 남는 키 배경 색과 자연스러운 반사 색을 구분하고 제거 요구를 국부적으로 표현한다.,advisory_until_context_owner_and_core_checks,primary_sources_at_profile_or_family_level_not_individual_keyword_certification,not_installed,not_tested
MK0194,10,합성·VFX 용어,Luma Key / 루마 키,family_mapped,static_or_result_frame,mg_chroma_spill,S09;S10,피사체 가장자리에 남는 키 배경 색과 자연스러운 반사 색을 구분하고 제거 요구를 국부적으로 표현한다.,advisory_until_context_owner_and_core_checks,primary_sources_at_profile_or_family_level_not_individual_keyword_certification,not_installed,not_tested
MK0195,10,합성·VFX 용어,Spill / 스필,family_mapped,static_or_result_frame,mg_chroma_spill,S09;S10,피사체 가장자리에 남는 키 배경 색과 자연스러운 반사 색을 구분하고 제거 요구를 국부적으로 표현한다.,advisory_until_context_owner_and_core_checks,primary_sources_at_profile_or_family_level_not_individual_keyword_certification,not_installed,not_tested
MK0196,10,합성·VFX 용어,Spill Suppression / 스필 억제,family_mapped,static_or_result_frame,mg_composite_contact,S09;S10,"피사체와 목적 장면이 경계, 접촉 그림자, 빛 방향에서 충돌하지 않는 관계다.",advisory_until_context_owner_and_core_checks,primary_sources_at_profile_or_family_level_not_individual_keyword_certification,not_installed,not_tested
MK0197,10,합성·VFX 용어,Edge Refinement / 에지 리파인먼트,family_mapped,static_or_result_frame,mg_composite_contact,S09;S10,"피사체와 목적 장면이 경계, 접촉 그림자, 빛 방향에서 충돌하지 않는 관계다.",advisory_until_context_owner_and_core_checks,primary_sources_at_profile_or_family_level_not_individual_keyword_certification,not_installed,not_tested
MK0198,10,합성·VFX 용어,Rotoscoping / 로토스코핑,family_mapped,workflow_or_source_evidence,mg_workflow_composite_sources,S09;S10;S11,레이어 계층·합성 소스·마스크 이력·clean plate의 역할을 프로젝트 자료로 기록한다. 결과 경계의 품질과 소스 구조는 별도 증거다.,advisory_until_context_owner_and_core_checks,primary_sources_at_profile_or_family_level_not_individual_keyword_certification,not_installed,not_tested
MK0199,10,합성·VFX 용어,Garbage Matte / 가비지 매트,family_mapped,workflow_or_source_evidence,mg_workflow_composite_sources,S09;S10;S11,레이어 계층·합성 소스·마스크 이력·clean plate의 역할을 프로젝트 자료로 기록한다. 결과 경계의 품질과 소스 구조는 별도 증거다.,advisory_until_context_owner_and_core_checks,primary_sources_at_profile_or_family_level_not_individual_keyword_certification,not_installed,not_tested
MK0200,10,합성·VFX 용어,Clean Plate / 클린 플레이트,family_mapped,workflow_or_source_evidence,mg_workflow_composite_sources,S09;S10;S11,레이어 계층·합성 소스·마스크 이력·clean plate의 역할을 프로젝트 자료로 기록한다. 결과 경계의 품질과 소스 구조는 별도 증거다.,advisory_until_context_owner_and_core_checks,primary_sources_at_profile_or_family_level_not_individual_keyword_certification,not_installed,not_tested
MK0201,10,합성·VFX 용어,Object Removal / 오브젝트 리무벌,family_mapped,static_or_result_frame,mg_composite_contact,S09;S10,"피사체와 목적 장면이 경계, 접촉 그림자, 빛 방향에서 충돌하지 않는 관계다.",advisory_until_context_owner_and_core_checks,primary_sources_at_profile_or_family_level_not_individual_keyword_certification,not_installed,not_tested
MK0202,10,합성·VFX 용어,Plate / 플레이트,family_mapped,workflow_or_source_evidence,mg_workflow_composite_sources,S09;S10;S11,레이어 계층·합성 소스·마스크 이력·clean plate의 역할을 프로젝트 자료로 기록한다. 결과 경계의 품질과 소스 구조는 별도 증거다.,advisory_until_context_owner_and_core_checks,primary_sources_at_profile_or_family_level_not_individual_keyword_certification,not_installed,not_tested
MK0203,11,트래킹 관련 용어,Motion Tracking / 모션 트래킹,family_mapped,temporal_sequence_only,mg_temporal_tracking,S11,영상 기준 대상과 삽입물·안정화 결과의 상대 위치가 시간에 따라 유지되는지를 검사한다. solve·point数는 프로젝트 증거다.,advisory_until_context_owner_and_core_checks,primary_sources_at_profile_or_family_level_not_individual_keyword_certification,not_installed,not_tested
MK0204,11,트래킹 관련 용어,Point Tracking / 포인트 트래킹,family_mapped,temporal_sequence_only,mg_temporal_tracking,S11,영상 기준 대상과 삽입물·안정화 결과의 상대 위치가 시간에 따라 유지되는지를 검사한다. solve·point数는 프로젝트 증거다.,advisory_until_context_owner_and_core_checks,primary_sources_at_profile_or_family_level_not_individual_keyword_certification,not_installed,not_tested
MK0205,11,트래킹 관련 용어,Single-point Tracking,family_mapped,temporal_sequence_only,mg_temporal_tracking,S11,영상 기준 대상과 삽입물·안정화 결과의 상대 위치가 시간에 따라 유지되는지를 검사한다. solve·point数는 프로젝트 증거다.,advisory_until_context_owner_and_core_checks,primary_sources_at_profile_or_family_level_not_individual_keyword_certification,not_installed,not_tested
MK0206,11,트래킹 관련 용어,Two-point Tracking,family_mapped,temporal_sequence_only,mg_temporal_tracking,S11,영상 기준 대상과 삽입물·안정화 결과의 상대 위치가 시간에 따라 유지되는지를 검사한다. solve·point数는 프로젝트 증거다.,advisory_until_context_owner_and_core_checks,primary_sources_at_profile_or_family_level_not_individual_keyword_certification,not_installed,not_tested
MK0207,11,트래킹 관련 용어,Planar Tracking / 플래너 트래킹,family_mapped,context_split_required,mg_corner_pin_result;mg_temporal_tracking,S11,삽입물의 네 모서리와 평면의 원근·가림이 일치하는 정지 결과를 기술한다.,advisory_until_context_owner_and_core_checks,primary_sources_at_profile_or_family_level_not_individual_keyword_certification,not_installed,not_tested
MK0208,11,트래킹 관련 용어,Corner Pin / 코너 핀,family_mapped,static_or_result_frame,mg_corner_pin_result,S11,삽입물의 네 모서리와 평면의 원근·가림이 일치하는 정지 결과를 기술한다.,advisory_until_context_owner_and_core_checks,primary_sources_at_profile_or_family_level_not_individual_keyword_certification,not_installed,not_tested
MK0209,11,트래킹 관련 용어,Match Move / 매치 무브,family_mapped,temporal_sequence_only,mg_temporal_tracking,S11,영상 기준 대상과 삽입물·안정화 결과의 상대 위치가 시간에 따라 유지되는지를 검사한다. solve·point数는 프로젝트 증거다.,advisory_until_context_owner_and_core_checks,primary_sources_at_profile_or_family_level_not_individual_keyword_certification,not_installed,not_tested
MK0210,11,트래킹 관련 용어,Camera Tracking / 카메라 트래킹,family_mapped,temporal_sequence_only,mg_temporal_tracking,S11,영상 기준 대상과 삽입물·안정화 결과의 상대 위치가 시간에 따라 유지되는지를 검사한다. solve·point数는 프로젝트 증거다.,advisory_until_context_owner_and_core_checks,primary_sources_at_profile_or_family_level_not_individual_keyword_certification,not_installed,not_tested
MK0211,11,트래킹 관련 용어,3D Camera Tracking / 3D 카메라 트래킹,family_mapped,temporal_sequence_only,mg_temporal_tracking,S11,영상 기준 대상과 삽입물·안정화 결과의 상대 위치가 시간에 따라 유지되는지를 검사한다. solve·point数는 프로젝트 증거다.,advisory_until_context_owner_and_core_checks,primary_sources_at_profile_or_family_level_not_individual_keyword_certification,not_installed,not_tested
MK0212,11,트래킹 관련 용어,Camera Solve / 카메라 솔브,family_mapped,temporal_sequence_only,mg_temporal_tracking,S11,영상 기준 대상과 삽입물·안정화 결과의 상대 위치가 시간에 따라 유지되는지를 검사한다. solve·point数는 프로젝트 증거다.,advisory_until_context_owner_and_core_checks,primary_sources_at_profile_or_family_level_not_individual_keyword_certification,not_installed,not_tested
MK0213,11,트래킹 관련 용어,Track Point / 트랙 포인트,family_mapped,temporal_sequence_only,mg_temporal_tracking,S11,영상 기준 대상과 삽입물·안정화 결과의 상대 위치가 시간에 따라 유지되는지를 검사한다. solve·point数는 프로젝트 증거다.,advisory_until_context_owner_and_core_checks,primary_sources_at_profile_or_family_level_not_individual_keyword_certification,not_installed,not_tested
MK0214,11,트래킹 관련 용어,Null Tracking Data,family_mapped,temporal_sequence_only,mg_temporal_tracking,S11,영상 기준 대상과 삽입물·안정화 결과의 상대 위치가 시간에 따라 유지되는지를 검사한다. solve·point数는 프로젝트 증거다.,advisory_until_context_owner_and_core_checks,primary_sources_at_profile_or_family_level_not_individual_keyword_certification,not_installed,not_tested
MK0215,11,트래킹 관련 용어,Stabilization / 스태빌라이제이션,family_mapped,temporal_sequence_only,mg_temporal_tracking,S11,영상 기준 대상과 삽입물·안정화 결과의 상대 위치가 시간에 따라 유지되는지를 검사한다. solve·point数는 프로젝트 증거다.,advisory_until_context_owner_and_core_checks,primary_sources_at_profile_or_family_level_not_individual_keyword_certification,not_installed,not_tested
MK0216,11,트래킹 관련 용어,Warp Stabilization / 워프 안정화,family_mapped,temporal_sequence_only,mg_temporal_tracking,S11,영상 기준 대상과 삽입물·안정화 결과의 상대 위치가 시간에 따라 유지되는지를 검사한다. solve·point数는 프로젝트 증거다.,advisory_until_context_owner_and_core_checks,primary_sources_at_profile_or_family_level_not_individual_keyword_certification,not_installed,not_tested
MK0217,11,트래킹 관련 용어,Object Tracking / 오브젝트 트래킹,family_mapped,temporal_sequence_only,mg_temporal_tracking,S11,영상 기준 대상과 삽입물·안정화 결과의 상대 위치가 시간에 따라 유지되는지를 검사한다. solve·point数는 프로젝트 증거다.,advisory_until_context_owner_and_core_checks,primary_sources_at_profile_or_family_level_not_individual_keyword_certification,not_installed,not_tested
MK0218,12,카메라 움직임 관련 용어,Pan / 팬,family_mapped,temporal_sequence_only,mg_temporal_camera_move,S24;S41,"카메라의 위치, 방향, FOV를 별도 시간 속성으로 기술한다. 이름은 요청한 동작 축과 대상 기준에 연결한다.",advisory_until_context_owner_and_core_checks,primary_sources_at_profile_or_family_level_not_individual_keyword_certification,not_installed,not_tested
MK0219,12,카메라 움직임 관련 용어,Tilt / 틸트,family_mapped,temporal_sequence_only,mg_temporal_camera_move,S24;S41,"카메라의 위치, 방향, FOV를 별도 시간 속성으로 기술한다. 이름은 요청한 동작 축과 대상 기준에 연결한다.",advisory_until_context_owner_and_core_checks,primary_sources_at_profile_or_family_level_not_individual_keyword_certification,not_installed,not_tested
MK0220,12,카메라 움직임 관련 용어,Roll / 롤,family_mapped,temporal_sequence_only,mg_temporal_camera_move,S24;S41,"카메라의 위치, 방향, FOV를 별도 시간 속성으로 기술한다. 이름은 요청한 동작 축과 대상 기준에 연결한다.",advisory_until_context_owner_and_core_checks,primary_sources_at_profile_or_family_level_not_individual_keyword_certification,not_installed,not_tested
MK0221,12,카메라 움직임 관련 용어,Dolly / 돌리,family_mapped,temporal_sequence_only,mg_temporal_camera_move,S24;S41,"카메라의 위치, 방향, FOV를 별도 시간 속성으로 기술한다. 이름은 요청한 동작 축과 대상 기준에 연결한다.",advisory_until_context_owner_and_core_checks,primary_sources_at_profile_or_family_level_not_individual_keyword_certification,not_installed,not_tested
MK0222,12,카메라 움직임 관련 용어,Truck / 트럭,family_mapped,temporal_sequence_only,mg_temporal_camera_move,S24;S41,"카메라의 위치, 방향, FOV를 별도 시간 속성으로 기술한다. 이름은 요청한 동작 축과 대상 기준에 연결한다.",advisory_until_context_owner_and_core_checks,primary_sources_at_profile_or_family_level_not_individual_keyword_certification,not_installed,not_tested
MK0223,12,카메라 움직임 관련 용어,Pedestal / 페데스털,family_mapped,temporal_sequence_only,mg_temporal_camera_move,S24;S41,"카메라의 위치, 방향, FOV를 별도 시간 속성으로 기술한다. 이름은 요청한 동작 축과 대상 기준에 연결한다.",advisory_until_context_owner_and_core_checks,primary_sources_at_profile_or_family_level_not_individual_keyword_certification,not_installed,not_tested
MK0224,12,카메라 움직임 관련 용어,Orbit / 오빗,family_mapped,temporal_sequence_only,mg_temporal_camera_move,S24;S41,"카메라의 위치, 방향, FOV를 별도 시간 속성으로 기술한다. 이름은 요청한 동작 축과 대상 기준에 연결한다.",advisory_until_context_owner_and_core_checks,primary_sources_at_profile_or_family_level_not_individual_keyword_certification,not_installed,not_tested
MK0225,12,카메라 움직임 관련 용어,Crane / 크레인 무브,family_mapped,temporal_sequence_only,mg_temporal_camera_move,S24;S41,"카메라의 위치, 방향, FOV를 별도 시간 속성으로 기술한다. 이름은 요청한 동작 축과 대상 기준에 연결한다.",advisory_until_context_owner_and_core_checks,primary_sources_at_profile_or_family_level_not_individual_keyword_certification,not_installed,not_tested
MK0226,12,카메라 움직임 관련 용어,Push-in / 푸시 인,family_mapped,temporal_sequence_only,mg_temporal_camera_move,S24;S41,"카메라의 위치, 방향, FOV를 별도 시간 속성으로 기술한다. 이름은 요청한 동작 축과 대상 기준에 연결한다.",advisory_until_context_owner_and_core_checks,primary_sources_at_profile_or_family_level_not_individual_keyword_certification,not_installed,not_tested
MK0227,12,카메라 움직임 관련 용어,Pull-out / 풀 아웃,family_mapped,temporal_sequence_only,mg_temporal_camera_move,S24;S41,"카메라의 위치, 방향, FOV를 별도 시간 속성으로 기술한다. 이름은 요청한 동작 축과 대상 기준에 연결한다.",advisory_until_context_owner_and_core_checks,primary_sources_at_profile_or_family_level_not_individual_keyword_certification,not_installed,not_tested
MK0228,12,카메라 움직임 관련 용어,Zoom / 줌,family_mapped,temporal_sequence_only,mg_temporal_camera_move,S24;S41,"카메라의 위치, 방향, FOV를 별도 시간 속성으로 기술한다. 이름은 요청한 동작 축과 대상 기준에 연결한다.",advisory_until_context_owner_and_core_checks,primary_sources_at_profile_or_family_level_not_individual_keyword_certification,not_installed,not_tested
MK0229,12,카메라 움직임 관련 용어,Dolly Zoom / 돌리 줌,family_mapped,temporal_sequence_only,mg_temporal_dolly_zoom,S24;S41,시간에 따라 피사체 화면 크기는 유지되고 시점·FOV 변화로 배경과 피사체의 크기 관계가 달라지는 결과다.,advisory_until_context_owner_and_core_checks,primary_sources_at_profile_or_family_level_not_individual_keyword_certification,not_installed,not_tested
MK0230,12,카메라 움직임 관련 용어,Handheld / 핸드헬드,family_mapped,temporal_sequence_only,mg_temporal_camera_move,S24;S41,"카메라의 위치, 방향, FOV를 별도 시간 속성으로 기술한다. 이름은 요청한 동작 축과 대상 기준에 연결한다.",advisory_until_context_owner_and_core_checks,primary_sources_at_profile_or_family_level_not_individual_keyword_certification,not_installed,not_tested
MK0231,12,카메라 움직임 관련 용어,Camera Shake / 카메라 셰이크,family_mapped,temporal_sequence_only,mg_temporal_camera_move,S24;S41,"카메라의 위치, 방향, FOV를 별도 시간 속성으로 기술한다. 이름은 요청한 동작 축과 대상 기준에 연결한다.",advisory_until_context_owner_and_core_checks,primary_sources_at_profile_or_family_level_not_individual_keyword_certification,not_installed,not_tested
MK0232,12,카메라 움직임 관련 용어,Parallax / 패럴랙스,family_mapped,temporal_sequence_only,mg_temporal_parallax,S11;S24,같은 시점 변화에서 서로 다른 깊이 층의 상대 이동량이나 가림 경계가 다르게 바뀌는 관계다.,advisory_until_context_owner_and_core_checks,primary_sources_at_profile_or_family_level_not_individual_keyword_certification,not_installed,not_tested
MK0233,12,카메라 움직임 관련 용어,2.5D / 2.5차원,family_mapped,context_split_required,mg_depth_layers;mg_temporal_parallax,S11;S24,평면적 요소라도 서로 다른 깊이 층과 가림 관계를 갖는 정지 장면을 기술한다.,advisory_until_context_owner_and_core_checks,primary_sources_at_profile_or_family_level_not_individual_keyword_certification,not_installed,not_tested
MK0234,12,카메라 움직임 관련 용어,Perspective Camera / 원근 카메라,family_mapped,static_or_result_frame,mg_perspective_depth,S24,크기 감소·소실 방향·가림으로 깊이를 표현한다. 고정 위치의 초점거리 변화는 주로 FOV를 바꾸며 시점 이동과 구분한다.,advisory_until_context_owner_and_core_checks,primary_sources_at_profile_or_family_level_not_individual_keyword_certification,not_installed,not_tested
MK0235,12,카메라 움직임 관련 용어,Orthographic Camera / 직교 카메라,family_mapped,static_or_result_frame,mg_orthographic_result,S24;S42,깊이에 따른 원근 축소 없이 평행한 방향이 평행하게 남는 투영 형태다.,advisory_until_context_owner_and_core_checks,primary_sources_at_profile_or_family_level_not_individual_keyword_certification,not_installed,not_tested
MK0236,12,카메라 움직임 관련 용어,Focal Length / 초점거리,family_mapped,static_or_result_frame,mg_perspective_depth,S24,크기 감소·소실 방향·가림으로 깊이를 표현한다. 고정 위치의 초점거리 변화는 주로 FOV를 바꾸며 시점 이동과 구분한다.,advisory_until_context_owner_and_core_checks,primary_sources_at_profile_or_family_level_not_individual_keyword_certification,not_installed,not_tested
MK0237,12,카메라 움직임 관련 용어,Field of View / FOV,family_mapped,static_or_result_frame,mg_perspective_depth,S24,크기 감소·소실 방향·가림으로 깊이를 표현한다. 고정 위치의 초점거리 변화는 주로 FOV를 바꾸며 시점 이동과 구분한다.,advisory_until_context_owner_and_core_checks,primary_sources_at_profile_or_family_level_not_individual_keyword_certification,not_installed,not_tested
MK0238,12,카메라 움직임 관련 용어,Depth of Field / DOF·피사계심도,family_mapped,static_or_result_frame,mg_focus_plane,S25,선택 깊이의 선명함과 앞뒤 비초점 흐림을 구분한다. 광점의 형태는 별도 구성요소다.,advisory_until_context_owner_and_core_checks,primary_sources_at_profile_or_family_level_not_individual_keyword_certification,not_installed,not_tested
MK0239,12,카메라 움직임 관련 용어,Focus Distance / 초점 거리,family_mapped,static_or_result_frame,mg_focus_plane,S25,선택 깊이의 선명함과 앞뒤 비초점 흐림을 구분한다. 광점의 형태는 별도 구성요소다.,advisory_until_context_owner_and_core_checks,primary_sources_at_profile_or_family_level_not_individual_keyword_certification,not_installed,not_tested
MK0240,12,카메라 움직임 관련 용어,Bokeh / 보케,family_mapped,static_or_result_frame,mg_focus_plane,S25,선택 깊이의 선명함과 앞뒤 비초점 흐림을 구분한다. 광점의 형태는 별도 구성요소다.,advisory_until_context_owner_and_core_checks,primary_sources_at_profile_or_family_level_not_individual_keyword_certification,not_installed,not_tested
MK0241,13,Motion Blur와 시간 관련 용어,Motion Blur / 모션 블러,family_mapped,temporal_sequence_only,mg_temporal_motion_blur,S13;S14,"움직인 대상·광원·카메라의 노출 동안의 흔적과 시간 재구성 방법을 구분한다. 정지에서는 형태만, sequence에서는 운동과의 대응을 검증한다.",advisory_until_context_owner_and_core_checks,primary_sources_at_profile_or_family_level_not_individual_keyword_certification,not_installed,not_tested
MK0242,13,Motion Blur와 시간 관련 용어,Shutter Angle / 셔터 앵글,family_mapped,temporal_sequence_only,mg_temporal_motion_blur,S13;S14,"움직인 대상·광원·카메라의 노출 동안의 흔적과 시간 재구성 방법을 구분한다. 정지에서는 형태만, sequence에서는 운동과의 대응을 검증한다.",advisory_until_context_owner_and_core_checks,primary_sources_at_profile_or_family_level_not_individual_keyword_certification,not_installed,not_tested
MK0243,13,Motion Blur와 시간 관련 용어,Shutter Phase / 셔터 페이즈,family_mapped,temporal_sequence_only,mg_temporal_motion_blur,S13;S14,"움직인 대상·광원·카메라의 노출 동안의 흔적과 시간 재구성 방법을 구분한다. 정지에서는 형태만, sequence에서는 운동과의 대응을 검증한다.",advisory_until_context_owner_and_core_checks,primary_sources_at_profile_or_family_level_not_individual_keyword_certification,not_installed,not_tested
MK0244,13,Motion Blur와 시간 관련 용어,Frame Rate / 프레임 레이트,family_mapped,temporal_sequence_only,mg_temporal_speed_ramp,S13;S14,출력 timestamp가 어떤 소스 시간을 가리키는지 함수로 기록한다. 속도 변경·freeze·reverse·시간 양자화는 서로 다른 대응이다.,advisory_until_context_owner_and_core_checks,primary_sources_at_profile_or_family_level_not_individual_keyword_certification,not_installed,not_tested
MK0245,13,Motion Blur와 시간 관련 용어,FPS / Frames Per Second,family_mapped,temporal_sequence_only,mg_temporal_speed_ramp,S13;S14,출력 timestamp가 어떤 소스 시간을 가리키는지 함수로 기록한다. 속도 변경·freeze·reverse·시간 양자화는 서로 다른 대응이다.,advisory_until_context_owner_and_core_checks,primary_sources_at_profile_or_family_level_not_individual_keyword_certification,not_installed,not_tested
MK0246,13,Motion Blur와 시간 관련 용어,Frame Blending / 프레임 블렌딩,family_mapped,temporal_sequence_only,mg_temporal_motion_blur,S13;S14,"움직인 대상·광원·카메라의 노출 동안의 흔적과 시간 재구성 방법을 구분한다. 정지에서는 형태만, sequence에서는 운동과의 대응을 검증한다.",advisory_until_context_owner_and_core_checks,primary_sources_at_profile_or_family_level_not_individual_keyword_certification,not_installed,not_tested
MK0247,13,Motion Blur와 시간 관련 용어,Optical Flow / 옵티컬 플로,family_mapped,temporal_sequence_only,mg_temporal_motion_blur,S13;S14,"움직인 대상·광원·카메라의 노출 동안의 흔적과 시간 재구성 방법을 구분한다. 정지에서는 형태만, sequence에서는 운동과의 대응을 검증한다.",advisory_until_context_owner_and_core_checks,primary_sources_at_profile_or_family_level_not_individual_keyword_certification,not_installed,not_tested
MK0248,13,Motion Blur와 시간 관련 용어,Frame Interpolation / 프레임 보간,family_mapped,temporal_sequence_only,mg_temporal_motion_blur,S13;S14,"움직인 대상·광원·카메라의 노출 동안의 흔적과 시간 재구성 방법을 구분한다. 정지에서는 형태만, sequence에서는 운동과의 대응을 검증한다.",advisory_until_context_owner_and_core_checks,primary_sources_at_profile_or_family_level_not_individual_keyword_certification,not_installed,not_tested
MK0249,13,Motion Blur와 시간 관련 용어,Time Stretch / 타임 스트레치,family_mapped,temporal_sequence_only,mg_temporal_speed_ramp,S13;S14,출력 timestamp가 어떤 소스 시간을 가리키는지 함수로 기록한다. 속도 변경·freeze·reverse·시간 양자화는 서로 다른 대응이다.,advisory_until_context_owner_and_core_checks,primary_sources_at_profile_or_family_level_not_individual_keyword_certification,not_installed,not_tested
MK0250,13,Motion Blur와 시간 관련 용어,Time Remapping / 타임 리매핑,family_mapped,temporal_sequence_only,mg_temporal_speed_ramp,S13;S14,출력 timestamp가 어떤 소스 시간을 가리키는지 함수로 기록한다. 속도 변경·freeze·reverse·시간 양자화는 서로 다른 대응이다.,advisory_until_context_owner_and_core_checks,primary_sources_at_profile_or_family_level_not_individual_keyword_certification,not_installed,not_tested
MK0251,13,Motion Blur와 시간 관련 용어,Speed Ramp / 스피드 램프,family_mapped,temporal_sequence_only,mg_temporal_speed_ramp,S13;S14,출력 timestamp가 어떤 소스 시간을 가리키는지 함수로 기록한다. 속도 변경·freeze·reverse·시간 양자화는 서로 다른 대응이다.,advisory_until_context_owner_and_core_checks,primary_sources_at_profile_or_family_level_not_individual_keyword_certification,not_installed,not_tested
MK0252,13,Motion Blur와 시간 관련 용어,Freeze Frame / 프리즈 프레임,family_mapped,temporal_sequence_only,mg_temporal_speed_ramp,S13;S14,출력 timestamp가 어떤 소스 시간을 가리키는지 함수로 기록한다. 속도 변경·freeze·reverse·시간 양자화는 서로 다른 대응이다.,advisory_until_context_owner_and_core_checks,primary_sources_at_profile_or_family_level_not_individual_keyword_certification,not_installed,not_tested
MK0253,13,Motion Blur와 시간 관련 용어,Reverse / 리버스,family_mapped,temporal_sequence_only,mg_temporal_speed_ramp,S13;S14,출력 timestamp가 어떤 소스 시간을 가리키는지 함수로 기록한다. 속도 변경·freeze·reverse·시간 양자화는 서로 다른 대응이다.,advisory_until_context_owner_and_core_checks,primary_sources_at_profile_or_family_level_not_individual_keyword_certification,not_installed,not_tested
MK0254,13,Motion Blur와 시간 관련 용어,Posterize Time / 포스터라이즈 타임,family_mapped,temporal_sequence_only,mg_temporal_speed_ramp,S13;S14,출력 timestamp가 어떤 소스 시간을 가리키는지 함수로 기록한다. 속도 변경·freeze·reverse·시간 양자화는 서로 다른 대응이다.,advisory_until_context_owner_and_core_checks,primary_sources_at_profile_or_family_level_not_individual_keyword_certification,not_installed,not_tested
MK0255,13,Motion Blur와 시간 관련 용어,Strobe / 스트로브,family_mapped,temporal_sequence_only,mg_temporal_speed_ramp,S13;S14,출력 timestamp가 어떤 소스 시간을 가리키는지 함수로 기록한다. 속도 변경·freeze·reverse·시간 양자화는 서로 다른 대응이다.,advisory_until_context_owner_and_core_checks,primary_sources_at_profile_or_family_level_not_individual_keyword_certification,not_installed,not_tested
MK0256,13,Motion Blur와 시간 관련 용어,Temporal Aliasing / 시간축 앨리어싱,family_mapped,temporal_sequence_only,mg_temporal_speed_ramp,S13;S14,출력 timestamp가 어떤 소스 시간을 가리키는지 함수로 기록한다. 속도 변경·freeze·reverse·시간 양자화는 서로 다른 대응이다.,advisory_until_context_owner_and_core_checks,primary_sources_at_profile_or_family_level_not_individual_keyword_certification,not_installed,not_tested
MK0257,14,Expressions·절차적 애니메이션,Expression / 익스프레션,family_mapped,workflow_or_source_evidence,mg_workflow_procedural,S12;S18;S20,함수·노드·위상·설정·캐시를 실제 프로젝트 메타데이터로 보존한다. 결과가 닮았다는 이유로 제작 경로를 확정하지 않는다.,advisory_until_context_owner_and_core_checks,primary_sources_at_profile_or_family_level_not_individual_keyword_certification,not_installed,not_tested
MK0258,14,Expressions·절차적 애니메이션,Procedural Animation / 프로시저럴 애니메이션,family_mapped,workflow_or_source_evidence,mg_workflow_procedural,S12;S18;S20,함수·노드·위상·설정·캐시를 실제 프로젝트 메타데이터로 보존한다. 결과가 닮았다는 이유로 제작 경로를 확정하지 않는다.,advisory_until_context_owner_and_core_checks,primary_sources_at_profile_or_family_level_not_individual_keyword_certification,not_installed,not_tested
MK0259,14,Expressions·절차적 애니메이션,Parameter / 파라미터,family_mapped,workflow_or_source_evidence,mg_workflow_procedural,S12;S18;S20,함수·노드·위상·설정·캐시를 실제 프로젝트 메타데이터로 보존한다. 결과가 닮았다는 이유로 제작 경로를 확정하지 않는다.,advisory_until_context_owner_and_core_checks,primary_sources_at_profile_or_family_level_not_individual_keyword_certification,not_installed,not_tested
MK0260,14,Expressions·절차적 애니메이션,Driver / 드라이버,family_mapped,workflow_or_source_evidence,mg_workflow_procedural,S12;S18;S20,함수·노드·위상·설정·캐시를 실제 프로젝트 메타데이터로 보존한다. 결과가 닮았다는 이유로 제작 경로를 확정하지 않는다.,advisory_until_context_owner_and_core_checks,primary_sources_at_profile_or_family_level_not_individual_keyword_certification,not_installed,not_tested
MK0261,14,Expressions·절차적 애니메이션,Link / 링크,family_mapped,workflow_or_source_evidence,mg_workflow_procedural,S12;S18;S20,함수·노드·위상·설정·캐시를 실제 프로젝트 메타데이터로 보존한다. 결과가 닮았다는 이유로 제작 경로를 확정하지 않는다.,advisory_until_context_owner_and_core_checks,primary_sources_at_profile_or_family_level_not_individual_keyword_certification,not_installed,not_tested
MK0262,14,Expressions·절차적 애니메이션,Pick Whip / 픽 휩,family_mapped,workflow_or_source_evidence,mg_workflow_procedural,S12;S18;S20,함수·노드·위상·설정·캐시를 실제 프로젝트 메타데이터로 보존한다. 결과가 닮았다는 이유로 제작 경로를 확정하지 않는다.,advisory_until_context_owner_and_core_checks,primary_sources_at_profile_or_family_level_not_individual_keyword_certification,not_installed,not_tested
MK0263,14,Expressions·절차적 애니메이션,Wiggle,family_mapped,temporal_sequence_only,mg_temporal_flicker_jitter,S02;S12,불규칙 변화의 대상 속성·진폭·주파수 범위와 기준 상태를 분리한다. random seed는 재현 메타데이터다.,advisory_until_context_owner_and_core_checks,primary_sources_at_profile_or_family_level_not_individual_keyword_certification,not_installed,not_tested
MK0264,14,Expressions·절차적 애니메이션,Noise / 노이즈,family_mapped,context_split_required,mg_temporal_flicker_jitter;mg_workflow_procedural,S02;S12;S18;S20,불규칙 변화의 대상 속성·진폭·주파수 범위와 기준 상태를 분리한다. random seed는 재현 메타데이터다.,advisory_until_context_owner_and_core_checks,primary_sources_at_profile_or_family_level_not_individual_keyword_certification,not_installed,not_tested
MK0265,14,Expressions·절차적 애니메이션,Random / 랜덤,family_mapped,context_split_required,mg_temporal_flicker_jitter;mg_workflow_procedural,S02;S12;S18;S20,불규칙 변화의 대상 속성·진폭·주파수 범위와 기준 상태를 분리한다. random seed는 재현 메타데이터다.,advisory_until_context_owner_and_core_checks,primary_sources_at_profile_or_family_level_not_individual_keyword_certification,not_installed,not_tested
MK0266,14,Expressions·절차적 애니메이션,Seed / 시드,family_mapped,context_split_required,mg_temporal_flicker_jitter;mg_workflow_procedural,S02;S12;S18;S20,불규칙 변화의 대상 속성·진폭·주파수 범위와 기준 상태를 분리한다. random seed는 재현 메타데이터다.,advisory_until_context_owner_and_core_checks,primary_sources_at_profile_or_family_level_not_individual_keyword_certification,not_installed,not_tested
MK0267,14,Expressions·절차적 애니메이션,LoopOut / 루프아웃,family_mapped,temporal_sequence_only,mg_temporal_loop,S02;S12,한 주기의 끝과 다음 시작 사이에서 전체 상태가 어떤 연속성을 갖는지 검사한다. seamless 요구에는 필요한 값·속도·시각 상태의 접합 기준을 명시한다.,advisory_until_context_owner_and_core_checks,primary_sources_at_profile_or_family_level_not_individual_keyword_certification,not_installed,not_tested
MK0268,14,Expressions·절차적 애니메이션,LoopIn / 루프인,family_mapped,temporal_sequence_only,mg_temporal_loop,S02;S12,한 주기의 끝과 다음 시작 사이에서 전체 상태가 어떤 연속성을 갖는지 검사한다. seamless 요구에는 필요한 값·속도·시각 상태의 접합 기준을 명시한다.,advisory_until_context_owner_and_core_checks,primary_sources_at_profile_or_family_level_not_individual_keyword_certification,not_installed,not_tested
MK0269,14,Expressions·절차적 애니메이션,Cycle,family_mapped,temporal_sequence_only,mg_temporal_loop,S02;S12,한 주기의 끝과 다음 시작 사이에서 전체 상태가 어떤 연속성을 갖는지 검사한다. seamless 요구에는 필요한 값·속도·시각 상태의 접합 기준을 명시한다.,advisory_until_context_owner_and_core_checks,primary_sources_at_profile_or_family_level_not_individual_keyword_certification,not_installed,not_tested
MK0270,14,Expressions·절차적 애니메이션,Pingpong,family_mapped,temporal_sequence_only,mg_temporal_pingpong,S02;S12,같은 상태 경로를 정방향으로 갔다가 역순으로 돌아오는 시간 관계다. 끝점에서의 정지는 별도 요청이다.,advisory_until_context_owner_and_core_checks,primary_sources_at_profile_or_family_level_not_individual_keyword_certification,not_installed,not_tested
MK0271,14,Expressions·절차적 애니메이션,Continue,family_mapped,workflow_or_source_evidence,mg_workflow_procedural,S12;S18;S20,함수·노드·위상·설정·캐시를 실제 프로젝트 메타데이터로 보존한다. 결과가 닮았다는 이유로 제작 경로를 확정하지 않는다.,advisory_until_context_owner_and_core_checks,primary_sources_at_profile_or_family_level_not_individual_keyword_certification,not_installed,not_tested
MK0272,14,Expressions·절차적 애니메이션,Time-based Animation / 시간 기반 애니메이션,family_mapped,workflow_or_source_evidence,mg_workflow_procedural,S12;S18;S20,함수·노드·위상·설정·캐시를 실제 프로젝트 메타데이터로 보존한다. 결과가 닮았다는 이유로 제작 경로를 확정하지 않는다.,advisory_until_context_owner_and_core_checks,primary_sources_at_profile_or_family_level_not_individual_keyword_certification,not_installed,not_tested
MK0273,14,Expressions·절차적 애니메이션,Audio Reactive / 오디오 리액티브,family_mapped,temporal_sequence_only,mg_temporal_audio_reactive,S12;S19,선언된 오디오 특징과 화면 속성의 변화가 같은 시간 기준에서 대응하는지 확인한다. 외형만으로 음원·반응 인과를 주장하지 않는다.,advisory_until_context_owner_and_core_checks,primary_sources_at_profile_or_family_level_not_individual_keyword_certification,not_installed,not_tested
MK0274,15,Cinema 4D·3D 모션 그래픽에서 자주 나오는 용어,MoGraph,family_mapped,workflow_or_source_evidence,mg_workflow_procedural,S12;S18;S20,함수·노드·위상·설정·캐시를 실제 프로젝트 메타데이터로 보존한다. 결과가 닮았다는 이유로 제작 경로를 확정하지 않는다.,advisory_until_context_owner_and_core_checks,primary_sources_at_profile_or_family_level_not_individual_keyword_certification,not_installed,not_tested
MK0275,15,Cinema 4D·3D 모션 그래픽에서 자주 나오는 용어,Clone / 클론,family_mapped,static_or_result_frame,mg_grid_repeat,S16;S17;S19,지정 원형의 여러 사본이 행과 열의 기준에 맞추어 배열된 형태다.,advisory_until_context_owner_and_core_checks,primary_sources_at_profile_or_family_level_not_individual_keyword_certification,not_installed,not_tested
MK0276,15,Cinema 4D·3D 모션 그래픽에서 자주 나오는 용어,Cloner / 클로너,family_mapped,static_or_result_frame,mg_grid_repeat,S16;S17;S19,지정 원형의 여러 사본이 행과 열의 기준에 맞추어 배열된 형태다.,advisory_until_context_owner_and_core_checks,primary_sources_at_profile_or_family_level_not_individual_keyword_certification,not_installed,not_tested
MK0277,15,Cinema 4D·3D 모션 그래픽에서 자주 나오는 용어,Effector / 이펙터,family_mapped,workflow_or_source_evidence,mg_workflow_procedural,S12;S18;S20,함수·노드·위상·설정·캐시를 실제 프로젝트 메타데이터로 보존한다. 결과가 닮았다는 이유로 제작 경로를 확정하지 않는다.,advisory_until_context_owner_and_core_checks,primary_sources_at_profile_or_family_level_not_individual_keyword_certification,not_installed,not_tested
MK0278,15,Cinema 4D·3D 모션 그래픽에서 자주 나오는 용어,Plain Effector,family_mapped,static_or_result_frame,mg_field_gradient,S18;S19,복제 세트에서 위치에 따른 크기·방향·색 등 한 속성의 공간 변화만 표현한다. field 객체는 제작 메타데이터다.,advisory_until_context_owner_and_core_checks,primary_sources_at_profile_or_family_level_not_individual_keyword_certification,not_installed,not_tested
MK0279,15,Cinema 4D·3D 모션 그래픽에서 자주 나오는 용어,Random Effector,family_mapped,workflow_or_source_evidence,mg_workflow_procedural,S12;S18;S20,함수·노드·위상·설정·캐시를 실제 프로젝트 메타데이터로 보존한다. 결과가 닮았다는 이유로 제작 경로를 확정하지 않는다.,advisory_until_context_owner_and_core_checks,primary_sources_at_profile_or_family_level_not_individual_keyword_certification,not_installed,not_tested
MK0280,15,Cinema 4D·3D 모션 그래픽에서 자주 나오는 용어,Step Effector,family_mapped,context_split_required,mg_field_gradient;mg_workflow_procedural,S12;S18;S19;S20,복제 세트에서 위치에 따른 크기·방향·색 등 한 속성의 공간 변화만 표현한다. field 객체는 제작 메타데이터다.,advisory_until_context_owner_and_core_checks,primary_sources_at_profile_or_family_level_not_individual_keyword_certification,not_installed,not_tested
MK0281,15,Cinema 4D·3D 모션 그래픽에서 자주 나오는 용어,Shader Effector,family_mapped,static_or_result_frame,mg_field_gradient,S18;S19,복제 세트에서 위치에 따른 크기·방향·색 등 한 속성의 공간 변화만 표현한다. field 객체는 제작 메타데이터다.,advisory_until_context_owner_and_core_checks,primary_sources_at_profile_or_family_level_not_individual_keyword_certification,not_installed,not_tested
MK0282,15,Cinema 4D·3D 모션 그래픽에서 자주 나오는 용어,Sound Effector,family_mapped,temporal_sequence_only,mg_temporal_audio_reactive,S12;S19,선언된 오디오 특징과 화면 속성의 변화가 같은 시간 기준에서 대응하는지 확인한다. 외형만으로 음원·반응 인과를 주장하지 않는다.,advisory_until_context_owner_and_core_checks,primary_sources_at_profile_or_family_level_not_individual_keyword_certification,not_installed,not_tested
MK0283,15,Cinema 4D·3D 모션 그래픽에서 자주 나오는 용어,Spline Effector,family_mapped,static_or_result_frame,mg_spline_clones,S19;S20,사본의 중심과 방향이 명시된 곡선의 위치·접선과 관계를 이루는 배치다.,advisory_until_context_owner_and_core_checks,primary_sources_at_profile_or_family_level_not_individual_keyword_certification,not_installed,not_tested
MK0284,15,Cinema 4D·3D 모션 그래픽에서 자주 나오는 용어,Delay Effector,family_mapped,temporal_sequence_only,mg_temporal_stagger,S07;S19,대상 순서와 각 대상의 시작 시점 차이를 기록한다. 정지 배열에서의 위치 차이는 다른 속성이다.,advisory_until_context_owner_and_core_checks,primary_sources_at_profile_or_family_level_not_individual_keyword_certification,not_installed,not_tested
MK0285,15,Cinema 4D·3D 모션 그래픽에서 자주 나오는 용어,Target Effector,family_mapped,workflow_or_source_evidence,mg_workflow_procedural,S12;S18;S20,함수·노드·위상·설정·캐시를 실제 프로젝트 메타데이터로 보존한다. 결과가 닮았다는 이유로 제작 경로를 확정하지 않는다.,advisory_until_context_owner_and_core_checks,primary_sources_at_profile_or_family_level_not_individual_keyword_certification,not_installed,not_tested
MK0286,15,Cinema 4D·3D 모션 그래픽에서 자주 나오는 용어,Field / 필드,family_mapped,static_or_result_frame,mg_field_gradient,S18;S19,복제 세트에서 위치에 따른 크기·방향·색 등 한 속성의 공간 변화만 표현한다. field 객체는 제작 메타데이터다.,advisory_until_context_owner_and_core_checks,primary_sources_at_profile_or_family_level_not_individual_keyword_certification,not_installed,not_tested
MK0287,15,Cinema 4D·3D 모션 그래픽에서 자주 나오는 용어,Falloff / 폴오프,family_mapped,static_or_result_frame,mg_field_gradient,S18;S19,복제 세트에서 위치에 따른 크기·방향·색 등 한 속성의 공간 변화만 표현한다. field 객체는 제작 메타데이터다.,advisory_until_context_owner_and_core_checks,primary_sources_at_profile_or_family_level_not_individual_keyword_certification,not_installed,not_tested
MK0288,15,Cinema 4D·3D 모션 그래픽에서 자주 나오는 용어,Linear Field,family_mapped,static_or_result_frame,mg_field_gradient,S18;S19,복제 세트에서 위치에 따른 크기·방향·색 등 한 속성의 공간 변화만 표현한다. field 객체는 제작 메타데이터다.,advisory_until_context_owner_and_core_checks,primary_sources_at_profile_or_family_level_not_individual_keyword_certification,not_installed,not_tested
MK0289,15,Cinema 4D·3D 모션 그래픽에서 자주 나오는 용어,Spherical Field,family_mapped,static_or_result_frame,mg_field_gradient,S18;S19,복제 세트에서 위치에 따른 크기·방향·색 등 한 속성의 공간 변화만 표현한다. field 객체는 제작 메타데이터다.,advisory_until_context_owner_and_core_checks,primary_sources_at_profile_or_family_level_not_individual_keyword_certification,not_installed,not_tested
MK0290,15,Cinema 4D·3D 모션 그래픽에서 자주 나오는 용어,Random Field,family_mapped,static_or_result_frame,mg_scatter_distribution,S19;S20,사본의 위치·방향·크기 변동과 분포 지지 영역을 함께 기록한다.,advisory_until_context_owner_and_core_checks,primary_sources_at_profile_or_family_level_not_individual_keyword_certification,not_installed,not_tested
MK0291,15,Cinema 4D·3D 모션 그래픽에서 자주 나오는 용어,Instance / 인스턴스,family_mapped,static_or_result_frame,mg_grid_repeat,S16;S17;S19,지정 원형의 여러 사본이 행과 열의 기준에 맞추어 배열된 형태다.,advisory_until_context_owner_and_core_checks,primary_sources_at_profile_or_family_level_not_individual_keyword_certification,not_installed,not_tested
MK0292,15,Cinema 4D·3D 모션 그래픽에서 자주 나오는 용어,Fracture / 프랙처,family_mapped,static_or_result_frame,mg_rigid_fracture_result,S19;S38,원형의 일부와 그에 대응하는 단단한 파편·단면·공간 간격을 기록한다.,advisory_until_context_owner_and_core_checks,primary_sources_at_profile_or_family_level_not_individual_keyword_certification,not_installed,not_tested
MK0293,15,Cinema 4D·3D 모션 그래픽에서 자주 나오는 용어,Tracer / 트레이서,family_mapped,static_or_result_frame,mg_spline_clones,S19;S20,사본의 중심과 방향이 명시된 곡선의 위치·접선과 관계를 이루는 배치다.,advisory_until_context_owner_and_core_checks,primary_sources_at_profile_or_family_level_not_individual_keyword_certification,not_installed,not_tested
MK0294,16,3D 모델링·절차적 생성 용어,Geometry / 지오메트리,family_mapped,workflow_or_source_evidence,mg_workflow_procedural,S12;S18;S20,함수·노드·위상·설정·캐시를 실제 프로젝트 메타데이터로 보존한다. 결과가 닮았다는 이유로 제작 경로를 확정하지 않는다.,advisory_until_context_owner_and_core_checks,primary_sources_at_profile_or_family_level_not_individual_keyword_certification,not_installed,not_tested
MK0295,16,3D 모델링·절차적 생성 용어,Mesh / 메시,family_mapped,workflow_or_source_evidence,mg_workflow_procedural,S12;S18;S20,함수·노드·위상·설정·캐시를 실제 프로젝트 메타데이터로 보존한다. 결과가 닮았다는 이유로 제작 경로를 확정하지 않는다.,advisory_until_context_owner_and_core_checks,primary_sources_at_profile_or_family_level_not_individual_keyword_certification,not_installed,not_tested
MK0296,16,3D 모델링·절차적 생성 용어,Vertex / 버텍스,family_mapped,workflow_or_source_evidence,mg_workflow_procedural,S12;S18;S20,함수·노드·위상·설정·캐시를 실제 프로젝트 메타데이터로 보존한다. 결과가 닮았다는 이유로 제작 경로를 확정하지 않는다.,advisory_until_context_owner_and_core_checks,primary_sources_at_profile_or_family_level_not_individual_keyword_certification,not_installed,not_tested
MK0297,16,3D 모델링·절차적 생성 용어,Edge / 에지,family_mapped,workflow_or_source_evidence,mg_workflow_procedural,S12;S18;S20,함수·노드·위상·설정·캐시를 실제 프로젝트 메타데이터로 보존한다. 결과가 닮았다는 이유로 제작 경로를 확정하지 않는다.,advisory_until_context_owner_and_core_checks,primary_sources_at_profile_or_family_level_not_individual_keyword_certification,not_installed,not_tested
MK0298,16,3D 모델링·절차적 생성 용어,Face / 페이스,family_mapped,workflow_or_source_evidence,mg_workflow_procedural,S12;S18;S20,함수·노드·위상·설정·캐시를 실제 프로젝트 메타데이터로 보존한다. 결과가 닮았다는 이유로 제작 경로를 확정하지 않는다.,advisory_until_context_owner_and_core_checks,primary_sources_at_profile_or_family_level_not_individual_keyword_certification,not_installed,not_tested
MK0299,16,3D 모델링·절차적 생성 용어,Polygon / 폴리곤,family_mapped,workflow_or_source_evidence,mg_workflow_procedural,S12;S18;S20,함수·노드·위상·설정·캐시를 실제 프로젝트 메타데이터로 보존한다. 결과가 닮았다는 이유로 제작 경로를 확정하지 않는다.,advisory_until_context_owner_and_core_checks,primary_sources_at_profile_or_family_level_not_individual_keyword_certification,not_installed,not_tested
MK0300,16,3D 모델링·절차적 생성 용어,Topology / 토폴로지,family_mapped,workflow_or_source_evidence,mg_workflow_procedural,S12;S18;S20,함수·노드·위상·설정·캐시를 실제 프로젝트 메타데이터로 보존한다. 결과가 닮았다는 이유로 제작 경로를 확정하지 않는다.,advisory_until_context_owner_and_core_checks,primary_sources_at_profile_or_family_level_not_individual_keyword_certification,not_installed,not_tested
MK0301,16,3D 모델링·절차적 생성 용어,Primitive / 프리미티브,family_mapped,workflow_or_source_evidence,mg_workflow_procedural,S12;S18;S20,함수·노드·위상·설정·캐시를 실제 프로젝트 메타데이터로 보존한다. 결과가 닮았다는 이유로 제작 경로를 확정하지 않는다.,advisory_until_context_owner_and_core_checks,primary_sources_at_profile_or_family_level_not_individual_keyword_certification,not_installed,not_tested
MK0302,16,3D 모델링·절차적 생성 용어,Spline / 스플라인,family_mapped,static_or_result_frame,mg_path_open_closed,S46;S47,"끝점이 남는 선과 연결된 폐곡선을 구분하고, 선을 따라 놓인 스트로크와 내부 영역을 채우는 필을 별도 속성으로 기록한다.",advisory_until_context_owner_and_core_checks,primary_sources_at_profile_or_family_level_not_individual_keyword_certification,not_installed,not_tested
MK0303,16,3D 모델링·절차적 생성 용어,Extrude / 익스트루드,family_mapped,context_split_required,mg_surface_relief;mg_workflow_procedural,S12;S18;S20;S22,국부 음영으로 보이는 요철과 실제 외곽·단면·가림을 바꾸는 두께를 구분한다. 표면 반응만으로 사용한 맵을 추정하지 않는다.,advisory_until_context_owner_and_core_checks,primary_sources_at_profile_or_family_level_not_individual_keyword_certification,not_installed,not_tested
MK0304,16,3D 모델링·절차적 생성 용어,Sweep / 스윕,family_mapped,context_split_required,mg_surface_relief;mg_workflow_procedural,S12;S18;S20;S22,국부 음영으로 보이는 요철과 실제 외곽·단면·가림을 바꾸는 두께를 구분한다. 표면 반응만으로 사용한 맵을 추정하지 않는다.,advisory_until_context_owner_and_core_checks,primary_sources_at_profile_or_family_level_not_individual_keyword_certification,not_installed,not_tested
MK0305,16,3D 모델링·절차적 생성 용어,Loft / 로프트,family_mapped,context_split_required,mg_surface_relief;mg_workflow_procedural,S12;S18;S20;S22,국부 음영으로 보이는 요철과 실제 외곽·단면·가림을 바꾸는 두께를 구분한다. 표면 반응만으로 사용한 맵을 추정하지 않는다.,advisory_until_context_owner_and_core_checks,primary_sources_at_profile_or_family_level_not_individual_keyword_certification,not_installed,not_tested
MK0306,16,3D 모델링·절차적 생성 용어,Subdivision / 서브디비전,family_mapped,workflow_or_source_evidence,mg_workflow_procedural,S12;S18;S20,함수·노드·위상·설정·캐시를 실제 프로젝트 메타데이터로 보존한다. 결과가 닮았다는 이유로 제작 경로를 확정하지 않는다.,advisory_until_context_owner_and_core_checks,primary_sources_at_profile_or_family_level_not_individual_keyword_certification,not_installed,not_tested
MK0307,16,3D 모델링·절차적 생성 용어,Modifier / 모디파이어,family_mapped,workflow_or_source_evidence,mg_workflow_procedural,S12;S18;S20,함수·노드·위상·설정·캐시를 실제 프로젝트 메타데이터로 보존한다. 결과가 닮았다는 이유로 제작 경로를 확정하지 않는다.,advisory_until_context_owner_and_core_checks,primary_sources_at_profile_or_family_level_not_individual_keyword_certification,not_installed,not_tested
MK0308,16,3D 모델링·절차적 생성 용어,Modifier Stack / 모디파이어 스택,family_mapped,workflow_or_source_evidence,mg_workflow_procedural,S12;S18;S20,함수·노드·위상·설정·캐시를 실제 프로젝트 메타데이터로 보존한다. 결과가 닮았다는 이유로 제작 경로를 확정하지 않는다.,advisory_until_context_owner_and_core_checks,primary_sources_at_profile_or_family_level_not_individual_keyword_certification,not_installed,not_tested
MK0309,16,3D 모델링·절차적 생성 용어,Geometry Nodes / 지오메트리 노드,family_mapped,workflow_or_source_evidence,mg_workflow_procedural,S12;S18;S20,함수·노드·위상·설정·캐시를 실제 프로젝트 메타데이터로 보존한다. 결과가 닮았다는 이유로 제작 경로를 확정하지 않는다.,advisory_until_context_owner_and_core_checks,primary_sources_at_profile_or_family_level_not_individual_keyword_certification,not_installed,not_tested
MK0310,16,3D 모델링·절차적 생성 용어,Node Graph / 노드 그래프,family_mapped,workflow_or_source_evidence,mg_workflow_procedural,S12;S18;S20,함수·노드·위상·설정·캐시를 실제 프로젝트 메타데이터로 보존한다. 결과가 닮았다는 이유로 제작 경로를 확정하지 않는다.,advisory_until_context_owner_and_core_checks,primary_sources_at_profile_or_family_level_not_individual_keyword_certification,not_installed,not_tested
MK0311,16,3D 모델링·절차적 생성 용어,Instancing / 인스턴싱,family_mapped,static_or_result_frame,mg_scatter_distribution,S19;S20,사본의 위치·방향·크기 변동과 분포 지지 영역을 함께 기록한다.,advisory_until_context_owner_and_core_checks,primary_sources_at_profile_or_family_level_not_individual_keyword_certification,not_installed,not_tested
MK0312,16,3D 모델링·절차적 생성 용어,Scatter / 스캐터,family_mapped,static_or_result_frame,mg_scatter_distribution,S19;S20,사본의 위치·방향·크기 변동과 분포 지지 영역을 함께 기록한다.,advisory_until_context_owner_and_core_checks,primary_sources_at_profile_or_family_level_not_individual_keyword_certification,not_installed,not_tested
MK0313,17,Dynamics·Simulation,Dynamics / 다이내믹스,family_mapped,temporal_sequence_only,mg_temporal_particle_lifecycle,S17;S27;S38,입자 또는 물체의 시간별 정체·생성·상태 변화·접촉·소멸을 분리해 기록한다.,advisory_until_context_owner_and_core_checks,primary_sources_at_profile_or_family_level_not_individual_keyword_certification,not_installed,not_tested
MK0314,17,Dynamics·Simulation,Simulation / 시뮬레이션,family_mapped,temporal_sequence_only,mg_temporal_particle_lifecycle,S17;S27;S38,입자 또는 물체의 시간별 정체·생성·상태 변화·접촉·소멸을 분리해 기록한다.,advisory_until_context_owner_and_core_checks,primary_sources_at_profile_or_family_level_not_individual_keyword_certification,not_installed,not_tested
MK0315,17,Dynamics·Simulation,Rigid Body / 리지드 바디,family_mapped,static_or_result_frame,mg_rigid_fracture_result,S19;S38,원형의 일부와 그에 대응하는 단단한 파편·단면·공간 간격을 기록한다.,advisory_until_context_owner_and_core_checks,primary_sources_at_profile_or_family_level_not_individual_keyword_certification,not_installed,not_tested
MK0316,17,Dynamics·Simulation,Soft Body / 소프트 바디,family_mapped,static_or_result_frame,mg_cloth_contact,S28;S38,천이 걸리거나 닿는 위치와 중력 방향으로 늘어지는 주름을 관찰 가능한 결과로 기록한다.,advisory_until_context_owner_and_core_checks,primary_sources_at_profile_or_family_level_not_individual_keyword_certification,not_installed,not_tested
MK0317,17,Dynamics·Simulation,Cloth Simulation / 천 시뮬레이션,family_mapped,static_or_result_frame,mg_cloth_contact,S28;S38,천이 걸리거나 닿는 위치와 중력 방향으로 늘어지는 주름을 관찰 가능한 결과로 기록한다.,advisory_until_context_owner_and_core_checks,primary_sources_at_profile_or_family_level_not_individual_keyword_certification,not_installed,not_tested
MK0318,17,Dynamics·Simulation,Particle / 파티클,family_mapped,static_or_result_frame,mg_particle_source_traces,S17;S38,지정 방출원 주위의 입자 분포와 선형 흔적을 구체화한다. 원인·속도·수명은 한 장에서 확정하지 않는다.,advisory_until_context_owner_and_core_checks,primary_sources_at_profile_or_family_level_not_individual_keyword_certification,not_installed,not_tested
MK0319,17,Dynamics·Simulation,Particle System / 파티클 시스템,family_mapped,static_or_result_frame,mg_particle_source_traces,S17;S38,지정 방출원 주위의 입자 분포와 선형 흔적을 구체화한다. 원인·속도·수명은 한 장에서 확정하지 않는다.,advisory_until_context_owner_and_core_checks,primary_sources_at_profile_or_family_level_not_individual_keyword_certification,not_installed,not_tested
MK0320,17,Dynamics·Simulation,Emitter / 이미터,family_mapped,static_or_result_frame,mg_particle_source_traces,S17;S38,지정 방출원 주위의 입자 분포와 선형 흔적을 구체화한다. 원인·속도·수명은 한 장에서 확정하지 않는다.,advisory_until_context_owner_and_core_checks,primary_sources_at_profile_or_family_level_not_individual_keyword_certification,not_installed,not_tested
MK0321,17,Dynamics·Simulation,Birth Rate / 발생률,family_mapped,temporal_sequence_only,mg_temporal_particle_lifecycle,S17;S27;S38,입자 또는 물체의 시간별 정체·생성·상태 변화·접촉·소멸을 분리해 기록한다.,advisory_until_context_owner_and_core_checks,primary_sources_at_profile_or_family_level_not_individual_keyword_certification,not_installed,not_tested
MK0322,17,Dynamics·Simulation,Lifetime / 라이프타임,family_mapped,temporal_sequence_only,mg_temporal_particle_lifecycle,S17;S27;S38,입자 또는 물체의 시간별 정체·생성·상태 변화·접촉·소멸을 분리해 기록한다.,advisory_until_context_owner_and_core_checks,primary_sources_at_profile_or_family_level_not_individual_keyword_certification,not_installed,not_tested
MK0323,17,Dynamics·Simulation,Velocity / 속도,family_mapped,temporal_sequence_only,mg_temporal_particle_lifecycle,S17;S27;S38,입자 또는 물체의 시간별 정체·생성·상태 변화·접촉·소멸을 분리해 기록한다.,advisory_until_context_owner_and_core_checks,primary_sources_at_profile_or_family_level_not_individual_keyword_certification,not_installed,not_tested
MK0324,17,Dynamics·Simulation,Force / 힘,family_mapped,temporal_sequence_only,mg_temporal_particle_lifecycle,S17;S27;S38,입자 또는 물체의 시간별 정체·생성·상태 변화·접촉·소멸을 분리해 기록한다.,advisory_until_context_owner_and_core_checks,primary_sources_at_profile_or_family_level_not_individual_keyword_certification,not_installed,not_tested
MK0325,17,Dynamics·Simulation,Gravity / 중력,family_mapped,temporal_sequence_only,mg_temporal_particle_lifecycle,S17;S27;S38,입자 또는 물체의 시간별 정체·생성·상태 변화·접촉·소멸을 분리해 기록한다.,advisory_until_context_owner_and_core_checks,primary_sources_at_profile_or_family_level_not_individual_keyword_certification,not_installed,not_tested
MK0326,17,Dynamics·Simulation,Turbulence / 터뷸런스,family_mapped,temporal_sequence_only,mg_temporal_particle_lifecycle,S17;S27;S38,입자 또는 물체의 시간별 정체·생성·상태 변화·접촉·소멸을 분리해 기록한다.,advisory_until_context_owner_and_core_checks,primary_sources_at_profile_or_family_level_not_individual_keyword_certification,not_installed,not_tested
MK0327,17,Dynamics·Simulation,Vortex / 볼텍스,family_mapped,context_split_required,mg_vortex_distribution;mg_temporal_particle_lifecycle,S17;S19;S27;S38,점·선·유체 무늬가 회전 중심 또는 방사 방향과 관계를 갖는 순간 형태다. attraction·repulsion의 인과는 sequence에서 확인한다.,advisory_until_context_owner_and_core_checks,primary_sources_at_profile_or_family_level_not_individual_keyword_certification,not_installed,not_tested
MK0328,17,Dynamics·Simulation,Attractor / 어트랙터,family_mapped,context_split_required,mg_vortex_distribution;mg_temporal_particle_lifecycle,S17;S19;S27;S38,점·선·유체 무늬가 회전 중심 또는 방사 방향과 관계를 갖는 순간 형태다. attraction·repulsion의 인과는 sequence에서 확인한다.,advisory_until_context_owner_and_core_checks,primary_sources_at_profile_or_family_level_not_individual_keyword_certification,not_installed,not_tested
MK0329,17,Dynamics·Simulation,Repeller / 리펠러,family_mapped,context_split_required,mg_vortex_distribution;mg_temporal_particle_lifecycle,S17;S19;S27;S38,점·선·유체 무늬가 회전 중심 또는 방사 방향과 관계를 갖는 순간 형태다. attraction·repulsion의 인과는 sequence에서 확인한다.,advisory_until_context_owner_and_core_checks,primary_sources_at_profile_or_family_level_not_individual_keyword_certification,not_installed,not_tested
MK0330,17,Dynamics·Simulation,Collision / 충돌,family_mapped,temporal_sequence_only,mg_temporal_particle_lifecycle,S17;S27;S38,입자 또는 물체의 시간별 정체·생성·상태 변화·접촉·소멸을 분리해 기록한다.,advisory_until_context_owner_and_core_checks,primary_sources_at_profile_or_family_level_not_individual_keyword_certification,not_installed,not_tested
MK0331,17,Dynamics·Simulation,Friction / 마찰,family_mapped,temporal_sequence_only,mg_temporal_particle_lifecycle,S17;S27;S38,입자 또는 물체의 시간별 정체·생성·상태 변화·접촉·소멸을 분리해 기록한다.,advisory_until_context_owner_and_core_checks,primary_sources_at_profile_or_family_level_not_individual_keyword_certification,not_installed,not_tested
MK0332,17,Dynamics·Simulation,Bounce / 반발,family_mapped,temporal_sequence_only,mg_temporal_bounce,S02;S38,"대상과 접촉면의 접근, 접촉, 반발의 순서를 실제 이동 궤적에서 확인한다.",advisory_until_context_owner_and_core_checks,primary_sources_at_profile_or_family_level_not_individual_keyword_certification,not_installed,not_tested
MK0333,17,Dynamics·Simulation,Fracture Simulation / 파괴 시뮬레이션,family_mapped,static_or_result_frame,mg_rigid_fracture_result,S19;S38,원형의 일부와 그에 대응하는 단단한 파편·단면·공간 간격을 기록한다.,advisory_until_context_owner_and_core_checks,primary_sources_at_profile_or_family_level_not_individual_keyword_certification,not_installed,not_tested
MK0334,17,Dynamics·Simulation,Fluid Simulation / 유체 시뮬레이션,family_mapped,static_or_result_frame,mg_smoke_plume,S27;S38,소스에 이어지는 연기 기둥·액체 면·흐름 경계라는 결과만 기술한다.,advisory_until_context_owner_and_core_checks,primary_sources_at_profile_or_family_level_not_individual_keyword_certification,not_installed,not_tested
MK0335,17,Dynamics·Simulation,Smoke Simulation / 연기 시뮬레이션,family_mapped,static_or_result_frame,mg_smoke_plume,S27;S38,소스에 이어지는 연기 기둥·액체 면·흐름 경계라는 결과만 기술한다.,advisory_until_context_owner_and_core_checks,primary_sources_at_profile_or_family_level_not_individual_keyword_certification,not_installed,not_tested
MK0336,17,Dynamics·Simulation,Bake / 베이크,family_mapped,workflow_or_source_evidence,mg_workflow_procedural,S12;S18;S20,함수·노드·위상·설정·캐시를 실제 프로젝트 메타데이터로 보존한다. 결과가 닮았다는 이유로 제작 경로를 확정하지 않는다.,advisory_until_context_owner_and_core_checks,primary_sources_at_profile_or_family_level_not_individual_keyword_certification,not_installed,not_tested
MK0337,17,Dynamics·Simulation,Cache / 캐시,family_mapped,workflow_or_source_evidence,mg_workflow_procedural,S12;S18;S20,함수·노드·위상·설정·캐시를 실제 프로젝트 메타데이터로 보존한다. 결과가 닮았다는 이유로 제작 경로를 확정하지 않는다.,advisory_until_context_owner_and_core_checks,primary_sources_at_profile_or_family_level_not_individual_keyword_certification,not_installed,not_tested
MK0338,18,반복·패턴 모션,Replication / 복제,family_mapped,static_or_result_frame,mg_grid_repeat,S16;S17;S19,지정 원형의 여러 사본이 행과 열의 기준에 맞추어 배열된 형태다.,advisory_until_context_owner_and_core_checks,primary_sources_at_profile_or_family_level_not_individual_keyword_certification,not_installed,not_tested
MK0339,18,반복·패턴 모션,Array / 어레이,family_mapped,static_or_result_frame,mg_grid_repeat,S16;S17;S19,지정 원형의 여러 사본이 행과 열의 기준에 맞추어 배열된 형태다.,advisory_until_context_owner_and_core_checks,primary_sources_at_profile_or_family_level_not_individual_keyword_certification,not_installed,not_tested
MK0340,18,반복·패턴 모션,Grid / 그리드,family_mapped,static_or_result_frame,mg_grid_repeat,S16;S17;S19,지정 원형의 여러 사본이 행과 열의 기준에 맞추어 배열된 형태다.,advisory_until_context_owner_and_core_checks,primary_sources_at_profile_or_family_level_not_individual_keyword_certification,not_installed,not_tested
MK0341,18,반복·패턴 모션,Radial Array / 방사형 배열,family_mapped,static_or_result_frame,mg_radial_repeat,S16;S19,사본의 중심이 공통 기준 중심 주위를 일정한 각도 간격으로 배치되는 관계다.,advisory_until_context_owner_and_core_checks,primary_sources_at_profile_or_family_level_not_individual_keyword_certification,not_installed,not_tested
MK0342,18,반복·패턴 모션,Radial Motion / 방사형 모션,family_mapped,temporal_sequence_only,mg_temporal_path_motion,S01;S19;S38,"대상 경로, 기준 중심·축, 시간별 위치와 위상 관계를 명시한다. 파형·파문은 전파 방향과 상태 차이를 추가한다.",advisory_until_context_owner_and_core_checks,primary_sources_at_profile_or_family_level_not_individual_keyword_certification,not_installed,not_tested
MK0343,18,반복·패턴 모션,Tiling / 타일링,family_mapped,static_or_result_frame,mg_tile_continuity,S16;S20,패턴 단위의 양쪽 경계가 다음 단위와 연결되는 관계다. 실제 반복 구역을 보거나 타일 조합으로 시험한다.,advisory_until_context_owner_and_core_checks,primary_sources_at_profile_or_family_level_not_individual_keyword_certification,not_installed,not_tested
MK0344,18,반복·패턴 모션,Pattern Animation / 패턴 애니메이션,family_mapped,temporal_sequence_only,mg_temporal_loop,S02;S12,한 주기의 끝과 다음 시작 사이에서 전체 상태가 어떤 연속성을 갖는지 검사한다. seamless 요구에는 필요한 값·속도·시각 상태의 접합 기준을 명시한다.,advisory_until_context_owner_and_core_checks,primary_sources_at_profile_or_family_level_not_individual_keyword_certification,not_installed,not_tested
MK0345,18,반복·패턴 모션,Kaleidoscope / 칼레이도스코프,family_mapped,static_or_result_frame,mg_kaleidoscope,S37,중심에 모이는 분할 영역 안에서 이미지 조각이 반복·반사되는 구조다. 회전 애니메이션은 추가 조건이다.,advisory_until_context_owner_and_core_checks,primary_sources_at_profile_or_family_level_not_individual_keyword_certification,not_installed,not_tested
MK0346,18,반복·패턴 모션,Symmetry / 대칭,family_mapped,static_or_result_frame,mg_mirror_symmetry,S37;S47,축의 양쪽 요소가 반사 관계를 이루는지와 단순히 비슷하게 균형 잡혔는지를 구분한다.,advisory_until_context_owner_and_core_checks,primary_sources_at_profile_or_family_level_not_individual_keyword_certification,not_installed,not_tested
MK0347,18,반복·패턴 모션,Mirroring / 미러링,family_mapped,static_or_result_frame,mg_mirror_symmetry,S37;S47,축의 양쪽 요소가 반사 관계를 이루는지와 단순히 비슷하게 균형 잡혔는지를 구분한다.,advisory_until_context_owner_and_core_checks,primary_sources_at_profile_or_family_level_not_individual_keyword_certification,not_installed,not_tested
MK0348,18,반복·패턴 모션,Recursive Pattern / 재귀 패턴,family_mapped,static_or_result_frame,mg_recursive_tunnel,S16;S24,유사한 윤곽이 단계적으로 작아지며 공통 중심 또는 소실 방향을 형성하는 결과다.,advisory_until_context_owner_and_core_checks,primary_sources_at_profile_or_family_level_not_individual_keyword_certification,not_installed,not_tested
MK0349,18,반복·패턴 모션,Infinite Zoom / 인피니트 줌,family_mapped,temporal_sequence_only,mg_temporal_loop,S02;S12,한 주기의 끝과 다음 시작 사이에서 전체 상태가 어떤 연속성을 갖는지 검사한다. seamless 요구에는 필요한 값·속도·시각 상태의 접합 기준을 명시한다.,advisory_until_context_owner_and_core_checks,primary_sources_at_profile_or_family_level_not_individual_keyword_certification,not_installed,not_tested
MK0350,18,반복·패턴 모션,Tunnel Effect / 터널 효과,family_mapped,static_or_result_frame,mg_recursive_tunnel,S16;S24,유사한 윤곽이 단계적으로 작아지며 공통 중심 또는 소실 방향을 형성하는 결과다.,advisory_until_context_owner_and_core_checks,primary_sources_at_profile_or_family_level_not_individual_keyword_certification,not_installed,not_tested
MK0351,18,반복·패턴 모션,Echo / 에코,family_mapped,temporal_sequence_only,mg_temporal_echo,S13,시간 간격이 다른 소스 상태가 한 프레임에 합쳐지는 관계다. 설정에 따라 과거 또는 미래 샘플이 가능하며 단순 clone과 구분한다.,advisory_until_context_owner_and_core_checks,primary_sources_at_profile_or_family_level_not_individual_keyword_certification,not_installed,not_tested
MK0352,18,반복·패턴 모션,Trail / 트레일,family_mapped,context_split_required,mg_temporal_echo;mg_light_trail_result,S13;S14,시간 간격이 다른 소스 상태가 한 프레임에 합쳐지는 관계다. 설정에 따라 과거 또는 미래 샘플이 가능하며 단순 clone과 구분한다.,advisory_until_context_owner_and_core_checks,primary_sources_at_profile_or_family_level_not_individual_keyword_certification,not_installed,not_tested
MK0353,19,재질·셰이딩 용어,Material / 머티리얼,family_mapped,static_or_result_frame,mg_material_response,S23,표면의 색과 반사 하이라이트 범위·주변 반영을 분리한다. 거칠기 숫자와 물질 정체를 단독 pixels에서 역추정하지 않는다.,advisory_until_context_owner_and_core_checks,primary_sources_at_profile_or_family_level_not_individual_keyword_certification,not_installed,not_tested
MK0354,19,재질·셰이딩 용어,Shader / 셰이더,family_mapped,workflow_or_source_evidence,mg_workflow_procedural,S12;S18;S20,함수·노드·위상·설정·캐시를 실제 프로젝트 메타데이터로 보존한다. 결과가 닮았다는 이유로 제작 경로를 확정하지 않는다.,advisory_until_context_owner_and_core_checks,primary_sources_at_profile_or_family_level_not_individual_keyword_certification,not_installed,not_tested
MK0355,19,재질·셰이딩 용어,PBR / Physically Based Rendering,family_mapped,workflow_or_source_evidence,mg_workflow_procedural,S12;S18;S20,함수·노드·위상·설정·캐시를 실제 프로젝트 메타데이터로 보존한다. 결과가 닮았다는 이유로 제작 경로를 확정하지 않는다.,advisory_until_context_owner_and_core_checks,primary_sources_at_profile_or_family_level_not_individual_keyword_certification,not_installed,not_tested
MK0356,19,재질·셰이딩 용어,Base Color / 베이스 컬러,family_mapped,static_or_result_frame,mg_material_response,S23,표면의 색과 반사 하이라이트 범위·주변 반영을 분리한다. 거칠기 숫자와 물질 정체를 단독 pixels에서 역추정하지 않는다.,advisory_until_context_owner_and_core_checks,primary_sources_at_profile_or_family_level_not_individual_keyword_certification,not_installed,not_tested
MK0357,19,재질·셰이딩 용어,Albedo / 알베도,family_mapped,static_or_result_frame,mg_material_response,S23,표면의 색과 반사 하이라이트 범위·주변 반영을 분리한다. 거칠기 숫자와 물질 정체를 단독 pixels에서 역추정하지 않는다.,advisory_until_context_owner_and_core_checks,primary_sources_at_profile_or_family_level_not_individual_keyword_certification,not_installed,not_tested
MK0358,19,재질·셰이딩 용어,Roughness / 러프니스,family_mapped,static_or_result_frame,mg_material_response,S23,표면의 색과 반사 하이라이트 범위·주변 반영을 분리한다. 거칠기 숫자와 물질 정체를 단독 pixels에서 역추정하지 않는다.,advisory_until_context_owner_and_core_checks,primary_sources_at_profile_or_family_level_not_individual_keyword_certification,not_installed,not_tested
MK0359,19,재질·셰이딩 용어,Metallic / 메탈릭,family_mapped,static_or_result_frame,mg_material_response,S23,표면의 색과 반사 하이라이트 범위·주변 반영을 분리한다. 거칠기 숫자와 물질 정체를 단독 pixels에서 역추정하지 않는다.,advisory_until_context_owner_and_core_checks,primary_sources_at_profile_or_family_level_not_individual_keyword_certification,not_installed,not_tested
MK0360,19,재질·셰이딩 용어,Specular / 스페큘러,family_mapped,static_or_result_frame,mg_material_response,S23,표면의 색과 반사 하이라이트 범위·주변 반영을 분리한다. 거칠기 숫자와 물질 정체를 단독 pixels에서 역추정하지 않는다.,advisory_until_context_owner_and_core_checks,primary_sources_at_profile_or_family_level_not_individual_keyword_certification,not_installed,not_tested
MK0361,19,재질·셰이딩 용어,IOR / 굴절률,family_mapped,static_or_result_frame,mg_transmission_refraction,S23,표면을 통해 보이는 뒤쪽 대상과 경계·두께에 따른 광학 변화라는 결과 관계를 기록한다.,advisory_until_context_owner_and_core_checks,primary_sources_at_profile_or_family_level_not_individual_keyword_certification,not_installed,not_tested
MK0362,19,재질·셰이딩 용어,Transmission / 투과,family_mapped,static_or_result_frame,mg_transmission_refraction,S23,표면을 통해 보이는 뒤쪽 대상과 경계·두께에 따른 광학 변화라는 결과 관계를 기록한다.,advisory_until_context_owner_and_core_checks,primary_sources_at_profile_or_family_level_not_individual_keyword_certification,not_installed,not_tested
MK0363,19,재질·셰이딩 용어,Opacity / 불투명도,family_mapped,static_or_result_frame,mg_opacity_overlap;mg_material_response,S09;S10;S23,앞 요소를 통해 뒤 요소가 어느 정도 읽히는지와 겹친 부분의 색·경계를 표현한다.,advisory_until_context_owner_and_core_checks,primary_sources_at_profile_or_family_level_not_individual_keyword_certification,not_installed,not_tested
MK0364,19,재질·셰이딩 용어,Emission / 이미션,family_mapped,static_or_result_frame,mg_emission_bloom,S23;S26,밝은 표면과 그 주변으로 번지는 빛을 서로 다른 구성요소로 유지한다. emission 자체가 bloom을 보장하지 않는다.,advisory_until_context_owner_and_core_checks,primary_sources_at_profile_or_family_level_not_individual_keyword_certification,not_installed,not_tested
MK0365,19,재질·셰이딩 용어,Normal Map / 노멀 맵,family_mapped,static_or_result_frame,mg_surface_relief,S20;S22,국부 음영으로 보이는 요철과 실제 외곽·단면·가림을 바꾸는 두께를 구분한다. 표면 반응만으로 사용한 맵을 추정하지 않는다.,advisory_until_context_owner_and_core_checks,primary_sources_at_profile_or_family_level_not_individual_keyword_certification,not_installed,not_tested
MK0366,19,재질·셰이딩 용어,Bump Map / 범프 맵,family_mapped,static_or_result_frame,mg_surface_relief,S20;S22,국부 음영으로 보이는 요철과 실제 외곽·단면·가림을 바꾸는 두께를 구분한다. 표면 반응만으로 사용한 맵을 추정하지 않는다.,advisory_until_context_owner_and_core_checks,primary_sources_at_profile_or_family_level_not_individual_keyword_certification,not_installed,not_tested
MK0367,19,재질·셰이딩 용어,Displacement Map / 디스플레이스먼트 맵,family_mapped,static_or_result_frame,mg_surface_relief,S20;S22,국부 음영으로 보이는 요철과 실제 외곽·단면·가림을 바꾸는 두께를 구분한다. 표면 반응만으로 사용한 맵을 추정하지 않는다.,advisory_until_context_owner_and_core_checks,primary_sources_at_profile_or_family_level_not_individual_keyword_certification,not_installed,not_tested
MK0368,19,재질·셰이딩 용어,UV Mapping / UV 매핑,family_mapped,workflow_or_source_evidence,mg_workflow_procedural,S12;S18;S20,함수·노드·위상·설정·캐시를 실제 프로젝트 메타데이터로 보존한다. 결과가 닮았다는 이유로 제작 경로를 확정하지 않는다.,advisory_until_context_owner_and_core_checks,primary_sources_at_profile_or_family_level_not_individual_keyword_certification,not_installed,not_tested
MK0369,19,재질·셰이딩 용어,Procedural Texture / 절차적 텍스처,family_mapped,workflow_or_source_evidence,mg_workflow_procedural,S12;S18;S20,함수·노드·위상·설정·캐시를 실제 프로젝트 메타데이터로 보존한다. 결과가 닮았다는 이유로 제작 경로를 확정하지 않는다.,advisory_until_context_owner_and_core_checks,primary_sources_at_profile_or_family_level_not_individual_keyword_certification,not_installed,not_tested
MK0370,20,조명 관련 용어,Key Light / 키 라이트,family_mapped,static_or_result_frame,mg_rim_light,S23;S26,주광·보조광·역광의 역할은 대상의 밝음과 그림자·외곽 반응 관계로 구체화한다.,advisory_until_context_owner_and_core_checks,primary_sources_at_profile_or_family_level_not_individual_keyword_certification,not_installed,not_tested
MK0371,20,조명 관련 용어,Fill Light / 필 라이트,family_mapped,static_or_result_frame,mg_rim_light,S23;S26,주광·보조광·역광의 역할은 대상의 밝음과 그림자·외곽 반응 관계로 구체화한다.,advisory_until_context_owner_and_core_checks,primary_sources_at_profile_or_family_level_not_individual_keyword_certification,not_installed,not_tested
MK0372,20,조명 관련 용어,Rim Light / 림 라이트,family_mapped,static_or_result_frame,mg_rim_light,S23;S26,주광·보조광·역광의 역할은 대상의 밝음과 그림자·외곽 반응 관계로 구체화한다.,advisory_until_context_owner_and_core_checks,primary_sources_at_profile_or_family_level_not_individual_keyword_certification,not_installed,not_tested
MK0373,20,조명 관련 용어,Backlight / 백라이트,family_mapped,static_or_result_frame,mg_rim_light,S23;S26,주광·보조광·역광의 역할은 대상의 밝음과 그림자·외곽 반응 관계로 구체화한다.,advisory_until_context_owner_and_core_checks,primary_sources_at_profile_or_family_level_not_individual_keyword_certification,not_installed,not_tested
MK0374,20,조명 관련 용어,Point Light / 포인트 라이트,family_mapped,static_or_result_frame,mg_contact_ao,S23;S38,접촉부·좁은 틈·광원 거리의 밝기 관계를 관찰 가능한 결과로 분리한다. 광역 조명 알고리즘의 사용은 별도 메타데이터다.,advisory_until_context_owner_and_core_checks,primary_sources_at_profile_or_family_level_not_individual_keyword_certification,not_installed,not_tested
MK0375,20,조명 관련 용어,Spot Light / 스폿 라이트,family_mapped,static_or_result_frame,mg_volumetric_shaft,S27;S51,빛이 공기 중 산란 매체를 통과하며 밝은 광선과 장애물의 그늘을 만드는 관계다.,advisory_until_context_owner_and_core_checks,primary_sources_at_profile_or_family_level_not_individual_keyword_certification,not_installed,not_tested
MK0376,20,조명 관련 용어,Area Light / 에어리어 라이트,family_mapped,static_or_result_frame,mg_contact_ao,S23;S38,접촉부·좁은 틈·광원 거리의 밝기 관계를 관찰 가능한 결과로 분리한다. 광역 조명 알고리즘의 사용은 별도 메타데이터다.,advisory_until_context_owner_and_core_checks,primary_sources_at_profile_or_family_level_not_individual_keyword_certification,not_installed,not_tested
MK0377,20,조명 관련 용어,HDRI / HDR 환경광,family_mapped,static_or_result_frame,mg_contact_ao,S23;S38,접촉부·좁은 틈·광원 거리의 밝기 관계를 관찰 가능한 결과로 분리한다. 광역 조명 알고리즘의 사용은 별도 메타데이터다.,advisory_until_context_owner_and_core_checks,primary_sources_at_profile_or_family_level_not_individual_keyword_certification,not_installed,not_tested
MK0378,20,조명 관련 용어,Global Illumination / GI,family_mapped,static_or_result_frame,mg_contact_ao,S23;S38,접촉부·좁은 틈·광원 거리의 밝기 관계를 관찰 가능한 결과로 분리한다. 광역 조명 알고리즘의 사용은 별도 메타데이터다.,advisory_until_context_owner_and_core_checks,primary_sources_at_profile_or_family_level_not_individual_keyword_certification,not_installed,not_tested
MK0379,20,조명 관련 용어,Ambient Occlusion / AO,family_mapped,static_or_result_frame,mg_contact_ao,S23;S38,접촉부·좁은 틈·광원 거리의 밝기 관계를 관찰 가능한 결과로 분리한다. 광역 조명 알고리즘의 사용은 별도 메타데이터다.,advisory_until_context_owner_and_core_checks,primary_sources_at_profile_or_family_level_not_individual_keyword_certification,not_installed,not_tested
MK0380,20,조명 관련 용어,Volumetric Lighting / 볼류메트릭 라이팅,family_mapped,static_or_result_frame,mg_volumetric_shaft,S27;S51,빛이 공기 중 산란 매체를 통과하며 밝은 광선과 장애물의 그늘을 만드는 관계다.,advisory_until_context_owner_and_core_checks,primary_sources_at_profile_or_family_level_not_individual_keyword_certification,not_installed,not_tested
MK0381,20,조명 관련 용어,God Rays / 갓레이,family_mapped,static_or_result_frame,mg_volumetric_shaft,S27;S51,빛이 공기 중 산란 매체를 통과하며 밝은 광선과 장애물의 그늘을 만드는 관계다.,advisory_until_context_owner_and_core_checks,primary_sources_at_profile_or_family_level_not_individual_keyword_certification,not_installed,not_tested
MK0382,20,조명 관련 용어,Light Falloff / 라이트 폴오프,family_mapped,static_or_result_frame,mg_contact_ao,S23;S38,접촉부·좁은 틈·광원 거리의 밝기 관계를 관찰 가능한 결과로 분리한다. 광역 조명 알고리즘의 사용은 별도 메타데이터다.,advisory_until_context_owner_and_core_checks,primary_sources_at_profile_or_family_level_not_individual_keyword_certification,not_installed,not_tested
MK0383,21,Render 관련 용어,Render / 렌더,family_mapped,workflow_or_source_evidence,mg_workflow_render_passes,S29;S33,실제 렌더 설정과 채널·패스의 목록이다. beauty look의 장식 용어로 투입하지 않는다.,advisory_until_context_owner_and_core_checks,primary_sources_at_profile_or_family_level_not_individual_keyword_certification,not_installed,not_tested
MK0384,21,Render 관련 용어,Renderer / 렌더러,family_mapped,workflow_or_source_evidence,mg_workflow_render_passes,S29;S33,실제 렌더 설정과 채널·패스의 목록이다. beauty look의 장식 용어로 투입하지 않는다.,advisory_until_context_owner_and_core_checks,primary_sources_at_profile_or_family_level_not_individual_keyword_certification,not_installed,not_tested
MK0385,21,Render 관련 용어,Rasterization / 래스터라이제이션,family_mapped,workflow_or_source_evidence,mg_workflow_render_passes,S29;S33,실제 렌더 설정과 채널·패스의 목록이다. beauty look의 장식 용어로 투입하지 않는다.,advisory_until_context_owner_and_core_checks,primary_sources_at_profile_or_family_level_not_individual_keyword_certification,not_installed,not_tested
MK0386,21,Render 관련 용어,Ray Tracing / 레이 트레이싱,family_mapped,workflow_or_source_evidence,mg_workflow_render_passes,S29;S33,실제 렌더 설정과 채널·패스의 목록이다. beauty look의 장식 용어로 투입하지 않는다.,advisory_until_context_owner_and_core_checks,primary_sources_at_profile_or_family_level_not_individual_keyword_certification,not_installed,not_tested
MK0387,21,Render 관련 용어,Path Tracing / 패스 트레이싱,family_mapped,workflow_or_source_evidence,mg_workflow_render_passes,S29;S33,실제 렌더 설정과 채널·패스의 목록이다. beauty look의 장식 용어로 투입하지 않는다.,advisory_until_context_owner_and_core_checks,primary_sources_at_profile_or_family_level_not_individual_keyword_certification,not_installed,not_tested
MK0388,21,Render 관련 용어,Sample / 샘플,family_mapped,workflow_or_source_evidence,mg_workflow_render_passes,S29;S33,실제 렌더 설정과 채널·패스의 목록이다. beauty look의 장식 용어로 투입하지 않는다.,advisory_until_context_owner_and_core_checks,primary_sources_at_profile_or_family_level_not_individual_keyword_certification,not_installed,not_tested
MK0389,21,Render 관련 용어,Noise / 렌더 노이즈,family_mapped,workflow_or_source_evidence,mg_workflow_render_passes,S29;S33,실제 렌더 설정과 채널·패스의 목록이다. beauty look의 장식 용어로 투입하지 않는다.,advisory_until_context_owner_and_core_checks,primary_sources_at_profile_or_family_level_not_individual_keyword_certification,not_installed,not_tested
MK0390,21,Render 관련 용어,Denoising / 디노이징,family_mapped,workflow_or_source_evidence,mg_workflow_render_passes,S29;S33,실제 렌더 설정과 채널·패스의 목록이다. beauty look의 장식 용어로 투입하지 않는다.,advisory_until_context_owner_and_core_checks,primary_sources_at_profile_or_family_level_not_individual_keyword_certification,not_installed,not_tested
MK0391,21,Render 관련 용어,Render Pass / 렌더 패스,family_mapped,workflow_or_source_evidence,mg_workflow_render_passes,S29;S33,실제 렌더 설정과 채널·패스의 목록이다. beauty look의 장식 용어로 투입하지 않는다.,advisory_until_context_owner_and_core_checks,primary_sources_at_profile_or_family_level_not_individual_keyword_certification,not_installed,not_tested
MK0392,21,Render 관련 용어,AOV / Arbitrary Output Variable,family_mapped,workflow_or_source_evidence,mg_workflow_render_passes,S29;S33,실제 렌더 설정과 채널·패스의 목록이다. beauty look의 장식 용어로 투입하지 않는다.,advisory_until_context_owner_and_core_checks,primary_sources_at_profile_or_family_level_not_individual_keyword_certification,not_installed,not_tested
MK0393,21,Render 관련 용어,Beauty Pass / 뷰티 패스,family_mapped,workflow_or_source_evidence,mg_workflow_render_passes,S29;S33,실제 렌더 설정과 채널·패스의 목록이다. beauty look의 장식 용어로 투입하지 않는다.,advisory_until_context_owner_and_core_checks,primary_sources_at_profile_or_family_level_not_individual_keyword_certification,not_installed,not_tested
MK0394,21,Render 관련 용어,Diffuse Pass,family_mapped,workflow_or_source_evidence,mg_workflow_render_passes,S29;S33,실제 렌더 설정과 채널·패스의 목록이다. beauty look의 장식 용어로 투입하지 않는다.,advisory_until_context_owner_and_core_checks,primary_sources_at_profile_or_family_level_not_individual_keyword_certification,not_installed,not_tested
MK0395,21,Render 관련 용어,Specular Pass,family_mapped,workflow_or_source_evidence,mg_workflow_render_passes,S29;S33,실제 렌더 설정과 채널·패스의 목록이다. beauty look의 장식 용어로 투입하지 않는다.,advisory_until_context_owner_and_core_checks,primary_sources_at_profile_or_family_level_not_individual_keyword_certification,not_installed,not_tested
MK0396,21,Render 관련 용어,Shadow Pass,family_mapped,workflow_or_source_evidence,mg_workflow_render_passes,S29;S33,실제 렌더 설정과 채널·패스의 목록이다. beauty look의 장식 용어로 투입하지 않는다.,advisory_until_context_owner_and_core_checks,primary_sources_at_profile_or_family_level_not_individual_keyword_certification,not_installed,not_tested
MK0397,21,Render 관련 용어,Emission Pass,family_mapped,workflow_or_source_evidence,mg_workflow_render_passes,S29;S33,실제 렌더 설정과 채널·패스의 목록이다. beauty look의 장식 용어로 투입하지 않는다.,advisory_until_context_owner_and_core_checks,primary_sources_at_profile_or_family_level_not_individual_keyword_certification,not_installed,not_tested
MK0398,21,Render 관련 용어,Z-depth Pass / Z 패스,family_mapped,workflow_or_source_evidence,mg_workflow_render_passes,S29;S33,실제 렌더 설정과 채널·패스의 목록이다. beauty look의 장식 용어로 투입하지 않는다.,advisory_until_context_owner_and_core_checks,primary_sources_at_profile_or_family_level_not_individual_keyword_certification,not_installed,not_tested
MK0399,21,Render 관련 용어,Normal Pass,family_mapped,workflow_or_source_evidence,mg_workflow_render_passes,S29;S33,실제 렌더 설정과 채널·패스의 목록이다. beauty look의 장식 용어로 투입하지 않는다.,advisory_until_context_owner_and_core_checks,primary_sources_at_profile_or_family_level_not_individual_keyword_certification,not_installed,not_tested
MK0400,21,Render 관련 용어,Object ID / Material ID,family_mapped,workflow_or_source_evidence,mg_workflow_render_passes,S29;S33,실제 렌더 설정과 채널·패스의 목록이다. beauty look의 장식 용어로 투입하지 않는다.,advisory_until_context_owner_and_core_checks,primary_sources_at_profile_or_family_level_not_individual_keyword_certification,not_installed,not_tested
MK0401,21,Render 관련 용어,Cryptomatte / 크립토매트,family_mapped,workflow_or_source_evidence,mg_workflow_render_passes,S29;S33,실제 렌더 설정과 채널·패스의 목록이다. beauty look의 장식 용어로 투입하지 않는다.,advisory_until_context_owner_and_core_checks,primary_sources_at_profile_or_family_level_not_individual_keyword_certification,not_installed,not_tested
MK0402,22,색상·후반작업 용어,Color Grading / 컬러 그레이딩,family_mapped,context_split_required,mg_workflow_color_management;mg_color_tone_relations,S30;S31;S39,"색공간·변환·LUT·view transform은 제작 정보이고, 밝기·채도·색상·rolloff는 별도의 관찰 관계로 모델링한다.",advisory_until_context_owner_and_core_checks,primary_sources_at_profile_or_family_level_not_individual_keyword_certification,not_installed,not_tested
MK0403,22,색상·후반작업 용어,Color Correction / 컬러 코렉션,family_mapped,context_split_required,mg_workflow_color_management;mg_color_tone_relations,S30;S31;S39,"색공간·변환·LUT·view transform은 제작 정보이고, 밝기·채도·색상·rolloff는 별도의 관찰 관계로 모델링한다.",advisory_until_context_owner_and_core_checks,primary_sources_at_profile_or_family_level_not_individual_keyword_certification,not_installed,not_tested
MK0404,22,색상·후반작업 용어,Exposure / 노출,family_mapped,context_split_required,mg_workflow_color_management;mg_color_tone_relations,S30;S31;S39,"색공간·변환·LUT·view transform은 제작 정보이고, 밝기·채도·색상·rolloff는 별도의 관찰 관계로 모델링한다.",advisory_until_context_owner_and_core_checks,primary_sources_at_profile_or_family_level_not_individual_keyword_certification,not_installed,not_tested
MK0405,22,색상·후반작업 용어,Contrast / 대비,family_mapped,context_split_required,mg_workflow_color_management;mg_color_tone_relations,S30;S31;S39,"색공간·변환·LUT·view transform은 제작 정보이고, 밝기·채도·색상·rolloff는 별도의 관찰 관계로 모델링한다.",advisory_until_context_owner_and_core_checks,primary_sources_at_profile_or_family_level_not_individual_keyword_certification,not_installed,not_tested
MK0406,22,색상·후반작업 용어,Saturation / 채도,family_mapped,context_split_required,mg_workflow_color_management;mg_color_tone_relations,S30;S31;S39,"색공간·변환·LUT·view transform은 제작 정보이고, 밝기·채도·색상·rolloff는 별도의 관찰 관계로 모델링한다.",advisory_until_context_owner_and_core_checks,primary_sources_at_profile_or_family_level_not_individual_keyword_certification,not_installed,not_tested
MK0407,22,색상·후반작업 용어,Hue / 색상,family_mapped,context_split_required,mg_workflow_color_management;mg_color_tone_relations,S30;S31;S39,"색공간·변환·LUT·view transform은 제작 정보이고, 밝기·채도·색상·rolloff는 별도의 관찰 관계로 모델링한다.",advisory_until_context_owner_and_core_checks,primary_sources_at_profile_or_family_level_not_individual_keyword_certification,not_installed,not_tested
MK0408,22,색상·후반작업 용어,Gamma / 감마,family_mapped,workflow_or_source_evidence,mg_workflow_color_management,S30;S31;S39,"색공간·변환·LUT·view transform은 제작 정보이고, 밝기·채도·색상·rolloff는 별도의 관찰 관계로 모델링한다.",advisory_until_context_owner_and_core_checks,primary_sources_at_profile_or_family_level_not_individual_keyword_certification,not_installed,not_tested
MK0409,22,색상·후반작업 용어,Lift / 리프트,family_mapped,context_split_required,mg_workflow_color_management;mg_color_tone_relations,S30;S31;S39,"색공간·변환·LUT·view transform은 제작 정보이고, 밝기·채도·색상·rolloff는 별도의 관찰 관계로 모델링한다.",advisory_until_context_owner_and_core_checks,primary_sources_at_profile_or_family_level_not_individual_keyword_certification,not_installed,not_tested
MK0410,22,색상·후반작업 용어,Gamma Control,family_mapped,workflow_or_source_evidence,mg_workflow_color_management,S30;S31;S39,"색공간·변환·LUT·view transform은 제작 정보이고, 밝기·채도·색상·rolloff는 별도의 관찰 관계로 모델링한다.",advisory_until_context_owner_and_core_checks,primary_sources_at_profile_or_family_level_not_individual_keyword_certification,not_installed,not_tested
MK0411,22,색상·후반작업 용어,Gain / 게인,family_mapped,context_split_required,mg_workflow_color_management;mg_color_tone_relations,S30;S31;S39,"색공간·변환·LUT·view transform은 제작 정보이고, 밝기·채도·색상·rolloff는 별도의 관찰 관계로 모델링한다.",advisory_until_context_owner_and_core_checks,primary_sources_at_profile_or_family_level_not_individual_keyword_certification,not_installed,not_tested
MK0412,22,색상·후반작업 용어,Color Space / 색공간,family_mapped,workflow_or_source_evidence,mg_workflow_color_management,S30;S31;S39,"색공간·변환·LUT·view transform은 제작 정보이고, 밝기·채도·색상·rolloff는 별도의 관찰 관계로 모델링한다.",advisory_until_context_owner_and_core_checks,primary_sources_at_profile_or_family_level_not_individual_keyword_certification,not_installed,not_tested
MK0413,22,색상·후반작업 용어,sRGB,family_mapped,workflow_or_source_evidence,mg_workflow_color_management,S30;S31;S39,"색공간·변환·LUT·view transform은 제작 정보이고, 밝기·채도·색상·rolloff는 별도의 관찰 관계로 모델링한다.",advisory_until_context_owner_and_core_checks,primary_sources_at_profile_or_family_level_not_individual_keyword_certification,not_installed,not_tested
MK0414,22,색상·후반작업 용어,Rec.709,family_mapped,workflow_or_source_evidence,mg_workflow_color_management,S30;S31;S39,"색공간·변환·LUT·view transform은 제작 정보이고, 밝기·채도·색상·rolloff는 별도의 관찰 관계로 모델링한다.",advisory_until_context_owner_and_core_checks,primary_sources_at_profile_or_family_level_not_individual_keyword_certification,not_installed,not_tested
MK0415,22,색상·후반작업 용어,Linear Workflow / 리니어 워크플로,family_mapped,workflow_or_source_evidence,mg_workflow_color_management,S30;S31;S39,"색공간·변환·LUT·view transform은 제작 정보이고, 밝기·채도·색상·rolloff는 별도의 관찰 관계로 모델링한다.",advisory_until_context_owner_and_core_checks,primary_sources_at_profile_or_family_level_not_individual_keyword_certification,not_installed,not_tested
MK0416,22,색상·후반작업 용어,OCIO / OpenColorIO,family_mapped,workflow_or_source_evidence,mg_workflow_color_management,S30;S31;S39,"색공간·변환·LUT·view transform은 제작 정보이고, 밝기·채도·색상·rolloff는 별도의 관찰 관계로 모델링한다.",advisory_until_context_owner_and_core_checks,primary_sources_at_profile_or_family_level_not_individual_keyword_certification,not_installed,not_tested
MK0417,22,색상·후반작업 용어,ACES,family_mapped,workflow_or_source_evidence,mg_workflow_color_management,S30;S31;S39,"색공간·변환·LUT·view transform은 제작 정보이고, 밝기·채도·색상·rolloff는 별도의 관찰 관계로 모델링한다.",advisory_until_context_owner_and_core_checks,primary_sources_at_profile_or_family_level_not_individual_keyword_certification,not_installed,not_tested
MK0418,22,색상·후반작업 용어,Tone Mapping / 톤 매핑,family_mapped,context_split_required,mg_workflow_color_management;mg_color_tone_relations,S30;S31;S39,"색공간·변환·LUT·view transform은 제작 정보이고, 밝기·채도·색상·rolloff는 별도의 관찰 관계로 모델링한다.",advisory_until_context_owner_and_core_checks,primary_sources_at_profile_or_family_level_not_individual_keyword_certification,not_installed,not_tested
MK0419,22,색상·후반작업 용어,LUT / Look-Up Table,family_mapped,workflow_or_source_evidence,mg_workflow_color_management,S30;S31;S39,"색공간·변환·LUT·view transform은 제작 정보이고, 밝기·채도·색상·rolloff는 별도의 관찰 관계로 모델링한다.",advisory_until_context_owner_and_core_checks,primary_sources_at_profile_or_family_level_not_individual_keyword_certification,not_installed,not_tested
MK0420,23,출력·코덱 관련 용어,Codec / 코덱,family_mapped,workflow_or_source_evidence,mg_workflow_codec_alpha,S32;S33;S40;S45,실제 파일의 codec·container·channel·bit depth·시간·alpha를 검사한다. 확장자·보기 모양만으로 조건을 보장하지 않는다.,advisory_until_context_owner_and_core_checks,primary_sources_at_profile_or_family_level_not_individual_keyword_certification,not_installed,not_tested
MK0421,23,출력·코덱 관련 용어,Container / 컨테이너,family_mapped,workflow_or_source_evidence,mg_workflow_codec_alpha,S32;S33;S40;S45,실제 파일의 codec·container·channel·bit depth·시간·alpha를 검사한다. 확장자·보기 모양만으로 조건을 보장하지 않는다.,advisory_until_context_owner_and_core_checks,primary_sources_at_profile_or_family_level_not_individual_keyword_certification,not_installed,not_tested
MK0422,23,출력·코덱 관련 용어,H.264,family_mapped,workflow_or_source_evidence,mg_workflow_codec_alpha,S32;S33;S40;S45,실제 파일의 codec·container·channel·bit depth·시간·alpha를 검사한다. 확장자·보기 모양만으로 조건을 보장하지 않는다.,advisory_until_context_owner_and_core_checks,primary_sources_at_profile_or_family_level_not_individual_keyword_certification,not_installed,not_tested
MK0423,23,출력·코덱 관련 용어,H.265/HEVC,family_mapped,workflow_or_source_evidence,mg_workflow_codec_alpha,S32;S33;S40;S45,실제 파일의 codec·container·channel·bit depth·시간·alpha를 검사한다. 확장자·보기 모양만으로 조건을 보장하지 않는다.,advisory_until_context_owner_and_core_checks,primary_sources_at_profile_or_family_level_not_individual_keyword_certification,not_installed,not_tested
MK0424,23,출력·코덱 관련 용어,ProRes,family_mapped,workflow_or_source_evidence,mg_workflow_codec_alpha,S32;S33;S40;S45,실제 파일의 codec·container·channel·bit depth·시간·alpha를 검사한다. 확장자·보기 모양만으로 조건을 보장하지 않는다.,advisory_until_context_owner_and_core_checks,primary_sources_at_profile_or_family_level_not_individual_keyword_certification,not_installed,not_tested
MK0425,23,출력·코덱 관련 용어,Image Sequence / 이미지 시퀀스,family_mapped,workflow_or_source_evidence,mg_workflow_codec_alpha,S32;S33;S40;S45,실제 파일의 codec·container·channel·bit depth·시간·alpha를 검사한다. 확장자·보기 모양만으로 조건을 보장하지 않는다.,advisory_until_context_owner_and_core_checks,primary_sources_at_profile_or_family_level_not_individual_keyword_certification,not_installed,not_tested
MK0426,23,출력·코덱 관련 용어,EXR / OpenEXR,family_mapped,workflow_or_source_evidence,mg_workflow_codec_alpha,S32;S33;S40;S45,실제 파일의 codec·container·channel·bit depth·시간·alpha를 검사한다. 확장자·보기 모양만으로 조건을 보장하지 않는다.,advisory_until_context_owner_and_core_checks,primary_sources_at_profile_or_family_level_not_individual_keyword_certification,not_installed,not_tested
MK0427,23,출력·코덱 관련 용어,PNG Sequence,family_mapped,workflow_or_source_evidence,mg_workflow_codec_alpha,S32;S33;S40;S45,실제 파일의 codec·container·channel·bit depth·시간·alpha를 검사한다. 확장자·보기 모양만으로 조건을 보장하지 않는다.,advisory_until_context_owner_and_core_checks,primary_sources_at_profile_or_family_level_not_individual_keyword_certification,not_installed,not_tested
MK0428,23,출력·코덱 관련 용어,Bit Depth / 비트 심도,family_mapped,workflow_or_source_evidence,mg_workflow_codec_alpha,S32;S33;S40;S45,실제 파일의 codec·container·channel·bit depth·시간·alpha를 검사한다. 확장자·보기 모양만으로 조건을 보장하지 않는다.,advisory_until_context_owner_and_core_checks,primary_sources_at_profile_or_family_level_not_individual_keyword_certification,not_installed,not_tested
MK0429,23,출력·코덱 관련 용어,8-bit / 10-bit / 16-bit / 32-bit float,family_mapped,workflow_or_source_evidence,mg_workflow_codec_alpha,S32;S33;S40;S45,실제 파일의 codec·container·channel·bit depth·시간·alpha를 검사한다. 확장자·보기 모양만으로 조건을 보장하지 않는다.,advisory_until_context_owner_and_core_checks,primary_sources_at_profile_or_family_level_not_individual_keyword_certification,not_installed,not_tested
MK0430,23,출력·코덱 관련 용어,Bitrate / 비트레이트,family_mapped,workflow_or_source_evidence,mg_workflow_codec_alpha,S32;S33;S40;S45,실제 파일의 codec·container·channel·bit depth·시간·alpha를 검사한다. 확장자·보기 모양만으로 조건을 보장하지 않는다.,advisory_until_context_owner_and_core_checks,primary_sources_at_profile_or_family_level_not_individual_keyword_certification,not_installed,not_tested
MK0431,23,출력·코덱 관련 용어,Chroma Subsampling / 색차 서브샘플링,family_mapped,workflow_or_source_evidence,mg_workflow_codec_alpha,S32;S33;S40;S45,실제 파일의 codec·container·channel·bit depth·시간·alpha를 검사한다. 확장자·보기 모양만으로 조건을 보장하지 않는다.,advisory_until_context_owner_and_core_checks,primary_sources_at_profile_or_family_level_not_individual_keyword_certification,not_installed,not_tested
MK0432,23,출력·코덱 관련 용어,4:4:4,family_mapped,workflow_or_source_evidence,mg_workflow_codec_alpha,S32;S33;S40;S45,실제 파일의 codec·container·channel·bit depth·시간·alpha를 검사한다. 확장자·보기 모양만으로 조건을 보장하지 않는다.,advisory_until_context_owner_and_core_checks,primary_sources_at_profile_or_family_level_not_individual_keyword_certification,not_installed,not_tested
MK0433,23,출력·코덱 관련 용어,4:2:2,family_mapped,workflow_or_source_evidence,mg_workflow_codec_alpha,S32;S33;S40;S45,실제 파일의 codec·container·channel·bit depth·시간·alpha를 검사한다. 확장자·보기 모양만으로 조건을 보장하지 않는다.,advisory_until_context_owner_and_core_checks,primary_sources_at_profile_or_family_level_not_individual_keyword_certification,not_installed,not_tested
MK0434,23,출력·코덱 관련 용어,4:2:0,family_mapped,workflow_or_source_evidence,mg_workflow_codec_alpha,S32;S33;S40;S45,실제 파일의 codec·container·channel·bit depth·시간·alpha를 검사한다. 확장자·보기 모양만으로 조건을 보장하지 않는다.,advisory_until_context_owner_and_core_checks,primary_sources_at_profile_or_family_level_not_individual_keyword_certification,not_installed,not_tested
MK0435,23,출력·코덱 관련 용어,Alpha Export / 알파 출력,family_mapped,workflow_or_source_evidence,mg_workflow_codec_alpha,S32;S33;S40;S45,실제 파일의 codec·container·channel·bit depth·시간·alpha를 검사한다. 확장자·보기 모양만으로 조건을 보장하지 않는다.,advisory_until_context_owner_and_core_checks,primary_sources_at_profile_or_family_level_not_individual_keyword_certification,not_installed,not_tested
MK0436,24,모션 그래픽 작품 유형 자체를 가리키는 용어,Logo Animation / 로고 애니메이션,family_mapped,workflow_or_source_evidence,mg_workflow_format_labels,S03;S45,작품 유형·의도·제작 방법·인상 라벨은 제약의 출발점이다. 관찰 가능한 배치·형태·이벤트를 요청 맥락에서 별도 선언한다.,advisory_until_context_owner_and_core_checks,primary_sources_at_profile_or_family_level_not_individual_keyword_certification,not_installed,not_tested
MK0437,24,모션 그래픽 작품 유형 자체를 가리키는 용어,Logo Reveal / 로고 리빌,family_mapped,workflow_or_source_evidence,mg_workflow_format_labels,S03;S45,작품 유형·의도·제작 방법·인상 라벨은 제약의 출발점이다. 관찰 가능한 배치·형태·이벤트를 요청 맥락에서 별도 선언한다.,advisory_until_context_owner_and_core_checks,primary_sources_at_profile_or_family_level_not_individual_keyword_certification,not_installed,not_tested
MK0438,24,모션 그래픽 작품 유형 자체를 가리키는 용어,Logo Sting / 로고 스팅,family_mapped,workflow_or_source_evidence,mg_workflow_format_labels,S03;S45,작품 유형·의도·제작 방법·인상 라벨은 제약의 출발점이다. 관찰 가능한 배치·형태·이벤트를 요청 맥락에서 별도 선언한다.,advisory_until_context_owner_and_core_checks,primary_sources_at_profile_or_family_level_not_individual_keyword_certification,not_installed,not_tested
MK0439,24,모션 그래픽 작품 유형 자체를 가리키는 용어,Ident / 아이덴트,family_mapped,workflow_or_source_evidence,mg_workflow_format_labels,S03;S45,작품 유형·의도·제작 방법·인상 라벨은 제약의 출발점이다. 관찰 가능한 배치·형태·이벤트를 요청 맥락에서 별도 선언한다.,advisory_until_context_owner_and_core_checks,primary_sources_at_profile_or_family_level_not_individual_keyword_certification,not_installed,not_tested
MK0440,24,모션 그래픽 작품 유형 자체를 가리키는 용어,Bumper / 범퍼,family_mapped,workflow_or_source_evidence,mg_workflow_format_labels,S03;S45,작품 유형·의도·제작 방법·인상 라벨은 제약의 출발점이다. 관찰 가능한 배치·형태·이벤트를 요청 맥락에서 별도 선언한다.,advisory_until_context_owner_and_core_checks,primary_sources_at_profile_or_family_level_not_individual_keyword_certification,not_installed,not_tested
MK0441,24,모션 그래픽 작품 유형 자체를 가리키는 용어,Stinger / 스팅어,family_mapped,workflow_or_source_evidence,mg_workflow_format_labels,S03;S45,작품 유형·의도·제작 방법·인상 라벨은 제약의 출발점이다. 관찰 가능한 배치·형태·이벤트를 요청 맥락에서 별도 선언한다.,advisory_until_context_owner_and_core_checks,primary_sources_at_profile_or_family_level_not_individual_keyword_certification,not_installed,not_tested
MK0442,24,모션 그래픽 작품 유형 자체를 가리키는 용어,Opener / 오프너,family_mapped,workflow_or_source_evidence,mg_workflow_format_labels,S03;S45,작품 유형·의도·제작 방법·인상 라벨은 제약의 출발점이다. 관찰 가능한 배치·형태·이벤트를 요청 맥락에서 별도 선언한다.,advisory_until_context_owner_and_core_checks,primary_sources_at_profile_or_family_level_not_individual_keyword_certification,not_installed,not_tested
MK0443,24,모션 그래픽 작품 유형 자체를 가리키는 용어,Title Sequence / 타이틀 시퀀스,family_mapped,workflow_or_source_evidence,mg_workflow_format_labels,S03;S45,작품 유형·의도·제작 방법·인상 라벨은 제약의 출발점이다. 관찰 가능한 배치·형태·이벤트를 요청 맥락에서 별도 선언한다.,advisory_until_context_owner_and_core_checks,primary_sources_at_profile_or_family_level_not_individual_keyword_certification,not_installed,not_tested
MK0444,24,모션 그래픽 작품 유형 자체를 가리키는 용어,End Card / 엔드 카드,family_mapped,context_split_required,mg_lower_third;mg_workflow_format_labels,S03;S06;S45;S48,하단 자막 블록 또는 마지막 정보 화면을 기능에 맞는 배치로 구체화한다. 실제 텍스트와 안전 영역은 사용자 요구로 정한다.,advisory_until_context_owner_and_core_checks,primary_sources_at_profile_or_family_level_not_individual_keyword_certification,not_installed,not_tested
MK0445,24,모션 그래픽 작품 유형 자체를 가리키는 용어,Lower Third / 로어 서드,family_mapped,static_or_result_frame,mg_lower_third,S06;S48,하단 자막 블록 또는 마지막 정보 화면을 기능에 맞는 배치로 구체화한다. 실제 텍스트와 안전 영역은 사용자 요구로 정한다.,advisory_until_context_owner_and_core_checks,primary_sources_at_profile_or_family_level_not_individual_keyword_certification,not_installed,not_tested
MK0446,24,모션 그래픽 작품 유형 자체를 가리키는 용어,Broadcast Package / 방송 패키지,family_mapped,workflow_or_source_evidence,mg_workflow_format_labels,S03;S45,작품 유형·의도·제작 방법·인상 라벨은 제약의 출발점이다. 관찰 가능한 배치·형태·이벤트를 요청 맥락에서 별도 선언한다.,advisory_until_context_owner_and_core_checks,primary_sources_at_profile_or_family_level_not_individual_keyword_certification,not_installed,not_tested
MK0447,24,모션 그래픽 작품 유형 자체를 가리키는 용어,Explainer Motion / 설명형 모션 그래픽,family_mapped,workflow_or_source_evidence,mg_workflow_format_labels,S03;S45,작품 유형·의도·제작 방법·인상 라벨은 제약의 출발점이다. 관찰 가능한 배치·형태·이벤트를 요청 맥락에서 별도 선언한다.,advisory_until_context_owner_and_core_checks,primary_sources_at_profile_or_family_level_not_individual_keyword_certification,not_installed,not_tested
MK0448,24,모션 그래픽 작품 유형 자체를 가리키는 용어,Infographic Animation / 인포그래픽 애니메이션,family_mapped,static_or_result_frame,mg_infographic_layout,S48;S50,실제 입력 데이터와 위치·길이·색·표시가 대응하는 관계와 설명 도해의 개체·연결 관계를 구분한다.,advisory_until_context_owner_and_core_checks,primary_sources_at_profile_or_family_level_not_individual_keyword_certification,not_installed,not_tested
MK0449,24,모션 그래픽 작품 유형 자체를 가리키는 용어,Data Visualization / 데이터 시각화 모션,family_mapped,static_or_result_frame,mg_infographic_layout,S48;S50,실제 입력 데이터와 위치·길이·색·표시가 대응하는 관계와 설명 도해의 개체·연결 관계를 구분한다.,advisory_until_context_owner_and_core_checks,primary_sources_at_profile_or_family_level_not_individual_keyword_certification,not_installed,not_tested
MK0450,24,모션 그래픽 작품 유형 자체를 가리키는 용어,UI Motion / UI 모션,family_mapped,workflow_or_source_evidence,mg_workflow_format_labels,S03;S45,작품 유형·의도·제작 방법·인상 라벨은 제약의 출발점이다. 관찰 가능한 배치·형태·이벤트를 요청 맥락에서 별도 선언한다.,advisory_until_context_owner_and_core_checks,primary_sources_at_profile_or_family_level_not_individual_keyword_certification,not_installed,not_tested
MK0451,24,모션 그래픽 작품 유형 자체를 가리키는 용어,Microinteraction / 마이크로인터랙션,family_mapped,workflow_or_source_evidence,mg_workflow_format_labels,S03;S45,작품 유형·의도·제작 방법·인상 라벨은 제약의 출발점이다. 관찰 가능한 배치·형태·이벤트를 요청 맥락에서 별도 선언한다.,advisory_until_context_owner_and_core_checks,primary_sources_at_profile_or_family_level_not_individual_keyword_certification,not_installed,not_tested
MK0452,24,모션 그래픽 작품 유형 자체를 가리키는 용어,HUD Motion Graphics,family_mapped,static_or_result_frame,mg_hud_layout,S04;S48,눈금·표시·연결선·패널이 선언된 디스플레이 표면 안에서 정보 구조를 갖는 결과다.,advisory_until_context_owner_and_core_checks,primary_sources_at_profile_or_family_level_not_individual_keyword_certification,not_installed,not_tested
MK0453,24,모션 그래픽 작품 유형 자체를 가리키는 용어,FUI / Fantasy User Interface,family_mapped,static_or_result_frame,mg_hud_layout,S04;S48,눈금·표시·연결선·패널이 선언된 디스플레이 표면 안에서 정보 구조를 갖는 결과다.,advisory_until_context_owner_and_core_checks,primary_sources_at_profile_or_family_level_not_individual_keyword_certification,not_installed,not_tested
MK0454,24,모션 그래픽 작품 유형 자체를 가리키는 용어,Motion Poster / 모션 포스터,family_mapped,workflow_or_source_evidence,mg_workflow_format_labels,S03;S45,작품 유형·의도·제작 방법·인상 라벨은 제약의 출발점이다. 관찰 가능한 배치·형태·이벤트를 요청 맥락에서 별도 선언한다.,advisory_until_context_owner_and_core_checks,primary_sources_at_profile_or_family_level_not_individual_keyword_certification,not_installed,not_tested
MK0455,24,모션 그래픽 작품 유형 자체를 가리키는 용어,Social Motion / 소셜 모션,family_mapped,workflow_or_source_evidence,mg_workflow_format_labels,S03;S45,작품 유형·의도·제작 방법·인상 라벨은 제약의 출발점이다. 관찰 가능한 배치·형태·이벤트를 요청 맥락에서 별도 선언한다.,advisory_until_context_owner_and_core_checks,primary_sources_at_profile_or_family_level_not_individual_keyword_certification,not_installed,not_tested
MK0456,25,제작 과정에서 사용하는 용어,Concept / 콘셉트,family_mapped,workflow_or_source_evidence,mg_workflow_styleframe_storyboard,S15;S45,기획·레퍼런스·정지 목표·샷 순서·타이밍 시연 자료를 각자 다른 증거로 남긴다.,advisory_until_context_owner_and_core_checks,primary_sources_at_profile_or_family_level_not_individual_keyword_certification,not_installed,not_tested
MK0457,25,제작 과정에서 사용하는 용어,Creative Direction / 크리에이티브 디렉션,family_mapped,workflow_or_source_evidence,mg_workflow_styleframe_storyboard,S15;S45,기획·레퍼런스·정지 목표·샷 순서·타이밍 시연 자료를 각자 다른 증거로 남긴다.,advisory_until_context_owner_and_core_checks,primary_sources_at_profile_or_family_level_not_individual_keyword_certification,not_installed,not_tested
MK0458,25,제작 과정에서 사용하는 용어,Art Direction / 아트 디렉션,family_mapped,workflow_or_source_evidence,mg_workflow_styleframe_storyboard,S15;S45,기획·레퍼런스·정지 목표·샷 순서·타이밍 시연 자료를 각자 다른 증거로 남긴다.,advisory_until_context_owner_and_core_checks,primary_sources_at_profile_or_family_level_not_individual_keyword_certification,not_installed,not_tested
MK0459,25,제작 과정에서 사용하는 용어,Moodboard / 무드보드,family_mapped,workflow_or_source_evidence,mg_workflow_styleframe_storyboard,S15;S45,기획·레퍼런스·정지 목표·샷 순서·타이밍 시연 자료를 각자 다른 증거로 남긴다.,advisory_until_context_owner_and_core_checks,primary_sources_at_profile_or_family_level_not_individual_keyword_certification,not_installed,not_tested
MK0460,25,제작 과정에서 사용하는 용어,Reference / 레퍼런스,family_mapped,workflow_or_source_evidence,mg_workflow_styleframe_storyboard,S15;S45,기획·레퍼런스·정지 목표·샷 순서·타이밍 시연 자료를 각자 다른 증거로 남긴다.,advisory_until_context_owner_and_core_checks,primary_sources_at_profile_or_family_level_not_individual_keyword_certification,not_installed,not_tested
MK0461,25,제작 과정에서 사용하는 용어,Styleframe / 스타일프레임,family_mapped,workflow_or_source_evidence,mg_workflow_styleframe_storyboard,S15;S45,기획·레퍼런스·정지 목표·샷 순서·타이밍 시연 자료를 각자 다른 증거로 남긴다.,advisory_until_context_owner_and_core_checks,primary_sources_at_profile_or_family_level_not_individual_keyword_certification,not_installed,not_tested
MK0462,25,제작 과정에서 사용하는 용어,Keyframe Design / 키 프레임 디자인,family_mapped,workflow_or_source_evidence,mg_workflow_styleframe_storyboard,S15;S45,기획·레퍼런스·정지 목표·샷 순서·타이밍 시연 자료를 각자 다른 증거로 남긴다.,advisory_until_context_owner_and_core_checks,primary_sources_at_profile_or_family_level_not_individual_keyword_certification,not_installed,not_tested
MK0463,25,제작 과정에서 사용하는 용어,Storyboard / 스토리보드,family_mapped,workflow_or_source_evidence,mg_workflow_styleframe_storyboard,S15;S45,기획·레퍼런스·정지 목표·샷 순서·타이밍 시연 자료를 각자 다른 증거로 남긴다.,advisory_until_context_owner_and_core_checks,primary_sources_at_profile_or_family_level_not_individual_keyword_certification,not_installed,not_tested
MK0464,25,제작 과정에서 사용하는 용어,Animatic / 애니매틱,family_mapped,workflow_or_source_evidence,mg_workflow_styleframe_storyboard,S15;S45,기획·레퍼런스·정지 목표·샷 순서·타이밍 시연 자료를 각자 다른 증거로 남긴다.,advisory_until_context_owner_and_core_checks,primary_sources_at_profile_or_family_level_not_individual_keyword_certification,not_installed,not_tested
MK0465,25,제작 과정에서 사용하는 용어,Boardomatic / 보드오매틱,family_mapped,workflow_or_source_evidence,mg_workflow_styleframe_storyboard,S15;S45,기획·레퍼런스·정지 목표·샷 순서·타이밍 시연 자료를 각자 다른 증거로 남긴다.,advisory_until_context_owner_and_core_checks,primary_sources_at_profile_or_family_level_not_individual_keyword_certification,not_installed,not_tested
MK0466,25,제작 과정에서 사용하는 용어,Previz / 프리비즈,family_mapped,workflow_or_source_evidence,mg_workflow_styleframe_storyboard,S15;S45,기획·레퍼런스·정지 목표·샷 순서·타이밍 시연 자료를 각자 다른 증거로 남긴다.,advisory_until_context_owner_and_core_checks,primary_sources_at_profile_or_family_level_not_individual_keyword_certification,not_installed,not_tested
MK0467,25,제작 과정에서 사용하는 용어,Blocking / 블로킹,family_mapped,workflow_or_source_evidence,mg_workflow_styleframe_storyboard,S15;S45,기획·레퍼런스·정지 목표·샷 순서·타이밍 시연 자료를 각자 다른 증거로 남긴다.,advisory_until_context_owner_and_core_checks,primary_sources_at_profile_or_family_level_not_individual_keyword_certification,not_installed,not_tested
MK0468,25,제작 과정에서 사용하는 용어,Polish / 폴리시,family_mapped,workflow_or_source_evidence,mg_workflow_styleframe_storyboard,S15;S45,기획·레퍼런스·정지 목표·샷 순서·타이밍 시연 자료를 각자 다른 증거로 남긴다.,advisory_until_context_owner_and_core_checks,primary_sources_at_profile_or_family_level_not_individual_keyword_certification,not_installed,not_tested
MK0469,25,제작 과정에서 사용하는 용어,Look Development / 룩뎁,family_mapped,workflow_or_source_evidence,mg_workflow_styleframe_storyboard,S15;S45,기획·레퍼런스·정지 목표·샷 순서·타이밍 시연 자료를 각자 다른 증거로 남긴다.,advisory_until_context_owner_and_core_checks,primary_sources_at_profile_or_family_level_not_individual_keyword_certification,not_installed,not_tested
MK0470,25,제작 과정에서 사용하는 용어,Style Guide / 스타일 가이드,family_mapped,workflow_or_source_evidence,mg_workflow_styleframe_storyboard,S15;S45,기획·레퍼런스·정지 목표·샷 순서·타이밍 시연 자료를 각자 다른 증거로 남긴다.,advisory_until_context_owner_and_core_checks,primary_sources_at_profile_or_family_level_not_individual_keyword_certification,not_installed,not_tested
MK0471,25,제작 과정에서 사용하는 용어,Motion System / 모션 시스템,family_mapped,workflow_or_source_evidence,mg_workflow_styleframe_storyboard,S15;S45,기획·레퍼런스·정지 목표·샷 순서·타이밍 시연 자료를 각자 다른 증거로 남긴다.,advisory_until_context_owner_and_core_checks,primary_sources_at_profile_or_family_level_not_individual_keyword_certification,not_installed,not_tested
MK0472,25,제작 과정에서 사용하는 용어,Design System Motion / 모션 디자인 시스템,family_mapped,workflow_or_source_evidence,mg_workflow_styleframe_storyboard,S15;S45,기획·레퍼런스·정지 목표·샷 순서·타이밍 시연 자료를 각자 다른 증거로 남긴다.,advisory_until_context_owner_and_core_checks,primary_sources_at_profile_or_family_level_not_individual_keyword_certification,not_installed,not_tested
MK0473,26,Transition·장면 전환 용어,Transition / 트랜지션,family_mapped,temporal_sequence_only,mg_temporal_transition,S08;S10;S13,출발·도착 장면과 경계·opacity·위치·방향의 시간 변화를 따로 명시한다. 전환 이름 하나로 장면 내용을 추가하지 않는다.,advisory_until_context_owner_and_core_checks,primary_sources_at_profile_or_family_level_not_individual_keyword_certification,not_installed,not_tested
MK0474,26,Transition·장면 전환 용어,Cut / 컷,family_mapped,temporal_sequence_only,mg_temporal_transition,S08;S10;S13,출발·도착 장면과 경계·opacity·위치·방향의 시간 변화를 따로 명시한다. 전환 이름 하나로 장면 내용을 추가하지 않는다.,advisory_until_context_owner_and_core_checks,primary_sources_at_profile_or_family_level_not_individual_keyword_certification,not_installed,not_tested
MK0475,26,Transition·장면 전환 용어,Fade / 페이드,family_mapped,temporal_sequence_only,mg_temporal_transition,S08;S10;S13,출발·도착 장면과 경계·opacity·위치·방향의 시간 변화를 따로 명시한다. 전환 이름 하나로 장면 내용을 추가하지 않는다.,advisory_until_context_owner_and_core_checks,primary_sources_at_profile_or_family_level_not_individual_keyword_certification,not_installed,not_tested
MK0476,26,Transition·장면 전환 용어,Fade In,family_mapped,temporal_sequence_only,mg_temporal_transition,S08;S10;S13,출발·도착 장면과 경계·opacity·위치·방향의 시간 변화를 따로 명시한다. 전환 이름 하나로 장면 내용을 추가하지 않는다.,advisory_until_context_owner_and_core_checks,primary_sources_at_profile_or_family_level_not_individual_keyword_certification,not_installed,not_tested
MK0477,26,Transition·장면 전환 용어,Fade Out,family_mapped,temporal_sequence_only,mg_temporal_transition,S08;S10;S13,출발·도착 장면과 경계·opacity·위치·방향의 시간 변화를 따로 명시한다. 전환 이름 하나로 장면 내용을 추가하지 않는다.,advisory_until_context_owner_and_core_checks,primary_sources_at_profile_or_family_level_not_individual_keyword_certification,not_installed,not_tested
MK0478,26,Transition·장면 전환 용어,Cross Dissolve / 크로스 디졸브,family_mapped,temporal_sequence_only,mg_temporal_transition,S08;S10;S13,출발·도착 장면과 경계·opacity·위치·방향의 시간 변화를 따로 명시한다. 전환 이름 하나로 장면 내용을 추가하지 않는다.,advisory_until_context_owner_and_core_checks,primary_sources_at_profile_or_family_level_not_individual_keyword_certification,not_installed,not_tested
MK0479,26,Transition·장면 전환 용어,Wipe / 와이프,family_mapped,temporal_sequence_only,mg_temporal_transition,S08;S10;S13,출발·도착 장면과 경계·opacity·위치·방향의 시간 변화를 따로 명시한다. 전환 이름 하나로 장면 내용을 추가하지 않는다.,advisory_until_context_owner_and_core_checks,primary_sources_at_profile_or_family_level_not_individual_keyword_certification,not_installed,not_tested
MK0480,26,Transition·장면 전환 용어,Slide Transition / 슬라이드,family_mapped,temporal_sequence_only,mg_temporal_transition,S08;S10;S13,출발·도착 장면과 경계·opacity·위치·방향의 시간 변화를 따로 명시한다. 전환 이름 하나로 장면 내용을 추가하지 않는다.,advisory_until_context_owner_and_core_checks,primary_sources_at_profile_or_family_level_not_individual_keyword_certification,not_installed,not_tested
MK0481,26,Transition·장면 전환 용어,Push Transition / 푸시,family_mapped,temporal_sequence_only,mg_temporal_transition,S08;S10;S13,출발·도착 장면과 경계·opacity·위치·방향의 시간 변화를 따로 명시한다. 전환 이름 하나로 장면 내용을 추가하지 않는다.,advisory_until_context_owner_and_core_checks,primary_sources_at_profile_or_family_level_not_individual_keyword_certification,not_installed,not_tested
MK0482,26,Transition·장면 전환 용어,Zoom Transition / 줌 트랜지션,family_mapped,temporal_sequence_only,mg_temporal_transition,S08;S10;S13,출발·도착 장면과 경계·opacity·위치·방향의 시간 변화를 따로 명시한다. 전환 이름 하나로 장면 내용을 추가하지 않는다.,advisory_until_context_owner_and_core_checks,primary_sources_at_profile_or_family_level_not_individual_keyword_certification,not_installed,not_tested
MK0483,26,Transition·장면 전환 용어,Whip Transition / 휩 트랜지션,family_mapped,temporal_sequence_only,mg_temporal_transition,S08;S10;S13,출발·도착 장면과 경계·opacity·위치·방향의 시간 변화를 따로 명시한다. 전환 이름 하나로 장면 내용을 추가하지 않는다.,advisory_until_context_owner_and_core_checks,primary_sources_at_profile_or_family_level_not_individual_keyword_certification,not_installed,not_tested
MK0484,26,Transition·장면 전환 용어,Spin Transition / 스핀 트랜지션,family_mapped,temporal_sequence_only,mg_temporal_transition,S08;S10;S13,출발·도착 장면과 경계·opacity·위치·방향의 시간 변화를 따로 명시한다. 전환 이름 하나로 장면 내용을 추가하지 않는다.,advisory_until_context_owner_and_core_checks,primary_sources_at_profile_or_family_level_not_individual_keyword_certification,not_installed,not_tested
MK0485,26,Transition·장면 전환 용어,Morph Transition / 모프 트랜지션,family_mapped,temporal_sequence_only,mg_temporal_morph,S04;S21,출발·도착 형태 사이에 대응하는 윤곽·부위가 시간에 따라 변하는지 확인한다.,advisory_until_context_owner_and_core_checks,primary_sources_at_profile_or_family_level_not_individual_keyword_certification,not_installed,not_tested
MK0486,26,Transition·장면 전환 용어,Match Cut / 매치 컷,family_mapped,temporal_sequence_only,mg_temporal_transition,S08;S10;S13,출발·도착 장면과 경계·opacity·위치·방향의 시간 변화를 따로 명시한다. 전환 이름 하나로 장면 내용을 추가하지 않는다.,advisory_until_context_owner_and_core_checks,primary_sources_at_profile_or_family_level_not_individual_keyword_certification,not_installed,not_tested
MK0487,26,Transition·장면 전환 용어,Graphic Match / 그래픽 매치,family_mapped,temporal_sequence_only,mg_temporal_transition,S08;S10;S13,출발·도착 장면과 경계·opacity·위치·방향의 시간 변화를 따로 명시한다. 전환 이름 하나로 장면 내용을 추가하지 않는다.,advisory_until_context_owner_and_core_checks,primary_sources_at_profile_or_family_level_not_individual_keyword_certification,not_installed,not_tested
MK0488,26,Transition·장면 전환 용어,Seamless Transition / 심리스 트랜지션,family_mapped,temporal_sequence_only,mg_temporal_transition,S08;S10;S13,출발·도착 장면과 경계·opacity·위치·방향의 시간 변화를 따로 명시한다. 전환 이름 하나로 장면 내용을 추가하지 않는다.,advisory_until_context_owner_and_core_checks,primary_sources_at_profile_or_family_level_not_individual_keyword_certification,not_installed,not_tested
MK0489,26,Transition·장면 전환 용어,Mask Transition / 마스크 트랜지션,family_mapped,temporal_sequence_only,mg_temporal_transition,S08;S10;S13,출발·도착 장면과 경계·opacity·위치·방향의 시간 변화를 따로 명시한다. 전환 이름 하나로 장면 내용을 추가하지 않는다.,advisory_until_context_owner_and_core_checks,primary_sources_at_profile_or_family_level_not_individual_keyword_certification,not_installed,not_tested
MK0490,26,Transition·장면 전환 용어,Luma Transition / 루마 트랜지션,family_mapped,temporal_sequence_only,mg_temporal_transition,S08;S10;S13,출발·도착 장면과 경계·opacity·위치·방향의 시간 변화를 따로 명시한다. 전환 이름 하나로 장면 내용을 추가하지 않는다.,advisory_until_context_owner_and_core_checks,primary_sources_at_profile_or_family_level_not_individual_keyword_certification,not_installed,not_tested
MK0491,26,Transition·장면 전환 용어,Glitch Transition / 글리치 트랜지션,family_mapped,temporal_sequence_only,mg_temporal_transition,S08;S10;S13,출발·도착 장면과 경계·opacity·위치·방향의 시간 변화를 따로 명시한다. 전환 이름 하나로 장면 내용을 추가하지 않는다.,advisory_until_context_owner_and_core_checks,primary_sources_at_profile_or_family_level_not_individual_keyword_certification,not_installed,not_tested
MK0492,26,Transition·장면 전환 용어,Light Leak Transition / 라이트 리크,family_mapped,temporal_sequence_only,mg_temporal_transition,S08;S10;S13,출발·도착 장면과 경계·opacity·위치·방향의 시간 변화를 따로 명시한다. 전환 이름 하나로 장면 내용을 추가하지 않는다.,advisory_until_context_owner_and_core_checks,primary_sources_at_profile_or_family_level_not_individual_keyword_certification,not_installed,not_tested
MK0493,27,그래픽 스타일을 표현하는 모션 용어,Minimal Motion / 미니멀 모션,family_mapped,static_or_result_frame,mg_flat_graphic,S46;S49,장르 라벨 대신 색면·선·여백·윤곽의 관계로 구체화하고 순수 그래픽 매체 여부를 별도 확인한다.,advisory_until_context_owner_and_core_checks,primary_sources_at_profile_or_family_level_not_individual_keyword_certification,not_installed,not_tested
MK0494,27,그래픽 스타일을 표현하는 모션 용어,Geometric Motion / 지오메트릭 모션,family_mapped,static_or_result_frame,mg_flat_graphic,S46;S49,장르 라벨 대신 색면·선·여백·윤곽의 관계로 구체화하고 순수 그래픽 매체 여부를 별도 확인한다.,advisory_until_context_owner_and_core_checks,primary_sources_at_profile_or_family_level_not_individual_keyword_certification,not_installed,not_tested
MK0495,27,그래픽 스타일을 표현하는 모션 용어,Abstract Motion / 추상 모션,family_mapped,static_or_result_frame,mg_flat_graphic,S46;S49,장르 라벨 대신 색면·선·여백·윤곽의 관계로 구체화하고 순수 그래픽 매체 여부를 별도 확인한다.,advisory_until_context_owner_and_core_checks,primary_sources_at_profile_or_family_level_not_individual_keyword_certification,not_installed,not_tested
MK0496,27,그래픽 스타일을 표현하는 모션 용어,Organic Abstract / 오가닉 추상,family_mapped,temporal_sequence_only,mg_temporal_motion_qualities,S02;S03,"느낌 라벨을 속도 변화, 정착 시간, 주기, 형태 연속성 등 사용자 문맥에 맞는 관찰 조건으로 풀어 쓴다. 숫자 preset은 자동 확정하지 않는다.",advisory_until_context_owner_and_core_checks,primary_sources_at_profile_or_family_level_not_individual_keyword_certification,not_installed,not_tested
MK0497,27,그래픽 스타일을 표현하는 모션 용어,Liquid Motion / 리퀴드 모션,family_mapped,temporal_sequence_only,mg_temporal_motion_qualities,S02;S03,"느낌 라벨을 속도 변화, 정착 시간, 주기, 형태 연속성 등 사용자 문맥에 맞는 관찰 조건으로 풀어 쓴다. 숫자 preset은 자동 확정하지 않는다.",advisory_until_context_owner_and_core_checks,primary_sources_at_profile_or_family_level_not_individual_keyword_certification,not_installed,not_tested
MK0498,27,그래픽 스타일을 표현하는 모션 용어,Blob Animation / 블롭 애니메이션,family_mapped,temporal_sequence_only,mg_temporal_motion_qualities,S02;S03,"느낌 라벨을 속도 변화, 정착 시간, 주기, 형태 연속성 등 사용자 문맥에 맞는 관찰 조건으로 풀어 쓴다. 숫자 preset은 자동 확정하지 않는다.",advisory_until_context_owner_and_core_checks,primary_sources_at_profile_or_family_level_not_individual_keyword_certification,not_installed,not_tested
MK0499,27,그래픽 스타일을 표현하는 모션 용어,Line Animation / 라인 애니메이션,family_mapped,static_or_result_frame,mg_flat_graphic,S46;S49,장르 라벨 대신 색면·선·여백·윤곽의 관계로 구체화하고 순수 그래픽 매체 여부를 별도 확인한다.,advisory_until_context_owner_and_core_checks,primary_sources_at_profile_or_family_level_not_individual_keyword_certification,not_installed,not_tested
MK0500,27,그래픽 스타일을 표현하는 모션 용어,Outline Animation / 아웃라인 애니메이션,family_mapped,static_or_result_frame,mg_flat_graphic,S46;S49,장르 라벨 대신 색면·선·여백·윤곽의 관계로 구체화하고 순수 그래픽 매체 여부를 별도 확인한다.,advisory_until_context_owner_and_core_checks,primary_sources_at_profile_or_family_level_not_individual_keyword_certification,not_installed,not_tested
MK0501,27,그래픽 스타일을 표현하는 모션 용어,Flat Motion Graphics / 플랫 모션 그래픽,family_mapped,static_or_result_frame,mg_flat_graphic,S46;S49,장르 라벨 대신 색면·선·여백·윤곽의 관계로 구체화하고 순수 그래픽 매체 여부를 별도 확인한다.,advisory_until_context_owner_and_core_checks,primary_sources_at_profile_or_family_level_not_individual_keyword_certification,not_installed,not_tested
MK0502,27,그래픽 스타일을 표현하는 모션 용어,Isometric Motion / 아이소메트릭 모션,family_mapped,static_or_result_frame,mg_isometric_result,S24;S42,직교적인 세 축이 같은 축소 관계를 갖는 axonometric 표현으로 정의한다. 단지 3/4 시점이라는 말로 대체하지 않는다.,advisory_until_context_owner_and_core_checks,primary_sources_at_profile_or_family_level_not_individual_keyword_certification,not_installed,not_tested
MK0503,27,그래픽 스타일을 표현하는 모션 용어,Collage Motion / 콜라주 모션,family_mapped,static_or_result_frame,mg_collage_boundary,S43;S44,여러 이미지·종이·직물 조각의 출처가 다른 표면 표현과 지지면의 조합을 결과로 기술한다.,advisory_until_context_owner_and_core_checks,primary_sources_at_profile_or_family_level_not_individual_keyword_certification,not_installed,not_tested
MK0504,27,그래픽 스타일을 표현하는 모션 용어,Cutout Animation / 컷아웃 애니메이션,family_mapped,static_or_result_frame,mg_paper_cut_layers,S43;S44,"종이의 평평한 면, 절단 경계, 겹침 깊이, 층 사이의 국부 그림자로 구성된 결과다.",advisory_until_context_owner_and_core_checks,primary_sources_at_profile_or_family_level_not_individual_keyword_certification,not_installed,not_tested
MK0505,27,그래픽 스타일을 표현하는 모션 용어,Paper Cut / 페이퍼컷,family_mapped,static_or_result_frame,mg_paper_cut_layers,S43;S44,"종이의 평평한 면, 절단 경계, 겹침 깊이, 층 사이의 국부 그림자로 구성된 결과다.",advisory_until_context_owner_and_core_checks,primary_sources_at_profile_or_family_level_not_individual_keyword_certification,not_installed,not_tested
MK0506,27,그래픽 스타일을 표현하는 모션 용어,Stop-motion Look / 스톱모션 룩,family_mapped,temporal_sequence_only,mg_temporal_stop_motion,S03;S13,일정 시간 유지되는 포즈와 다음 포즈로의 단계적 전환이라는 결과를 확인한다. 실물 촬영·셀 제작 이력은 따로 기록한다.,advisory_until_context_owner_and_core_checks,primary_sources_at_profile_or_family_level_not_individual_keyword_certification,not_installed,not_tested
MK0507,27,그래픽 스타일을 표현하는 모션 용어,Cel Animation / 셀 애니메이션,family_mapped,temporal_sequence_only,mg_temporal_stop_motion,S03;S13,일정 시간 유지되는 포즈와 다음 포즈로의 단계적 전환이라는 결과를 확인한다. 실물 촬영·셀 제작 이력은 따로 기록한다.,advisory_until_context_owner_and_core_checks,primary_sources_at_profile_or_family_level_not_individual_keyword_certification,not_installed,not_tested
MK0508,27,그래픽 스타일을 표현하는 모션 용어,Cel Shading / 셀 셰이딩,family_mapped,static_or_result_frame,mg_cel_shading,S23;S36,대상 표면의 밝고 어두운 면이 몇 개의 분명한 명암 영역으로 나뉘는 결과다.,advisory_until_context_owner_and_core_checks,primary_sources_at_profile_or_family_level_not_individual_keyword_certification,not_installed,not_tested
MK0509,27,그래픽 스타일을 표현하는 모션 용어,Glitch / 글리치,family_mapped,static_or_result_frame,mg_rgb_channel_split,S10;S34,윤곽의 RGB 사본이 분리되는 편집 결과와 특정 광학 경계에 남는 색 테두리를 서로 다른 조건으로 기록한다.,advisory_until_context_owner_and_core_checks,primary_sources_at_profile_or_family_level_not_individual_keyword_certification,not_installed,not_tested
MK0510,27,그래픽 스타일을 표현하는 모션 용어,Datamosh / 데이터모시,family_mapped,static_or_result_frame,mg_datamosh_result,S34;S40,영상 조각의 잔류·블록화·늘어짐이라는 순간 결과와 실제 예측 코딩의 조작을 분리한다.,advisory_until_context_owner_and_core_checks,primary_sources_at_profile_or_family_level_not_individual_keyword_certification,not_installed,not_tested
MK0511,27,그래픽 스타일을 표현하는 모션 용어,Chromatic Aberration / 색수차,family_mapped,static_or_result_frame,mg_rgb_channel_split,S10;S34,윤곽의 RGB 사본이 분리되는 편집 결과와 특정 광학 경계에 남는 색 테두리를 서로 다른 조건으로 기록한다.,advisory_until_context_owner_and_core_checks,primary_sources_at_profile_or_family_level_not_individual_keyword_certification,not_installed,not_tested
MK0512,27,그래픽 스타일을 표현하는 모션 용어,RGB Split / RGB 스플릿,family_mapped,static_or_result_frame,mg_rgb_channel_split,S10;S34,윤곽의 RGB 사본이 분리되는 편집 결과와 특정 광학 경계에 남는 색 테두리를 서로 다른 조건으로 기록한다.,advisory_until_context_owner_and_core_checks,primary_sources_at_profile_or_family_level_not_individual_keyword_certification,not_installed,not_tested
MK0513,27,그래픽 스타일을 표현하는 모션 용어,Scanline / 스캔라인,family_mapped,static_or_result_frame,mg_scanline,S29;S46,영상면에 일정 방향과 간격으로 반복되는 얇은 밝기·색 선을 기록한다.,advisory_until_context_owner_and_core_checks,primary_sources_at_profile_or_family_level_not_individual_keyword_certification,not_installed,not_tested
MK0514,27,그래픽 스타일을 표현하는 모션 용어,Halftone / 하프톤,family_mapped,static_or_result_frame,mg_halftone,S35;S46,점의 규칙적인 배열과 점 크기·밀도에 따른 톤 관계를 유지한다.,advisory_until_context_owner_and_core_checks,primary_sources_at_profile_or_family_level_not_individual_keyword_certification,not_installed,not_tested
MK0515,27,그래픽 스타일을 표현하는 모션 용어,Grain / 그레인,family_mapped,static_or_result_frame,mg_grain_noise,S12;S29,"영상면의 불규칙 입자, luma/chroma noise, 절차적 함수, 샘플 오차를 별도 분류한다.",advisory_until_context_owner_and_core_checks,primary_sources_at_profile_or_family_level_not_individual_keyword_certification,not_installed,not_tested
MK0516,27,그래픽 스타일을 표현하는 모션 용어,Film Burn / 필름 번,family_mapped,static_or_result_frame,mg_halation_light_leak,S10;S26,밝은 경계의 국부 적황색 halo와 화면 가장자리의 불규칙 밝은 wash를 분리한다.,advisory_until_context_owner_and_core_checks,primary_sources_at_profile_or_family_level_not_individual_keyword_certification,not_installed,not_tested
MK0517,27,그래픽 스타일을 표현하는 모션 용어,Light Leak / 라이트 리크,family_mapped,static_or_result_frame,mg_halation_light_leak,S10;S26,밝은 경계의 국부 적황색 halo와 화면 가장자리의 불규칙 밝은 wash를 분리한다.,advisory_until_context_owner_and_core_checks,primary_sources_at_profile_or_family_level_not_individual_keyword_certification,not_installed,not_tested
MK0518,27,그래픽 스타일을 표현하는 모션 용어,Bloom / 블룸,family_mapped,static_or_result_frame,mg_emission_bloom,S23;S26,밝은 표면과 그 주변으로 번지는 빛을 서로 다른 구성요소로 유지한다. emission 자체가 bloom을 보장하지 않는다.,advisory_until_context_owner_and_core_checks,primary_sources_at_profile_or_family_level_not_individual_keyword_certification,not_installed,not_tested
MK0519,27,그래픽 스타일을 표현하는 모션 용어,Glow / 글로우,family_mapped,static_or_result_frame,mg_emission_bloom,S23;S26,밝은 표면과 그 주변으로 번지는 빛을 서로 다른 구성요소로 유지한다. emission 자체가 bloom을 보장하지 않는다.,advisory_until_context_owner_and_core_checks,primary_sources_at_profile_or_family_level_not_individual_keyword_certification,not_installed,not_tested
