id,category,keyword_en,keyword_ko,usage_status,source_ids,candidate_lexical_status,candidate_refs,profile_lexical_status,profile_refs,meaning_support
K001,01 상의,white collared shirt,흰 칼라 셔츠,설명문 요소,S09,token_overlap_only,photo_prompt_character_appearance_extension.json:garment_detail:appearance_h002|photo_prompt_subculture_appearance_extension.json:garment_detail:spf_sf097_02|photo_prompt_winter_fashion_extension.json:wardrobe_style:winter_wf72_v2_candidate,token_overlap_only,photo_prompt_visual_obligations_appearance_relations.json:appearance_rel_h002|photo_prompt_visual_obligations_subculture_appearance.json:spring_sf097_02|photo_prompt_visual_obligations_winter_fashion.json:winter_wf72_v2,not_inferred
K002,01 상의,pale-blue button-down shirt,연파랑 버튼 셔츠,설명문 요소,S33,token_overlap_only,photo_prompt_autumn_fashion_extension.json:wardrobe_style:autumn_afr001_v1_candidate|photo_prompt_clothing_structure_extension.json:garment_detail:clt_ct001_v1|photo_prompt_clothing_structure_extension.json:garment_detail:clt_ct053_v1,token_overlap_only,photo_prompt_visual_obligations.json:button_down_collar_fastening|photo_prompt_visual_obligations_autumn_fashion.json:autumn_afr001_v1|photo_prompt_visual_obligations_clothing_structure.json:clothing_ct001_v1,not_inferred
K003,01 상의,lightweight blouse,얇고 가벼운 블라우스,명시 요소,S30,no_lexical_hit,,token_overlap_only,photo_prompt_visual_obligations.json:kebaya_front_open_blouse_sarong_system,not_inferred
K004,01 상의,high-neck chiffon blouse,하이넥 시폰 블라우스,명시 요소,S01,no_lexical_hit,,no_lexical_hit,,not_inferred
K005,01 상의,Victorian-inspired blouse,빅토리안풍 블라우스,설명문 요소,S05,token_overlap_only,photo_prompt_subculture_appearance_extension.json:garment_detail:spf_sf101_04,no_lexical_hit,,not_inferred
K006,01 상의,bow-neck blouse,리본 타이 블라우스,설명문 요소,S39,token_overlap_only,photo_prompt_autumn_fashion_extension.json:garment_detail:autumn_afr033_v1_candidate|photo_prompt_clothing_structure_extension.json:garment_detail:clt_ct043_v2|photo_prompt_subculture_appearance_extension.json:garment_detail:spf_sf094_01,token_overlap_only,photo_prompt_visual_obligations_autumn_fashion.json:autumn_afr033_v1|photo_prompt_visual_obligations_clothing_structure.json:clothing_ct043_v2|photo_prompt_visual_obligations_subculture_appearance.json:spring_sf094_01,not_inferred
K007,01 상의,ruffled pirate shirt,러플 해적 셔츠,명시 요소,S28,no_lexical_hit,,no_lexical_hit,,not_inferred
K008,01 상의,ribbed cropped tank top,골지 크롭 탱크톱,설명문 요소,S08,token_overlap_only,photo_prompt_y2k_extension.json:wardrobe_style:y2kr_rib_tank|photo_prompt_swimwear_extension.json:wardrobe_style:sw_candidate_sporttop|photo_prompt_tags.json:wardrobe_style:cropped_tank_denim_casual,token_overlap_only,photo_prompt_visual_obligations_y2k.json:y2kr_rib_tank|photo_prompt_visual_obligations_swimwear.json:sw_sporttop|photo_prompt_visual_obligations_y2k.json:y2kr_crop_tank,not_inferred
K009,01 상의,fitted cropped baby tee,피티드 크롭 베이비 티,명시 요소,S17,token_overlap_only,photo_prompt_clothing_structure_extension.json:garment_detail:spf_sf062_3|photo_prompt_summer_clothing_structure_extension.json:wardrobe_style:suf_sf001_v1_candidate|photo_prompt_y2k_extension.json:wardrobe_style:y2kr_baby_tee,token_overlap_only,photo_prompt_visual_obligations_summer_clothing_structure.json:suf_sf001_v1|photo_prompt_visual_obligations_y2k.json:y2kr_baby_tee|photo_prompt_visual_obligations_y2k.json:y2kr_graphic_baby,not_inferred
K010,01 상의,bandeau crop top,반도 크롭톱,명시 요소,S26,token_overlap_only,photo_prompt_clothing_structure_extension.json:garment_detail:spf_sf025_01|photo_prompt_summer_swimwear_extension.json:garment_detail:suf_sf079_v1_candidate|photo_prompt_swimwear_extension.json:garment_detail:sw_candidate_bandeau,token_overlap_only,photo_prompt_visual_obligations_summer_swimwear.json:suf_sf079_v1|photo_prompt_visual_obligations_swimwear.json:sw_bandeau|photo_prompt_visual_obligations_y2k.json:y2kr_bandeau,not_inferred
K011,01 상의,bustier-style bodice,뷔스티에형 상체,명시 요소,S37,token_overlap_only,photo_prompt_clothing_structure_extension.json:garment_detail:spf_sf069_01|photo_prompt_clothing_structure_extension.json:garment_detail:spf_sf022_02|photo_prompt_subculture_appearance_extension.json:garment_detail:spf_sf096_02,token_overlap_only,photo_prompt_visual_obligations_clothing_structure.json:spring_sf022_02|photo_prompt_visual_obligations_winter_fashion.json:winter_wf45_v2,not_inferred
K012,01 상의,corset-style bodice,코르셋형 보디스,명시 요소,S03,positive_phrase_hit,photo_prompt_winter_fashion_extension.json:garment_detail:winter_wf45_v2_candidate|photo_prompt_clothing_structure_extension.json:garment_detail:spf_sf022_02|photo_prompt_winter_fashion_extension.json:garment_detail:winter_wf69_v1_candidate,positive_phrase_hit,photo_prompt_visual_obligations_winter_fashion.json:winter_wf45_v2|photo_prompt_visual_obligations_clothing_structure.json:spring_sf022_02|photo_prompt_visual_obligations_winter_fashion.json:winter_wf69_v1,not_inferred
K013,01 상의,structured fitted bodice,구조적인 피티드 보디스,명시 요소,S04|S16,token_overlap_only,photo_prompt_y2k_extension.json:garment_detail:y2kr_bandage|photo_prompt_y2k_extension.json:wardrobe_style:y2kr_corset_top|photo_prompt_autumn_fashion_extension.json:garment_detail:autumn_afr043_v1_candidate,token_overlap_only,photo_prompt_visual_obligations_clothing_structure.json:clothing_ct023_v2|photo_prompt_visual_obligations.json:qipao_standing_collar_diagonal_closure_system|photo_prompt_visual_obligations_y2k.json:y2kr_bandage,not_inferred
K014,01 상의,fine-ribbed long-sleeve knit,가는 골지 긴소매 니트,명시 요소,S34,token_overlap_only,photo_prompt_y2k_extension.json:wardrobe_style:y2kr_rib_tank,token_overlap_only,photo_prompt_visual_obligations_y2k.json:y2kr_rib_tank|photo_prompt_visual_obligations_autumn_fashion.json:autumn_afr081_v1|photo_prompt_visual_obligations_opening_era.json:opening_durumagi_seasonal_layer,not_inferred
K015,01 상의,beige knit top,베이지 니트,명시 요소,S29,token_overlap_only,photo_prompt_autumn_fashion_extension.json:garment_detail:autumn_afr028_v1_candidate|photo_prompt_autumn_fashion_extension.json:garment_detail:autumn_afr030_v1_candidate|photo_prompt_autumn_fashion_extension.json:wardrobe_style:autumn_afr104_v2_candidate,token_overlap_only,photo_prompt_visual_obligations.json:cold_shoulder_cutout_topology|photo_prompt_visual_obligations_appearance_relations.json:appearance_rel_h005|photo_prompt_visual_obligations_autumn_fashion.json:autumn_afr028_v1,not_inferred
K016,01 상의,Fair-Isle-style sweater,페어아일풍 니트,설명문 요소,S31,no_lexical_hit,,no_lexical_hit,,not_inferred
K017,01 상의,buttoned burgundy cardigan,단추 여밈 버건디 카디건,설명문 요소,S09,token_overlap_only,photo_prompt_autumn_fashion_extension.json:garment_detail:autumn_afr027_v1_candidate|photo_prompt_y2k_extension.json:wardrobe_style:y2kr_crop_cardigan,token_overlap_only,photo_prompt_visual_obligations_autumn_fashion.json:autumn_afr027_v1|photo_prompt_visual_obligations_y2k.json:y2kr_crop_cardigan,not_inferred
K018,01 상의,cable-knit sweater vest,케이블 니트 베스트,설명문 요소,S33,token_overlap_only,photo_prompt_clothing_structure_extension.json:wardrobe_style:clt_ct008_v1|photo_prompt_autumn_fashion_extension.json:wardrobe_style:autumn_afr001_v1_candidate,token_overlap_only,photo_prompt_visual_obligations_clothing_structure.json:clothing_ct008_v1|photo_prompt_visual_obligations_autumn_fashion.json:autumn_afr001_v1,not_inferred
K019,01 상의,leather vest,가죽 베스트,명시 요소,S28,no_lexical_hit,,no_lexical_hit,,not_inferred
K020,01 상의,halter qipao top,홀터 치파오 톱,명시 요소,S44,token_overlap_only,photo_prompt_clothing_structure_extension.json:garment_detail:clt_ct038_v1|photo_prompt_clothing_structure_extension.json:garment_detail:spf_sf011_1|photo_prompt_summer_clothing_structure_extension.json:garment_detail:suf_sf005_v1_candidate,token_overlap_only,photo_prompt_visual_obligations_clothing_structure.json:clothing_ct038_v1|photo_prompt_visual_obligations_summer_clothing_structure.json:suf_sf005_v1|photo_prompt_visual_obligations_summer_clothing_structure.json:suf_sf005_v2,not_inferred
K021,01 상의,ribbed halter top,골지 홀터 톱,설명문 요소,S43,token_overlap_only,photo_prompt_clothing_structure_extension.json:garment_detail:clt_ct038_v1|photo_prompt_clothing_structure_extension.json:garment_detail:spf_sf011_1|photo_prompt_summer_clothing_structure_extension.json:garment_detail:suf_sf005_v1_candidate,token_overlap_only,photo_prompt_visual_obligations_clothing_structure.json:clothing_ct038_v1|photo_prompt_visual_obligations_summer_clothing_structure.json:suf_sf005_v1|photo_prompt_visual_obligations_summer_clothing_structure.json:suf_sf005_v2,not_inferred
K022,01 상의,sleeveless volleyball jersey,민소매 배구 저지,설명문 요소,S10,no_lexical_hit,,no_lexical_hit,,not_inferred
K023,02 겉옷과 레이어,open white button-up shirt,오픈 화이트 셔츠,설명문 요소,S08,token_overlap_only,photo_prompt_subculture_appearance_extension.json:garment_detail:spf_sf097_02,token_overlap_only,photo_prompt_visual_obligations.json:button_down_collar_fastening|photo_prompt_visual_obligations_subculture_appearance.json:spring_sf097_02,not_inferred
K024,02 겉옷과 레이어,short-sleeve pool cover-up,반소매 수영장 커버업,설명문 요소,S06,token_overlap_only,photo_prompt_swimwear_extension.json:wardrobe_style:sw_candidate_coverup|photo_prompt_y2k_extension.json:wardrobe_style:y2kr_shrug,token_overlap_only,photo_prompt_visual_obligations_swimwear.json:sw_coverup|photo_prompt_visual_obligations_y2k.json:y2kr_shrug,not_inferred
K025,02 겉옷과 레이어,cropped waistcoat-jacket,크롭 웨이스트코트 재킷,명시 요소,S01,token_overlap_only,photo_prompt_clothing_structure_extension.json:wardrobe_style:clt_ct021_v2|photo_prompt_clothing_structure_extension.json:garment_detail:unif_jacket_attached_false_vest|photo_prompt_clothing_structure_extension.json:garment_detail:spf_sf072_2,token_overlap_only,photo_prompt_visual_obligations_clothing_structure.json:clothing_ct021_v2|photo_prompt_visual_obligations_clothing_structure.json:uniform_jacket_attached_false_vest|photo_prompt_visual_obligations_fashion_fit.json:fit_ff04_v1,not_inferred
K026,02 겉옷과 레이어,ivory cropped academy jacket,아이보리 크롭 아카데미 재킷,설명문 요소,S33,no_lexical_hit,,no_lexical_hit,,not_inferred
K027,02 겉옷과 레이어,long padded vest,롱 패딩 조끼,명시 요소,S29,no_lexical_hit,,token_overlap_only,photo_prompt_visual_obligations_appearance_relations.json:appearance_rel_h014|photo_prompt_visual_obligations_costume_cosplay.json:costume_ccx_cc12_01,not_inferred
K028,02 겉옷과 레이어,roomy wool-like coat,여유 있는 울풍 코트,설명문 요소,S31,no_lexical_hit,,no_lexical_hit,,not_inferred
K029,02 겉옷과 레이어,cotton-gauze cardigan robe,면 거즈 카디건 로브,명시 요소,S37,token_overlap_only,photo_prompt_tags.json:garment_detail:matte_white_bandage_weave|photo_prompt_tags.json:garment_detail:opaque_cotton_gauze_wrap_layers,no_lexical_hit,,not_inferred
K030,02 겉옷과 레이어,short satin cape,짧은 새틴 케이프,명시 요소,S27,no_lexical_hit,,token_overlap_only,photo_prompt_visual_obligations.json:restrained_polished_natural_makeup_balance,not_inferred
K031,02 겉옷과 레이어,haori-inspired outer layer,하오리풍 겉옷,명시 요소,S24,token_overlap_only,photo_prompt_winter_fashion_extension.json:wardrobe_style:winter_wf73_v1_candidate,token_overlap_only,photo_prompt_visual_obligations.json:underwear_as_outerwear_layer_system|photo_prompt_visual_obligations_winter_fashion.json:winter_wf73_v1,not_inferred
K032,02 겉옷과 레이어,detachable asymmetric overskirt,분리형 비대칭 오버스커트,명시 요소,S44,no_lexical_hit,,no_lexical_hit,,not_inferred
K033,02 겉옷과 레이어,dark waist ribbon sash,어두운 허리 리본 새시,명시 요소,S04,token_overlap_only,photo_prompt_costume_cosplay_extension.json:garment_detail:ccx_cc24_01|photo_prompt_historical_womenswear_extension.json:garment_detail:hw_chemise_gown_sash_2|photo_prompt_tags.json:prop:jade_pendant_prop,token_overlap_only,photo_prompt_visual_obligations.json:wrap_skirt_overlap_closure|photo_prompt_visual_obligations_accessory_structure.json:clothing_ct105_v1|photo_prompt_visual_obligations_costume_cosplay.json:costume_ccx_cc24_01,not_inferred
K034,02 겉옷과 레이어,natural inner slip,속슬립,명시 요소,S18,token_overlap_only,photo_prompt_clothing_structure_extension.json:garment_detail:spf_sf061_01,token_overlap_only,photo_prompt_visual_obligations.json:active_skort_outer_skirt_inner_shorts|photo_prompt_visual_obligations.json:culotte_cropped_wide_leg_topology|photo_prompt_visual_obligations.json:restrained_polished_natural_makeup_balance,not_inferred
K035,02 겉옷과 레이어,black blazer set aside,벗어 놓은 검정 블레이저,장면 내 비착용 의상,S30,no_lexical_hit,,no_lexical_hit,,not_inferred
K036,03 드레스와 완성형 의상,gothic Lolita dress,고딕 로리타 드레스,명시 요소,S02|S03,token_overlap_only,photo_prompt_tags.json:costume_style:gothic_lolita_dress|photo_prompt_tags.json:costume_style:wa_lolita_kimono_dress|photo_prompt_tags.json:costume_style:gothic_doll_lace_dress,no_lexical_hit,,not_inferred
K037,03 드레스와 완성형 의상,Victorian scholar dress,빅토리안 학자 드레스,명시 요소,S04,token_overlap_only,photo_prompt_tags.json:costume_style:victorian_gothic_dress,no_lexical_hit,,not_inferred
K038,03 드레스와 완성형 의상,long sculptural couture gown,조형적인 롱 쿠튀르 가운,명시 요소,S12,no_lexical_hit,,token_overlap_only,photo_prompt_visual_obligations.json:couture_atelier_individual_construction,not_inferred
K039,03 드레스와 완성형 의상,sculpted A-line couture dress,조형적 A라인 쿠튀르 드레스,명시 요소,S16,token_overlap_only,photo_prompt_tags.json:costume_style:deconstructed_mummy_wrap_dress,token_overlap_only,photo_prompt_visual_obligations.json:couture_atelier_individual_construction,not_inferred
K040,03 드레스와 완성형 의상,black velvet fitted dress,검정 벨벳 피티드 드레스,명시 요소,S27,token_overlap_only,photo_prompt_autumn_fashion_extension.json:wardrobe_style:autumn_afr009_v1_candidate,token_overlap_only,photo_prompt_visual_obligations_autumn_fashion.json:autumn_afr009_v1,not_inferred
K041,03 드레스와 완성형 의상,cotton bustier tiered dress,면 뷔스티에 티어드 드레스,명시 요소,S37,no_lexical_hit,,no_lexical_hit,,not_inferred
K042,03 드레스와 완성형 의상,white chiffon-organza dress,흰 시폰·오간자 드레스,명시 요소,S18,no_lexical_hit,,token_overlap_only,photo_prompt_visual_obligations.json:sheer_garment_optical_layering,not_inferred
K043,03 드레스와 완성형 의상,full-length princess couture gown,풀렝스 프린세스 쿠튀르,명시 요소,S41,no_lexical_hit,,no_lexical_hit,,not_inferred
K044,03 드레스와 완성형 의상,hanfu-inspired fantasy gown,한푸 영감 판타지 가운,명시 요소,S13,no_lexical_hit,,no_lexical_hit,,not_inferred
K045,03 드레스와 완성형 의상,modern hanbok evening gown,모던 한복 이브닝 가운,명시 요소,S22,no_lexical_hit,,no_lexical_hit,,not_inferred
K046,03 드레스와 완성형 의상,kimono-inspired wrap dress,기모노풍 랩 드레스,명시 요소,S24,token_overlap_only,photo_prompt_tags.json:costume_style:wa_lolita_kimono_dress|photo_prompt_tags.json:costume_style:deconstructed_mummy_wrap_dress|photo_prompt_traditional_clothing_detail_extension.json:costume_style:clt_ct139_v1,no_lexical_hit,,not_inferred
K047,03 드레스와 완성형 의상,apron-style mini dress,에이프런형 미니 드레스,설명문 요소,S32,token_overlap_only,photo_prompt_clothing_structure_extension.json:garment_detail:spf_sf071_1|photo_prompt_tags.json:costume_style:akihabara_maid_cafe_uniform,token_overlap_only,photo_prompt_visual_obligations_clothing_structure.json:spring_sf071_1,not_inferred
K048,03 드레스와 완성형 의상,satin slip dress,새틴 슬립 드레스,설명문 요소,S42,positive_phrase_hit,photo_prompt_tags.json:wardrobe_style:dropwaist_satin_slip_dress|photo_prompt_clothing_structure_extension.json:garment_detail:spf_sf066_01|photo_prompt_clothing_structure_extension.json:garment_detail:spf_sf114_2,token_overlap_only,photo_prompt_visual_obligations_autumn_fashion.json:autumn_afr072_v1|photo_prompt_visual_obligations_clothing_structure.json:spring_sf114_2|photo_prompt_visual_obligations_subculture_appearance.json:spring_sf101_01,not_inferred
K049,03 드레스와 완성형 의상,lace-trim slip or camisole,레이스 슬립·캐미솔형 의상,설명문 내 구분 불확실,S40,token_overlap_only,photo_prompt_portrait_fashion_exposure_extension.json:garment_detail:pfe_opaque_lace_trim_candidate|photo_prompt_subculture_appearance_extension.json:garment_detail:spf_sf101_01|photo_prompt_tags.json:wardrobe_style:lace_trim_camisole_wide_denim_ensemble,token_overlap_only,photo_prompt_visual_obligations_subculture_appearance.json:spring_sf101_01|photo_prompt_visual_obligations_y2k.json:y2kr_lace_cami|photo_prompt_visual_obligations.json:underwear_as_outerwear_layer_system,not_inferred
K050,03 드레스와 완성형 의상,halter mini dress,홀터 미니 드레스,명시되나 구조 모호,S20,token_overlap_only,photo_prompt_tags.json:wardrobe_style:broderie_anglaise_mini_dress,no_lexical_hit,,not_inferred
K051,03 드레스와 완성형 의상,bunny bodysuit,토끼 코스튬 보디슈트,설명문 요소,S35,no_lexical_hit,,no_lexical_hit,,not_inferred
K052,03 드레스와 완성형 의상,spider-themed bodysuit or mini dress,거미 모티브 보디슈트·미니 드레스,설명문 내 구분 불확실,S36,no_lexical_hit,,no_lexical_hit,,not_inferred
K053,03 드레스와 완성형 의상,dark-elf armor couture,다크 엘프 아머 쿠튀르,명시 요소,S14,no_lexical_hit,,no_lexical_hit,,not_inferred
K054,03 드레스와 완성형 의상,naval white dress uniform,해군 화이트 정복,명시 요소,S11,token_overlap_only,photo_prompt_tags.json:costume_style:naval_sailor_uniform_costume,no_lexical_hit,,not_inferred
K055,03 드레스와 완성형 의상,gunslinger wardrobe,총잡이 의상,선택·가변 범위,S19,no_lexical_hit,,no_lexical_hit,,not_inferred
K056,04 스커트와 팬츠,pleated mini skirt,플리츠 미니스커트,명시 요소,S09|S38,token_overlap_only,photo_prompt_fashion_fit_extension.json:garment_detail:spf_sf044_01|photo_prompt_y2k_extension.json:garment_detail:y2kr_pleated_mini|photo_prompt_subculture_appearance_extension.json:garment_detail:spf_sf097_03,token_overlap_only,photo_prompt_visual_obligations_y2k.json:y2kr_pleated_mini|photo_prompt_visual_obligations_subculture_appearance.json:spring_sf097_03|photo_prompt_visual_obligations_subculture_appearance.json:spring_sf101_3,not_inferred
K057,04 스커트와 팬츠,layered ruffle micro-mini skirt,레이어드 러플 마이크로미니,명시 요소,S26,token_overlap_only,photo_prompt_y2k_extension.json:garment_detail:y2kr_ruffle_mini|photo_prompt_fashion_fit_extension.json:garment_detail:spf_sf040_4|photo_prompt_y2k_extension.json:garment_detail:y2kr_micro_mini,token_overlap_only,photo_prompt_visual_obligations_y2k.json:y2kr_ruffle_mini|photo_prompt_visual_obligations_portrait_fashion_exposure.json:pfe_mini_outer_leg|photo_prompt_visual_obligations_y2k.json:y2kr_micro_mini,not_inferred
K058,04 스커트와 팬츠,structured micro-mini skirt,구조적인 마이크로미니,명시 요소,S34,token_overlap_only,photo_prompt_fashion_fit_extension.json:garment_detail:spf_sf040_4|photo_prompt_y2k_extension.json:garment_detail:y2kr_micro_mini,token_overlap_only,photo_prompt_visual_obligations_portrait_fashion_exposure.json:pfe_mini_outer_leg|photo_prompt_visual_obligations_y2k.json:y2kr_micro_mini,not_inferred
K059,04 스커트와 팬츠,high-waisted pencil skirt,하이웨이스트 펜슬스커트,명시 요소,S30,token_overlap_only,photo_prompt_tags.json:silhouette_proportion:high_rise_waist_navel_relation,token_overlap_only,photo_prompt_visual_obligations.json:double_bass_human_scale_floor_supported,not_inferred
K060,04 스커트와 팬츠,asymmetric high-low skirt,비대칭 하이로 스커트,명시 요소,S01,token_overlap_only,photo_prompt_fashion_fit_extension.json:garment_detail:spf_sf043_01|photo_prompt_summer_clothing_structure_extension.json:garment_detail:suf_sf066_v1_candidate|photo_prompt_tags.json:garment_detail:deel_asymmetric_overlap_and_sash,token_overlap_only,photo_prompt_visual_obligations_summer_clothing_structure.json:suf_sf066_v1|photo_prompt_visual_obligations.json:composite_overwhelmed_expression|photo_prompt_visual_obligations.json:asymmetric_counterbalance_relation,not_inferred
K061,04 스커트와 팬츠,satin inner skirt,새틴 이너 스커트,명시 요소,S01,token_overlap_only,photo_prompt_tags.json:wardrobe_style:business_blouse_pencil_skirt|photo_prompt_tags.json:wardrobe_style:lace_trim_tee_satin_skirt|photo_prompt_autumn_fashion_extension.json:garment_detail:autumn_afr057_v1_candidate,token_overlap_only,photo_prompt_visual_obligations.json:gradient_lip_center_distribution|photo_prompt_visual_obligations.json:restrained_polished_natural_makeup_balance|photo_prompt_visual_obligations_winter_fashion.json:winter_wf13_v1,not_inferred
K062,04 스커트와 팬츠,knee-length tiered skirt,무릎 길이 티어드 스커트,명시 요소,S03,token_overlap_only,photo_prompt_fashion_fit_extension.json:wardrobe_style:fit_ff28_v1_candidate|photo_prompt_subculture_extension.json:wardrobe_style:complete_lolita_fashion_coordinate|photo_prompt_clothing_structure_extension.json:garment_detail:spf_sf070_01,token_overlap_only,photo_prompt_visual_obligations_fashion_fit.json:fit_ff28_v1|photo_prompt_visual_obligations_opening_era.json:opening_frock_coat_long_skirt|photo_prompt_visual_obligations_summer_clothing_structure.json:suf_sf060_v1,not_inferred
K063,04 스커트와 팬츠,mid-calf to ankle-length skirt,종아리·발목 길이 치마,명시 요소,S04,token_overlap_only,photo_prompt_tags.json:silhouette_proportion:casual_capri_below_knee_clear_ankle_gap|photo_prompt_tags.json:silhouette_proportion:capri_legging_mid_calf_landmark|photo_prompt_tags.json:wardrobe_style:fitted_tank_capri_low_profile_flat_ensemble,token_overlap_only,photo_prompt_visual_obligations.json:capri_trouser_below_knee_clear_ankle_gap|photo_prompt_visual_obligations.json:balloon_curved_leg_tapered_hem|photo_prompt_visual_obligations.json:qipao_standing_collar_diagonal_closure_system,not_inferred
K064,04 스커트와 팬츠,flowing high-waisted long skirt,흐르는 하이웨이스트 롱스커트,설명문 요소,S05,no_lexical_hit,,token_overlap_only,photo_prompt_visual_obligations.json:double_bass_human_scale_floor_supported,not_inferred
K065,04 스커트와 팬츠,asymmetric pirate long skirt,비대칭 해적 롱스커트,명시 요소,S28,no_lexical_hit,,no_lexical_hit,,not_inferred
K066,04 스커트와 팬츠,raw-denim maxi chima,생지 데님 맥시 치마,명시 요소,S21,no_lexical_hit,,no_lexical_hit,,not_inferred
K067,04 스커트와 팬츠,indie-pink mini chima,인디핑크 미니 치마,명시 요소,S23,no_lexical_hit,,no_lexical_hit,,not_inferred
K068,04 스커트와 팬츠,continuous flared mini skirt,연속된 플레어 미니스커트,명시 요소,S24,token_overlap_only,photo_prompt_y2k_extension.json:wardrobe_style:y2kr_cargo_mini|photo_prompt_y2k_extension.json:garment_detail:y2kr_micro_mini|photo_prompt_autumn_fashion_extension.json:garment_detail:autumn_afr045_v1_candidate,token_overlap_only,photo_prompt_visual_obligations_y2k.json:y2kr_cargo_mini|photo_prompt_visual_obligations_y2k.json:y2kr_micro_mini|photo_prompt_visual_obligations_autumn_fashion.json:autumn_afr045_v1,not_inferred
K069,04 스커트와 팬츠,circular-panel overskirt,원형 패널 오버스커트,명시 요소,S44,no_lexical_hit,,no_lexical_hit,,not_inferred
K070,04 스커트와 팬츠,pink plaid short skirt,핑크 체크 짧은 치마,설명문 요소,S39,no_lexical_hit,,no_lexical_hit,,not_inferred
K071,04 스커트와 팬츠,cherry-embroidered flared skirt,체리 자수 플레어 스커트,설명문 요소,S43,no_lexical_hit,,no_lexical_hit,,not_inferred
K072,04 스커트와 팬츠,pinstripe wrap-panel mini skirt,핀스트라이프 랩패널 미니,설명문 요소,S33,no_lexical_hit,,no_lexical_hit,,not_inferred
K073,04 스커트와 팬츠,low-rise loose jeans,로라이즈 루즈 진,설명문 요소,S08,token_overlap_only,photo_prompt_autumn_fashion_extension.json:wardrobe_style:autumn_afr011_v1_candidate|photo_prompt_y2k_extension.json:garment_detail:y2kr_low_rise|photo_prompt_y2k_extension.json:garment_detail:y2kr_baggy,token_overlap_only,photo_prompt_visual_obligations_autumn_fashion.json:autumn_afr011_v1|photo_prompt_visual_obligations_y2k.json:y2kr_low_rise|photo_prompt_visual_obligations_y2k.json:y2kr_baggy,not_inferred
K074,04 스커트와 팬츠,light-wash jeans,연한 워시 진,명시 요소,S17,token_overlap_only,photo_prompt_tags.json:wardrobe_style:darkwash_skinny_oversized_shirt,token_overlap_only,photo_prompt_visual_obligations.json:restrained_polished_natural_makeup_balance|photo_prompt_visual_obligations.json:soft_light_shadow_edge_relation|photo_prompt_visual_obligations.json:soft_window_private_room_adult_portrait,not_inferred
K075,04 스커트와 팬츠,wide-leg denim jeans,와이드 데님 팬츠,명시 요소,S29,token_overlap_only,photo_prompt_y2k_extension.json:wardrobe_style:y2kr_skinny_jeans|photo_prompt_y2k_extension.json:garment_detail:y2kr_baggy|photo_prompt_y2k_extension.json:garment_detail:y2kr_flare,token_overlap_only,photo_prompt_visual_obligations_y2k.json:y2kr_skinny_jeans|photo_prompt_visual_obligations_y2k.json:y2kr_baggy|photo_prompt_visual_obligations_y2k.json:y2kr_flare,not_inferred
K076,04 스커트와 팬츠,fitted volleyball shorts,피티드 배구 쇼츠,설명문 요소,S10,token_overlap_only,photo_prompt_tags.json:silhouette_proportion:biker_short_thigh_knee_landmark|photo_prompt_tags.json:wardrobe_style:exercise_dress_integrated_liner_ensemble|photo_prompt_tags.json:garment_detail:exercise_dress_outer_skirt_inner_shorts,token_overlap_only,photo_prompt_visual_obligations.json:active_skort_outer_skirt_inner_shorts|photo_prompt_visual_obligations.json:cycling_bib_shorts_strap_pad_continuity|photo_prompt_visual_obligations.json:exercise_dress_integrated_short_liner,not_inferred
K077,04 스커트와 팬츠,high-cut silk-wool shorts,하이컷 실크울 쇼츠,명시 요소,S44,no_lexical_hit,,token_overlap_only,photo_prompt_visual_obligations.json:qipao_standing_collar_diagonal_closure_system,not_inferred
K078,05 수영복과 이너,one-piece swimsuit,원피스 수영복,명시 요소,S07,positive_phrase_hit,photo_prompt_summer_swimwear_extension.json:wardrobe_style:suf_sf080_v2_candidate|photo_prompt_swimwear_extension.json:wardrobe_style:sw_candidate_onepiece|photo_prompt_clothing_structure_extension.json:wardrobe_style:clt_ct019_v1,positive_phrase_hit,photo_prompt_visual_obligations_summer_swimwear.json:suf_sf080_v2|photo_prompt_visual_obligations_swimwear.json:sw_onepiece|photo_prompt_visual_obligations.json:bifurcated_one_piece_jumpsuit,not_inferred
K079,05 수영복과 이너,thin-strap low-back swimsuit,얇은 끈 로백 수영복,설명문 요소,S06,token_overlap_only,photo_prompt_swimwear_extension.json:garment_detail:sw_candidate_crossback|photo_prompt_summer_swimwear_extension.json:garment_detail:suf_sf082_v1_candidate|photo_prompt_swimwear_extension.json:garment_detail:sw_candidate_scoopback,token_overlap_only,photo_prompt_visual_obligations_swimwear.json:sw_crossback|photo_prompt_visual_obligations_summer_swimwear.json:suf_sf082_v1|photo_prompt_visual_obligations_swimwear.json:sw_scoopback,not_inferred
K080,05 수영복과 이너,halter bikini or tankini top,홀터 비키니·탱키니 상의,설명문 내 구분 불확실,S06,token_overlap_only,photo_prompt_summer_swimwear_extension.json:garment_detail:suf_sf079_v1_candidate,token_overlap_only,photo_prompt_visual_obligations_summer_swimwear.json:suf_sf079_v1,not_inferred
K081,05 수영복과 이너,high-waisted swim briefs,하이웨이스트 수영 하의,설명문 요소,S06,no_lexical_hit,,no_lexical_hit,,not_inferred
K082,05 수영복과 이너,minimal halter swimwear,미니멀 홀터 수영복,선택·허용 요소,S07,no_lexical_hit,,no_lexical_hit,,not_inferred
K083,05 수영복과 이너,ribbed camisole underlayer,골지 캐미솔형 내층,설명문 요소,S32,no_lexical_hit,,no_lexical_hit,,not_inferred
K084,05 수영복과 이너,visible dark waistband strap,보이는 검정 허리밴드 끈,설명문 요소,S08,token_overlap_only,photo_prompt_autumn_fashion_extension.json:garment_detail:autumn_afr091_v1_candidate|photo_prompt_subculture_appearance_extension.json:garment_detail:spf_sf100_1|photo_prompt_tags.json:wardrobe_style:dark_spaghetti_strap_top,token_overlap_only,photo_prompt_visual_obligations_autumn_fashion.json:autumn_afr091_v1|photo_prompt_visual_obligations_subculture_appearance.json:spring_sf100_1,not_inferred
K085,06 목선·어깨·등 구조,high gathered collar,주름 잡힌 높은 깃,명시 요소,S01,token_overlap_only,photo_prompt_sensual_fetish_fashion_extension.json:garment_detail:sff_pro_e12|photo_prompt_tags.json:garment_detail:deel_asymmetric_overlap_and_sash|photo_prompt_winter_fashion_extension.json:wardrobe_style:winter_wf39_v1_candidate,token_overlap_only,photo_prompt_visual_obligations_character_hair.json:chrh_rel_hair_topology_pineapple_updo|photo_prompt_visual_obligations.json:qipao_standing_collar_diagonal_closure_system|photo_prompt_visual_obligations_winter_fashion.json:winter_wf39_v1,not_inferred
K086,06 목선·어깨·등 구조,Victorian standing collar,빅토리안 스탠딩 칼라,명시 요소,S03|S04,token_overlap_only,photo_prompt_autumn_fashion_extension.json:garment_detail:autumn_afr034_v1_candidate|photo_prompt_ethereal_gothic_scene_extension.json:garment_detail:egr_high_collar_lace_structure|photo_prompt_tags.json:garment_detail:qipao_standing_collar_diagonal_frog_line,token_overlap_only,photo_prompt_visual_obligations.json:qipao_standing_collar_diagonal_closure_system|photo_prompt_visual_obligations_autumn_fashion.json:autumn_afr034_v1|photo_prompt_visual_obligations_costume_cosplay.json:costume_ccx_cc04_01,not_inferred
K087,06 목선·어깨·등 구조,Mandarin collar,만다린 칼라,명시 요소,S44,no_lexical_hit,,no_lexical_hit,,not_inferred
K088,06 목선·어깨·등 구조,crossed jeogori neckline,저고리 사선 교차 목선,명시 요소,S21|S23,no_lexical_hit,,token_overlap_only,photo_prompt_visual_obligations_opening_era.json:opening_hanbok_handheld_parasol,not_inferred
K089,06 목선·어깨·등 구조,wrap-front V neckline,랩 프런트 V넥,명시 요소,S24,token_overlap_only,photo_prompt_tags.json:wardrobe_style:wrap_front_blouse_straight_trousers|photo_prompt_tags.json:garment_detail:wrap_front_diagonal_overlap_tie|photo_prompt_autumn_fashion_extension.json:garment_detail:autumn_afr036_v1_candidate,token_overlap_only,photo_prompt_visual_obligations.json:wrap_front_overlap_closure|photo_prompt_visual_obligations_autumn_fashion.json:autumn_afr036_v1|photo_prompt_visual_obligations_clothing_structure.json:spring_sf005_01,not_inferred
K090,06 목선·어깨·등 구조,square neckline,스퀘어 넥라인,명시 요소,S27,positive_phrase_hit,photo_prompt_autumn_fashion_extension.json:garment_detail:autumn_afr035_v1_candidate|photo_prompt_clothing_structure_extension.json:garment_detail:clt_ct035_v1|photo_prompt_summer_clothing_structure_extension.json:garment_detail:suf_sf021_v1_candidate,positive_phrase_hit,photo_prompt_visual_obligations_autumn_fashion.json:autumn_afr035_v1|photo_prompt_visual_obligations_clothing_structure.json:clothing_ct035_v1|photo_prompt_visual_obligations_summer_clothing_structure.json:suf_sf021_v1,not_inferred
K091,06 목선·어깨·등 구조,scoop neckline,스쿠프 네크라인,명시 요소,S34,positive_phrase_hit,photo_prompt_summer_clothing_structure_extension.json:garment_detail:suf_sf019_v1_candidate|photo_prompt_clothing_structure_extension.json:garment_detail:spf_sf003_01|photo_prompt_swimwear_extension.json:garment_detail:sw_candidate_scoop,positive_phrase_hit,photo_prompt_visual_obligations_summer_clothing_structure.json:suf_sf019_v1|photo_prompt_visual_obligations_swimwear.json:sw_scoop,not_inferred
K092,06 목선·어깨·등 구조,crew neckline,크루 네크라인,명시 요소,S17,positive_phrase_hit,photo_prompt_summer_clothing_structure_extension.json:garment_detail:suf_sf018_v1_candidate|photo_prompt_clothing_structure_extension.json:garment_detail:spf_sf001_01,positive_phrase_hit,photo_prompt_visual_obligations_summer_clothing_structure.json:suf_sf018_v1,not_inferred
K093,06 목선·어깨·등 구조,asymmetric bateau neckline,비대칭 바토 네크라인,명시 요소,S16,token_overlap_only,photo_prompt_clothing_structure_extension.json:garment_detail:spf_sf002_02|photo_prompt_portrait_fashion_exposure_extension.json:garment_detail:pfe_one_shoulder_candidate,token_overlap_only,photo_prompt_visual_obligations_portrait_fashion_exposure.json:pfe_one_shoulder,not_inferred
K094,06 목선·어깨·등 구조,cowl neckline,카울 네크라인,설명문 요소,S42,positive_phrase_hit,photo_prompt_autumn_fashion_extension.json:garment_detail:autumn_afr037_v1_candidate|photo_prompt_clothing_structure_extension.json:garment_detail:clt_ct037_v1|photo_prompt_summer_clothing_structure_extension.json:garment_detail:suf_sf025_v1_candidate,positive_phrase_hit,photo_prompt_visual_obligations_autumn_fashion.json:autumn_afr037_v1|photo_prompt_visual_obligations_clothing_structure.json:clothing_ct037_v1|photo_prompt_visual_obligations_summer_clothing_structure.json:suf_sf025_v1,not_inferred
K095,06 목선·어깨·등 구조,V-neck contrast trim,V넥 배색 테두리,설명문 요소,S10,token_overlap_only,photo_prompt_subculture_appearance_extension.json:garment_detail:sca_g20|photo_prompt_tags.json:wardrobe_style:lace_trim_camisole_wide_denim_ensemble|photo_prompt_tags.json:garment_detail:lace_trim_edge,token_overlap_only,photo_prompt_visual_obligations_subculture_appearance.json:sca_g20,not_inferred
K096,06 목선·어깨·등 구조,strapless construction,스트랩리스 구조,명시 요소,S26,positive_phrase_hit,photo_prompt_swimwear_extension.json:garment_detail:sw_candidate_strapless|photo_prompt_clothing_structure_extension.json:wardrobe_style:clt_ct004_v2,positive_phrase_hit,photo_prompt_visual_obligations_swimwear.json:sw_strapless,not_inferred
K097,06 목선·어깨·등 구조,off-shoulder neckline,오프숄더 목선,명시 요소,S26|S41,positive_phrase_hit,photo_prompt_summer_clothing_structure_extension.json:garment_detail:suf_sf026_v1_candidate|photo_prompt_y2k_extension.json:wardrobe_style:y2kr_off_shoulder|photo_prompt_clothing_structure_extension.json:garment_detail:spf_sf009_01,positive_phrase_hit,photo_prompt_visual_obligations.json:cold_shoulder_cutout_topology|photo_prompt_visual_obligations_selfie_pose.json:sf_profile_151_base|photo_prompt_visual_obligations_summer_clothing_structure.json:suf_sf026_v1,not_inferred
K098,06 목선·어깨·등 구조,spaghetti straps,스파게티 스트랩,설명문 요소,S42,positive_phrase_hit,photo_prompt_clothing_structure_extension.json:garment_detail:spf_sf015_01|photo_prompt_tags.json:wardrobe_style:dark_spaghetti_strap_top|photo_prompt_y2k_extension.json:wardrobe_style:y2kr_cami,token_overlap_only,photo_prompt_visual_obligations_y2k.json:y2kr_cami,not_inferred
K099,06 목선·어깨·등 구조,halter neck,홀터넥,명시 요소,S44|S06,positive_phrase_hit,photo_prompt_clothing_structure_extension.json:garment_detail:spf_sf011_1|photo_prompt_portrait_fashion_exposure_extension.json:garment_detail:pfe_halter_candidate|photo_prompt_swimwear_extension.json:garment_detail:sw_candidate_halter,positive_phrase_hit,photo_prompt_visual_obligations.json:racerback_sports_bra_strap_convergence|photo_prompt_visual_obligations_portrait_fashion_exposure.json:pfe_halter|photo_prompt_visual_obligations_swimwear.json:sw_halter,not_inferred
K100,06 목선·어깨·등 구조,vertical front keyhole,세로 앞 키홀,명시 요소,S01,token_overlap_only,photo_prompt_clothing_structure_extension.json:garment_detail:clt_ct031_v1|photo_prompt_clothing_structure_extension.json:garment_detail:spf_sf022_02|photo_prompt_clothing_structure_extension.json:garment_detail:unif_single_uniform_button_row,token_overlap_only,photo_prompt_visual_obligations.json:crossbow_stock_prod_release_system|photo_prompt_visual_obligations.json:diamond_zygomatic_dominant_relation|photo_prompt_visual_obligations.json:triangle_lower_face_dominant_relation,not_inferred
K101,06 목선·어깨·등 구조,oval chest keyhole,타원형 앞 키홀,명시 요소,S44,no_lexical_hit,,no_lexical_hit,,not_inferred
K102,06 목선·어깨·등 구조,mostly open back,대부분 열린 등판,명시 요소,S44,no_lexical_hit,,token_overlap_only,photo_prompt_visual_obligations.json:achievement_reward_smile,not_inferred
K103,06 목선·어깨·등 구조,moderately low back,적당히 낮은 등파임,명시 요소,S07,no_lexical_hit,,no_lexical_hit,,not_inferred
K104,06 목선·어깨·등 구조,narrow scalloped neckline inset,좁은 스캘럽 목선 인셋,명시 요소,S24,no_lexical_hit,,token_overlap_only,photo_prompt_visual_obligations.json:lace_trim_attached_edge|photo_prompt_visual_obligations_motion_graphics.json:mg_feathered_edge_relation,not_inferred
K105,06 목선·어깨·등 구조,black velvet yoke,검정 벨벳 요크,명시 요소,S01,token_overlap_only,photo_prompt_costume_cosplay_extension.json:garment_detail:unif_grey_yoke_black_body_color_neck|photo_prompt_autumn_fashion_extension.json:wardrobe_style:autumn_afr009_v1_candidate,token_overlap_only,photo_prompt_visual_obligations_costume_cosplay.json:uniform_grey_yoke_black_body_color_neck|photo_prompt_visual_obligations_autumn_fashion.json:autumn_afr009_v1,not_inferred
K106,07 소매와 커프스,bishop sleeves,비숍 소매,명시 요소,S01,positive_phrase_hit,photo_prompt_clothing_structure_extension.json:garment_detail:clt_ct047_v1,positive_phrase_hit,photo_prompt_visual_obligations_clothing_structure.json:clothing_ct047_v1,not_inferred
K107,07 소매와 커프스,sheer gathered sleeves,시어 개더 소매,명시 요소,S03,token_overlap_only,photo_prompt_clothing_structure_extension.json:garment_detail:spf_sf063_01|photo_prompt_summer_clothing_structure_extension.json:wardrobe_style:suf_sf010_v1_candidate|photo_prompt_y2k_extension.json:wardrobe_style:y2kr_peasant,token_overlap_only,photo_prompt_visual_obligations_clothing_structure.json:spring_sf063_01|photo_prompt_visual_obligations_historical_womenswear.json:hw_lingerie_daydress|photo_prompt_visual_obligations_summer_clothing_structure.json:suf_sf010_v1,not_inferred
K108,07 소매와 커프스,puff sleeves,퍼프 소매,명시 요소,S26|S39,positive_phrase_hit,photo_prompt_subculture_appearance_extension.json:garment_detail:spf_sf096_1|photo_prompt_clothing_structure_extension.json:garment_detail:clt_ct046_v2|photo_prompt_summer_clothing_structure_extension.json:garment_detail:suf_sf032_v2_candidate,positive_phrase_hit,photo_prompt_visual_obligations_subculture_appearance.json:spring_sf096_1|photo_prompt_visual_obligations_clothing_structure.json:clothing_ct046_v2|photo_prompt_visual_obligations_summer_clothing_structure.json:suf_sf032_v2,not_inferred
K109,07 소매와 커프스,slight shoulder puff,작은 어깨 퍼프,선택·허용 요소,S04,token_overlap_only,photo_prompt_clothing_structure_extension.json:garment_detail:clt_ct046_v1|photo_prompt_clothing_structure_extension.json:garment_detail:clt_ct046_v2|photo_prompt_clothing_structure_extension.json:garment_detail:spf_sf063_2,token_overlap_only,photo_prompt_visual_obligations_clothing_structure.json:clothing_ct046_v2|photo_prompt_visual_obligations_clothing_structure.json:spring_sf063_2|photo_prompt_visual_obligations_summer_clothing_structure.json:suf_sf032_v2,not_inferred
K110,07 소매와 커프스,fitted long sleeves,피티드 긴소매,명시 요소,S04,token_overlap_only,photo_prompt_swimwear_extension.json:wardrobe_style:sw_candidate_springsuit|photo_prompt_clothing_structure_extension.json:garment_detail:spf_sf062_3|photo_prompt_summer_clothing_structure_extension.json:wardrobe_style:suf_sf001_v1_candidate,token_overlap_only,photo_prompt_visual_obligations_historical_womenswear.json:hw_lingerie_daydress|photo_prompt_visual_obligations_swimwear.json:sw_springsuit|photo_prompt_visual_obligations_clothing_structure.json:spring_sf062_3,not_inferred
K111,07 소매와 커프스,three-quarter loose sleeves,여유 있는 7부 소매,명시 요소,S24,token_overlap_only,photo_prompt_clothing_structure_extension.json:garment_detail:clt_ct050_v2,token_overlap_only,photo_prompt_visual_obligations_clothing_structure.json:clothing_ct050_v2|photo_prompt_visual_obligations.json:bottom_hourglass_silhouette_relation|photo_prompt_visual_obligations.json:hourglass_silhouette_relation,not_inferred
K112,07 소매와 커프스,wide draping lower sleeves,하단 드레이프 소매,명시 요소,S22,no_lexical_hit,,no_lexical_hit,,not_inferred
K113,07 소매와 커프스,separate organza sleeves,분리형 오간자 소매,명시 요소,S44,no_lexical_hit,,no_lexical_hit,,not_inferred
K114,07 소매와 커프스,column-shaped sleeves,기둥형 소매,명시 요소,S44,no_lexical_hit,,token_overlap_only,photo_prompt_visual_obligations_historical_womenswear.json:hw_jangot_headcover,not_inferred
K115,07 소매와 커프스,upper-arm suspension bands,소매 위팔 고정 밴드,명시 요소,S44,no_lexical_hit,,no_lexical_hit,,not_inferred
K116,07 소매와 커프스,extended fitted velvet cuffs,길게 맞는 벨벳 커프스,명시 요소,S01,no_lexical_hit,,no_lexical_hit,,not_inferred
K117,07 소매와 커프스,white lace cuffs,흰 레이스 커프스,명시 요소,S04,token_overlap_only,photo_prompt_clothing_structure_extension.json:garment_detail:unif_white_collar_cuffs_black_dress,token_overlap_only,photo_prompt_visual_obligations_clothing_structure.json:uniform_white_collar_cuffs_black_dress|photo_prompt_visual_obligations_historical_womenswear.json:hw_lingerie_daydress,not_inferred
K118,07 소매와 커프스,French-cuff-like ends,프렌치 커프스풍 소매끝,설명문 요소,S33,token_overlap_only,photo_prompt_costume_cosplay_extension.json:garment_detail:unif_blue_frock_collar_cuffs,token_overlap_only,photo_prompt_visual_obligations_costume_cosplay.json:uniform_blue_frock_collar_cuffs|photo_prompt_visual_obligations_character_hair.json:chrh_rel_hair_cut_supp_french_bob|photo_prompt_visual_obligations_character_hair.json:chrh_rel_hair_topology_french_twist,not_inferred
K119,07 소매와 커프스,burgundy cuff tabs,버건디 커프 탭,설명문 요소,S33,no_lexical_hit,,no_lexical_hit,,not_inferred
K120,07 소매와 커프스,rolled-up sleeves,걷어 올린 소매,명시 요소,S08|S30,positive_phrase_hit,photo_prompt_tags.json:garment_detail:sleeve_pushed_up,no_lexical_hit,,not_inferred
K121,07 소매와 커프스,small knotted cuff buttons,작은 매듭 커프 단추,명시 요소,S44,no_lexical_hit,,no_lexical_hit,,not_inferred
K122,08 핏·기장·실루엣,fitted,몸에 맞는 핏,명시 요소,S01|S17|S34,positive_phrase_hit,photo_prompt_autumn_fashion_extension.json:wardrobe_style:autumn_afr012_v1_candidate|photo_prompt_autumn_fashion_extension.json:garment_detail:autumn_afr045_v1_candidate|photo_prompt_autumn_fashion_extension.json:wardrobe_style:autumn_afr104_v2_candidate,positive_phrase_hit,photo_prompt_visual_obligations.json:active_skort_outer_skirt_inner_shorts|photo_prompt_visual_obligations.json:bespoke_tailoring_individual_pattern|photo_prompt_visual_obligations.json:cycling_bib_shorts_strap_pad_continuity,not_inferred
K123,08 핏·기장·실루엣,structured,구조적인 형태,명시 요소,S01|S16,positive_phrase_hit,photo_prompt_autumn_fashion_extension.json:garment_detail:autumn_afr043_v1_candidate|photo_prompt_clothing_structure_extension.json:wardrobe_style:clt_ct023_v1|photo_prompt_clothing_structure_extension.json:wardrobe_style:clt_ct023_v2,positive_phrase_hit,photo_prompt_visual_obligations.json:chiaroscuro_form_modeling_relation|photo_prompt_visual_obligations.json:film_halation_highlight_edge_relation|photo_prompt_visual_obligations.json:qipao_standing_collar_diagonal_closure_system,not_inferred
K124,08 핏·기장·실루엣,relaxed drape,느슨한 드레이프,명시 요소,S37,positive_phrase_hit,photo_prompt_tags.json:silhouette_proportion:cocoon_relaxed_drape|photo_prompt_portrait_fashion_exposure_extension.json:wardrobe_style:pfe_skimming_candidate,token_overlap_only,photo_prompt_visual_obligations_portrait_fashion_exposure.json:pfe_skimming,not_inferred
K125,08 핏·기장·실루엣,roomy silhouette,넉넉한 실루엣,설명문 요소,S31,token_overlap_only,photo_prompt_tags.json:silhouette_proportion:harem_roomy_folds_gathered_ankles,token_overlap_only,photo_prompt_visual_obligations.json:gathered_ankle_voluminous_trouser,not_inferred
K126,08 핏·기장·실루엣,cropped length,크롭 기장,명시 요소,S21|S26,positive_phrase_hit,photo_prompt_y2k_extension.json:wardrobe_style:y2kr_denim_jacket|photo_prompt_tags.json:silhouette_proportion:cropped_wide_leg_culotte_geometry|photo_prompt_tags.json:wardrobe_style:culotte_button_front_blouse,positive_phrase_hit,photo_prompt_visual_obligations.json:culotte_cropped_wide_leg_topology|photo_prompt_visual_obligations_y2k.json:y2kr_denim_jacket|photo_prompt_visual_obligations.json:unitard_upper_crotch_leg_continuity,not_inferred
K127,08 핏·기장·실루엣,normal jeogori length,저고리 정상 기장,명시 요소,S23,no_lexical_hit,,token_overlap_only,photo_prompt_visual_obligations_opening_era.json:opening_reformed_hanbok_length_closure,not_inferred
K128,08 핏·기장·실루엣,high-waisted,하이웨이스트,명시 요소,S21|S30,positive_phrase_hit,photo_prompt_tags.json:silhouette_proportion:high_rise_waist_navel_relation|photo_prompt_sensual_fetish_fashion_extension.json:garment_detail:sff_extra_xa016,token_overlap_only,photo_prompt_visual_obligations.json:double_bass_human_scale_floor_supported,not_inferred
K129,08 핏·기장·실루엣,low-rise,로라이즈,설명문 요소,S08|S33,positive_phrase_hit,photo_prompt_autumn_fashion_extension.json:wardrobe_style:autumn_afr011_v1_candidate|photo_prompt_clothing_structure_extension.json:garment_detail:spf_sf038_01|photo_prompt_swimwear_extension.json:garment_detail:sw_candidate_midlowrise,positive_phrase_hit,photo_prompt_visual_obligations_autumn_fashion.json:autumn_afr011_v1|photo_prompt_visual_obligations_swimwear.json:sw_midlowrise|photo_prompt_visual_obligations_y2k.json:y2kr_crop_low,not_inferred
K130,08 핏·기장·실루엣,natural-waist placement,자연 허리 위치,명시 요소,S24|S44,token_overlap_only,photo_prompt_y2k_extension.json:wardrobe_style:y2kr_track_pants|photo_prompt_body_morphology_extension.json:silhouette_proportion:bm_bust_prominence|photo_prompt_body_morphology_extension.json:silhouette_proportion:bm_hip_width,token_overlap_only,photo_prompt_visual_obligations_y2k.json:y2kr_track_pants|photo_prompt_visual_obligations.json:active_skort_outer_skirt_inner_shorts|photo_prompt_visual_obligations.json:bottom_hourglass_silhouette_relation,not_inferred
K131,08 핏·기장·실루엣,defined waist,구분되는 허리선,명시 요소,S04|S07,positive_phrase_hit,photo_prompt_tags.json:silhouette_proportion:bottom_hourglass_relation|photo_prompt_tags.json:silhouette_proportion:spoon_high_hip_relation|photo_prompt_tags.json:silhouette_proportion:top_hourglass_relation,token_overlap_only,photo_prompt_visual_obligations.json:commercial_appeal_revealing_armor|photo_prompt_visual_obligations.json:curvilinear_figure_relation|photo_prompt_visual_obligations.json:triangle_lower_body_dominant_relation,not_inferred
K132,08 핏·기장·실루엣,A-line silhouette,A라인 실루엣,명시 요소,S16|S23,positive_phrase_hit,photo_prompt_tags.json:wardrobe_style:one_piece_a_line_dress|photo_prompt_tags.json:silhouette_proportion:tailored_jumpsuit_continuous_line,token_overlap_only,photo_prompt_visual_obligations.json:human_cellular_chimera_lineage|photo_prompt_visual_obligations.json:one_piece_dress_construction,not_inferred
K133,08 핏·기장·실루엣,controlled flare,절제된 플레어,명시 요소,S24,no_lexical_hit,,no_lexical_hit,,not_inferred
K134,08 핏·기장·실루엣,soft bell volume,부드러운 종형 볼륨,명시 요소,S23,token_overlap_only,photo_prompt_body_morphology_extension.json:silhouette_proportion:bm_muscle_volume|photo_prompt_tags.json:silhouette_proportion:cocoon_relaxed_drape|photo_prompt_tags.json:silhouette_proportion:protective_cocoon_wrap_silhouette,token_overlap_only,photo_prompt_visual_obligations.json:restrained_polished_natural_makeup_balance|photo_prompt_visual_obligations.json:soft_full_figure_volume|photo_prompt_visual_obligations.json:soft_light_shadow_edge_relation,not_inferred
K135,08 핏·기장·실루엣,narrow layered skirt,좁은 레이어드 치마,명시 요소,S01,token_overlap_only,photo_prompt_clothing_structure_extension.json:wardrobe_style:clt_ct017_v2|photo_prompt_clothing_structure_extension.json:garment_detail:spf_sf066_02|photo_prompt_clothing_structure_extension.json:garment_detail:spf_sf087_03,token_overlap_only,photo_prompt_visual_obligations.json:ottoman_imperial_harem_household_complex|photo_prompt_visual_obligations.json:underwear_as_outerwear_layer_system|photo_prompt_visual_obligations_costume_cosplay.json:costume_ccx_cc08_01,not_inferred
K136,08 핏·기장·실루엣,elongated vertical silhouette,길게 이어진 수직 실루엣,명시 요소,S12,token_overlap_only,photo_prompt_tags.json:silhouette_proportion:harem_roomy_folds_gathered_ankles|photo_prompt_y2k_extension.json:garment_detail:y2kr_long_torso,token_overlap_only,photo_prompt_visual_obligations.json:cjk_seed_face_relation|photo_prompt_visual_obligations.json:oblong_elongated_face_relation|photo_prompt_visual_obligations.json:oval_face_contour_relation,not_inferred
K137,08 핏·기장·실루엣,mid-thigh length,허벅지 중간 기장,명시 요소,S23,token_overlap_only,photo_prompt_summer_clothing_structure_extension.json:wardrobe_style:suf_sf071_v1_candidate|photo_prompt_body_morphology_extension.json:silhouette_proportion:bm_thigh_volume|photo_prompt_fashion_fit_extension.json:garment_detail:spf_sf048_02,token_overlap_only,photo_prompt_visual_obligations_summer_clothing_structure.json:suf_sf071_v1|photo_prompt_visual_obligations.json:balloon_curved_leg_tapered_hem|photo_prompt_visual_obligations_body_morphology.json:bm_thigh_volume,not_inferred
K138,08 핏·기장·실루엣,very upper-thigh hem,허벅지 위쪽 밑단,명시 요소,S34,token_overlap_only,photo_prompt_y2k_extension.json:garment_detail:y2kr_micro_mini|photo_prompt_body_morphology_extension.json:garment_detail:bm_under_gluteal_boundary|photo_prompt_fashion_fit_extension.json:garment_detail:spf_sf047_3,token_overlap_only,photo_prompt_visual_obligations_y2k.json:y2kr_micro_mini|photo_prompt_visual_obligations_body_morphology.json:bm_under_gluteal_boundary|photo_prompt_visual_obligations_summer_coverage.json:suf_sf052_v1,not_inferred
K139,08 핏·기장·실루엣,above-knee front hem,무릎 위 앞단,명시 요소,S01,token_overlap_only,photo_prompt_summer_clothing_structure_extension.json:garment_detail:suf_sf062_v2_candidate|photo_prompt_clothing_structure_extension.json:garment_detail:clt_ct076_v1|photo_prompt_fashion_fit_extension.json:garment_detail:fit_ff08_v2_candidate,token_overlap_only,photo_prompt_visual_obligations_summer_clothing_structure.json:suf_sf062_v2|photo_prompt_visual_obligations_fashion_fit.json:fit_ff08_v2|photo_prompt_visual_obligations_fashion_fit.json:spring_sf040_1,not_inferred
K140,08 핏·기장·실루엣,mid-calf back hem,종아리 중간 뒷단,명시 요소,S01,token_overlap_only,photo_prompt_autumn_fashion_extension.json:garment_detail:autumn_afr059_v1_candidate|photo_prompt_autumn_fashion_extension.json:garment_detail:autumn_afr065_v1_candidate|photo_prompt_tags.json:silhouette_proportion:capri_legging_mid_calf_landmark,token_overlap_only,photo_prompt_visual_obligations.json:balloon_curved_leg_tapered_hem|photo_prompt_visual_obligations.json:capri_trouser_below_knee_clear_ankle_gap|photo_prompt_visual_obligations_autumn_fashion.json:autumn_afr059_v1,not_inferred
K141,08 핏·기장·실루엣,floor-length,바닥까지 오는 기장,명시 요소,S41,positive_phrase_hit,photo_prompt_clothing_structure_extension.json:garment_detail:clt_ct076_v2|photo_prompt_fashion_fit_extension.json:garment_detail:fit_ff30_v2_candidate|photo_prompt_tags.json:silhouette_proportion:long_torso_shorter_leg_relation,positive_phrase_hit,photo_prompt_visual_obligations.json:west_african_grand_boubou_volume_system|photo_prompt_visual_obligations_clothing_structure.json:clothing_ct076_v2|photo_prompt_visual_obligations_fashion_fit.json:fit_ff30_v2,not_inferred
K142,08 핏·기장·실루엣,long train,긴 트레인,명시 요소,S12,no_lexical_hit,,no_lexical_hit,,not_inferred
K143,08 핏·기장·실루엣,asymmetric silhouette,비대칭 실루엣,명시 요소,S01|S16|S44,token_overlap_only,photo_prompt_tags.json:silhouette_proportion:asymmetrical_hemline,token_overlap_only,photo_prompt_visual_obligations.json:anthrobot_microscopic_ciliated_biobot,not_inferred
K144,08 핏·기장·실루엣,deconstructed styling,해체적인 스타일링,선택·허용 요소,S15,no_lexical_hit,,no_lexical_hit,,not_inferred
K145,08 핏·기장·실루엣,lower-only couture volume,하단 집중 볼륨,명시 요소,S12,no_lexical_hit,,no_lexical_hit,,not_inferred
K146,09 재단·여밈·레이어 경계,princess seams,프린세스 절개선,명시 요소,S01,positive_phrase_hit,photo_prompt_clothing_structure_extension.json:garment_detail:clt_ct031_v1|photo_prompt_clothing_structure_extension.json:garment_detail:spf_sf029_2,positive_phrase_hit,photo_prompt_visual_obligations_clothing_structure.json:clothing_ct031_v1,not_inferred
K147,09 재단·여밈·레이어 경계,clean vertical seams,깨끗한 세로 봉제선,명시 요소,S04,token_overlap_only,photo_prompt_fashion_fit_extension.json:garment_detail:fit_ff26_v1_candidate|photo_prompt_soil_earth_extension.json:garment_detail:soil_e110|photo_prompt_tags.json:garment_detail:balloon_leg_curve_tapered_hem,token_overlap_only,photo_prompt_visual_obligations.json:balloon_curved_leg_tapered_hem|photo_prompt_visual_obligations.json:focus_stacked_extended_depth_composite|photo_prompt_visual_obligations_fashion_fit.json:fit_ff26_v1,not_inferred
K148,09 재단·여밈·레이어 경계,pointed center-front hem,뾰족한 중앙 앞단,명시 요소,S01,token_overlap_only,photo_prompt_clothing_structure_extension.json:garment_detail:clt_ct154_v1|photo_prompt_clothing_structure_extension.json:garment_detail:unif_continuous_coverall_front_closure|photo_prompt_tags.json:garment_detail:kebaya_center_fastening_front_opening,token_overlap_only,photo_prompt_visual_obligations.json:button_down_collar_fastening|photo_prompt_visual_obligations.json:kebaya_front_open_blouse_sarong_system|photo_prompt_visual_obligations_clothing_structure.json:clothing_ct154_v1,not_inferred
K149,09 재단·여밈·레이어 경계,fitted hip yoke,피티드 힙 요크,명시 요소,S01,no_lexical_hit,,token_overlap_only,photo_prompt_visual_obligations.json:active_skort_outer_skirt_inner_shorts|photo_prompt_visual_obligations_summer_clothing_structure.json:suf_sf001_v1,not_inferred
K150,09 재단·여밈·레이어 경계,overlapping diagonal panels,겹치는 대각 패널,명시 요소,S01,token_overlap_only,photo_prompt_tags.json:garment_detail:wrap_front_diagonal_overlap_tie|photo_prompt_tags.json:garment_detail:wrap_skirt_diagonal_overlap_closure|photo_prompt_tags.json:garment_detail:crisscross_linen_bandage_wrapping,token_overlap_only,photo_prompt_visual_obligations.json:wrap_front_overlap_closure|photo_prompt_visual_obligations.json:wrap_skirt_overlap_closure|photo_prompt_visual_obligations_clothing_structure.json:spring_sf074_01,not_inferred
K151,09 재단·여밈·레이어 경계,crescent-shaped panel,초승달형 패널,명시 요소,S44,no_lexical_hit,,token_overlap_only,photo_prompt_visual_obligations_soil_earth.json:soil_rel_e059,not_inferred
K152,09 재단·여밈·레이어 경계,circular overlapping panels,원형 겹침 패널,명시 요소,S44,token_overlap_only,photo_prompt_autumn_fashion_extension.json:garment_detail:autumn_afr014_v1_candidate|photo_prompt_autumn_fashion_extension.json:garment_detail:autumn_afr016_v2_candidate|photo_prompt_clothing_structure_extension.json:garment_detail:clt_ct048_v2,token_overlap_only,photo_prompt_visual_obligations.json:one_piece_dress_construction|photo_prompt_visual_obligations.json:split_running_shorts_side_opening|photo_prompt_visual_obligations_autumn_fashion.json:autumn_afr014_v1,not_inferred
K153,09 재단·여밈·레이어 경계,contrasting inner layer,대조되는 안쪽 레이어,명시 요소,S01|S24,token_overlap_only,photo_prompt_costume_cosplay_extension.json:wearable_accessory:ccx_cc17_02|photo_prompt_accessory_structure_extension.json:wearable_accessory:unif_lapel_chain_separate_inner_neck|photo_prompt_autumn_fashion_extension.json:garment_detail:autumn_afr048_v1_candidate,token_overlap_only,photo_prompt_visual_obligations_character_hair.json:chrh_rel_hair_color_state_underlights|photo_prompt_visual_obligations_subculture_appearance.json:sca_h20|photo_prompt_visual_obligations_costume_cosplay.json:costume_ccx_cc17_02,not_inferred
K154,09 재단·여밈·레이어 경계,movement-revealed lining,움직일 때 보이는 안감,명시 요소,S44,no_lexical_hit,,no_lexical_hit,,not_inferred
K155,09 재단·여밈·레이어 경계,wrap overlap slit,겹침 슬릿,명시 요소,S21|S22,token_overlap_only,photo_prompt_winter_fashion_extension.json:garment_detail:winter_wf55_v2_candidate|photo_prompt_tags.json:garment_detail:stride_revealed_slit|photo_prompt_autumn_fashion_extension.json:garment_detail:autumn_afr057_v1_candidate,token_overlap_only,photo_prompt_visual_obligations.json:wrap_skirt_overlap_closure|photo_prompt_visual_obligations_winter_fashion.json:winter_wf55_v2|photo_prompt_visual_obligations.json:one_piece_dress_construction,not_inferred
K156,09 재단·여밈·레이어 경계,single side slit,한쪽 슬릿,선택·허용 요소,S12,positive_phrase_hit,photo_prompt_fashion_fit_extension.json:garment_detail:spf_sf041_02|photo_prompt_clothing_structure_extension.json:garment_detail:clt_ct058_v2|photo_prompt_autumn_fashion_extension.json:garment_detail:autumn_afr061_v1_candidate,positive_phrase_hit,photo_prompt_visual_obligations_fashion_fit.json:spring_sf041_02|photo_prompt_visual_obligations.json:wrap_skirt_overlap_closure|photo_prompt_visual_obligations_clothing_structure.json:clothing_ct058_v2,not_inferred
K157,09 재단·여밈·레이어 경계,side drawstrings,옆 조임끈,명시 요소,S26,no_lexical_hit,,no_lexical_hit,,not_inferred
K158,09 재단·여밈·레이어 경계,shaped waistband,입체 재단 허리밴드,명시 요소,S44,no_lexical_hit,,positive_phrase_hit,photo_prompt_visual_obligations_summer_clothing_structure.json:suf_sf069_v1,not_inferred
K159,09 재단·여밈·레이어 경계,compact obi,작고 정돈된 오비,명시 요소,S24,no_lexical_hit,,no_lexical_hit,,not_inferred
K160,09 재단·여밈·레이어 경계,short sash tails,짧은 새시 꼬리,명시 요소,S24,no_lexical_hit,,token_overlap_only,photo_prompt_visual_obligations_costume_cosplay.json:costume_ccx_cc02_01,not_inferred
K161,09 재단·여밈·레이어 경계,thin goreum,가는 고름,명시 요소,S21|S22,no_lexical_hit,,no_lexical_hit,,not_inferred
K162,09 재단·여밈·레이어 경계,traditional waist knot,전통 허리 매듭,명시 요소,S21,token_overlap_only,photo_prompt_clothing_structure_extension.json:garment_detail:spf_sf037_01|photo_prompt_clothing_structure_extension.json:garment_detail:spf_sf059_3|photo_prompt_clothing_structure_extension.json:garment_detail:spf_sf067_1,token_overlap_only,photo_prompt_visual_obligations_clothing_structure.json:spring_sf037_01|photo_prompt_visual_obligations_clothing_structure.json:spring_sf059_3|photo_prompt_visual_obligations_clothing_structure.json:spring_sf067_1,not_inferred
K163,09 재단·여밈·레이어 경계,back-tied apron straps,뒤로 묶은 에이프런 끈,설명문 요소,S32,token_overlap_only,photo_prompt_clothing_structure_extension.json:garment_detail:spf_sf071_1|photo_prompt_costume_cosplay_extension.json:garment_detail:ccx_cc01_01|photo_prompt_costume_cosplay_extension.json:garment_detail:ccx_waist_apron_variant,token_overlap_only,photo_prompt_visual_obligations.json:racerback_sports_bra_strap_convergence|photo_prompt_visual_obligations_clothing_structure.json:spring_sf071_1|photo_prompt_visual_obligations_costume_cosplay.json:costume_ccx_cc01_01,not_inferred
K164,09 재단·여밈·레이어 경계,cross-laced front,앞 교차 레이싱,명시 요소,S03,no_lexical_hit,,no_lexical_hit,,not_inferred
K165,09 재단·여밈·레이어 경계,filigree button fastening,세공 단추 여밈,명시 요소,S01|S03,token_overlap_only,photo_prompt_tags.json:garment_detail:button_down_collar_point_fastening|photo_prompt_tags.json:garment_detail:wrap_skirt_diagonal_overlap_closure,token_overlap_only,photo_prompt_visual_obligations.json:button_down_collar_fastening|photo_prompt_visual_obligations.json:wrap_front_overlap_closure|photo_prompt_visual_obligations.json:wrap_skirt_overlap_closure,not_inferred
K166,09 재단·여밈·레이어 경계,knotted side fasteners,옆 매듭 잠금,명시 요소,S44,token_overlap_only,photo_prompt_clothing_structure_extension.json:garment_detail:spf_sf019_1|photo_prompt_fashion_fit_extension.json:garment_detail:spf_sf042_2,token_overlap_only,photo_prompt_visual_obligations_clothing_structure.json:clothing_ct023_v2|photo_prompt_visual_obligations.json:qipao_standing_collar_diagonal_closure_system,not_inferred
K167,09 재단·여밈·레이어 경계,concealed inner zipper,안쪽 숨은 지퍼,명시 요소,S44,token_overlap_only,photo_prompt_clothing_structure_extension.json:garment_detail:clt_ct052_v2,token_overlap_only,photo_prompt_visual_obligations_clothing_structure.json:clothing_ct052_v2,not_inferred
K168,09 재단·여밈·레이어 경계,curved leather overlay,곡선 가죽 덧댐,명시 요소,S44,no_lexical_hit,,no_lexical_hit,,not_inferred
K169,09 재단·여밈·레이어 경계,ribbon integrated into seam,봉제선에 통합된 리본,명시 요소,S16,token_overlap_only,photo_prompt_visual_grammar_extension.json:garment_detail:vg_ribbon_to_garment_seam,token_overlap_only,photo_prompt_visual_obligations_visual_grammar.json:vg_ribbon_to_garment_seam_profile,not_inferred
K170,09 재단·여밈·레이어 경계,belt loops and pocket construction,벨트고리와 포켓 구조,명시 요소,S17,token_overlap_only,photo_prompt_clothing_structure_extension.json:garment_detail:clt_ct060_v1|photo_prompt_clothing_structure_extension.json:garment_detail:spf_sf074_03|photo_prompt_autumn_fashion_extension.json:garment_detail:autumn_afr014_v1_candidate,token_overlap_only,photo_prompt_visual_obligations_autumn_fashion.json:autumn_afr014_v1|photo_prompt_visual_obligations_clothing_structure.json:clothing_ct060_v1|photo_prompt_visual_obligations_costume_cosplay.json:costume_ccx_cc12_02,not_inferred
K171,10 소재와 표면,cotton,면,명시 요소,S17|S37,positive_phrase_hit,photo_prompt_subculture_extension.json:surface_material:layered_style_textile_surface|photo_prompt_tags.json:garment_detail:matte_white_bandage_weave|photo_prompt_tags.json:texture:matte_white_gauze_weave_texture,positive_phrase_hit,photo_prompt_visual_obligations.json:qipao_standing_collar_diagonal_closure_system|photo_prompt_visual_obligations_historical_womenswear.json:hw_lingerie_daydress|photo_prompt_visual_obligations.json:broad_face_light_orientation_relation,not_inferred
K172,10 소재와 표면,fine cotton gauze,고운 면 거즈,명시 요소,S37,token_overlap_only,photo_prompt_tags.json:garment_detail:matte_white_bandage_weave|photo_prompt_tags.json:texture:matte_white_gauze_weave_texture|photo_prompt_tags.json:garment_detail:opaque_cotton_gauze_wrap_layers,no_lexical_hit,,not_inferred
K173,10 소재와 표면,linen-like fabric,리넨처럼 보이는 원단,설명문 내 소재 추정,S06|S32,token_overlap_only,photo_prompt_tags.json:surface_material:linen_fabric_surface|photo_prompt_textile_surface_extension.json:surface_material:clt_ct078_v2|photo_prompt_costume_cosplay_extension.json:surface_material:ccx_cc13_03,token_overlap_only,photo_prompt_visual_obligations_textile_surface.json:clothing_ct078_v2|photo_prompt_visual_obligations_color_relations.json:spring_sf105_03|photo_prompt_visual_obligations_costume_cosplay.json:costume_ccx_cc13_03,not_inferred
K174,10 소재와 표면,chiffon,시폰,명시 요소,S01|S13,positive_phrase_hit,photo_prompt_sensual_fetish_fashion_extension.json:garment_detail:sff_extra_xa002|photo_prompt_tags.json:surface_material:sheer_organza_chiffon_transmission|photo_prompt_textile_surface_extension.json:surface_material:spf_sf079_01,positive_phrase_hit,photo_prompt_visual_obligations.json:sheer_garment_optical_layering,not_inferred
K175,10 소재와 표면,silk organza,실크 오간자,명시 요소,S18|S44,no_lexical_hit,,no_lexical_hit,,not_inferred
K176,10 소재와 표면,tulle,튤,명시 요소,S41,positive_phrase_hit,photo_prompt_costume_cosplay_extension.json:garment_detail:ccx_cc27_01|photo_prompt_ethereal_gothic_scene_extension.json:garment_detail:egr_micropleated_tulle_panel|photo_prompt_sensual_fetish_fashion_extension.json:garment_detail:sff_extra_xa021,positive_phrase_hit,photo_prompt_visual_obligations.json:sheer_garment_optical_layering|photo_prompt_visual_obligations_costume_cosplay.json:costume_ccx_cc27_01|photo_prompt_visual_obligations_ethereal_gothic_scene.json:egr_profile_micropleated_tulle_panel,not_inferred
K177,10 소재와 표면,silk,실크,명시 요소,S12|S21|S22,positive_phrase_hit,photo_prompt_tags.json:texture:fine_silk_ribbon_texture|photo_prompt_tags.json:surface_material:fluid_satin_luster_drape_surface|photo_prompt_tags.json:texture:silk_hanbok_texture,positive_phrase_hit,photo_prompt_visual_obligations.json:qipao_standing_collar_diagonal_closure_system,not_inferred
K178,10 소재와 표면,silk faille,실크 파유,명시 요소,S16,no_lexical_hit,,no_lexical_hit,,not_inferred
K179,10 소재와 표면,silk jacquard,실크 자카드,명시 요소,S44,no_lexical_hit,,no_lexical_hit,,not_inferred
K180,10 소재와 표면,silk-wool satin,실크울 새틴,명시 요소,S44,token_overlap_only,photo_prompt_tags.json:surface_material:fluid_satin_luster_drape_surface,token_overlap_only,photo_prompt_visual_obligations.json:qipao_standing_collar_diagonal_closure_system,not_inferred
K181,10 소재와 표면,satin,새틴,명시 요소,S01|S27,positive_phrase_hit,photo_prompt_autumn_fashion_extension.json:garment_detail:autumn_afr037_v1_candidate|photo_prompt_autumn_fashion_extension.json:surface_material:autumn_afr072_v1_candidate|photo_prompt_reactorprompt_visual_relations_extension.json:surface_material:satin_directional_luster_drape_surface,positive_phrase_hit,photo_prompt_visual_obligations.json:decadent_languor_environment|photo_prompt_visual_obligations.json:gradient_lip_center_distribution|photo_prompt_visual_obligations.json:restrained_polished_natural_makeup_balance,not_inferred
K182,10 소재와 표면,velvet,벨벳,명시 요소,S01|S27,positive_phrase_hit,photo_prompt_contextual_appeal_extension.json:surface_material:ctx_pile_turn|photo_prompt_reactorprompt_visual_relations_extension.json:surface_material:velvet_pile_nap_direction_surface|photo_prompt_sensual_fetish_fashion_extension.json:garment_detail:sff_pro_e19,positive_phrase_hit,photo_prompt_visual_obligations.json:decadent_languor_environment|photo_prompt_visual_obligations.json:private_client_service_interaction|photo_prompt_visual_obligations_autumn_fashion.json:autumn_afr009_v1,not_inferred
K183,10 소재와 표면,wool crepe,울 크레이프,명시 요소,S01,no_lexical_hit,,no_lexical_hit,,not_inferred
K184,10 소재와 표면,matte crepe,무광 크레이프,명시 요소,S01|S44,positive_phrase_hit,photo_prompt_tags.json:surface_material:lightweight_crepe_matte_drape_surface,no_lexical_hit,,not_inferred
K185,10 소재와 표면,wool-blend appearance,울 혼방 같은 외형,선택·허용 요소,S04,no_lexical_hit,,no_lexical_hit,,not_inferred
K186,10 소재와 표면,tweed-like wool surface,트위드풍 울 표면,설명문 내 소재 추정,S31,no_lexical_hit,,no_lexical_hit,,not_inferred
K187,10 소재와 표면,rib knit,골지 니트,명시 요소,S08|S34,positive_phrase_hit,photo_prompt_autumn_fashion_extension.json:garment_detail:autumn_afr059_v1_candidate|photo_prompt_sensual_fetish_fashion_extension.json:surface_material:sff_pro_t15|photo_prompt_summer_textile_extension.json:surface_material:suf_sf097_v1_candidate,positive_phrase_hit,photo_prompt_visual_obligations_autumn_fashion.json:autumn_afr059_v1|photo_prompt_visual_obligations_summer_textile.json:suf_sf097_v1|photo_prompt_visual_obligations_textile_surface.json:clothing_ct087_v1,not_inferred
K188,10 소재와 표면,cable knit,케이블 니트,설명문 요소,S33,token_overlap_only,photo_prompt_winter_fashion_extension.json:surface_material:winter_wf17_v2_candidate,positive_phrase_hit,photo_prompt_visual_obligations_clothing_structure.json:clothing_ct008_v1|photo_prompt_visual_obligations_winter_fashion.json:winter_wf17_v2,not_inferred
K189,10 소재와 표면,pointelle knit,포인텔 니트,명시 요소,S37,positive_phrase_hit,photo_prompt_textile_surface_extension.json:surface_material:spf_sf057_01,no_lexical_hit,,not_inferred
K190,10 소재와 표면,denim,데님,명시 요소,S17|S21,positive_phrase_hit,photo_prompt_autumn_fashion_extension.json:garment_detail:autumn_afr024_v1_candidate|photo_prompt_autumn_fashion_extension.json:garment_detail:autumn_afr090_v1_candidate|photo_prompt_clothing_structure_extension.json:garment_detail:spf_sf074_01,positive_phrase_hit,photo_prompt_visual_obligations_autumn_fashion.json:autumn_afr024_v1|photo_prompt_visual_obligations_autumn_fashion.json:autumn_afr090_v1|photo_prompt_visual_obligations_subculture_appearance.json:spring_sf099_1,not_inferred
K191,10 소재와 표면,raw denim,생지 데님,명시 요소,S21,positive_phrase_hit,photo_prompt_tags.json:surface_material:raw_denim_patch_surface,no_lexical_hit,,not_inferred
K192,10 소재와 표면,canvas-like tote fabric,캔버스풍 토트 원단,설명문 요소,S31,no_lexical_hit,,no_lexical_hit,,not_inferred
K193,10 소재와 표면,matte black leather,무광 검정 가죽,명시 요소,S14,no_lexical_hit,,token_overlap_only,photo_prompt_visual_obligations.json:low_brand_prominence_material_luxury|photo_prompt_visual_obligations.json:conspicuous_original_house_code_display|photo_prompt_visual_obligations_religion_iconography.json:ri_tefillin_pair,not_inferred
K194,10 소재와 표면,polished leather,광택을 낸 가죽,명시 요소,S01|S04,no_lexical_hit,,positive_phrase_hit,photo_prompt_visual_obligations_opening_era.json:opening_tailcoat_formal_tail_topology,not_inferred
K195,10 소재와 표면,patent-leather appearance,에나멜 가죽 외형,설명문 요소,S33|S43,token_overlap_only,photo_prompt_y2k_extension.json:surface_material:y2kr_patent|photo_prompt_y2k_extension.json:garment_detail:y2kr_patent_garment,token_overlap_only,photo_prompt_visual_obligations_y2k.json:y2kr_patent,not_inferred
K196,10 소재와 표면,metallic leather,메탈릭 가죽,선택·허용 요소,S15,no_lexical_hit,,token_overlap_only,photo_prompt_visual_obligations.json:jelly_footwear_molded_translucent_surface,not_inferred
K197,10 소재와 표면,suede,스웨이드,선택·허용 요소,S15|S19,positive_phrase_hit,photo_prompt_autumn_fashion_extension.json:surface_material:autumn_afr075_v2_candidate|photo_prompt_sensual_fetish_fashion_extension.json:texture:sff_pro_f08|photo_prompt_tags.json:texture:suede_nap_texture,positive_phrase_hit,photo_prompt_visual_obligations_autumn_fashion.json:autumn_afr007_v1|photo_prompt_visual_obligations_autumn_fashion.json:autumn_afr075_v2|photo_prompt_visual_obligations_textile_surface.json:clothing_ct080_v1,not_inferred
K198,10 소재와 표면,lace,레이스,명시 요소,S01|S02|S03,positive_phrase_hit,photo_prompt_autumn_fashion_extension.json:surface_material:autumn_afr073_v1_candidate|photo_prompt_autumn_fashion_extension.json:garment_detail:autumn_afr089_v1_candidate|photo_prompt_character_appearance_extension.json:garment_detail:appearance_h013,positive_phrase_hit,photo_prompt_visual_obligations.json:kebaya_front_open_blouse_sarong_system|photo_prompt_visual_obligations.json:lace_trim_attached_edge|photo_prompt_visual_obligations.json:sheer_garment_optical_layering,not_inferred
K199,10 소재와 표면,cotton eyelet lace,면 아일릿 레이스,명시 요소,S37,token_overlap_only,photo_prompt_subculture_extension.json:surface_material:layered_style_textile_surface|photo_prompt_ornament_structure_extension.json:garment_detail:orn_gd41,token_overlap_only,photo_prompt_visual_obligations_historical_womenswear.json:hw_lingerie_daydress|photo_prompt_visual_obligations_ornament_structure.json:orn_profile_gd41,not_inferred
K200,10 소재와 표면,mesh-like sports knit,메시풍 스포츠 니트,설명문 요소,S10,token_overlap_only,photo_prompt_winter_fashion_extension.json:surface_material:winter_wf21_v2_candidate|photo_prompt_tags.json:surface_material:body_mapped_circular_knit_zones,token_overlap_only,photo_prompt_visual_obligations_winter_fashion.json:winter_wf21_v2|photo_prompt_visual_obligations_clothing_structure.json:clothing_ct026_v2,not_inferred
K201,10 소재와 표면,spandex-like stretch fabric,스판풍 신축 원단,설명문 요소,S10,no_lexical_hit,,no_lexical_hit,,not_inferred
K202,10 소재와 표면,latex-like glossy surface,라텍스처럼 보이는 광택,설명문 내 소재 추정,S35|S36,no_lexical_hit,,no_lexical_hit,,not_inferred
K203,10 소재와 표면,translucent fabric layers,반투명 천 레이어,명시 요소,S13|S18,token_overlap_only,photo_prompt_portrait_fashion_exposure_extension.json:texture:pfe_hosiery_sheer_candidate|photo_prompt_portrait_fashion_exposure_extension.json:texture:pfe_sheer_liner_candidate|photo_prompt_tags.json:garment_detail:translucent_gauze_layer,token_overlap_only,photo_prompt_visual_obligations.json:phantasmagoria_projected_spectral_sequence|photo_prompt_visual_obligations.json:sheer_garment_optical_layering|photo_prompt_visual_obligations_textile_surface.json:clothing_ct091_v2,not_inferred
K204,10 소재와 표면,restrained satin sheen,절제된 새틴 광택,명시 요소,S01,token_overlap_only,photo_prompt_swimwear_extension.json:garment_detail:sw_candidate_finish|photo_prompt_tags.json:garment_detail:liquid_satin_sheen|photo_prompt_ethereal_gothic_scene_extension.json:surface_material:egr_matte_mourning_crape,positive_phrase_hit,photo_prompt_visual_obligations.json:restrained_polished_natural_makeup_balance|photo_prompt_visual_obligations_reactorprompt.json:satin_directional_luster_drape_surface|photo_prompt_visual_obligations_swimwear.json:sw_finish,not_inferred
K205,11 패턴과 장식,tone-on-tone black damask,블랙 톤온톤 다마스크,명시 요소,S03,no_lexical_hit,,no_lexical_hit,,not_inferred
K206,11 패턴과 장식,rose-and-thorn motif,장미와 가시 모티브,명시 요소,S03,token_overlap_only,photo_prompt_y2k_extension.json:garment_detail:y2kr_tattoo_graphic,token_overlap_only,photo_prompt_visual_obligations_y2k.json:y2kr_tattoo_graphic,not_inferred
K207,11 패턴과 장식,cross-patterned lace,십자가 패턴 레이스,명시 요소,S02,token_overlap_only,photo_prompt_portrait_fashion_exposure_extension.json:garment_detail:pfe_lace_welt_candidate|photo_prompt_textile_surface_extension.json:surface_material:spf_sf080_02,token_overlap_only,photo_prompt_visual_obligations.json:kebaya_front_open_blouse_sarong_system|photo_prompt_visual_obligations_selfie_pose.json:sf_profile_177_base,not_inferred
K208,11 패턴과 장식,antique English rose print,앤티크 영국 장미 프린트,명시 요소,S37,no_lexical_hit,,no_lexical_hit,,not_inferred
K209,11 패턴과 장식,small wildflower print,작은 야생화 프린트,명시 요소,S37,token_overlap_only,photo_prompt_y2k_extension.json:garment_detail:y2kr_snakeskin_print,token_overlap_only,photo_prompt_visual_obligations_y2k.json:y2kr_snakeskin_print,not_inferred
K210,11 패턴과 장식,maple-leaf and branch print,단풍잎·가지 프린트,명시 요소,S24,no_lexical_hit,,no_lexical_hit,,not_inferred
K211,11 패턴과 장식,pale botanical pattern,옅은 식물 무늬,명시 요소,S24,token_overlap_only,photo_prompt_subculture_appearance_extension.json:garment_detail:vr_flat_keyboard_motif,token_overlap_only,photo_prompt_visual_obligations_subculture_appearance.json:sca_flat_keyboard_motif,not_inferred
K212,11 패턴과 장식,cherry embroidery,체리 자수,설명문 요소,S43,no_lexical_hit,,no_lexical_hit,,not_inferred
K213,11 패턴과 장식,pink plaid,핑크 체크,설명문 요소,S39,no_lexical_hit,,no_lexical_hit,,not_inferred
K214,11 패턴과 장식,navy pinstripe,네이비 핀스트라이프,설명문 요소,S33,no_lexical_hit,,no_lexical_hit,,not_inferred
K215,11 패턴과 장식,gray-check ribbon,회색 체크 리본,명시 요소,S38,no_lexical_hit,,token_overlap_only,photo_prompt_visual_obligations_palette_applications.json:pa_bounded_metal_trim,not_inferred
K216,11 패턴과 장식,crest embroidery,문장 자수,설명문 요소,S09,no_lexical_hit,,no_lexical_hit,,not_inferred
K217,11 패턴과 장식,angular sports graphics,각진 스포츠 그래픽,설명문 요소,S10,no_lexical_hit,,token_overlap_only,photo_prompt_visual_obligations.json:encapsulated_sports_bra_separate_cups,not_inferred
K218,11 패턴과 장식,printed jersey number 10,저지 숫자 10,설명문 요소,S10,no_lexical_hit,,no_lexical_hit,,not_inferred
K219,11 패턴과 장식,dimensional floral applique,입체 꽃 아플리케,명시 요소,S41,no_lexical_hit,,no_lexical_hit,,not_inferred
K220,11 패턴과 장식,silver embroidery,은색 자수,명시 요소,S41,token_overlap_only,photo_prompt_tags.json:garment_detail:landscape_embroidery_hem,no_lexical_hit,,not_inferred
K221,11 패턴과 장식,silver filigree,은색 필리그리,명시 요소,S01|S41,no_lexical_hit,,no_lexical_hit,,not_inferred
K222,11 패턴과 장식,crystal rhinestones,크리스털 라인스톤,명시 요소,S41,no_lexical_hit,,no_lexical_hit,,not_inferred
K223,11 패턴과 장식,pearl details,진주 디테일,명시 요소,S13|S41,no_lexical_hit,,no_lexical_hit,,not_inferred
K224,11 패턴과 장식,pearl-like buttons,진주풍 단추,설명문 요소,S39,no_lexical_hit,,token_overlap_only,photo_prompt_visual_obligations_summer_style.json:suf_sf109_v2|photo_prompt_visual_obligations.json:button_down_collar_fastening,not_inferred
K225,11 패턴과 장식,satin ribbon bows,새틴 리본 매듭,명시 요소,S02|S03,no_lexical_hit,,token_overlap_only,photo_prompt_visual_obligations_summer_style.json:suf_sf108_v1,not_inferred
K226,11 패턴과 장식,one sculptural red bow,하나의 조형적 붉은 리본,명시 요소,S16,no_lexical_hit,,no_lexical_hit,,not_inferred
K227,11 패턴과 장식,cascading back bow,길게 흐르는 뒤 리본,명시 요소,S03,no_lexical_hit,,token_overlap_only,photo_prompt_visual_obligations_character_hair.json:chrh_rel_hair_topology_waterfall_braid,not_inferred
K228,11 패턴과 장식,scalloped lace trim,스캘럽 레이스 테두리,명시 요소,S24,token_overlap_only,photo_prompt_tags.json:garment_detail:lace_trim_edge|photo_prompt_ethereal_gothic_scene_extension.json:garment_detail:egr_high_collar_lace_structure|photo_prompt_tags.json:wearable_accessory:narrow_lace_scarf_openwork_strip,token_overlap_only,photo_prompt_visual_obligations.json:lace_trim_attached_edge|photo_prompt_visual_obligations.json:kebaya_front_open_blouse_sarong_system|photo_prompt_visual_obligations_ethereal_gothic_scene.json:egr_profile_high_collar_lace_structure,not_inferred
K229,11 패턴과 장식,oxblood velvet piping,옥스블러드 벨벳 파이핑,명시 요소,S01,no_lexical_hit,,no_lexical_hit,,not_inferred
K230,11 패턴과 장식,moon-ivory curved piping,문아이보리 곡선 파이핑,명시 요소,S44,no_lexical_hit,,no_lexical_hit,,not_inferred
K231,11 패턴과 장식,gold decorative buttons,금색 장식 단추,설명문 요소,S33,token_overlap_only,photo_prompt_costume_cosplay_extension.json:garment_detail:ccx_cc31_02,token_overlap_only,photo_prompt_visual_obligations.json:button_down_collar_fastening|photo_prompt_visual_obligations_costume_cosplay.json:costume_ccx_cc31_02,not_inferred
K232,11 패턴과 장식,antique repair threads,앤티크 보수 실,명시 요소,S03,no_lexical_hit,,no_lexical_hit,,not_inferred
K233,11 패턴과 장식,small bustle,작은 버슬,명시 요소,S03,no_lexical_hit,,no_lexical_hit,,not_inferred
K234,11 패턴과 장식,silver butterfly charm,은색 나비 참,명시 요소,S26,token_overlap_only,photo_prompt_y2k_extension.json:wearable_accessory:y2kr_butterfly_nail|photo_prompt_y2k_extension.json:wearable_accessory:y2kr_butterfly_pendant,token_overlap_only,photo_prompt_visual_obligations_y2k.json:y2kr_butterfly_nail|photo_prompt_visual_obligations_y2k.json:y2kr_butterfly_pendant,not_inferred
K235,11 패턴과 장식,floating butterfly decorations,떠 있는 나비 장식,명시 요소,S13,no_lexical_hit,,no_lexical_hit,,not_inferred
K236,11 패턴과 장식,spider-web pattern,거미줄 패턴,설명문 요소,S36,token_overlap_only,photo_prompt_y2k_extension.json:garment_detail:y2kr_goth_motif,token_overlap_only,photo_prompt_visual_obligations_y2k.json:y2kr_goth_motif,not_inferred
K237,11 패턴과 장식,crescent pleated fan,초승달형 플리츠 팬,명시 요소,S44,no_lexical_hit,,no_lexical_hit,,not_inferred
K238,11 패턴과 장식,jade disc hip ornament,옥 디스크 골반 장식,명시 요소,S44,no_lexical_hit,,no_lexical_hit,,not_inferred
K239,12 의상·장신구 색상,black,블랙,명시 요소,S01|S26,positive_phrase_hit,photo_prompt_color_relations_extension.json:color:cr_candidate_achromatic|photo_prompt_editing_effects_extension.json:color_grading:pe_crushed_black_regions|photo_prompt_editing_effects_extension.json:color_grading:pe_faded_black_floor,positive_phrase_hit,photo_prompt_visual_obligations.json:black_hole_shadow_reconstruction|photo_prompt_visual_obligations.json:conspicuous_original_house_code_display|photo_prompt_visual_obligations.json:einstein_ring_lens_alignment,not_inferred
K240,12 의상·장신구 색상,obsidian black,옵시디언 블랙,명시 요소,S01,positive_phrase_hit,photo_prompt_tags.json:color:obsidian_antique_gold_oxblood_palette,no_lexical_hit,,not_inferred
K241,12 의상·장신구 색상,ink black,잉크 블랙,명시 요소,S12,token_overlap_only,photo_prompt_tags.json:color:ink_wash_cyan|photo_prompt_tags.json:surface_material:iron_gall_ink_stain,no_lexical_hit,,not_inferred
K242,12 의상·장신구 색상,graphite,그래파이트,명시 요소,S12,positive_phrase_hit,photo_prompt_editing_effects_extension.json:surface_material:pe_pencil_print|photo_prompt_palette_applications_extension.json:color:pal_app_neutral_cobalt_accent,positive_phrase_hit,photo_prompt_visual_obligations_palette_applications.json:pa_neutral_cobalt_owner|photo_prompt_visual_obligations_visual_grammar.json:vg_graphite_thread_raised_flower_profile|photo_prompt_visual_obligations_visual_grammar.json:vg_pencil_paper_trace_profile,not_inferred
K243,12 의상·장신구 색상,charcoal gray,차콜 그레이,명시 요소,S04|S30,no_lexical_hit,,no_lexical_hit,,not_inferred
K244,12 의상·장신구 색상,white,화이트,명시 요소,S17|S21,positive_phrase_hit,photo_prompt_color_relations_extension.json:color:cr_candidate_achromatic|photo_prompt_color_relations_extension.json:color:spf_sf103_12|photo_prompt_editing_effects_extension.json:color_grading:pe_gentle_rolloff,positive_phrase_hit,photo_prompt_visual_obligations.json:direct_on_camera_flash_snapshot_signature|photo_prompt_visual_obligations.json:early_2000s_compact_digicam_social_repost|photo_prompt_visual_obligations.json:high_key_tonal_distribution,not_inferred
K245,12 의상·장신구 색상,pure white,퓨어 화이트,명시 요소,S37|S41,no_lexical_hit,,no_lexical_hit,,not_inferred
K246,12 의상·장신구 색상,ivory,아이보리,명시 요소,S23|S29,positive_phrase_hit,photo_prompt_color_relations_extension.json:color:spf_sf103_12|photo_prompt_ethereal_gothic_scene_extension.json:color:egr_palette_s301|photo_prompt_ethereal_gothic_scene_extension.json:color:egr_palette_s308,positive_phrase_hit,photo_prompt_visual_obligations_palette_applications.json:pa_bounded_metal_trim,not_inferred
K247,12 의상·장신구 색상,antique ivory,앤티크 아이보리,명시 요소,S01,token_overlap_only,photo_prompt_ethereal_gothic_scene_extension.json:color:egr_palette_s301|photo_prompt_ethereal_gothic_scene_extension.json:color:egr_palette_s308,no_lexical_hit,,not_inferred
K248,12 의상·장신구 색상,porcelain ivory,포슬린 아이보리,명시 요소,S16,no_lexical_hit,,no_lexical_hit,,not_inferred
K249,12 의상·장신구 색상,moon ivory,문 아이보리,명시 요소,S44,no_lexical_hit,,no_lexical_hit,,not_inferred
K250,12 의상·장신구 색상,cream,크림,설명문 요소,S31|S32|S43,positive_phrase_hit,photo_prompt_editing_effects_extension.json:color:pe_cobalt_cream_mapping|photo_prompt_ethereal_gothic_scene_extension.json:color:egr_palette_s318|photo_prompt_palette_applications_extension.json:color:pal_app_camel_chocolate_cream,positive_phrase_hit,photo_prompt_visual_obligations_palette_applications.json:pa_bands_same_carrier|photo_prompt_visual_obligations_palette_applications.json:pa_bounded_metal_trim|photo_prompt_visual_obligations_palette_applications.json:pa_food_container_color_owners,not_inferred
K251,12 의상·장신구 색상,off-white,오프화이트,설명문 요소,S06|S31,positive_phrase_hit,photo_prompt_color_relations_extension.json:color:spf_sf103_12|photo_prompt_horror_extension.json:color:hr_palette_clean_cold_room|photo_prompt_horror_extension.json:color:hr_palette_mold_ward,positive_phrase_hit,photo_prompt_visual_obligations_color_relations.json:spring_sf103_12|photo_prompt_visual_obligations_horror.json:hvr_profile_palette_clean_cold_room|photo_prompt_visual_obligations_horror.json:hvr_profile_palette_mold_ward,not_inferred
K252,12 의상·장신구 색상,light beige,라이트 베이지,명시 요소,S30|S25,token_overlap_only,photo_prompt_color_relations_extension.json:color:spf_sf103_13,token_overlap_only,photo_prompt_visual_obligations_color_relations.json:spring_sf103_13,not_inferred
K253,12 의상·장신구 색상,beige,베이지,명시 요소,S29,positive_phrase_hit,photo_prompt_color_relations_extension.json:color:spf_sf103_07|photo_prompt_color_relations_extension.json:color:spf_sf103_13,positive_phrase_hit,photo_prompt_visual_obligations.json:low_brand_prominence_material_luxury|photo_prompt_visual_obligations_color_relations.json:spring_sf103_07|photo_prompt_visual_obligations_color_relations.json:spring_sf103_13,not_inferred
K254,12 의상·장신구 색상,warm ivory,웜 아이보리,명시 요소,S34,token_overlap_only,photo_prompt_color_relations_extension.json:color:spf_sf103_12|photo_prompt_palette_applications_extension.json:surface_material:pal_app_ivory_champagne_gold,token_overlap_only,photo_prompt_visual_obligations_palette_applications.json:pa_bounded_metal_trim,not_inferred
K255,12 의상·장신구 색상,pastel cream-pink,파스텔 크림핑크,명시 요소,S37,token_overlap_only,photo_prompt_tags.json:color_grading:soft_milky_low_contrast_grading,no_lexical_hit,,not_inferred
K256,12 의상·장신구 색상,dusty blush-pink,더스티 블러시핑크,명시 요소,S34,token_overlap_only,photo_prompt_color_relations_extension.json:color:spf_sf103_07|photo_prompt_palette_applications_extension.json:color:pal_app_blush_rose_wine,no_lexical_hit,,not_inferred
K257,12 의상·장신구 색상,indie pink,인디핑크,명시 요소,S23,no_lexical_hit,,no_lexical_hit,,not_inferred
K258,12 의상·장신구 색상,light pink,라이트 핑크,명시 요소,S20,token_overlap_only,photo_prompt_palette_applications_extension.json:color:pal_app_blush_rose_wine|photo_prompt_palette_applications_extension.json:color:pal_app_rose_quartz_serenity,no_lexical_hit,,not_inferred
K259,12 의상·장신구 색상,white-to-pink gradient,화이트-핑크 그라데이션,명시 요소,S20,no_lexical_hit,,token_overlap_only,photo_prompt_visual_obligations.json:mixed_illuminant_white_balance_relation,not_inferred
K260,12 의상·장신구 색상,apricot-peach or coral,살구·피치·코럴 계열,설명문 내 색 추정,S06,no_lexical_hit,,no_lexical_hit,,not_inferred
K261,12 의상·장신구 색상,scarlet,스칼렛,명시 요소,S12,no_lexical_hit,,no_lexical_hit,,not_inferred
K262,12 의상·장신구 색상,lacquer red,래커 레드,명시 요소,S16,no_lexical_hit,,no_lexical_hit,,not_inferred
K263,12 의상·장신구 색상,crimson,크림슨,명시 요소,S27,positive_phrase_hit,photo_prompt_ethereal_gothic_scene_extension.json:color:egr_palette_s303|photo_prompt_horror_extension.json:color:hr_palette_single_crimson,positive_phrase_hit,photo_prompt_visual_obligations_horror.json:hvr_profile_palette_single_crimson,not_inferred
K264,12 의상·장신구 색상,deep red,딥 레드,명시 요소,S22,token_overlap_only,photo_prompt_tags.json:color:obsidian_antique_gold_oxblood_palette,positive_phrase_hit,photo_prompt_visual_obligations_palette_applications.json:pa_dark_oxblood_bone_owners,not_inferred
K265,12 의상·장신구 색상,oxblood,옥스블러드,명시 요소,S01,positive_phrase_hit,photo_prompt_ethereal_gothic_scene_extension.json:color:egr_palette_s310|photo_prompt_palette_applications_extension.json:color:pal_app_black_oxblood_bone|photo_prompt_tags.json:color:obsidian_antique_gold_oxblood_palette,positive_phrase_hit,photo_prompt_visual_obligations_palette_applications.json:pa_dark_oxblood_bone_owners,not_inferred
K266,12 의상·장신구 색상,burgundy,버건디,명시 요소,S09|S23|S42,positive_phrase_hit,photo_prompt_editing_effects_extension.json:color:pe_burgundy_peach_mapping|photo_prompt_ethereal_gothic_scene_extension.json:color:egr_palette_s319|photo_prompt_tags.json:color:black_cherry_palette,positive_phrase_hit,photo_prompt_visual_obligations_accessory_structure.json:uniform_lapel_chain_separate_inner_neck|photo_prompt_visual_obligations_autumn_fashion.json:autumn_afr009_v1,not_inferred
K267,12 의상·장신구 색상,wine red,와인 레드,명시 요소,S24|S42,positive_phrase_hit,photo_prompt_palette_applications_extension.json:color:pal_app_blush_rose_wine|photo_prompt_tags.json:color:black_cherry_palette|photo_prompt_tags.json:color:oxblood_wine_palette,no_lexical_hit,,not_inferred
K268,12 의상·장신구 색상,deep carmine,딥 카민,명시 요소,S44,no_lexical_hit,,no_lexical_hit,,not_inferred
K269,12 의상·장신구 색상,deep aubergine sheen,짙은 가지색 광택,명시 요소,S03,no_lexical_hit,,no_lexical_hit,,not_inferred
K270,12 의상·장신구 색상,pale blue,페일 블루,명시 요소,S13|S41,positive_phrase_hit,photo_prompt_horror_extension.json:color:hr_palette_clean_cold_room|photo_prompt_color_relations_extension.json:color:spf_sf103_02|photo_prompt_editing_effects_extension.json:surface_material:pe_cyanotype_paper,positive_phrase_hit,photo_prompt_visual_obligations_horror.json:hvr_profile_palette_clean_cold_room|photo_prompt_visual_obligations_photo_era.json:cyanotype_contact_print_prussian_blue_relation|photo_prompt_visual_obligations_color_relations.json:spring_sf103_02,not_inferred
K271,12 의상·장신구 색상,light-wash denim blue,연청,명시 요소,S17|S29,token_overlap_only,photo_prompt_y2k_extension.json:color:y2kr_warm_denim_palette|photo_prompt_lighting_extension.json:color_grading:lit_blue_twilight_not_cyan_night,token_overlap_only,photo_prompt_visual_obligations_y2k.json:y2kr_warm_denim_palette,not_inferred
K272,12 의상·장신구 색상,deep indigo,딥 인디고,명시 요소,S21,no_lexical_hit,,no_lexical_hit,,not_inferred
K273,12 의상·장신구 색상,navy,네이비,설명문 요소,S33,positive_phrase_hit,photo_prompt_palette_applications_extension.json:surface_material:pal_app_navy_brass_cream,positive_phrase_hit,photo_prompt_visual_obligations_palette_applications.json:pa_bands_same_carrier|photo_prompt_visual_obligations_palette_applications.json:pa_bounded_metal_trim|photo_prompt_visual_obligations_subculture_appearance.json:spring_sf099_03,not_inferred
K274,12 의상·장신구 색상,ink blue,잉크 블루,명시 요소,S44,positive_phrase_hit,photo_prompt_ethereal_gothic_scene_extension.json:color:egr_palette_s320|photo_prompt_horror_extension.json:color:hr_palette_moon_ink|photo_prompt_tags.json:surface_material:iron_gall_ink_stain,token_overlap_only,photo_prompt_visual_obligations_horror.json:hvr_profile_palette_moon_ink,not_inferred
K275,12 의상·장신구 색상,deep-sea blue,딥 시 블루,명시 요소,S28,no_lexical_hit,,no_lexical_hit,,not_inferred
K276,12 의상·장신구 색상,deep teal,딥 틸,선택·허용 색,S07,no_lexical_hit,,no_lexical_hit,,not_inferred
K277,12 의상·장신구 색상,muted sage,뮤트 세이지,명시 후보·설명 혼합,S07|S06,token_overlap_only,photo_prompt_color_relations_extension.json:color:spf_sf103_3,no_lexical_hit,,not_inferred
K278,12 의상·장신구 색상,seafoam green,시폼 그린,설명문 요소,S06,no_lexical_hit,,no_lexical_hit,,not_inferred
K279,12 의상·장신구 색상,forest green,포레스트 그린,선택·허용 색,S07,no_lexical_hit,,no_lexical_hit,,not_inferred
K280,12 의상·장신구 색상,charcoal blue,차콜 블루,선택·허용 색,S07,token_overlap_only,photo_prompt_palette_applications_extension.json:color:pal_app_electric_blue_lime,no_lexical_hit,,not_inferred
K281,12 의상·장신구 색상,moon jade,문 제이드,명시 요소,S44,no_lexical_hit,,token_overlap_only,photo_prompt_visual_obligations_religion_iconography.json:ri_daoist_robe_sky,not_inferred
K282,12 의상·장신구 색상,olive green,올리브 그린,명시 요소,S24,token_overlap_only,photo_prompt_palette_applications_extension.json:color:pal_app_ivory_mushroom_olive,no_lexical_hit,,not_inferred
K283,12 의상·장신구 색상,muted olive or taupe,뮤트 올리브·토프,설명문 내 색 추정,S05,no_lexical_hit,,token_overlap_only,photo_prompt_visual_obligations.json:restrained_polished_natural_makeup_balance,not_inferred
K284,12 의상·장신구 색상,smoky gray,스모키 그레이,명시 요소,S24,no_lexical_hit,,no_lexical_hit,,not_inferred
K285,12 의상·장신구 색상,moon gray,문 그레이,명시 요소,S44,no_lexical_hit,,no_lexical_hit,,not_inferred
K286,12 의상·장신구 색상,brown earth tones,브라운 어스톤,설명문 요소,S31,token_overlap_only,photo_prompt_editing_effects_extension.json:color:pe_earth_palette,token_overlap_only,photo_prompt_visual_obligations_soil_earth.json:soil_rel_e097,not_inferred
K287,12 의상·장신구 색상,silver,실버,명시 요소,S26|S15,positive_phrase_hit,photo_prompt_editing_effects_extension.json:surface_material:pe_silver_print_paper|photo_prompt_ethereal_gothic_scene_extension.json:color:egr_palette_s306|photo_prompt_ethereal_gothic_scene_extension.json:color:egr_palette_s320,positive_phrase_hit,photo_prompt_visual_obligations_accessory_structure.json:clothing_ct121_v2|photo_prompt_visual_obligations_horror.json:hvr_profile_palette_moon_ink|photo_prompt_visual_obligations_palette_applications.json:pa_bounded_metal_trim,not_inferred
K288,12 의상·장신구 색상,aged silver,에이지드 실버,명시 요소,S01|S14,no_lexical_hit,,no_lexical_hit,,not_inferred
K289,12 의상·장신구 색상,tarnished silver,변색된 은빛,명시 요소,S03,positive_phrase_hit,photo_prompt_ethereal_gothic_scene_extension.json:color:egr_palette_s306,no_lexical_hit,,not_inferred
K290,12 의상·장신구 색상,antique gold,앤티크 골드,명시 요소,S03,positive_phrase_hit,photo_prompt_ethereal_gothic_scene_extension.json:color:egr_palette_s301|photo_prompt_ethereal_gothic_scene_extension.json:color:egr_palette_s308|photo_prompt_tags.json:color:obsidian_antique_gold_oxblood_palette,no_lexical_hit,,not_inferred
K291,12 의상·장신구 색상,soft gold,소프트 골드,명시 요소,S16,token_overlap_only,photo_prompt_tags.json:color:pearl_ivory_champagne_gold_palette,no_lexical_hit,,not_inferred
K292,12 의상·장신구 색상,muted gold,뮤트 골드,명시 요소,S24,token_overlap_only,photo_prompt_palette_applications_extension.json:surface_material:pal_app_aubergine_old_gold,token_overlap_only,photo_prompt_visual_obligations_palette_applications.json:pa_bounded_metal_trim,not_inferred
K293,12 의상·장신구 색상,dark brass,다크 브라스,명시 요소,S44,no_lexical_hit,,token_overlap_only,photo_prompt_visual_obligations_palette_applications.json:pa_bounded_metal_trim,not_inferred
K294,12 의상·장신구 색상,black iron,흑철색,명시 요소,S14,positive_phrase_hit,photo_prompt_tags.json:surface_material:iron_gall_ink_stain,no_lexical_hit,,not_inferred
K295,13 양말과 스타킹,semi-sheer black thigh-highs,반투명 검정 사이하이,명시 요소,S01,no_lexical_hit,,no_lexical_hit,,not_inferred
K296,13 양말과 스타킹,black stockings,검정 스타킹,명시 요소,S03,no_lexical_hit,,no_lexical_hit,,not_inferred
K297,13 양말과 스타킹,opaque black tights,불투명 검정 타이츠,선택·허용 요소,S04,token_overlap_only,photo_prompt_winter_fashion_extension.json:wardrobe_style:winter_wf78_v1_candidate|photo_prompt_summer_style_extension.json:wardrobe_style:suf_sf111_v1_candidate,token_overlap_only,photo_prompt_visual_obligations_portrait_fashion_exposure.json:pfe_hosiery_opaque|photo_prompt_visual_obligations_winter_fashion.json:winter_wf58_v2|photo_prompt_visual_obligations_winter_fashion.json:winter_wf78_v1,not_inferred
K298,13 양말과 스타킹,ribbed black knee socks,검정 골지 니삭스,설명문 요소,S09,token_overlap_only,photo_prompt_accessory_structure_extension.json:wearable_accessory:spf_sf109_1,no_lexical_hit,,not_inferred
K299,13 양말과 스타킹,sheer nude stockings,시어 누드 스타킹,명시 요소,S30,no_lexical_hit,,token_overlap_only,photo_prompt_visual_obligations_portrait_fashion_exposure.json:pfe_hosiery_sheer,not_inferred
K300,13 양말과 스타킹,neutral sheer hosiery,중성색 얇은 호지어리,선택·허용 요소,S23,token_overlap_only,photo_prompt_accessory_structure_extension.json:wearable_accessory:spf_sf109_03,token_overlap_only,photo_prompt_visual_obligations_portrait_fashion_exposure.json:pfe_hosiery_sheer|photo_prompt_visual_obligations_winter_fashion.json:winter_wf59_v1|photo_prompt_visual_obligations.json:restrained_polished_natural_makeup_balance,not_inferred
K301,13 양말과 스타킹,navy socks with cream stripes,크림 줄무늬 네이비 니삭스,설명문 요소,S33,no_lexical_hit,,token_overlap_only,photo_prompt_visual_obligations_palette_applications.json:pa_bands_same_carrier|photo_prompt_visual_obligations_palette_applications.json:pa_bounded_metal_trim,not_inferred
K302,13 양말과 스타킹,cotton pointelle ankle socks,면 포인텔 앵클삭스,명시 요소,S37,no_lexical_hit,,no_lexical_hit,,not_inferred
K303,13 양말과 스타킹,white ankle socks,흰 앵클삭스,설명문 요소,S43,token_overlap_only,photo_prompt_y2k_extension.json:wearable_accessory:y2kr_loose_socks,token_overlap_only,photo_prompt_visual_obligations.json:stirrup_leggings_underfoot_loop|photo_prompt_visual_obligations_accessory_structure.json:accessory_uncovered_foot|photo_prompt_visual_obligations_y2k.json:y2kr_loose_socks,not_inferred
K304,13 양말과 스타킹,moon-gray jacquard thigh-highs,문그레이 자카드 사이하이,명시 요소,S44,no_lexical_hit,,no_lexical_hit,,not_inferred
K305,13 양말과 스타킹,tonal ornamental top band,동색 장식 상단 밴드,명시 요소,S01,token_overlap_only,photo_prompt_ornament_structure_extension.json:wearable_accessory:orn_gd05,token_overlap_only,photo_prompt_visual_obligations_ornament_structure.json:orn_profile_gd05,not_inferred
K306,13 양말과 스타킹,ink-blue satin stocking binding,잉크블루 새틴 스타킹 바인딩,명시 요소,S44,no_lexical_hit,,no_lexical_hit,,not_inferred
K307,13 양말과 스타킹,web-patterned thigh-highs,거미줄 사이하이,설명문 요소,S36,no_lexical_hit,,no_lexical_hit,,not_inferred
K308,14 신발,fitted knee-high boots,피티드 니하이 부츠,명시 요소,S01,token_overlap_only,photo_prompt_y2k_extension.json:footwear:y2kr_knee_boots,token_overlap_only,photo_prompt_visual_obligations_y2k.json:y2kr_knee_boots,not_inferred
K309,14 신발,almond-toe boots,아몬드 토 부츠,명시 요소,S01,token_overlap_only,photo_prompt_y2k_extension.json:footwear:y2kr_sheepskin_boots,token_overlap_only,photo_prompt_visual_obligations_y2k.json:y2kr_sheepskin_boots,not_inferred
K310,14 신발,sculpted medium heel,조형적인 중간 굽,명시 요소,S01,token_overlap_only,photo_prompt_sensual_fetish_fashion_extension.json:footwear:sff_pro_b08,no_lexical_hit,,not_inferred
K311,14 신발,oxblood ankle straps,옥스블러드 발목 스트랩,명시 요소,S01,token_overlap_only,photo_prompt_accessory_structure_extension.json:footwear:spf_sf108_01|photo_prompt_y2k_extension.json:footwear:y2kr_strappy,token_overlap_only,photo_prompt_visual_obligations.json:stirrup_leggings_underfoot_loop|photo_prompt_visual_obligations_accessory_structure.json:spring_sf108_01|photo_prompt_visual_obligations_y2k.json:y2kr_strappy,not_inferred
K312,14 신발,chunky lace-up ankle boots,청키 레이스업 앵클부츠,명시 요소,S26,no_lexical_hit,,no_lexical_hit,,not_inferred
K313,14 신발,buttoned shoes with silver buckles,은 버클 단추 구두,명시 요소,S03,no_lexical_hit,,no_lexical_hit,,not_inferred
K314,14 신발,polished classic leather shoes,광택 클래식 가죽 구두,선택·허용 요소,S04,token_overlap_only,photo_prompt_opening_era_extension.json:footwear:opening_tailcoat_formal_tail_topology_3|photo_prompt_tags.json:footwear:penny_loafers,token_overlap_only,photo_prompt_visual_obligations_opening_era.json:opening_tailcoat_formal_tail_topology,not_inferred
K315,14 신발,gold-hardware loafers,금속 장식 로퍼,설명문 요소,S09,no_lexical_hit,,token_overlap_only,photo_prompt_visual_obligations.json:conspicuous_original_house_code_display,not_inferred
K316,14 신발,wine leather Mary Janes,와인 가죽 메리제인,명시 요소,S23,token_overlap_only,photo_prompt_accessory_structure_extension.json:footwear:spf_sf107_02|photo_prompt_tags.json:footwear:mary_jane_flats,no_lexical_hit,,not_inferred
K317,14 신발,double-strap patent Mary Janes,더블스트랩 에나멜 메리제인,설명문 요소,S33,token_overlap_only,photo_prompt_accessory_structure_extension.json:footwear:spf_sf107_02|photo_prompt_tags.json:footwear:mary_jane_flats,no_lexical_hit,,not_inferred
K318,14 신발,red platform Mary Janes,빨간 플랫폼 메리제인,설명문 요소,S43,token_overlap_only,photo_prompt_accessory_structure_extension.json:footwear:spf_sf107_02|photo_prompt_tags.json:footwear:mary_jane_flats,no_lexical_hit,,not_inferred
K319,14 신발,tabi-inspired split-toe boots,타비풍 스플릿토 부츠,명시 요소,S24,no_lexical_hit,,no_lexical_hit,,not_inferred
K320,14 신발,ink-blue jade-panel boots,잉크블루 옥색패널 부츠,명시 요소,S44,no_lexical_hit,,no_lexical_hit,,not_inferred
K321,14 신발,slim sculpted heel,가는 조형 굽,명시 요소,S44,token_overlap_only,photo_prompt_sensual_fetish_fashion_extension.json:footwear:sff_pro_b08,no_lexical_hit,,not_inferred
K322,14 신발,burgundy ankle-strap sandals,버건디 앵클스트랩 샌들,설명문 요소,S42,token_overlap_only,photo_prompt_accessory_structure_extension.json:footwear:spf_sf108_01,token_overlap_only,photo_prompt_visual_obligations_accessory_structure.json:spring_sf108_01,not_inferred
K323,14 신발,pale-pink shoes,연핑크 구두,명시 요소,S20,no_lexical_hit,,token_overlap_only,photo_prompt_visual_obligations_color_relations.json:spring_sf103_07|photo_prompt_visual_obligations_color_relations.json:spring_sf103_6,not_inferred
K324,14 신발,barefoot styling,맨발 스타일링,명시 요소,S13|S32,no_lexical_hit,,no_lexical_hit,,not_inferred
K325,15 가방·머리 장식·장갑,mini top-handle bag,미니 톱핸들 백,명시 요소,S01,token_overlap_only,photo_prompt_accessory_structure_extension.json:wearable_accessory:spf_sf111_2|photo_prompt_y2k_extension.json:wearable_accessory:y2kr_mini_shoulder,token_overlap_only,photo_prompt_visual_obligations_y2k.json:y2kr_mini_shoulder|photo_prompt_visual_obligations_visual_grammar.json:vg_bag_support_transfer_profile,not_inferred
K326,15 가방·머리 장식·장갑,black leather shoulder bag,검정 가죽 숄더백,명시 요소,S26,token_overlap_only,photo_prompt_y2k_extension.json:wearable_accessory:y2kr_moto_bag|photo_prompt_tags.json:prop:black_leather_gloves_prop,token_overlap_only,photo_prompt_visual_obligations_y2k.json:y2kr_moto_bag|photo_prompt_visual_obligations.json:conspicuous_original_house_code_display|photo_prompt_visual_obligations_religion_iconography.json:ri_tefillin_pair,not_inferred
K327,15 가방·머리 장식·장갑,black saddle crossbody bag,검정 새들 크로스백,설명문 요소,S09,no_lexical_hit,,no_lexical_hit,,not_inferred
K328,15 가방·머리 장식·장갑,faded denim backpack,빛바랜 데님 백팩,명시 요소,S17,no_lexical_hit,,token_overlap_only,photo_prompt_visual_obligations_y2k.json:y2kr_warm_denim_palette,not_inferred
K329,15 가방·머리 장식·장갑,cream canvas tote,크림 캔버스 토트,설명문 요소,S31,token_overlap_only,photo_prompt_tags.json:wearable_accessory:canvas_tote_bag,no_lexical_hit,,not_inferred
K330,15 가방·머리 장식·장갑,color-block structured handbag,배색 구조적 핸드백,설명문 요소,S33,no_lexical_hit,,no_lexical_hit,,not_inferred
K331,15 가방·머리 장식·장갑,pale-pink handbag,연핑크 핸드백,명시 요소,S20,no_lexical_hit,,token_overlap_only,photo_prompt_visual_obligations_color_relations.json:spring_sf103_07|photo_prompt_visual_obligations_color_relations.json:spring_sf103_6,not_inferred
K332,15 가방·머리 장식·장갑,burgundy beret,버건디 베레모,설명문 요소,S09,no_lexical_hit,,no_lexical_hit,,not_inferred
K333,15 가방·머리 장식·장갑,black lace headdress,검정 레이스 헤드드레스,명시 요소,S03,no_lexical_hit,,token_overlap_only,photo_prompt_visual_obligations_autumn_fashion.json:autumn_afr009_v1,not_inferred
K334,15 가방·머리 장식·장갑,tricorne pirate hat,트리콘 해적 모자,선택·허용 요소,S28,no_lexical_hit,,token_overlap_only,photo_prompt_visual_obligations_character_appearance.json:ca_tricorne_brim,not_inferred
K335,15 가방·머리 장식·장갑,feathered pirate accessory,깃털 해적 액세서리,선택·허용 요소,S28,no_lexical_hit,,no_lexical_hit,,not_inferred
K336,15 가방·머리 장식·장갑,pirate bandana,해적 반다나,선택·허용 요소,S28,no_lexical_hit,,no_lexical_hit,,not_inferred
K337,15 가방·머리 장식·장갑,refined eye patch,정교한 안대,명시 요소,S28,token_overlap_only,photo_prompt_subculture_appearance_extension.json:wearable_accessory:sca_x04,token_overlap_only,photo_prompt_visual_obligations_character_appearance.json:ca_facial_color_mask|photo_prompt_visual_obligations_cute_visual_forms.json:cv_profile_general_catchlight|photo_prompt_visual_obligations_subculture_appearance.json:sca_x04,not_inferred
K338,15 가방·머리 장식·장갑,crimson horn headband,크림슨 뿔 헤어밴드,명시 요소,S27,no_lexical_hit,,no_lexical_hit,,not_inferred
K339,15 가방·머리 장식·장갑,black bunny-ear headband,검정 토끼귀 헤어밴드,설명문 요소,S35,no_lexical_hit,,no_lexical_hit,,not_inferred
K340,15 가방·머리 장식·장갑,antler-inspired hair ornaments,사슴뿔풍 머리 장식,명시 요소,S13,no_lexical_hit,,no_lexical_hit,,not_inferred
K341,15 가방·머리 장식·장갑,white floral hair ornaments,흰 꽃 머리 장식,명시 요소,S13,no_lexical_hit,,token_overlap_only,photo_prompt_visual_obligations_horror.json:hvr_profile_palette_daylight_ritual,not_inferred
K342,15 가방·머리 장식·장갑,graphite quill pins,그래파이트 퀼 핀,명시 요소,S12,no_lexical_hit,,no_lexical_hit,,not_inferred
K343,15 가방·머리 장식·장갑,small soft-gold hair pin,작은 소프트골드 헤어핀,명시 요소,S16,no_lexical_hit,,no_lexical_hit,,not_inferred
K344,15 가방·머리 장식·장갑,translucent white-silver hair ribbons,반투명 화이트실버 헤어리본,명시 요소,S41,no_lexical_hit,,no_lexical_hit,,not_inferred
K345,15 가방·머리 장식·장갑,white scrunchie,흰 스크런치,설명문 요소,S32,no_lexical_hit,,no_lexical_hit,,not_inferred
K346,15 가방·머리 장식·장갑,red hair ribbon,붉은 머리 리본,설명문 요소,S43,token_overlap_only,photo_prompt_tags.json:prop:red_ribbon_leg_wrap_adult|photo_prompt_accessory_structure_extension.json:wearable_accessory:spf_sf110_01|photo_prompt_subculture_appearance_extension.json:wearable_accessory:sca_x10,token_overlap_only,photo_prompt_visual_obligations_palette_applications.json:pa_bands_same_carrier|photo_prompt_visual_obligations.json:balayage_ribbon_color_placement|photo_prompt_visual_obligations_accessory_structure.json:spring_sf110_01,not_inferred
K347,15 가방·머리 장식·장갑,leather gloves,가죽 장갑,선택·허용 요소,S28,positive_phrase_hit,photo_prompt_tags.json:prop:black_leather_gloves_prop,no_lexical_hit,,not_inferred
K348,15 가방·머리 장식·장갑,opera-length web gloves,거미줄 오페라 글러브,설명문 요소,S36,token_overlap_only,photo_prompt_subculture_appearance_extension.json:wearable_accessory:sca_g13|photo_prompt_tags.json:wearable_accessory:silk_opera_gloves,no_lexical_hit,,not_inferred
K349,15 가방·머리 장식·장갑,white detachable cuffs,흰 독립 커프스,설명문 요소,S35,no_lexical_hit,,token_overlap_only,photo_prompt_visual_obligations_clothing_structure.json:uniform_white_collar_cuffs_black_dress,not_inferred
K350,15 가방·머리 장식·장갑,black lace parasol,검정 레이스 양산,명시 요소,S03,token_overlap_only,photo_prompt_subculture_extension.json:prop:lolita_headwear_parasol_and_structured_bag,token_overlap_only,photo_prompt_visual_obligations_autumn_fashion.json:autumn_afr009_v1,not_inferred
K351,16 주얼리와 금속 부속,black velvet ribbon choker,검정 벨벳 리본 초커,명시 요소,S01,no_lexical_hit,,no_lexical_hit,,not_inferred
K352,16 주얼리와 금속 부속,elven neck armor,엘프 넥 아머,명시 요소,S14,no_lexical_hit,,token_overlap_only,photo_prompt_visual_obligations.json:living_armor_hollow_articulated_agency|photo_prompt_visual_obligations.json:wearable_protective_armor_system,not_inferred
K353,16 주얼리와 금속 부속,mourning brooch,모닝 브로치,명시 요소,S03,no_lexical_hit,,no_lexical_hit,,not_inferred
K354,16 주얼리와 금속 부속,smoky-gray glass cabochon,스모키그레이 유리 카보숑,명시 요소,S03,no_lexical_hit,,no_lexical_hit,,not_inferred
K355,16 주얼리와 금속 부속,asymmetric drop earrings,비대칭 드롭 이어링,명시 요소,S01|S12,no_lexical_hit,,no_lexical_hit,,not_inferred
K356,16 주얼리와 금속 부속,long earring and small stud,긴 귀걸이와 작은 스터드,명시 요소,S12,no_lexical_hit,,no_lexical_hit,,not_inferred
K357,16 주얼리와 금속 부속,plain silver earrings,민무늬 은 귀걸이,선택·허용 요소,S15,no_lexical_hit,,no_lexical_hit,,not_inferred
K358,16 주얼리와 금속 부속,crystal necklace,크리스털 목걸이,명시 요소,S20|S41,no_lexical_hit,,no_lexical_hit,,not_inferred
K359,16 주얼리와 금속 부속,silver butterfly necklace,은색 나비 목걸이,명시 요소,S26,token_overlap_only,photo_prompt_y2k_extension.json:wearable_accessory:y2kr_butterfly_pendant,token_overlap_only,photo_prompt_visual_obligations_y2k.json:y2kr_butterfly_pendant,not_inferred
K360,16 주얼리와 금속 부속,small pendant necklace,작은 펜던트 목걸이,명시 요소,S24,token_overlap_only,photo_prompt_accessory_structure_extension.json:wearable_accessory:clt_ct116_v1|photo_prompt_tags.json:wearable_accessory:delicate_heart_pendant_earrings|photo_prompt_y2k_extension.json:wearable_accessory:y2kr_nameplate,token_overlap_only,photo_prompt_visual_obligations_accessory_structure.json:clothing_ct116_v1|photo_prompt_visual_obligations_y2k.json:y2kr_nameplate|photo_prompt_visual_obligations_accessory_structure.json:clothing_ct109_v2,not_inferred
K361,16 주얼리와 금속 부속,black onyx,블랙 오닉스,명시 요소,S12,no_lexical_hit,,no_lexical_hit,,not_inferred
K362,16 주얼리와 금속 부속,dark garnet,다크 가넷,명시 요소,S12,no_lexical_hit,,no_lexical_hit,,not_inferred
K363,16 주얼리와 금속 부속,ruby or red-enamel center,루비·레드에나멜 중심 장식,선택·허용 요소,S16,token_overlap_only,photo_prompt_tags.json:prop:ornate_goblet_dark_liquid_prop,no_lexical_hit,,not_inferred
K364,16 주얼리와 금속 부속,deep-blue central gem,짙은 청색 중심 보석,명시 요소,S14,no_lexical_hit,,no_lexical_hit,,not_inferred
K365,16 주얼리와 금속 부속,warm orange-brown brooch,따뜻한 주황갈색 브로치,명시 요소,S04,no_lexical_hit,,no_lexical_hit,,not_inferred
K366,16 주얼리와 금속 부속,loose gravity-hanging chains,중력에 따라 느슨한 체인,명시 요소,S14,no_lexical_hit,,token_overlap_only,photo_prompt_visual_obligations_ethereal_gothic_scene.json:egr_profile_still_air_hanging_elements,not_inferred
K367,16 주얼리와 금속 부속,unequal arc chains,길이가 다른 원호 체인,명시 요소,S44,no_lexical_hit,,no_lexical_hit,,not_inferred
K368,16 주얼리와 금속 부속,jade and carmine beads,옥색·카민색 구슬,명시 요소,S44,no_lexical_hit,,no_lexical_hit,,not_inferred
K369,16 주얼리와 금속 부속,aged-silver turn-lock,앤티크 은색 턴록,명시 요소,S01,no_lexical_hit,,no_lexical_hit,,not_inferred
K370,16 주얼리와 금속 부속,gold tie bar,금색 타이바,설명문 요소,S33,no_lexical_hit,,no_lexical_hit,,not_inferred
K371,16 주얼리와 금속 부속,crest brooch with chain,체인 문장 브로치,설명문 요소,S33,token_overlap_only,photo_prompt_tags.json:wearable_accessory:kebaya_kerongsang_brooch_set,no_lexical_hit,,not_inferred
K372,16 주얼리와 금속 부속,slim gold wristwatch,가는 금색 손목시계,설명문 요소,S33,no_lexical_hit,,no_lexical_hit,,not_inferred
K373,16 주얼리와 금속 부속,thin gold bangles,얇은 금색 뱅글,설명문 요소,S33,token_overlap_only,photo_prompt_electrical_relations_extension.json:prop:electric_gold_leaf_electroscope|photo_prompt_tags.json:wearable_accessory:thin_gold_chain_necklace,no_lexical_hit,,not_inferred
K374,16 주얼리와 금속 부속,metal buckles and hardware,금속 버클·하드웨어,명시 요소,S15|S28,no_lexical_hit,,token_overlap_only,photo_prompt_visual_obligations.json:commercial_appeal_revealing_armor|photo_prompt_visual_obligations.json:heritage_travel_object_construction|photo_prompt_visual_obligations.json:low_brand_prominence_material_luxury,not_inferred
K375,16 주얼리와 금속 부속,naval epaulettes,해군 견장,명시 요소,S11,no_lexical_hit,,no_lexical_hit,,not_inferred
K376,16 주얼리와 금속 부속,unreadable name tag,판독 불가능한 이름표,명시 요소,S11,token_overlap_only,photo_prompt_worldbuilding_extension.json:prop:conworld_cartography_world_survey_prop,no_lexical_hit,,not_inferred
K377,17 이미지 콘셉트,romantic Gothic tailoring,로맨틱 고딕 테일러링,명시 요소,S01,token_overlap_only,photo_prompt_subculture_extension.json:wardrobe_style:new_romantic_theatrical_tailoring|photo_prompt_tags.json:mood:romantic_decay_mood,no_lexical_hit,,not_inferred
K378,17 이미지 콘셉트,gothic Lolita fantasy,고딕 로리타 판타지,명시 요소,S02|S03,token_overlap_only,photo_prompt_tags.json:costume_style:gothic_lolita_dress,no_lexical_hit,,not_inferred
K379,17 이미지 콘셉트,dark-academia scholar,다크 아카데미아 연구자,명시 요소,S04,token_overlap_only,photo_prompt_tags.json:aesthetic_trend:dark_academia_still_life|photo_prompt_tags.json:costume_style:dark_academia_tweed_outfit|photo_prompt_tags.json:wardrobe_style:dark_academia_tweed_outfit,no_lexical_hit,,not_inferred
K380,17 이미지 콘셉트,architectural couture,건축적인 쿠튀르,명시 요소,S12|S16,no_lexical_hit,,no_lexical_hit,,not_inferred
K381,17 이미지 콘셉트,single-red-accent couture,단일 빨강 포인트 쿠튀르,명시 요소,S12|S16,no_lexical_hit,,token_overlap_only,photo_prompt_visual_obligations.json:couture_atelier_individual_construction,not_inferred
K382,17 이미지 콘셉트,minimal futuristic luxury,미니멀 미래 럭셔리,명시 요소,S15,no_lexical_hit,,no_lexical_hit,,not_inferred
K383,17 이미지 콘셉트,Korean mono-chic editorial,한국 모노 시크 화보,명시 요소,S26,no_lexical_hit,,no_lexical_hit,,not_inferred
K384,17 이미지 콘셉트,contemporary denim hanbok,현대 데님 한복,명시 요소,S21,token_overlap_only,photo_prompt_subculture_extension.json:wardrobe_style:contemporary_heisei_y2k_layers,no_lexical_hit,,not_inferred
K385,17 이미지 콘셉트,minimal hanbok evening couture,미니멀 한복 이브닝,명시 요소,S22,no_lexical_hit,,no_lexical_hit,,not_inferred
K386,17 이미지 콘셉트,modern mini hanbok,모던 미니 한복,명시 요소,S23,token_overlap_only,photo_prompt_tags.json:costume_style:modern_hanbok_editorial,no_lexical_hit,,not_inferred
K387,17 이미지 콘셉트,Japanese-inspired mini coordinate,일본풍 미니 코디,명시 요소,S24,no_lexical_hit,,no_lexical_hit,,not_inferred
K388,17 이미지 콘셉트,moon-viewing China fantasy,달맞이 중국풍 판타지,명시 요소,S44,no_lexical_hit,,no_lexical_hit,,not_inferred
K389,17 이미지 콘셉트,ethereal hanfu fantasy,몽환적인 한푸 판타지,명시 요소,S13,no_lexical_hit,,no_lexical_hit,,not_inferred
K390,17 이미지 콘셉트,white-silver princess editorial,화이트실버 프린세스 화보,명시 요소,S41,no_lexical_hit,,token_overlap_only,photo_prompt_visual_obligations_palette_applications.json:pa_bounded_metal_trim,not_inferred
K391,17 이미지 콘셉트,adult cottage layered fashion,성인 코티지 레이어드 패션,명시 요소,S37,no_lexical_hit,,token_overlap_only,photo_prompt_visual_obligations.json:underwear_as_outerwear_layer_system,not_inferred
K392,17 이미지 콘셉트,vintage collegiate styling,빈티지 컬리지 스타일,설명문 요소,S09|S33,no_lexical_hit,,no_lexical_hit,,not_inferred
K393,17 이미지 콘셉트,summer-uniform-inspired adult editorial,여름 유니폼 영감 성인 화보,명시 요소,S38,token_overlap_only,photo_prompt_tags.json:costume_style:chef_uniform_costume|photo_prompt_tags.json:costume_style:firefighter_uniform_costume|photo_prompt_tags.json:costume_style:flight_attendant_uniform_costume,token_overlap_only,photo_prompt_visual_obligations.json:underwear_as_outerwear_layer_system,not_inferred
K394,17 이미지 콘셉트,mature office styling,성숙한 오피스 스타일,명시 요소,S30,token_overlap_only,photo_prompt_tags.json:aesthetic_trend:office_siren_aesthetic,no_lexical_hit,,not_inferred
K395,17 이미지 콘셉트,bright pirate adventure,밝은 해적 모험,명시 요소,S28,no_lexical_hit,,no_lexical_hit,,not_inferred
K396,17 이미지 콘셉트,Halloween devil cosplay,할로윈 악마 코스프레,명시 요소,S27,no_lexical_hit,,no_lexical_hit,,not_inferred
K397,17 이미지 콘셉트,dark-elf armor fantasy,다크 엘프 아머 판타지,명시 요소,S14,token_overlap_only,photo_prompt_tags.json:costume_style:dark_fantasy_armor_costume|photo_prompt_tags.json:wardrobe_style:dark_fantasy_armor_costume,no_lexical_hit,,not_inferred
K398,17 이미지 콘셉트,surreal gunslinger concept,초현실 총잡이 콘셉트,명시 요소,S19,no_lexical_hit,,no_lexical_hit,,not_inferred
K399,17 이미지 콘셉트,retro cherry diner,레트로 체리 다이너,설명문 요소,S43,no_lexical_hit,,no_lexical_hit,,not_inferred
K400,17 이미지 콘셉트,quiet late-summer swim,고요한 늦여름 수영,명시 요소,S07,no_lexical_hit,,no_lexical_hit,,not_inferred
K401,17 이미지 콘셉트,candid neighborhood snapshot,동네 일상 스냅,명시 요소,S29,token_overlap_only,photo_prompt_tags.json:mood:secret_orchard_snapshot_mood,no_lexical_hit,,not_inferred
K402,17 이미지 콘셉트,shy fitting-room comedy,수줍은 피팅룸 코미디,명시 요소,S34,no_lexical_hit,,no_lexical_hit,,not_inferred
K403,18 장소와 상황,antique library in rain,비 오는 앤티크 서재,명시 요소,S04,no_lexical_hit,,no_lexical_hit,,not_inferred
K404,18 장소와 상황,sunlit vintage window,햇살 드는 빈티지 창가,설명문 요소,S05,no_lexical_hit,,no_lexical_hit,,not_inferred
K405,18 장소와 상황,blue-rose garden at sunset,노을의 푸른 장미 정원,명시 요소,S02,no_lexical_hit,,no_lexical_hit,,not_inferred
K406,18 장소와 상황,palace marble staircase,궁전 대리석 계단,명시 요소,S12,no_lexical_hit,,no_lexical_hit,,not_inferred
K407,18 장소와 상황,minimal ivory gallery,미니멀 아이보리 갤러리,명시 요소,S16,no_lexical_hit,,no_lexical_hit,,not_inferred
K408,18 장소와 상황,black moon-like studio backdrop,검정 달 원형 스튜디오,명시 요소,S13,token_overlap_only,photo_prompt_tags.json:location:dark_studio,no_lexical_hit,,not_inferred
K409,18 장소와 상황,pure-white infinite studio,퓨어화이트 무한 스튜디오,명시 요소,S15,no_lexical_hit,,no_lexical_hit,,not_inferred
K410,18 장소와 상황,liquid-metal foreground,액체 금속 전경,명시 요소,S15,no_lexical_hit,,token_overlap_only,photo_prompt_visual_obligations_fire_relations.json:fire_rel_f101,not_inferred
K411,18 장소와 상황,hanok-concrete gallery,한옥·콘크리트 갤러리,명시 요소,S21,no_lexical_hit,,no_lexical_hit,,not_inferred
K412,18 장소와 상황,moon-jar-inspired sculpture,달항아리 영감 조형물,명시 요소,S22,no_lexical_hit,,no_lexical_hit,,not_inferred
K413,18 장소와 상황,Chuseok hanok courtyard,추석 한옥 마당,명시 요소,S23,token_overlap_only,photo_prompt_tags.json:location:hanok_inner_court,token_overlap_only,photo_prompt_visual_obligations.json:hanok_madang_maru_inside_outside_relation,not_inferred
K414,18 장소와 상황,quiet contemporary art museum,고요한 현대미술관,명시 요소,S25,no_lexical_hit,,no_lexical_hit,,not_inferred
K415,18 장소와 상황,shallow pool handoff,얕은 수영장 물건 전달,설명문 요소,S06,no_lexical_hit,,token_overlap_only,photo_prompt_visual_obligations_fire_relations.json:fire_rel_f001,not_inferred
K416,18 장소와 상황,forest pool back-floating,숲속 계곡 배영 부유,명시 요소,S07,no_lexical_hit,,token_overlap_only,photo_prompt_visual_obligations.json:wuxia_bamboo_forest_aerial_duel,not_inferred
K417,18 장소와 상황,seawall encounter with a cat,방파제의 고양이 만남,명시 요소,S18,no_lexical_hit,,no_lexical_hit,,not_inferred
K418,18 장소와 상황,white piano beside a lake,호숫가 흰 피아노,명시 요소,S41,no_lexical_hit,,no_lexical_hit,,not_inferred
K419,18 장소와 상황,wooden sailing-ship deck,목조 범선 갑판,명시 요소,S28,token_overlap_only,photo_prompt_tags.json:location:sailing_ship_deck,no_lexical_hit,,not_inferred
K420,18 장소와 상황,wet naval deck before departure,출항 전 젖은 해군 갑판,명시 요소,S11,no_lexical_hit,,no_lexical_hit,,not_inferred
K421,18 장소와 상황,warm Halloween doorway,따뜻한 할로윈 현관,명시 요소,S27,no_lexical_hit,,no_lexical_hit,,not_inferred
K422,18 장소와 상황,October street-food stall,10월 붕어빵 노점,명시 요소,S29,token_overlap_only,photo_prompt_tags.json:location:street_food_stall,no_lexical_hit,,not_inferred
K423,18 장소와 상황,autumn flea market,가을 벼룩시장,설명문 요소,S31,token_overlap_only,photo_prompt_tags.json:location:flea_market|photo_prompt_tags.json:location:flea_market_table_row,no_lexical_hit,,not_inferred
K424,18 장소와 상황,bright apartment kitchen,밝은 아파트 주방,설명문 요소,S32,token_overlap_only,photo_prompt_tags.json:location:tiny_apartment_kitchen_late_night|photo_prompt_tags.json:location:bright_sofa_apartment_living_room|photo_prompt_tags.json:location:minimal_korean_living_room,no_lexical_hit,,not_inferred
K425,18 장소와 상황,upscale fitting-room curtain,고급 피팅룸 커튼,명시 요소,S34,no_lexical_hit,,no_lexical_hit,,not_inferred
K426,18 장소와 상황,warm hotel bedroom,따뜻한 호텔 침실,명시 요소,S30,no_lexical_hit,,token_overlap_only,photo_prompt_visual_obligations.json:soft_window_private_room_adult_portrait,not_inferred
K427,18 장소와 상황,rear seat at night,밤 차량 뒷좌석,설명문 요소,S35,token_overlap_only,photo_prompt_tags.json:location:gas_station_car_passenger_seat_night|photo_prompt_tags.json:location:taxi_rear_seat_interior,no_lexical_hit,,not_inferred
K428,18 장소와 상황,quiet living room,고요한 거실,설명문 요소,S36,token_overlap_only,photo_prompt_tags.json:location:bright_sofa_apartment_living_room|photo_prompt_character_moe_extension.json:location:character_transformation_dual_life_scene_location|photo_prompt_tags.json:location:gugak_instrument_rehearsal_room,token_overlap_only,photo_prompt_visual_obligations.json:low_brand_prominence_material_luxury|photo_prompt_visual_obligations.json:window_seat_daylight_activity_relation,not_inferred
K429,18 장소와 상황,sunlit sofa reading,햇살 소파 독서,설명문 요소,S39,no_lexical_hit,,no_lexical_hit,,not_inferred
K430,18 장소와 상황,bedroom letter handoff,침실 편지 전달,설명문 요소,S40,no_lexical_hit,,no_lexical_hit,,not_inferred
K431,18 장소와 상황,riverfront dinner terrace,강변 저녁 테라스,설명문 요소,S42,no_lexical_hit,,no_lexical_hit,,not_inferred
K432,18 장소와 상황,retro diner booth,레트로 다이너 부스,설명문 요소,S43,positive_phrase_hit,photo_prompt_tags.json:location:retro_diner_booth,no_lexical_hit,,not_inferred
K433,18 장소와 상황,old school staircase editorial,오래된 학교 계단 화보,명시 요소,S38,no_lexical_hit,,no_lexical_hit,,not_inferred
K434,18 장소와 상황,neutral-gray sports studio,중성 회색 스포츠 스튜디오,설명문 요소,S10,token_overlap_only,photo_prompt_tags.json:location:gray_gradient_yearbook_studio,no_lexical_hit,,not_inferred
K435,19 포즈·표정과 옷의 상호작용,hands in jeans pockets,청바지 주머니에 손 넣기,설명문 요소,S08,token_overlap_only,photo_prompt_tags.json:hand_pose:hands_in_pockets|photo_prompt_tags.json:body_pose:hands_in_pockets_stance,no_lexical_hit,,not_inferred
K436,19 포즈·표정과 옷의 상호작용,one arm raised overhead,한 팔 머리 위로 올리기,명시 요소,S17,token_overlap_only,photo_prompt_pose_vocabulary_extension.json:hand_pose:pv_arm_heart|photo_prompt_selfie_pose_extension.json:body_pose:sf_113_base|photo_prompt_pose_vocabulary_extension.json:hand_pose:pv_wrists_cross_overhead,token_overlap_only,photo_prompt_visual_obligations.json:deliberate_underarm_salience|photo_prompt_visual_obligations_cute_visual_forms.json:cv_profile_arm_heart|photo_prompt_visual_obligations.json:overhead_social_snapshot_relation,not_inferred
K437,19 포즈·표정과 옷의 상호작용,one leg bent backward,한 다리 뒤로 굽히기,명시 요소,S26,token_overlap_only,photo_prompt_reactorprompt_visual_relations_extension.json:body_pose:single_support_backward_flexed_free_leg|photo_prompt_pose_vocabulary_extension.json:body_pose:pv_arabesque|photo_prompt_pose_vocabulary_extension.json:body_pose:pv_front_lunge,token_overlap_only,photo_prompt_visual_obligations.json:contrapposto_weight_shift|photo_prompt_visual_obligations_pose_vocabulary.json:pv_profile_arabesque|photo_prompt_visual_obligations.json:balloon_curved_leg_tapered_hem,not_inferred
K438,19 포즈·표정과 옷의 상호작용,pinching a hem downward,치맛단을 아래로 당기기,명시 요소,S34,no_lexical_hit,,token_overlap_only,photo_prompt_visual_obligations.json:longline_sports_bra_extended_underband,not_inferred
K439,19 포즈·표정과 옷의 상호작용,holding a curtain edge,커튼 가장자리 잡기,명시 요소,S34,token_overlap_only,photo_prompt_tags.json:action:curtain_draw_window_pause,token_overlap_only,photo_prompt_visual_obligations.json:soft_window_private_room_adult_portrait|photo_prompt_visual_obligations.json:wrap_front_overlap_closure|photo_prompt_visual_obligations_opening_era.json:opening_rail_platform_departure,not_inferred
K440,19 포즈·표정과 옷의 상호작용,adjusting a blouse hem,블라우스 밑단 정리,명시 요소,S30,token_overlap_only,photo_prompt_clothing_structure_extension.json:garment_detail:spf_sf021_01,token_overlap_only,photo_prompt_visual_obligations.json:kebaya_front_open_blouse_sarong_system,not_inferred
K441,19 포즈·표정과 옷의 상호작용,lifting a skirt side slightly while stepping,걸으며 치마 옆 잡기,명시 요소,S23,no_lexical_hit,,no_lexical_hit,,not_inferred
K442,19 포즈·표정과 옷의 상호작용,holding a tray with both hands,양손으로 트레이 들기,설명문 요소,S06,token_overlap_only,photo_prompt_tags.json:hand_pose:holding_mug_two_hands,no_lexical_hit,,not_inferred
K443,19 포즈·표정과 옷의 상호작용,offering one wrapped candy,포장 사탕 하나 건네기,명시 요소,S27,no_lexical_hit,,no_lexical_hit,,not_inferred
K444,19 포즈·표정과 옷의 상호작용,holding a warm paper bag near the face,따뜻한 봉투를 얼굴 가까이 들기,명시 요소,S29,no_lexical_hit,,no_lexical_hit,,not_inferred
K445,19 포즈·표정과 옷의 상호작용,holding a teacup over papers,연구 자료 곁에서 찻잔 들기,명시 요소,S04,no_lexical_hit,,no_lexical_hit,,not_inferred
K446,19 포즈·표정과 옷의 상호작용,lowering sunglasses with one hand,한 손으로 선글라스 내리기,명시 요소,S15,no_lexical_hit,,no_lexical_hit,,not_inferred
K447,19 포즈·표정과 옷의 상호작용,reclining on top of a piano,피아노 위에 기대 눕기,명시 요소,S41,no_lexical_hit,,no_lexical_hit,,not_inferred
K448,19 포즈·표정과 옷의 상호작용,back-floating with relaxed arms,팔을 편하게 벌린 부유,명시 요소,S07,token_overlap_only,photo_prompt_selfie_pose_extension.json:hand_pose:sf_161_base,no_lexical_hit,,not_inferred
K449,19 포즈·표정과 옷의 상호작용,crouching toward a cat,고양이 쪽으로 웅크리기,명시 요소,S18,no_lexical_hit,,token_overlap_only,photo_prompt_visual_obligations.json:overhead_social_snapshot_relation,not_inferred
K450,19 포즈·표정과 옷의 상호작용,reaching into an upper cabinet,상부장으로 손 뻗기,설명문 요소,S32,no_lexical_hit,,no_lexical_hit,,not_inferred
K451,19 포즈·표정과 옷의 상호작용,adjusting a sock edge,양말 가장자리 정리,명시 요소,S37,token_overlap_only,photo_prompt_winter_fashion_extension.json:garment_detail:winter_wf62_v1_candidate|photo_prompt_costume_cosplay_extension.json:action:ccx_repair_detached_cuff,token_overlap_only,photo_prompt_visual_obligations_accessory_structure.json:spring_sf109_1|photo_prompt_visual_obligations_winter_fashion.json:winter_wf62_v1,not_inferred
K452,19 포즈·표정과 옷의 상호작용,wind-driven skirt and ribbons,바람에 움직이는 치마·리본,명시 요소,S02,token_overlap_only,photo_prompt_natural_environment_extension.json:action:dune_saltation_stoss_lee_migration,token_overlap_only,photo_prompt_visual_obligations_ethereal_gothic_scene.json:egr_profile_still_air_hanging_elements,not_inferred
K453,19 포즈·표정과 옷의 상호작용,subtle sea-breeze garment motion,약한 해풍의 제복 움직임,명시 요소,S11,no_lexical_hit,,no_lexical_hit,,not_inferred
K454,19 포즈·표정과 옷의 상호작용,wet fabric darkening,젖은 원단의 색 짙어짐,명시 요소,S07,token_overlap_only,photo_prompt_swimwear_extension.json:garment_detail:sw_candidate_wet|photo_prompt_water_relations_extension.json:garment_detail:water_w161,token_overlap_only,photo_prompt_visual_obligations_water_relations.json:water_rel_w006|photo_prompt_visual_obligations_portrait_fashion_exposure.json:pfe_hosiery_sheen|photo_prompt_visual_obligations_swimwear.json:sw_wet,not_inferred
K455,19 포즈·표정과 옷의 상호작용,cotton compression in seated pose,앉은 자세의 면 압축 주름,명시 요소,S37,no_lexical_hit,,token_overlap_only,photo_prompt_visual_obligations_realistic_background.json:rb_support_compression,not_inferred
K456,19 포즈·표정과 옷의 상호작용,soft lining flashes in motion,움직임 속 안감의 짧은 노출,명시 요소,S44,no_lexical_hit,,no_lexical_hit,,not_inferred
K457,19 포즈·표정과 옷의 상호작용,quiet confident direct gaze,고요하고 자신감 있는 직접 시선,명시 요소,S15|S17,token_overlap_only,photo_prompt_tags.json:expression:confident_direct_gaze,no_lexical_hit,,not_inferred
K458,19 포즈·표정과 옷의 상호작용,shy smile toward an off-camera friend,화면 밖 친구를 보는 수줍은 미소,명시 요소,S34,no_lexical_hit,,no_lexical_hit,,not_inferred
K459,19 포즈·표정과 옷의 상호작용,crescent-eye smile toward a fan,선풍기를 보며 눈웃음,명시 요소,S37,no_lexical_hit,,no_lexical_hit,,not_inferred
K460,19 포즈·표정과 옷의 상호작용,contemplative downward gaze,생각에 잠긴 아래 시선,설명문 요소,S05|S39,no_lexical_hit,,token_overlap_only,photo_prompt_visual_obligations.json:overhead_social_snapshot_relation|photo_prompt_visual_obligations_seduction_expression.json:se_profile_lash_occluded_upward_gaze,not_inferred
K461,20 재질 상태와 물리적 디테일,visible textile fibers,보이는 직물 섬유,명시 요소,S17,token_overlap_only,photo_prompt_character_appearance_extension.json:garment_detail:appearance_h018|photo_prompt_body_morphology_extension.json:garment_detail:bm_sheer_layering|photo_prompt_editing_effects_extension.json:surface_material:pe_torn_paper_edge,token_overlap_only,photo_prompt_visual_obligations.json:sheer_garment_optical_layering|photo_prompt_visual_obligations_appearance_relations.json:appearance_rel_h018|photo_prompt_visual_obligations.json:continuous_metamorphosis_source_target_bridge,not_inferred
K462,20 재질 상태와 물리적 디테일,realistic seam stitching,현실적인 봉제 스티치,명시 요소,S17,token_overlap_only,photo_prompt_subculture_extension.json:surface_material:handworked_costume_textile_surface|photo_prompt_tags.json:garment_detail:leggings_absent_center_front_seam,no_lexical_hit,,not_inferred
K463,20 재질 상태와 물리적 디테일,fabric tension across the torso,몸통을 가로지르는 원단 장력,명시 요소,S17,token_overlap_only,photo_prompt_clothing_structure_extension.json:garment_detail:spf_sf034_03|photo_prompt_photorealism_elements_extension.json:garment_detail:pr_fabric_tension_fold_attachment_candidate,token_overlap_only,photo_prompt_visual_obligations.json:cold_shoulder_cutout_topology|photo_prompt_visual_obligations_clothing_structure.json:spring_sf034_03|photo_prompt_visual_obligations_summer_fit.json:suf_sf039_v1,not_inferred
K464,20 재질 상태와 물리적 디테일,natural garment creases,자연스러운 의복 주름,명시 요소,S11|S30,token_overlap_only,photo_prompt_tags.json:surface_material:full_grain_leather_natural_variation_surface|photo_prompt_character_appearance_extension.json:garment_detail:appearance_h018|photo_prompt_photorealism_elements_extension.json:garment_detail:pr_fabric_tension_fold_attachment_candidate,token_overlap_only,photo_prompt_visual_obligations_appearance_relations.json:appearance_rel_h018|photo_prompt_visual_obligations_photorealism_elements.json:pr_fabric_tension_fold_attachment|photo_prompt_visual_obligations.json:active_skort_outer_skirt_inner_shorts,not_inferred
K465,20 재질 상태와 물리적 디테일,denim whiskering,데님 위스커링,명시 요소,S17,no_lexical_hit,,no_lexical_hit,,not_inferred
K466,20 재질 상태와 물리적 디테일,subtle denim fading,은은한 데님 페이딩,명시 요소,S17,no_lexical_hit,,no_lexical_hit,,not_inferred
K467,20 재질 상태와 물리적 디테일,long-worn treasured fabric,오래 입고 아낀 원단,명시 요소,S03,no_lexical_hit,,no_lexical_hit,,not_inferred
K468,20 재질 상태와 물리적 디테일,thread-worn black fabric,실이 닳은 검정 원단,명시 요소,S03,token_overlap_only,photo_prompt_worldbuilding_extension.json:surface_material:fictional_esoteric_world_surface_material,token_overlap_only,photo_prompt_visual_obligations_religion_iconography.json:ri_tefillin_pair,not_inferred
K469,20 재질 상태와 물리적 디테일,hand-mended frill edges,손수 보수한 프릴 끝,명시 요소,S03,no_lexical_hit,,no_lexical_hit,,not_inferred
K470,20 재질 상태와 물리적 디테일,natural travel wear,모험의 사용 흔적,명시 요소,S28,no_lexical_hit,,no_lexical_hit,,not_inferred
K471,20 재질 상태와 물리적 디테일,ragged torn fabric,불규칙하게 찢어진 원단,설명문 요소,S45,no_lexical_hit,,token_overlap_only,photo_prompt_visual_obligations.json:cold_shoulder_cutout_topology|photo_prompt_visual_obligations.json:qipao_standing_collar_diagonal_closure_system,not_inferred
K472,20 재질 상태와 물리적 디테일,frayed threads,풀린 실밥,설명문 요소,S45,positive_phrase_hit,photo_prompt_summer_clothing_structure_extension.json:garment_detail:suf_sf103_v1_candidate,positive_phrase_hit,photo_prompt_visual_obligations_summer_clothing_structure.json:suf_sf103_v1|photo_prompt_visual_obligations_summer_clothing_structure.json:suf_sf068_v1,not_inferred
K473,20 재질 상태와 물리적 디테일,suspended fabric fragments,공중에 멈춘 천 조각,설명문 요소,S45,no_lexical_hit,,token_overlap_only,photo_prompt_visual_obligations.json:adult_everyday_controlled_reveal_moment,not_inferred
K474,20 재질 상태와 물리적 디테일,curled fabric strips,말린 천 띠,설명문 요소,S45,token_overlap_only,photo_prompt_tags.json:garment_detail:frayed_trailing_bandage_edges|photo_prompt_tags.json:garment_detail:opaque_cotton_gauze_wrap_layers|photo_prompt_textile_surface_extension.json:surface_material:spf_sf078_1,token_overlap_only,photo_prompt_visual_obligations_textile_surface.json:spring_sf078_1|photo_prompt_visual_obligations_fire_relations.json:fire_rel_f150,not_inferred
K475,20 재질 상태와 물리적 디테일,realistic gravity on chains,체인의 실제 중력,명시 요소,S14,no_lexical_hit,,no_lexical_hit,,not_inferred
K476,20 재질 상태와 물리적 디테일,restrained metal reflections,절제된 금속 반사,명시 요소,S11|S14,token_overlap_only,photo_prompt_realistic_background_extension.json:texture:rb_material_response_contrast_candidate|photo_prompt_visual_grammar_extension.json:texture:vg_matte_cloth_polished_metal|photo_prompt_y2k_extension.json:surface_material:y2kr_metallic,token_overlap_only,photo_prompt_visual_obligations_appearance_relations.json:appearance_rel_h063|photo_prompt_visual_obligations_ornament_structure.json:orn_profile_gd18|photo_prompt_visual_obligations_palette_applications.json:pa_bounded_metal_trim,not_inferred
K477,21 촬영·조명·색 역할,full-length fashion framing,전신 패션 구도,명시 요소,S12|S13,no_lexical_hit,,token_overlap_only,photo_prompt_visual_obligations.json:bifurcated_one_piece_jumpsuit|photo_prompt_visual_obligations.json:v_tapered_lower_face_relation|photo_prompt_visual_obligations.json:hime_cut_structural,not_inferred
K478,21 촬영·조명·색 역할,head-to-mid-thigh portrait,머리부터 허벅지 중간 구도,명시 요소,S16,token_overlap_only,photo_prompt_portrait_composition_extension.json:composition:pc_pc13_component_4|photo_prompt_portrait_composition_extension.json:subject_framing:pc_pc14_component_4,token_overlap_only,photo_prompt_visual_obligations.json:balloon_curved_leg_tapered_hem|photo_prompt_visual_obligations_body_morphology.json:bm_thigh_volume|photo_prompt_visual_obligations_fashion_fit.json:spring_sf048_02,not_inferred
K479,21 촬영·조명·색 역할,waist-up casual crop,허리까지 생활 구도,명시 요소,S29,token_overlap_only,photo_prompt_portrait_composition_extension.json:subject_framing:pc_pc07_component_1|photo_prompt_portrait_composition_extension.json:subject_framing:pc_pc25_component_1|photo_prompt_portrait_composition_extension.json:composition:pc_pc25_component_2,token_overlap_only,photo_prompt_visual_obligations_photo_era.json:late_century_minilab_flash_print_relation|photo_prompt_visual_obligations_photorealism_elements.json:pr_casual_crop_subject_legibility|photo_prompt_visual_obligations.json:overhead_social_snapshot_relation,not_inferred
K480,21 촬영·조명·색 역할,tight upper-body editorial,타이트한 상체 화보,명시 요소,S15,no_lexical_hit,,token_overlap_only,photo_prompt_visual_obligations_portrait_fashion_exposure.json:pfe_opaque_fit,not_inferred
K481,21 촬영·조명·색 역할,low-angle couture portrait,낮은 시점의 쿠튀르,명시 요소,S12,token_overlap_only,photo_prompt_portrait_composition_extension.json:subject_framing:pc_pc07_component_1|photo_prompt_portrait_composition_extension.json:composition:pc_pc07_component_4|photo_prompt_tags.json:composition:low_angle_hero,no_lexical_hit,,not_inferred
K482,21 촬영·조명·색 역할,floor-level seaside composition,바닥 가까운 해변 구도,명시 요소,S18,no_lexical_hit,,no_lexical_hit,,not_inferred
K483,21 촬영·조명·색 역할,gentle diagonal overhead view,완만한 대각 부감,명시 요소,S07,no_lexical_hit,,token_overlap_only,photo_prompt_visual_obligations_photo_era.json:new_vision_modernist_camera_geometry,not_inferred
K484,21 촬영·조명·색 역할,50mm natural perspective,50mm 자연스러운 원근,명시 요소,S27|S41,no_lexical_hit,,token_overlap_only,photo_prompt_visual_obligations.json:diegetic_reality_invariant_failure|photo_prompt_visual_obligations.json:focus_stacked_extended_depth_composite,not_inferred
K485,21 촬영·조명·색 역할,85mm full-body studio portrait,85mm 전신 스튜디오 초상,명시 요소,S13,token_overlap_only,photo_prompt_tags.json:lens:85mm,no_lexical_hit,,not_inferred
K486,21 촬영·조명·색 역할,55mm film-like photograph,55mm 필름풍 사진,명시 요소,S02,no_lexical_hit,,no_lexical_hit,,not_inferred
K487,21 촬영·조명·색 역할,medium-format editorial character,중형 포맷 화보 감각,명시 요소,S38,token_overlap_only,photo_prompt_tags.json:lens:medium_format,no_lexical_hit,,not_inferred
K488,21 촬영·조명·색 역할,imperfect handheld phone framing,불완전한 휴대전화 구도,명시 요소,S29,no_lexical_hit,,no_lexical_hit,,not_inferred
K489,21 촬영·조명·색 역할,on-camera flash at night,밤의 직광 플래시,설명문 요소,S35|S40,token_overlap_only,photo_prompt_lighting_extension.json:light_direction:lit_direct_flash_camera_axis|photo_prompt_tags.json:capture_context:early_2000s_digicam_social_repost_capture|photo_prompt_tags.json:lighting:hard_flash,token_overlap_only,photo_prompt_visual_obligations.json:early_2000s_compact_digicam_social_repost|photo_prompt_visual_obligations.json:direct_on_camera_flash_snapshot_signature|photo_prompt_visual_obligations_visual_grammar.json:vg_frontal_flash_warm_ambient_profile,not_inferred
K490,21 촬영·조명·색 역할,warm daylight and deep shadow,따뜻한 낮빛·깊은 그림자,명시 요소,S12,token_overlap_only,photo_prompt_reactorprompt_visual_relations_extension.json:lighting:daylight_fill_flash_balance_relation|photo_prompt_realistic_background_extension.json:lighting:rb_soft_source_environment_candidate,token_overlap_only,photo_prompt_visual_obligations.json:early_2000s_compact_digicam_social_repost|photo_prompt_visual_obligations.json:katabasis_living_underworld_descent,not_inferred
K491,21 촬영·조명·색 역할,soft window backlight,부드러운 창 역광,명시 요소,S37,token_overlap_only,photo_prompt_tags.json:lighting:window_blowout_backlight|photo_prompt_tags.json:light_direction:window_blowout_backlight|photo_prompt_tags.json:lighting:misty_backlight,token_overlap_only,photo_prompt_visual_obligations.json:soft_window_private_room_adult_portrait|photo_prompt_visual_obligations_selfie_pose.json:sf_profile_171_base,not_inferred
K492,21 촬영·조명·색 역할,controlled cool studio light,제어된 차가운 스튜디오광,명시 요소,S15,token_overlap_only,photo_prompt_color_relations_extension.json:color_grading:cr_candidate_cool_highlights|photo_prompt_color_relations_extension.json:color_grading:cr_candidate_warm_highlights,token_overlap_only,photo_prompt_visual_obligations_color_relations.json:cr_cool_highlights|photo_prompt_visual_obligations_color_relations.json:cr_warm_highlights,not_inferred
K493,21 촬영·조명·색 역할,amber doorway light,호박색 현관빛,명시 요소,S27,token_overlap_only,photo_prompt_horror_extension.json:color:hr_palette_candle_cold_exterior|photo_prompt_palette_applications_extension.json:lighting:pal_app_blue_amber_mixed_light|photo_prompt_tags.json:color_grading:warm_window_amber_grade,token_overlap_only,photo_prompt_visual_obligations_horror.json:hvr_profile_palette_candle_cold_exterior|photo_prompt_visual_obligations.json:orientalist_harem_constructed_tableau,not_inferred
K494,21 촬영·조명·색 역할,upper-left spotlight,좌상단 스포트라이트,명시 요소,S13,token_overlap_only,photo_prompt_religion_iconography_extension.json:composition:ri_ganesha_chola_readable_composition|photo_prompt_religion_iconography_extension.json:composition:ri_nataraja_chola_readable_composition,token_overlap_only,photo_prompt_visual_obligations.json:butterfly_face_light_pattern|photo_prompt_visual_obligations.json:cycling_bib_shorts_strap_pad_continuity|photo_prompt_visual_obligations.json:racerback_sports_bra_strap_convergence,not_inferred
K495,21 촬영·조명·색 역할,soft high-key whites,부드러운 하이키 화이트,명시 요소,S41,no_lexical_hit,,token_overlap_only,photo_prompt_visual_obligations.json:clamshell_dual_source_portrait_light|photo_prompt_visual_obligations.json:soft_window_private_room_adult_portrait,not_inferred
K496,21 촬영·조명·색 역할,warm lantern and cool blue background,따뜻한 랜턴·차가운 파랑 배경,설명문 요소,S42,token_overlap_only,photo_prompt_lighting_extension.json:color:lit_blue_cool_ambient_warm_practical|photo_prompt_color_relations_extension.json:color:cr_advisory_temperature_separation|photo_prompt_color_relations_extension.json:color:cr_candidate_cool_foreground,token_overlap_only,photo_prompt_visual_obligations.json:blue_hour_ambient_practical_balance|photo_prompt_visual_obligations.json:early_2000s_compact_digicam_social_repost|photo_prompt_visual_obligations_color_relations.json:cr_cool_foreground,not_inferred
K497,21 촬영·조명·색 역할,restrained film grain,절제된 필름 그레인,명시 요소,S02|S29|S41,token_overlap_only,photo_prompt_editing_effects_extension.json:grain_profile:pe_coarse_film_grain|photo_prompt_editing_effects_extension.json:grain_profile:pe_fine_midtonal_grain|photo_prompt_tags.json:grain_profile:expired_film_mottle,token_overlap_only,photo_prompt_visual_obligations_realistic_background.json:rb_film_grain_choice|photo_prompt_visual_obligations_editing_effects.json:pe_coarse_film_grain_relation|photo_prompt_visual_obligations_editing_effects.json:pe_fine_midtonal_grain_relation,not_inferred
K498,21 촬영·조명·색 역할,foreground fabric occlusion,전경 천 조각 가림,설명문 요소,S45,token_overlap_only,photo_prompt_tags.json:composition:lens_partly_covered_by_foreground|photo_prompt_realistic_background_extension.json:composition:rb_foreground_occlusion_candidate|photo_prompt_sensual_fetish_fashion_extension.json:composition:sff_pro_k08,token_overlap_only,photo_prompt_visual_obligations.json:focus_stacked_extended_depth_composite|photo_prompt_visual_obligations.json:frame_within_frame_boundary_relation|photo_prompt_visual_obligations.json:split_diopter_dual_focus_planes,not_inferred
K499,21 촬영·조명·색 역할,foreground blade occlusion,전경 날 가림,명시 요소,S02,token_overlap_only,photo_prompt_realistic_background_extension.json:composition:rb_foreground_occlusion_candidate|photo_prompt_sensual_fetish_fashion_extension.json:composition:sff_pro_k08|photo_prompt_tags.json:composition:dandelion_seed_foreground_occlusion,token_overlap_only,photo_prompt_visual_obligations.json:focus_stacked_extended_depth_composite|photo_prompt_visual_obligations.json:frame_within_frame_boundary_relation|photo_prompt_visual_obligations.json:split_diopter_dual_focus_planes,not_inferred
K500,21 촬영·조명·색 역할,single saturated color accent,단일 고채도 색 포인트,명시 요소,S12|S16,token_overlap_only,photo_prompt_color_relations_extension.json:color:cr_candidate_vivid_on_muted|photo_prompt_color_relations_extension.json:color:cr_advisory_single_accent|photo_prompt_color_relations_extension.json:color:spf_sf103_04,token_overlap_only,photo_prompt_visual_obligations_color_relations.json:cr_vivid_on_muted|photo_prompt_visual_obligations_color_relations.json:spring_sf103_04|photo_prompt_visual_obligations.json:gradient_lip_center_distribution,not_inferred
K501,21 촬영·조명·색 역할,material contrast within black,검정 내부 소재 대비,명시 요소,S01|S03,token_overlap_only,photo_prompt_color_relations_extension.json:color:cr_candidate_high_value_contrast|photo_prompt_tags.json:color:monochrome|photo_prompt_tags.json:color:obsidian_antique_gold_oxblood_palette,token_overlap_only,photo_prompt_visual_obligations.json:negative_fill_shadow_deepening_relation|photo_prompt_visual_obligations.json:veiling_flare_contrast_loss_relation|photo_prompt_visual_obligations_color_relations.json:cr_high_value_contrast,not_inferred
K502,21 촬영·조명·색 역할,opaque body and sheer sleeves,불투명 몸판·반투명 소매,명시 요소,S01|S44,no_lexical_hit,,token_overlap_only,photo_prompt_visual_obligations.json:sheer_garment_optical_layering|photo_prompt_visual_obligations.json:no_makeup_makeup_layering|photo_prompt_visual_obligations.json:sheer_complexion_texture_preservation,not_inferred
K503,21 촬영·조명·색 역할,cream versus dark metal,크림색과 어두운 금속의 대비,명시 요소,S01|S44,token_overlap_only,photo_prompt_editing_effects_extension.json:color:pe_cobalt_cream_mapping,token_overlap_only,photo_prompt_visual_obligations_palette_applications.json:pa_bounded_metal_trim,not_inferred
