keyword_id,category_id,category,phrase_en,meaning_ko,origin,candidate_phrase_presence,profile_phrase_presence,candidate_neighbors,profile_neighbors,boundary_review
K001,C01,매체·사진의 정체성,candid snapshot photograph,우연히 포착된 생활 사진,확인 표현,,,slot:medium:urban_candid_photo;slot:capture_context:analog_diary_snapshot_context;slot:capture_context:photodump_candid_sequence_context;slot:medium:street_snapshot,companion_viewpoint_everyday_candid;cme_coronagraph_snapshot;early_2000s_compact_digicam_social_repost;direct_on_camera_flash_snapshot_signature,False
K002,C01,매체·사진의 정체성,everyday editorial portrait,일상 소재를 정돈해 보여주는 인물 화보,기존 제안,,,slot:capture_context:mep_environment_relation_candidate;slot:capture_context:botanical_editorial_portrait_context;slot:medium:fashion_editorial;slot:capture_context:staged_tableau_editorial_context,mep_environment_relation;adult_everyday_controlled_reveal_moment;companion_viewpoint_everyday_candid;underwear_as_outerwear_layer_system,False
K003,C01,매체·사진의 정체성,quiet environmental portrait,장소까지 읽히는 고요한 인물 사진,기존 제안,,,slot:capture_context:mep_environment_relation_candidate;slot:genre:portrait;slot:capture_context:fixed_interval_monitoring_capture;slot:medium:synthetic_being_portrait_photo,pr_environmental_portrait_subject_place;mep_environment_relation;opening_later_cafe_reading;rb_readable_environment_focus,False
K004,C01,매체·사진의 정체성,observational interior portrait,실내에서 지켜보듯 포착한 초상,기존 제안,,,slot:capture_context:street_observation_documentary_context;slot:capture_context:mep_environment_relation_candidate;slot:medium:synthetic_being_portrait_photo;slot:genre:horror,bespoke_tailoring_individual_pattern;rb_exposure_priority;water_rel_w033;rb_clean_space_plausibility,False
K005,C01,매체·사진의 정체성,restrained fashion narrative photograph,패션보다 상황과 이야기를 남기는 절제된 사진,기존 제안,,,slot:medium:fashion_editorial;slot:capture_context:staged_tableau_editorial_context;slot:capture_context:workplace_safety_audit_photo;slot:capture_context:training_manual_reference_photo,cycling_bib_shorts_strap_pad_continuity;magical_realism_matter_of_fact_anomaly;playful_flirtation_interaction;mep_garment_movement,False
K006,C01,매체·사진의 정체성,cinematic still frame,이야기 도중 멈춘 영화의 한 프레임,확인 표현,,,slot:medium:film_still;slot:medium:pr_camcorder_still_temporal_container_candidate;slot:medium:dashcam_still;slot:medium:vhs_video_frame_photo,pr_camcorder_still_temporal_container;ri_sema_motion_evidence;retail_browse_source_selection_relation;ia_profile_glasses_bridge,False
K007,C01,매체·사진의 정체성,dark fine-art portrait,어두운 톤 중심의 미술 사진,기존 제안,,,slot:genre:fine_art_portrait;slot:medium:fine_art_print;slot:capture_context:cross_polarized_birefringence_capture;slot:capture_context:mep_environment_relation_candidate,negative_fill_shadow_deepening_relation;hvr_profile_portrait_identity_discrepancy;pr_environmental_portrait_subject_place;egr_profile_arcing_branch_frame,False
K008,C01,매체·사진의 정체성,documentary-style photography,관찰 기록처럼 보이는 촬영 어조,확인 표현,,,slot:capture_context:forensic_evidence_photography_capture;slot:genre:robotics;slot:genre:artificial_life;slot:genre:architecture,,False
K009,C01,매체·사진의 정체성,luxury fashion editorial,고급 의상과 미술 연출 중심의 화보,재구성,,,slot:medium:fashion_editorial;slot:capture_context:brand_neutral_house_code_editorial;slot:capture_context:material_finish_macro_editorial;slot:capture_context:luxury_atelier_process_documentary,underwear_as_outerwear_layer_system;mep_garment_movement;decolletage_neckline_exposure;low_brand_prominence_material_luxury,False
K010,C01,매체·사진의 정체성,high-end practical movie set,실제 제작한 영화 세트처럼 구체적인 공간,확인 표현,,,slot:capture_context:flatlay_set_dressing_context,clothing_ct024_v2;food_access_budget_choice_event;motivated_practical_mixed_interior_relation;blue_hour_ambient_practical_balance,False
K011,C01,매체·사진의 정체성,unpolished phone flash photo,다듬지 않은 휴대전화 플래시 사진,기록 표현,,,slot:capture_context:room_tour_wide_phone_context;slot:capture_context:accidental_phone_snapshot;slot:capture_context:camera_lcd_rephotographed_preview_capture;slot:genre:nightlife,early_2000s_compact_digicam_social_repost;direct_on_camera_flash_snapshot_signature;pe_compact_flash_noisy_finish_relation;y2kr_disposable,False
K012,C01,매체·사진의 정체성,disposable-camera imperfections,일회용 카메라 같은 거친 촬영 흔적,재구성,,,,,False
K013,C01,매체·사진의 정체성,compressed social-media image quality,압축되고 부드러워진 SNS 이미지 감촉,기록 표현,,,slot:capture_context:social_perspective_trick_context;slot:medium:landing_hero;slot:capture_context:paper_fiber_embedded_image_context;slot:capture_context:press_flash_newsprint_context,ae_profile_lip_press;ae_profile_held_tears_lips;world_parent_separation_creation;old_growth_forest_multilayer_deadwood_structure,False
K014,C01,매체·사진의 정체성,RAW DSLR realism,자연스러운 카메라 사진 지향,확인 표현,,,slot:genre:documentary;slot:capture_context:capture_label_effect_separation;slot:capture_context:front_camera_low_light_response_advisory;slot:capture_context:cosplay_reference_realism_context,magical_realism_matter_of_fact_anomaly;uncanny_coherence_mismatch,False
K015,C01,매체·사진의 정체성,intimate personal snapshot,친한 사람이 가까이에서 찍은 사진,재구성,,,slot:capture_context:analog_diary_snapshot_context;slot:medium:street_snapshot;slot:medium:airport_fashion_snapshot;slot:medium:smartphone_snapshot,cme_coronagraph_snapshot;early_2000s_compact_digicam_social_repost;direct_on_camera_flash_snapshot_signature;yandere_affection_control_relation,False
K016,C01,매체·사진의 정체성,analog film photograph,필름 특유의 색과 질감을 지향한 사진,재구성,,,slot:medium:film_still;slot:capture_context:workplace_safety_audit_photo;slot:capture_context:training_manual_reference_photo;slot:capture_context:single_photo_not_diagram_context,mounted_slide_transparency_object_relation;contact_sheet_selection_context;water_rel_w056;water_rel_w117,False
K017,C01,매체·사진의 정체성,symbolic detail photograph,손·소품 같은 부분으로 의미를 전하는 사진,기존 제안,,,slot:capture_context:workplace_safety_audit_photo;slot:capture_context:training_manual_reference_photo;slot:capture_context:single_photo_not_diagram_context;slot:medium:campaign_photo,calotype_salted_paper_fiber_image_relation;focus_stacked_extended_depth_composite;panning_subject_tracking_motion_relation;mg_collage_edges_relation,False
K018,C01,매체·사진의 정체성,watercolor and graphite illustration,수채와 연필을 함께 쓴 일러스트,재구성,,,slot:capture_context:text_persistent_world_capture_context;slot:capture_context:spirit_jurisdiction_capture_context;slot:capture_context:timeline_capture_context;slot:capture_context:handworked_print_mount_context,pa_neutral_cobalt_owner;y2kr_angel_motif;mg_cel_artwork_relation;pfe_face_garment,True
K019,C01,매체·사진의 정체성,soft painterly rendering over clean linework,정돈된 선 위에 부드러운 회화 채색,재구성,,,slot:capture_context:blurred_screen_over_shoulder_context;slot:capture_context:botanical_editorial_portrait_context;slot:capture_context:mep_casting_front_candidate;slot:genre:artificial_life,under_eye_high_cheek_blush_distribution;computational_hdr_local_tone_balance_look;costume_ccx_cc29_01;orientalist_harem_constructed_tableau,True
K020,C01,매체·사진의 정체성,photographic subject against a printed illustration,실사 피사체와 평면 인쇄물의 매체 대비,재구성,,,slot:capture_context:cross_polarized_birefringence_capture;slot:capture_context:mep_environment_relation_candidate;slot:capture_context:camera_lcd_rephotographed_preview_capture;slot:capture_context:off_camera_companion_everyday_capture,mg_cel_artwork_relation;y2kr_angel_motif;pfe_navel;pfe_neck_foundation,False
K021,C02,컨셉·장르의 결합,gothic romantic portrait,고딕의 어두움과 낭만적인 초상,기존 제안,,,slot:wardrobe_style:dark_spaghetti_strap_top;slot:world:victorian_gothic_world;slot:costume_style:victorian_gothic_dress;slot:aesthetic_trend:sff_pro_x04,adult_central_target_romantic_rivalry_event;y2kr_blackletter;pf_brick_castle;pf_venetian_arcade,False
K022,C02,컨셉·장르의 결합,ethereal gothic,어두우면서도 가볍고 비현실적인 고딕,기존 제안,,,slot:aesthetic_trend:ethereal_dream_aesthetic;slot:wardrobe_style:ethereal_sheer_layering;slot:world:victorian_gothic_world;slot:costume_style:victorian_gothic_dress,y2kr_blackletter;pf_brick_castle;pf_venetian_arcade;decadent_languor_environment,False
K023,C02,컨셉·장르의 결합,botanical gothic,꽃과 식물로 구성하는 고딕,기존 제안,,,slot:location:botanical_greenhouse;slot:location:botanical_greenhouse_deck_floor;slot:world:victorian_gothic_world;slot:costume_style:victorian_gothic_dress,egr_profile_fabric_rosette_vs_living_flower;y2kr_blackletter;pf_brick_castle;pf_venetian_arcade,False
K024,C02,컨셉·장르의 결합,dark fairytale fashion,어두운 동화 속 의상 화보,기존 제안,,,slot:wardrobe_style:dark_spaghetti_strap_top;slot:aesthetic_trend:dark_academia_still_life;slot:aesthetic_trend:dark_feminine_aesthetic;slot:wardrobe_style:dark_feminine_black_layers,mep_garment_movement;bifurcated_one_piece_jumpsuit;decolletage_neckline_exposure;underwear_as_outerwear_layer_system,False
K025,C02,컨셉·장르의 결합,gothic sci-fi aesthetic,폐허 성당과 우주 환경의 결합,확인 표현,,,slot:costume_style:sci_fi_rebirth_bandage_wrap_costume;slot:world:near_future_nostalgia_world;slot:world:victorian_gothic_world;slot:costume_style:victorian_gothic_dress,y2kr_blackletter;heritage_travel_object_construction;pf_brick_castle;pf_venetian_arcade,False
K026,C02,컨셉·장르의 결합,celestial midnight moon-goddess editorial,심야 천체와 달의 여신 이미지,기록 표현,,,slot:costume_style:celestial_silk_ribbon_robe;slot:location:coin_laundry_midnight;slot:location:midnight_convenience_store_aisle;slot:location:hotel_front_desk_midnight,y2kr_celestial_motifs;mep_environment_relation;underwear_as_outerwear_layer_system;mep_beauty_detail,False
K027,C02,컨셉·장르의 결합,mourning couture editorial,애도와 상복의 어조를 지닌 고급 의상 화보,기존 제안,,,slot:aesthetic_trend:white_bandage_couture_aesthetic;slot:costume_style:opaque_white_bandage_couture_costume;slot:aesthetic_trend:couture_atelier_craft_aesthetic;slot:location:couture_atelier_fitting_room,couture_atelier_individual_construction;mep_environment_relation;underwear_as_outerwear_layer_system;mep_beauty_detail,False
K028,C02,컨셉·장르의 결합,gilded floral portrait,금빛 장식과 꽃으로 구성한 초상,기존 제안,,,slot:location:temple_gilded_hall;slot:world:punk_rococopunk_world_core;slot:location:sunlit_floral_room;slot:aesthetic_trend:baroque_opulent_luxury_aesthetic,hw_brocade_raised_motifs;orn_profile_gd28;hvr_profile_palette_daylight_ritual;egr_profile_gold_ground_sparse_botanical_screen,False
K029,C02,컨셉·장르의 결합,sacred portrait aesthetic,성화처럼 정적인 경건한 인상,기존 제안,,,slot:aesthetic_trend:poetcore_aesthetic;slot:costume_style:sami_gakti_regional_ensemble;slot:aesthetic_trend:poetcore_study_aesthetic;slot:aesthetic_trend:chaos_culture_photodump_aesthetic,heritage_travel_object_construction;golem_constructed_material_agency;magical_realism_matter_of_fact_anomaly;hvr_profile_portrait_identity_discrepancy,False
K030,C02,컨셉·장르의 결합,poetic decadence,아름답지만 쇠락을 품은 퇴폐적 정서,기존 제안,,,,decadent_languor_environment,False
K031,C02,컨셉·장르의 결합,dreamlike historical fantasy,옛 시대의 질감에 꿈같은 판타지 추가,기존 제안,,,slot:aesthetic_trend:ethereal_dream_aesthetic;slot:location:historical_armory_exhibit_room;slot:costume_style:commercial_revealing_fantasy_armor;slot:location:fantasy_armor_campaign_studio,wearable_protective_armor_system;jianghu_inn_identity_standoff;commercial_appeal_revealing_armor;clothing_ct149_v1,False
K032,C02,컨셉·장르의 결합,luxury fantasy hanfu-inspired gown,한푸의 실루엣을 활용한 판타지 쿠튀르,확인 표현,,,slot:world:punk_dieselpunk_world_core;slot:costume_style:hw_chemise_gown_sash_1;slot:costume_style:royal_ball_gown;slot:costume_style:commercial_revealing_fantasy_armor,low_brand_prominence_material_luxury;private_client_service_interaction;conspicuous_original_house_code_display;heritage_travel_object_construction,False
K033,C02,컨셉·장르의 결합,Chinese elegance × futuristic AI prompt culture,중국풍 우아함과 미래적 시각 기호의 충돌,기록 표현,,,slot:location:hanfu_court_garden;slot:aesthetic_trend:chaos_culture_photodump_aesthetic;slot:aesthetic_trend:repair_culture_slow_fashion;slot:world:punk_desertpunk_world_core,anthrobot_microscopic_ciliated_biobot;orientalist_harem_constructed_tableau,False
K034,C02,컨셉·장르의 결합,contemporary hanbok couture,한복의 선을 현대적 재단으로 번역,재구성,,,slot:aesthetic_trend:white_bandage_couture_aesthetic;slot:aesthetic_trend:couture_atelier_craft_aesthetic;slot:location:couture_atelier_fitting_room;slot:location:indigenous_futurisms_world_landcare_location,couture_atelier_individual_construction;hvr_profile_gothic_past_present;opening_modern_reinterpretation_layers;clothing_ct137_v2,False
K035,C02,컨셉·장르의 결합,harlequin gothic fashion,광대의 유희성과 고딕의 장식성 결합,기록 표현,,,slot:wardrobe_style:dark_spaghetti_strap_top;slot:world:punk_lunarpunk_world_core;slot:world:victorian_gothic_world;slot:costume_style:victorian_gothic_dress,y2kr_blackletter;mep_garment_movement;pf_brick_castle;bifurcated_one_piece_jumpsuit,False
K036,C02,컨셉·장르의 결합,romantic clothing in a mundane fluorescent setting,낭만적 의상과 일상 형광등 공간의 대비,재구성,,,slot:location:thrift_shop_backroom;slot:location:old_laundromat_fluorescent;slot:wardrobe_style:linen_orchard_summer_layers;slot:costume_style:hanbok_jeogori_lower_layer_system,ri_cham_mask_performer;ri_sema_motion_evidence;intentional_face_occluded_mood_portrait;ri_sanshin_old_tiger,False
K037,C02,컨셉·장르의 결합,architectural couture,의상을 건축적인 선과 면으로 설계,재구성,,,slot:aesthetic_trend:white_bandage_couture_aesthetic;slot:aesthetic_trend:couture_atelier_craft_aesthetic;slot:location:couture_atelier_fitting_room;slot:costume_style:opaque_white_bandage_couture_costume,couture_atelier_individual_construction;orn_profile_gd59;hvr_profile_gothic_past_present;rb_restrained_processing,False
K038,C02,컨셉·장르의 결합,minimal futuristic luxury,장식은 줄이고 미래적인 재질로 고급감 표현,확인 표현,,,slot:aesthetic_trend:genz_clean_minimal;slot:wardrobe_style:minimal_black_dress;slot:wardrobe_style:little_white_summer_dress;slot:location:gugak_instrument_rehearsal_room,backlit_silhouette_mass_relation;low_brand_prominence_material_luxury;private_client_service_interaction;conspicuous_original_house_code_display,False
K039,C02,컨셉·장르의 결합,sketch-to-reality transition,스케치가 실물로 변하는 경계,재구성,,,slot:location:pov_workplace_home_cost_transition_location;slot:location:pf_muqarnas_location;slot:location:miniature_scenic_fabrication_table;slot:location:mortal_divine_threshold_location,hvr_profile_metamorphosis_transition_band;hvr_profile_body_horror_uncontrolled_change;hvr_profile_werewolf_transition;pf_muqarnas,False
K040,C02,컨셉·장르의 결합,time freeze surrealism,시간 정지를 가시화하는 초현실 장면,확인 표현,,,slot:surreal_concept:surreal_ordinary_expectation_disruption;slot:location:character_observable_personality_scene_location;slot:location:local_cafe_closing_window;slot:surreal_concept:same_anchor_temporal_echo,ia_profile_experiment_log;adult_nonconsensual_sexual_violence_relation;fine_watchmaking_mechanical_finishing;split_diopter_dual_focus_planes,False
K041,C03,분위기·정서,serene melancholy,평온한 표면에 남은 우울,기존 제안,,,slot:mood:domestic_melancholy;slot:mood:haunted_melancholy;slot:mood:obsolete_melancholy;slot:mood:masked_comic_melancholy,,False
K042,C03,분위기·정서,quiet longing,소리 없이 누군가를 기다리는 그리움,기존 제안,,,slot:narrative_core:near_future_nostalgia_core;slot:mood:nostalgic_longing;slot:mood:quiet_defiance;slot:narrative_core:quiet_rebellion_core,low_brand_prominence_material_luxury;window_seat_daylight_activity_relation;uncanny_coherence_mismatch;contained_affect_self_presentation,False
K043,C03,분위기·정서,inward reverie,밖보다 내면에 잠긴 몽상,기존 제안,,,,cv_profile_lip_roll;cv_profile_hand_heart_tips;cv_profile_two_cheek_press;cv_profile_index_tip_meet,False
K044,C03,분위기·정서,wistful stillness,아쉬움이 머무는 정적,기존 제안,,,slot:mood:dormant_stillness;slot:mood:sacred_stillness;slot:mood:predatory_stillness;slot:mood:clinical_stillness,mep_poised_support,False
K045,C03,분위기·정서,hushed intimacy,작은 목소리의 거리처럼 조용한 친밀함,기존 제안,,,slot:mood:fragile_intimacy_mood;slot:narrative_core:fragile_intimacy_core;slot:mood:quiet_everyday_intimacy;slot:narrative_core:ai_companion_core,adult_nonconsensual_sexual_violence_relation;ottoman_imperial_harem_household_complex,False
K046,C03,분위기·정서,fragile elegance,쉽게 무너질 듯한 섬세한 우아함,기존 제안,,,slot:mood:fragile_intimacy_mood;slot:narrative_core:fragile_intimacy_core;slot:mood:vulnerable_glamour;slot:mood:serene_traditional,,False
K047,C03,분위기·정서,dignified vulnerability,품위를 잃지 않은 연약함,기존 제안,,,slot:mood:dignified_downfall;slot:mood:historical_dignified,fictional_human_remains_inert_dignity;adult_human_trafficking_exploitation_chain;adult_nonconsensual_sexual_violence_relation;contained_affect_self_presentation,False
K048,C03,분위기·정서,bittersweet nostalgia,따뜻함과 아쉬움이 섞인 향수,기존 제안,slot:mood:bittersweet_nostalgia,,slot:mood:bittersweet_nostalgia;slot:narrative_core:near_future_nostalgia_core;slot:mood:nostalgic_classroom;slot:mood:focused,inaccessible_target_longing_relation,False
K049,C03,분위기·정서,delicate unease,불안이 희미하게 느껴지는 분위기,기존 제안,,,slot:mood:ritual_unease;slot:mood:surveilled_unease;slot:mood:friendly_unease;slot:mood:surveillance_unease,uncanny_coherence_mismatch,False
K050,C03,분위기·정서,faded grandeur,빛이 바랜 웅장함,기존 제안,,,slot:mood:sacred_grandeur;slot:mood:romantic_decay_mood;slot:narrative_core:broken_luxury_core;slot:narrative_core:romantic_decay_core,egr_profile_dried_curled_petals;hvr_profile_palette_display_limited;y2kr_warm_denim_palette;appearance_rel_h018,False
K051,C03,분위기·정서,ceremonial calm,의식 도중의 엄숙하고 정돈된 고요,기존 제안,,,slot:mood:ceremonial_loneliness;slot:mood:ceremonial_confinement;slot:mood:ritual_composure;slot:mood:regal_command,clothing_ct151_v1;subject_field_negative_space_relation;deliberate_arson_causality;kuudere_composed_warmth_relation,False
K052,C03,분위기·정서,dreamlike detachment,현실에서 조금 떨어져 있는 듯한 감정,기존 제안,,,slot:mood:forensic_detachment;slot:mood:clinical_machine;slot:mood:clinical_detachment;slot:mood:professional_detachment,,False
K053,C03,분위기·정서,trancelike serenity,몰입한 듯 깊고 고요한 상태,기록 표현,,,,,False
K054,C03,분위기·정서,quiet after tears,울음이 지난 뒤의 조용한 여운,기록 표현,,,slot:mood:quiet_afterglow;slot:mood:quiet_defiance;slot:narrative_core:quiet_rebellion_core;slot:mood:quiet_dread,contained_affect_self_presentation;ae_profile_held_tears_lips;low_brand_prominence_material_luxury;under_eye_high_cheek_blush_distribution,False
K055,C03,분위기·정서,restrained sadness,과장하지 않는 슬픔,재구성,,,slot:mood:domestic_melancholy;slot:mood:haunted_melancholy;slot:mood:pre_event_nerves;slot:mood:quiet_dread,rb_restrained_processing;rb_film_grain_choice;cr_low_chroma;autochrome_glass_transparency_color_screen,False
K056,C03,분위기·정서,warm genuine happiness,꾸민 표정보다 진짜 기쁜 순간의 인상,확인 표현,,,slot:mood:hopeful;slot:narrative_core:tender_chaos_core;slot:mood:tender_chaos_mood,yandere_affection_control_relation;cr_cool_foreground;cr_cool_subject;cr_warm_foreground,False
K057,C03,분위기·정서,accidental and intimate,우연히 찍혀서 더 친밀한 감정,확인 표현,,,slot:mood:dark_intimate_gothic_tension;slot:mood:intimate;slot:mood:smoky_intimate;slot:mood:vulnerable_glamour,graphic_negative_space_eyeliner;intentional_face_occluded_mood_portrait;mughal_zenana_courtyard_household;ottoman_imperial_harem_household_complex,False
K058,C03,분위기·정서,mischievous theatricality,장난스럽고 무대 같은 즐거움,재구성,,,,,False
K059,C03,분위기·정서,"cold, confident, sleek",차갑고 자신 있으며 매끈한 분위기,재구성,,,slot:mood:clinical,water_rel_w014;cold_shoulder_cutout_topology;wet_damp_clumped_hair_state;occupied_housing_habitability_mitigation_relation,False
K060,C03,분위기·정서,beauty hidden inside loneliness,고독 속에서 발견되는 아름다움,기록 표현,,,slot:mood:retro_public_loneliness;slot:mood:ceremonial_loneliness;slot:mood:mystic_tide_loneliness;slot:mood:wandering_loneliness,mep_beauty_detail;hogarth_waving_line_of_beauty;hvr_profile_forest_occluded_depth;mep_hair_outline,False
K061,C04,감정의 이중성·인물성,aristocratic composure,흔들리지 않는 귀족적 태도,기록 표현,,,slot:intent_state:guarded_royal_composure;character_response_concept:kuudere,adult_mesugaki_status_play;kuudere_composed_warmth_relation,False
K062,C04,감정의 이중성·인물성,wounded dignity,상처받았지만 지키려는 품위,기록 표현,,,slot:action:poised_standing;slot:narrative_phase:after_exile,armed_conflict_protected_status_breach;fictional_human_remains_inert_dignity,False
K063,C04,감정의 이중성·인물성,restrained amusement,노골적인 웃음 대신 억제된 재미,재구성,,playful_flirtation_interaction,slot:intent_state:restrained_resolve;slot:expression:restrained_resolve_expression;slot:action:character_gap_contrast_scene_action;slot:expression:small_asymmetric_closed_lip_target_smile,playful_flirtation_interaction;rb_restrained_processing;rb_film_grain_choice;cr_low_chroma,False
K064,C04,감정의 이중성·인물성,competitive pride,상대를 의식하는 경쟁심 섞인 자존심,기록 표현,,,slot:expression:fierce_competitive_glare;slot:narrative_core:community_ritual_core,,False
K065,C04,감정의 이중성·인물성,curiosity beneath composure,평정 아래 새어 나오는 호기심,재구성,,,slot:intent_state:guarded_royal_composure;character_response_concept:kuudere;slot:gaze_engagement:se_lash_occluded_upward_gaze;slot:action:water_w147,adult_mesugaki_status_play;kuudere_composed_warmth_relation;clothing_ct072_v1;clothing_ct155_v1,False
K066,C04,감정의 이중성·인물성,embarrassment beneath defiance,반항적인 태도 아래 보이는 부끄러움,재구성,,,slot:expression:jaw_set_embarrassment;slot:narrative_core:quiet_rebellion_core;slot:gaze_engagement:se_lash_occluded_upward_gaze;slot:action:water_w147,embarrassment_repair_display;clothing_ct072_v1;clothing_ct155_v1;clothing_ct128_v1,False
K067,C04,감정의 이중성·인물성,confidence interrupted for a heartbeat,찰나에 끊긴 자신감,재구성,,,slot:expression:ctx_c051;slot:concept_tension:urban_vs_wilderness_tension;slot:action:ctx_self_worn_familiarity;slot:action:blade_guarded_ready_pose,contained_affect_self_presentation;temptation_goal_conflict_choice;wet_surface_light_reflection_owner_relation;decision_uncertainty_display,False
K068,C04,감정의 이중성·인물성,a smile she is trying not to show,숨기려다 새어 나오는 미소,확장 제안,,,slot:expression:trying_not_to_smile;slot:expression:pv_asymmetric_mouth;slot:expression:pv_smile_teeth;slot:action:ed_rain_threshold_candidate,affiliative_reassurance_smile;embarrassment_repair_display;achievement_reward_smile;material_replacement_deferral_repair_cycle,False
K069,C04,감정의 이중성·인물성,relief before she realizes it,스스로 자각하기 전에 드러난 안도,재구성,,,slot:action:hunter_gate_breach_recovery_action;slot:action:field_relief_blanket_wrap;slot:narrative_phase:surface_finishing_inspection_phase;slot:expression:relief_after_partner_safe,verified_safety_relief;clothing_ct120_v1;pfe_covered_underlayer_relief;bm_cellulite_relief,False
K070,C04,감정의 이중성·인물성,an unfinished reply,끝맺지 못한 대답이 남긴 순간,재구성,,,slot:action:ctx_c121;slot:gaze_engagement:returned_gaze_mid_partial_turn;slot:action:tool_contact_active_process_visible_result;slot:narrative_phase:locomotion_counterturn_midphase,production_gap_behind_scenes;embodied_corruption_transition;decadent_languor_environment;necromancer_dead_causality,False
K071,C04,감정의 이중성·인물성,eyes lifting before the head moves,머리는 그대로이고 눈만 먼저 움직임,재구성,,,slot:action:tail_lifting_before_sitting;slot:body_orientation:pv_shoulder_raise;slot:gaze_target:hr_offscreen_reaction_vector;slot:expression:egr_off_camera_upward_eyeline,hvr_profile_offscreen_reaction_vector;egr_profile_off_camera_upward_eyeline;ia_profile_gaze_reference;pc_pc02_owner_relation,False
K072,C04,감정의 이중성·인물성,body refusing to retreat,마음은 흔들려도 몸은 물러서지 않음,재구성,,,slot:intent_state:refusing_to_acknowledge;slot:action:vc_interpersonal_action_chain;slot:action:measuring_shoreline_retreat;slot:body_orientation:hr_possession_agency_split,interpersonal_credible_threat_relation;other_owned_object_covetous_approach;opening_wall_phone_separate_receiver;ri_sphinx_greek,False
K073,C04,감정의 이중성·인물성,intelligence without theatrical posing,과장된 천재 포즈 없이 느껴지는 지성,재구성,,,slot:concept_tension:analog_vs_ai_tension;slot:action:refining_new_romantic_club_look;slot:action:preparing_and_performing_visual_kei_set;slot:action:posing_editorial,hvr_profile_grand_guignol_stage_artifice;kuudere_composed_warmth_relation;local_legend_site_transmission;mep_garment_clearance,False
K074,C04,감정의 이중성·인물성,presence rather than overt beauty,외모 수식보다 자세와 시선으로 존재감 형성,기록 표현,,,slot:action:des_covetous_overt_claim_action;slot:narrative_core:civic_solarpunk_world_narrative_core;slot:narrative_core:fictional_esoteric_world_narrative_core;slot:narrative_core:afrofuturist_world_narrative_core,human_ghost_identity_breach;self_possessed_sensual_presence;other_owned_object_covetous_approach;hvr_profile_recording_local_discrepancy,False
K075,C04,감정의 이중성·인물성,unforced self-possession,억지로 권위를 연기하지 않는 침착함,재구성,,,,,False
K076,C04,감정의 이중성·인물성,affection disguised as annoyance,짜증으로 감추는 호감,확장 제안,,,slot:intent_state:delivering_help_disguised_as_complaint;character_response_concept:yandere;slot:narrative_core:media_mix_narrative_core;slot:action:styled_flatlay_arrangement,yandere_affection_control_relation;pr_atmospheric_distance_contrast;hw_tippet_back_sleeve;y2kr_anklet,False
K077,C04,감정의 이중성·인물성,softness beneath authority,권위 아래 남아 있는 다정함,확장 제안,,,slot:emotional_contradiction:authority_without_agency;slot:action:lounging_throne_pose;slot:narrative_core:fictional_esoteric_world_narrative_core;slot:narrative_core:conlang_conculture_world_narrative_core,pr_object_contact_shadow_support;pc_pc19_owner_relation;resource_control_acquisition_event;controlled_execution_custody_causality,False
K078,C04,감정의 이중성·인물성,fatigue without defeat,지쳤지만 패배하지 않은 기색,재구성,,,slot:action:character_competence_vulnerability_scene_action;slot:action:vc_coercive_control_action;slot:action:chaoskampf_defeat_order_action;slot:expression:hr_mouth_eye_affect_split,burglary_forced_entry_crime_event;chaoskampf_cosmogonic_ordering;smoky_eye_diffused_gradient;under_eye_high_cheek_blush_distribution,False
K079,C04,감정의 이중성·인물성,"one specific person, not a generic idealized model",개별적인 습관을 지닌 인물로 묘사,재구성,,,slot:action:bamboo_forest_aerial_duel_exchange;slot:narrative_phase:dead_consultation_before_answer;slot:narrative_phase:former_identity_recognition;slot:action:jacket_lapel_settle_action,interpersonal_credible_threat_relation;human_digital_twin_bidirectional_sync;human_ghost_identity_breach;mep_tether_review,False
K080,C04,감정의 이중성·인물성,a habitual gesture caught unnoticed,자기도 모르게 나온 평소 습관,재구성,,,slot:expression:caught_softening;slot:action:dancing_shortform;slot:intent_state:caught_in_kindness;slot:action:turning_back,pr_camcorder_still_temporal_container;hvr_profile_psychological_record_conflict;hvr_profile_occult_directed_ritual;hvr_profile_summoning_center_intrusion,False
K081,C05,눈·입·표정의 미세 연출,half-lidded gaze,눈꺼풀이 조금 내려온 느린 시선,기존 제안,,,slot:expression:half_lidded_menacing_distant_gaze;slot:expression:engaged_lowered_lid_target_gaze;slot:eye_detail:sleepy_half_lidded_eyes;slot:expression:pv_half_lidded,adult_mesugaki_status_play;mep_gaze_target;hvr_profile_dramatic_irony_unseen_back;opening_later_cafe_reading,False
K082,C05,눈·입·표정의 미세 연출,softly lowered eyelids,힘을 빼고 살짝 낮춘 눈꺼풀,기존 제안,,,slot:expression:ae_sultry_variant;slot:expression:sca_f03;slot:expression:ae_squinch;slot:expression:hr_kuchisake_mask_reveal,sca_f03;clothing_ct097_v1;y2kr_pastel_nails;ae_profile_squinch,False
K083,C05,눈·입·표정의 미세 연출,relaxed straight brows,힘을 뺀 곧은 눈썹,기존 제안,,,slot:brow_style:soft_straight_low_arch_brow;slot:expression:egr_neutral_lowered_upper_lids;slot:brow_style:soft_brushed_up_brow;slot:brow_style:subtly_bleached_pale_brow,egr_profile_neutral_lowered_upper_lids;contrapposto_weight_shift;egr_profile_relaxed_lip_separation;hvr_profile_sunken_eye_socket,False
K084,C05,눈·입·표정의 미세 연출,softly parted lips,아주 조금 벌어진 입술,기존 제안,,,slot:expression:pv_parted_lips;slot:expression:ae_pucker;slot:expression:ae_lip_press;slot:expression:ae_held_tears_lips,costume_ccx_cc02_02;clothing_ct097_v1;y2kr_pastel_nails;calotype_salted_paper_fiber_image_relation,False
K085,C05,눈·입·표정의 미세 연출,neutral mouth corners,웃지도 찡그리지도 않은 입꼬리,기존 제안,,,slot:expression:ae_mouth_down;slot:expression:ae_deadpan_form;slot:expression:hr_mouth_eye_affect_split;slot:expression:hr_extended_smile_geometry,ae_profile_mouth_down;hvr_profile_reflection_pose_disagreement;hvr_profile_mouth_eye_affect_split;cv_profile_toothy_smile,False
K086,C05,눈·입·표정의 미세 연출,subtle asymmetry of expression,양쪽이 완벽히 같지 않은 미세 표정,기존 제안,,,slot:expression:pv_asymmetric_mouth;slot:expression:restrained_resolve_expression;slot:expression:obsessive_tender_smile;slot:eye_detail:subtle_heterochromia,relativistic_accretion_disk_visualization;posterior_lumbosacral_landmarks;subject_field_negative_space_relation;y2kr_fine_body_shimmer,False
K087,C05,눈·입·표정의 미세 연출,unforced facial expression,표정을 만들려고 하지 않는 인상,기존 제안,,,slot:expression:facial_display_native_readability;slot:expression:appearance_h093;slot:expression:pv_puffed_cheeks;slot:expression:sca_f03,pfe_face_garment;cv_profile_puffed_cheeks;bm_facial_asymmetry;pc_pc16_owner_relation,False
K088,C05,눈·입·표정의 미세 연출,natural eye smile,눈가가 함께 움직이는 자연스러운 미소,확인 표현,,,slot:expression:ctx_c043;slot:expression:pv_smile_closed;slot:expression:ae_coquettish_variant;slot:expression:ae_smize,uncanny_coherence_mismatch;restrained_polished_natural_makeup_balance;sv_pupil_heart_motif;graphic_negative_space_eyeliner,False
K089,C05,눈·입·표정의 미세 연출,eyes naturally closed from laughing,웃음 때문에 자연스럽게 감긴 눈,재구성,,,slot:expression:eyes_closed_serene;slot:expression:pv_eyes_closed;slot:gaze_engagement:eyes_closed_serene;slot:expression:small_asymmetric_closed_lip_target_smile,mep_casting_profile;rear_curtain_flash_motion_trace;y2kr_hoops;opening_later_cafe_reading,False
K090,C05,눈·입·표정의 미세 연출,a real uncontrollable laugh,포즈로 흉내 낸 미소가 아닌 터진 웃음,확인 표현,,,slot:expression:candid_laugh;slot:expression:ae_slack_jaw;slot:eye_detail:sca_f05_central;slot:expression:cv_small_o_mouth,new_vision_modernist_camera_geometry;pf_mirror_gallery;computational_hdr_local_tone_balance_look;architectural_threshold_frame_depth_relation,False
K091,C05,눈·입·표정의 미세 연출,small knowing smile,상황을 알고 있다는 작은 미소,확인 표현,slot:expression:ctx_c120,,slot:expression:ctx_c120;slot:expression:mature_knowing_smile;slot:expression:ae_polite_smile;slot:expression:ae_bashful_direct,cv_profile_smile_tears;affiliative_reassurance_smile;embarrassment_repair_display;achievement_reward_smile,False
K092,C05,눈·입·표정의 미세 연출,soft sleepy smile,졸음이 남은 부드러운 미소,확인 표현,,,slot:expression:pv_smile_closed;slot:expression:soft_smile;slot:expression:obsessive_tender_smile;slot:eye_detail:sleepy_half_lidded_eyes,affiliative_reassurance_smile;cv_profile_smile_tears;round_compact_face_relation;achievement_reward_smile,False
K093,C05,눈·입·표정의 미세 연출,curious head-tilt with bright eyes,고개 기울임과 밝아진 눈으로 보이는 호기심,확인 표현,,,slot:eye_detail:glossy_wet_catchlight_eyes;slot:eye_detail:catlike_narrow_eye_shape;slot:expression:painted_smile_sad_eyes;slot:expression:round_unblinking_bird_gaze,diffusion_filter_highlight_halation;y2kr_wet_hair;mep_gaze_target;ca_facial_color_mask,False
K094,C05,눈·입·표정의 미세 연출,mischievous impish grin,장난을 궁리하는 듯한 짓궂은 미소,확인 표현,,,slot:expression:bright_refreshing_grin,affiliative_reassurance_smile,False
K095,C05,눈·입·표정의 미세 연출,subtly flushed cheeks,볼에만 약하게 오른 홍조,재구성,,,slot:brow_style:subtly_bleached_pale_brow;slot:expression:pv_puffed_cheeks;slot:expression:ae_smize;slot:expression:ae_duchenne_shape,rb_repair_patch_locality;egr_profile_gold_leaf_like_bounded_panel;oval_face_contour_relation;cv_profile_puffed_cheeks,False
K096,C05,눈·입·표정의 미세 연출,lower lip trembling,감정을 참으며 미세하게 떨리는 아랫입술,기록 표현,,,slot:expression:ae_lip_bite;slot:expression:egr_relaxed_lip_separation;slot:expression:ae_lip_press;slot:expression:ctx_c126,bm_lip_volume;ae_profile_lip_press;egr_profile_relaxed_lip_separation;sca_local_dark_lip_contrast,False
K097,C05,눈·입·표정의 미세 연출,lips pressed closed,할 말을 삼킨 듯 닫힌 입술,기록 표현,,,slot:expression:ae_lip_press;slot:expression:ae_held_tears_lips;slot:expression:pv_smile_closed;slot:expression:pv_puffed_cheeks,ae_profile_lip_press;ae_profile_held_tears_lips;cv_profile_closed_smile;hvr_profile_pallor_local_color,False
K098,C05,눈·입·표정의 미세 연출,a brief widening of the eyes,짧게 커진 눈으로 표현한 놀람,기록 표현,,,slot:expression:egr_off_camera_upward_eyeline;slot:expression:se_upper_lid_dominant_half_lid;slot:expression:sv_upward_pupils;slot:expression:sv_inward_pupils,pfe_hem_foundation;clothing_ct017_v1;clothing_ct047_v2;clothing_ct013_v2,False
K099,C05,눈·입·표정의 미세 연출,jaw set but relaxed,의지는 보이되 악물지 않은 턱,기록 표현,,,slot:expression:relaxed_open_mouth_smile;slot:expression:egr_relaxed_lip_separation;slot:expression:ae_set_jaw;slot:expression:ae_slack_jaw,upper_face_to_chin_taper_relation;verified_safety_relief;egr_profile_relaxed_lip_separation;square_face_contour_relation,False
K100,C05,눈·입·표정의 미세 연출,mouth at rest after a brief laugh,웃음이 끝난 뒤 입만 먼저 쉬는 순간,재구성,,,slot:expression:candid_laugh;slot:expression:ae_smile_tears;slot:expression:ae_lip_bite;slot:expression:ae_deadpan_form,embarrassment_repair_display;sw_scoopback;pv_profile_ballet_fifth_arms_overhead;pc_pc03_owner_relation,False
K101,C06,시선·관계·관객의 위치,upward off-camera gaze,화면 밖 위쪽 대상을 바라봄,기존 제안,,,slot:gaze_engagement:pv_gaze_offcamera;slot:gaze_engagement:se_lash_occluded_upward_gaze;slot:gaze_engagement:pv_gaze_up;slot:capture_context:off_camera_companion_everyday_capture,egr_profile_off_camera_upward_eyeline;se_profile_lash_occluded_upward_gaze;companion_viewpoint_everyday_candid;overhead_social_snapshot_relation,False
K102,C06,시선·관계·관객의 위치,distant contemplative gaze,먼 곳을 생각에 잠겨 바라봄,기존 제안,,,slot:gaze_target:gaze_to_distant_horizon;slot:capture_context:long_lens_observation_capture;slot:capture_context:collocated_air_sensor_capture;slot:gaze_target:gaze_past_attendants,rb_distance_haze;hvr_profile_tunnel_two_exit_limits;water_rel_w018;water_rel_w052,False
K103,C06,시선·관계·관객의 위치,quiet inward focus,특정 외부 대상보다 생각에 집중한 시선,기존 제안,,,slot:capture_context:fixed_roi_time_series_capture;slot:capture_context:microscopy_measurement_capture;slot:relational_action:hr_folk_horror_collective_boundary;slot:capture_context:capture_label_effect_separation,low_brand_prominence_material_luxury;pictorialist_handworked_print_relation;mep_product_hero;mep_beauty_detail,False
K104,C06,시선·관계·관객의 위치,lowered gaze toward flowers,꽃으로 눈길을 내려 차분함 형성,기존 제안,,,slot:relational_action:ia_listening_reference;slot:gaze_target:gaze_toward_empty_throne;slot:gaze_target:toward_handheld_object_gaze;slot:gaze_target:off_frame_light_gaze,target_directed_seductive_display;ia_profile_listening_reference;mep_gaze_target;ed_shared_phone,False
K105,C06,시선·관계·관객의 위치,direct eye contact above lowered sunglasses,살짝 내린 선글라스 위로 눈을 맞춤,확인 표현,,,slot:gaze_engagement:pv_gaze_direct;slot:gaze_engagement:eyes_closed_serene;slot:gaze_engagement:ia_over_glasses;slot:gaze_engagement:pv_gaze_up,ia_profile_over_glasses;y2kr_shield;y2kr_bug_eye;sca_f03,False
K106,C06,시선·관계·관객의 위치,over-the-shoulder glance,몸은 다른 곳에 두고 어깨 너머로 돌아봄,재구성,,pfe_back_face,slot:gaze_engagement:pc_pc04_component_3;slot:gaze_engagement:pv_side_eye;slot:gaze_target:over_shoulder_back_gaze;slot:gaze_target:pc_pc17_component_3,pfe_back_face;playful_flirtation_interaction;companion_viewpoint_everyday_candid;pc_pc17_owner_relation,False
K107,C06,시선·관계·관객의 위치,first-person eye position,관객의 눈높이에서 바라보는 시점,기록 표현,,,slot:capture_context:first_person_hand_interaction_context;slot:gaze_target:hr_doll_gaze_relation;slot:gaze_target:pc_pc17_component_3;slot:relational_action:pv_circle_group,sv_left_right_pupil_relation;split_face_light_pattern;bm_scapular_relief;hvr_profile_doll_gaze_relation,False
K108,C06,시선·관계·관객의 위치,photographed by a friend sitting across from her,맞은편 친구가 찍는 거리와 관계,재구성,,,slot:capture_context:off_camera_companion_everyday_capture;slot:relational_action:two_people_sitting_without_words;slot:capture_context:fan_side_public_event_telephoto_capture;slot:relational_action:sliding_chart_across_counter,pv_profile_cross_shins_seated_surface;mg_field_gradient_relation;ri_artemis_bow_quiver;mg_hud_layout_relation,False
K109,C06,시선·관계·관객의 위치,conversational distance,대화 중인 상대 정도의 심리적 거리,재구성,,,slot:distance_narrative:back_to_back_truce;slot:distance_narrative:doorway_threshold_distance;slot:distance_narrative:one_seat_gap;slot:distance_narrative:one_step_hesitation,water_rel_w179;mg_offset_contours_relation;gallery_viewer_art_attention_relation;cr_atmospheric_color,False
K110,C06,시선·관계·관객의 위치,observed from a quiet distance,개입하지 않고 조금 떨어져 관찰,재구성,,,slot:viewer_position:hr_voyeuristic_occluded_view;slot:capture_context:passenger_seat_observed_candid;slot:relational_action:pr_observed_action_trace_candidate;slot:capture_context:wreck_survey_documentation_capture,hvr_profile_voyeuristic_occluded_view;low_brand_prominence_material_luxury;pr_observed_action_trace;water_rel_w179,False
K111,C06,시선·관계·관객의 위치,attention fixed on someone outside the frame,화면 밖 상대에게 집중하는 시선,재구성,,,slot:capture_context:task_tool_result_same_frame_capture;slot:capture_context:reflection_only_apparition_wide_capture;slot:capture_context:local_press_recognition_capture;slot:relational_action:guiding_attention_to_task_contact_point,local_legend_site_transmission;primary_secondary_figure_ground_hierarchy;retail_browse_source_selection_relation;pr_fixed_surveillance_observation,False
K112,C06,시선·관계·관객의 위치,gaze following the fingertip,손끝이 가리키는 대상을 눈으로 따라감,재구성,,,slot:gaze_target:mep_gaze_target_candidate;slot:gaze_engagement:pv_gaze_offcamera;slot:gaze_target:toward_reflection_self_gaze;slot:gaze_engagement:se_lash_occluded_upward_gaze,cv_profile_cheek_poke;se_profile_small_garment_fold_pinch;pv_profile_fingertip_touch;ia_profile_glasses_bridge,False
K113,C06,시선·관계·관객의 위치,looking past the camera,카메라를 넘어 뒤쪽을 바라봄,확장 제안,,,slot:gaze_engagement:looking_just_past_lens;slot:gaze_engagement:looking_back_over_shoulder_gaze;slot:gaze_target:gaze_past_attendants;slot:gaze_target:pc_pc06_component_2,hw_francaise_free_back;sw_crossback;appearance_rel_h001;water_rel_w050,False
K114,C06,시선·관계·관객의 위치,caught just as she notices the viewer,관객의 존재를 알아챈 찰나,재구성,,,slot:viewer_position:viewer_as_recipient;slot:viewer_position:viewer_as_summoner;slot:viewer_position:viewer_as_contract_party;slot:viewer_position:viewer_as_records_auditor,gallery_viewer_art_attention_relation;clothing_ct050_v1;hw_shelf_bustle;pr_camcorder_still_temporal_container,False
K115,C06,시선·관계·관객의 위치,viewer at the threshold,방 안에 들어가기 직전 문턱의 시점,확장 제안,,,slot:viewer_position:viewer_at_palace_threshold;slot:distance_narrative:threshold_one_inside;slot:viewer_position:viewer_as_summoner;slot:viewer_position:viewer_as_recipient,target_directed_seductive_display;hvr_profile_gothic_past_present;hvr_profile_revenant_corporeal_return;gallery_viewer_art_attention_relation,False
K116,C06,시선·관계·관객의 위치,a partially hidden observer,전경에 일부 가려진 관찰자의 시점,재구성,,,slot:relational_action:cropped_companion_visible_contact_relation;slot:viewer_position:viewer_hidden_behind_screen;slot:gaze_engagement:pc_pc11_component_3;slot:gaze_engagement:phone_covering_face_gaze,hvr_profile_giallo_partial_witness;hvr_profile_laboratory_observation_barrier;hvr_profile_cosmic_incompatible_scale;pr_casual_crop_subject_legibility,False
K117,C06,시선·관계·관객의 위치,intimate but non-intrusive framing,가깝지만 들이대지 않는 프레이밍,재구성,,,slot:capture_context:front_camera_low_light_response_advisory;slot:relational_action:threshold_invitation_with_adult_response;slot:capture_context:hr_grand_guignol_stage_artifice;slot:capture_context:urban_occult_capture_context,hime_cut_structural;cr_color_framing;clothing_ct040_v2;pc_pc12_owner_relation,False
K118,C06,시선·관계·관객의 위치,mutual attention without a posed smile,미소 연기 없이 서로에게 향한 주의,재구성,,,slot:capture_context:local_press_recognition_capture;slot:relational_action:hr_seance_shared_focus;slot:relational_action:guiding_attention_to_task_contact_point;slot:capture_context:task_tool_result_same_frame_capture,affiliative_reassurance_smile;achievement_reward_smile;primary_secondary_figure_ground_hierarchy;cv_profile_closed_smile,False
K119,C06,시선·관계·관객의 위치,looking away while the body remains open,시선은 피하지만 몸은 닫히지 않음,확장 제안,,,slot:relational_action:offering_ticket_while_looking_away;slot:gaze_target:to_partner_face_then_away;slot:gaze_engagement:looking_away_off_frame;slot:distance_narrative:turned_away_shared_bench,pfe_volume_contrast;ed_clean_room_reset;se_profile_edge_on_hand_to_camera;opening_western_blouse_reference,False
K120,C06,시선·관계·관객의 위치,the camera occupies a meaningful position,이야기상 이유가 있는 카메라 위치,재구성,,,slot:relational_action:pv_circle_group;slot:viewer_position:hr_voyeuristic_occluded_view;slot:relational_action:hr_slasher_pursuit_corridor;slot:capture_context:off_camera_companion_everyday_capture,pc_pc16_owner_relation;companion_viewpoint_everyday_candid;new_vision_modernist_camera_geometry;pr_casual_crop_subject_legibility,False
K121,C07,몸의 선·포즈·균형,relaxed dropped shoulders,힘이 빠져 자연스럽게 내려온 어깨,기존 제안,,,slot:body_orientation:axial_elongation_relaxed_shoulders;slot:body_pose:contrapposto_full_body;slot:silhouette_proportion:oversized_design_ease_relation;slot:silhouette_proportion:dropped_low_waistline,contrapposto_weight_shift;egr_profile_relaxed_lip_separation;egr_profile_neutral_lowered_upper_lids;clothing_ct044_v2,False
K122,C07,몸의 선·포즈·균형,natural neck curve,무리한 꺾임 없는 목의 곡선,기존 제안,,,slot:silhouette_proportion:back_to_waist_curve;slot:body_pose:pv_bitilasana;slot:body_pose:single_arc_c_curve_pose;slot:silhouette_proportion:ne_regional_contour_transition,pv_profile_ballet_fifth_arms_overhead;sca_outward_hair_tips;mg_marked_curve_relation;mg_spline_clones_relation,False
K123,C07,몸의 선·포즈·균형,three-quarter head turn,정면과 옆면 사이의 고개 방향,기존 제안,,,slot:body_orientation:pv_rear_three_quarter;slot:body_orientation:three_quarter_body_turn;slot:body_orientation:pc_pc02_component_1;slot:body_orientation:pv_head_turn,pc_pc02_owner_relation;pv_profile_prone;pfe_back_face;intentional_face_occluded_mood_portrait,False
K124,C07,몸의 선·포즈·균형,torso turned away from camera,몸통을 카메라 반대쪽으로 돌림,기존 제안,,,slot:body_orientation:pc_pc05_component_1;slot:body_orientation:pv_head_turn;slot:body_orientation:looking_back_over_shoulder_orientation;slot:body_orientation:face_away_hands_toward_partner,short_face_light_orientation_relation;pv_profile_supine;costume_ccx_cc38_01;pv_profile_prone,False
K125,C07,몸의 선·포즈·균형,slightly lifted chin,아주 약하게 든 턱으로 태도 부여,기존 제안,,,slot:body_orientation:ae_chin_up;slot:body_pose:pv_figure_four;slot:body_pose:cv_single_heel_lift;slot:body_pose:pv_natarajasana,se_profile_lash_occluded_upward_gaze;clamshell_dual_source_portrait_light;oval_face_contour_relation;hvr_profile_displaced_features,False
K126,C07,몸의 선·포즈·균형,delicate S-curve silhouette,몸과 옷의 완만한 S자 흐름,기존 제안,,,slot:body_pose:editorial_s_curve_pose;slot:body_pose:controlled_three_quarter_weight_shift;slot:silhouette_proportion:sculptural_bandage_bodycon;slot:silhouette_proportion:protective_cocoon_wrap_silhouette,clothing_ct028_v2;mg_silhouette_clip_relation;clothing_ct149_v1;y2kr_space_graphic,False
K127,C07,몸의 선·포즈·균형,relaxed asymmetrical body language,좌우를 일부러 맞추지 않은 자연스러운 자세,확인 표현,,,slot:body_pose:pc_pc08_component_2;slot:silhouette_proportion:oversized_design_ease_relation;slot:body_pose:contrapposto_full_body;slot:body_pose:pv_single_support,egr_profile_relaxed_lip_separation;egr_profile_neutral_lowered_upper_lids;contrapposto_weight_shift;pfe_one_shoulder,False
K128,C07,몸의 선·포즈·균형,weight distributed naturally onto one leg,한쪽 다리에 자연스럽게 실린 무게,기록 표현,,,slot:body_pose:pv_single_support;slot:body_pose:contrapposto_full_body;slot:body_pose:single_support_backward_flexed_free_leg;slot:silhouette_proportion:soft_full_figure_volume,contrapposto_weight_shift;biaoju_guarded_cargo_departure;mep_casting_profile;rear_curtain_flash_motion_trace,False
K129,C07,몸의 선·포즈·균형,one shoulder slightly lower,미세한 어깨 높이 차로 경직 완화,재구성,,,slot:body_orientation:pv_shoulder_lower;slot:silhouette_proportion:bm_gluteal_fullness;slot:silhouette_proportion:bm_abdominal_projection;slot:silhouette_proportion:opening_reformed_hanbok_length_closure_3,racerback_sports_bra_strap_convergence;hvr_profile_displaced_features;verified_safety_relief;clothing_ct142_v1,False
K130,C07,몸의 선·포즈·균형,leaning sideways into the sofa,소파에 옆으로 몸을 기대기,재구성,,,slot:body_pose:pv_sideways_seat;slot:body_pose:pc_pc10_component_1;slot:body_pose:seated_sideways_chair_pose;slot:body_pose:stepping_into_frame_pose,ri_sanshin_old_tiger;pc_pc10_owner_relation;hvr_profile_still_air_single_cloth;loop_face_light_pattern,False
K131,C07,몸의 선·포즈·균형,"slightly awkward, completely unplanned posture",조금 어색해서 오히려 꾸미지 않은 자세,재구성,,,slot:body_pose:ctx_c020;slot:body_orientation:ae_coy_variant;slot:body_pose:water_w145;slot:body_pose:forward_lean_recovery_posture,contained_affect_self_presentation;ae_profile_lip_press;hvr_profile_displaced_features;se_profile_lash_occluded_upward_gaze,False
K132,C07,몸의 선·포즈·균형,hands resting loosely clasped on the lap,무릎 위에서 느슨하게 맞잡은 손,재구성,,,slot:body_pose:ctx_c017;slot:body_pose:pv_savasana;slot:body_pose:pv_bitilasana;slot:body_pose:pv_marjaryasana,ri_chakra_white2;ri_pieta_support;pv_profile_head_shoulder_pair;costume_ccx_cc07_02,False
K133,C07,몸의 선·포즈·균형,one foot slightly forward,발 하나를 앞에 둔 작은 비대칭,확인 표현,,,slot:body_pose:pv_half_kneel;slot:body_pose:staggered_leg_depth_separation;slot:body_pose:hr_jiangshi_rigid_pose;slot:body_pose:cv_single_heel_lift,pv_profile_half_kneel;hvr_profile_displaced_features;hvr_profile_jiangshi_rigid_pose;ri_chimera_topology,False
K134,C07,몸의 선·포즈·균형,seated sideways on a window ledge,창턱에 몸을 옆으로 두고 앉음,기록 표현,,,slot:body_pose:pv_sideways_seat;slot:body_pose:seated_sideways_chair_pose;slot:body_pose:pv_cross_shins_seated_surface;slot:body_pose:pc_pc11_component_1,hvr_profile_still_air_single_cloth;rb_support_compression;ri_earth_touch;pv_profile_cross_shins_seated_surface,False
K135,C07,몸의 선·포즈·균형,knees gently drawn toward the chest,무릎을 가볍게 끌어안는 웅크림,재구성,,,slot:body_pose:pv_knee_hug;slot:body_pose:pv_curled_side;slot:body_pose:pv_tall_kneel;slot:body_pose:pv_heel_sit,pv_profile_tall_kneel;pv_profile_heel_sit;uniform_separate_flared_trouser_hems;sca_short_rear_long_sidelocks,False
K136,C07,몸의 선·포즈·균형,shoulders level above an asymmetrical stance,비대칭 하체 위에서도 수평을 유지한 상체,기록 표현,,,slot:body_pose:pc_pc08_component_2;slot:body_pose:open_grounded_self_directed_stance;slot:body_pose:cv_single_heel_lift;slot:body_pose:contrapposto_full_body,appearance_rel_h009;contrapposto_weight_shift;pc_pc30_owner_relation;pf_venetian_arcade,False
K137,C07,몸의 선·포즈·균형,a controlled defensive pivot,과장하지 않은 방어 회전 동작,기록 표현,,,slot:body_pose:ctx_c108;slot:body_pose:controlled_three_quarter_weight_shift;slot:body_pose:forward_lean_recovery_posture;slot:body_orientation:pv_forward_torso_lean,pf_wall_tower_walk;pf_walled_town;pf_arrow_loop;pf_concentric,False
K138,C07,몸의 선·포즈·균형,economical movement,불필요한 동작 없이 절제된 움직임,재구성,,,slot:body_pose:pc_pc14_component_3;slot:body_pose:ctx_c105;slot:body_pose:pv_flexed_foot;slot:silhouette_proportion:willowy_long_limb_proportion,kuudere_composed_warmth_relation;mep_garment_movement;hvr_profile_restraint_escape_geometry;controlled_languid_movement_display,False
K139,C07,몸의 선·포즈·균형,a readable support leg,어느 다리가 체중을 지지하는지 읽히는 자세,재구성,,,slot:body_pose:pv_single_support;slot:body_pose:pv_front_split;slot:body_pose:pv_tendu;slot:body_pose:contrapposto_full_body,contrapposto_weight_shift;pv_profile_chair_straddle;sv_supported_m_legs;pv_profile_tendu,False
K140,C07,몸의 선·포즈·균형,a pause between two movements,두 동작 사이의 잠깐 멈춤,재구성,,,slot:body_pose:pv_ballet_demi_plie_flat;slot:silhouette_proportion:biker_short_thigh_knee_landmark;slot:body_pose:sv_supported_m_legs;slot:body_pose:cello_between_knees_floor_endpin_pose,playful_flirtation_interaction;architectural_threshold_frame_depth_relation;clothing_ct055_v1;clothing_ct115_v1,False
K141,C08,손·소품·행동의 시간성,finger gently touching a raindrop,빗방울 하나를 살짝 건드리는 손끝,기록 표현,,,slot:hand_pose:cv_index_tip_meet;slot:contact_point:double_bass_string_and_floor_contact;slot:hand_pose:hand_touching_face;slot:action:lightly_touching_moss_wall,cv_profile_index_tip_meet;ia_profile_enumeration;se_profile_cheek_fingertip_light_touch;hw_qipao_1920_loose,False
K142,C08,손·소품·행동의 시간성,one hand lowering sunglasses,손 하나로만 선글라스를 조금 내림,재구성,,,slot:hand_pose:hand_adjusting_sunglasses;slot:action:character_nonhuman_expression_scene_action;slot:action:lowering_hood_revealing_ornament;slot:action:sunglasses_reflection_watch,y2kr_shield;ae_profile_knitted_brow;y2kr_oval_glasses;y2kr_tiny_glasses,False
K143,C08,손·소품·행동의 시간성,holding a warm teacup,따뜻한 찻잔을 쥔 손으로 온기 표현,확인 표현,,,slot:hand_pose:holding_mug_two_hands;slot:prop:porcelain_teacup_saucer_prop;slot:prop:levitating_teacup_prop;slot:action:holding_pet_cheek_to_cheek,clothing_ct091_v1;mep_jewelry_contact;opening_rail_platform_departure;ri_attribute_owner,False
K144,C08,손·소품·행동의 시간성,hand resting on annotated research papers,필기된 자료 위에 놓인 손으로 공부의 흔적 표현,재구성,,,slot:hand_pose:hand_on_hip;slot:hand_pose:hand_on_railing;slot:hand_pose:hand_on_table_edge;slot:hand_pose:sff_pro_p10,pv_profile_chin_support;costume_ccx_cc07_02;pv_profile_head_shoulder_pair;egr_profile_dew_on_petals,False
K145,C08,손·소품·행동의 시간성,both hands wrapped around a cup,양손으로 컵을 감싸는 작은 보호 동작,재구성,,,slot:contact_point:cv_two_hand_cup;slot:action:ctx_warm_cup_hold;slot:hand_pose:pv_flower_chin;slot:contact_point:saxophone_reed_lip_key_contact,cv_profile_two_hand_cup;hands_free_supported_drink_load;cv_profile_flower_chin;ri_hevajra_eight16,False
K146,C08,손·소품·행동의 시간성,a pencil touching the page,종이에 닿은 연필로 창조의 순간 표현,재구성,,,slot:hand_pose:hand_touching_face;slot:hand_pose:ia_page_hold;slot:hand_pose:ia_page_turn_endpoint;slot:action:ed_library_page_turn_candidate,y2kr_pencil_brows;ia_profile_naturalist_sketch;ia_profile_page_turn_endpoint;ia_profile_page_hold,False
K147,C08,손·소품·행동의 시간성,holding an apple beside her cheek,뺨 옆 사과로 색과 형태를 연결,재구성,,,slot:action:holding_pet_cheek_to_cheek;slot:prop:opening_rail_platform_departure_2;slot:action:front_camera_v_sign_cheek;slot:action:motorcycle_dusk_pose,ri_eleousa_contact;opening_rail_platform_departure;egr_profile_separate_cheek_tendrils;oval_central_torso_silhouette_relation,False
K148,C08,손·소품·행동의 시간성,forearm resting on the stone railing,난간이 팔의 무게를 받는 접촉,재구성,,,slot:hand_pose:hand_on_railing;slot:contact_point:pv_rail_forearm_support;slot:hand_pose:hand_on_hip;slot:prop:wet_umbrella_floor_prop,pv_profile_chin_support;opening_hybrid_veranda_architecture;ri_stupa_path;appearance_rel_h065,False
K149,C08,손·소품·행동의 시간성,fingers lightly touching the veil,베일을 만지는 손으로 움직임의 이유 부여,재구성,,,slot:hand_pose:hand_touching_face;slot:action:lightly_touching_moss_wall;slot:hand_pose:cv_index_tip_meet;slot:action:touching_state_seal,se_profile_cheek_fingertip_light_touch;cv_profile_index_tip_meet;ia_profile_enumeration;clothing_ct103_v1,False
K150,C08,손·소품·행동의 시간성,a lens-wiping gesture,관객의 렌즈를 닦아 주는 상호작용,재구성,,,slot:action:character_avatar_dual_identity_scene_action;slot:hand_pose:cv_thumb_index_cross;slot:action:maid_cafe_tray_pose;slot:hand_pose:hand_adjusting_sunglasses,hvr_profile_psychological_record_conflict;hvr_profile_occult_directed_ritual;hvr_profile_summoning_center_intrusion;hvr_profile_erotic_horror_attraction_threat,False
K151,C08,손·소품·행동의 시간성,removing an office lanyard,사원증을 풀며 일에서 일상으로 전환,재구성,,,slot:action:ed_office_return_candidate;slot:action:removing_sort_stream_contamination;slot:prop:lanyard_badge;slot:prop:staff_lanyard_badge_prop,adult_everyday_controlled_reveal_moment;strategic_coverage_figure_study;hvr_profile_vampiric_seduction_dual_signal;clothing_ct039_v2,False
K152,C08,손·소품·행동의 시간성,the weight of a bag leaving her hand,가방 무게가 사라지는 순간의 어깨 이완,재구성,,,slot:action:ed_home_departure_candidate;slot:action:ed_park_rest_candidate;slot:aftermath_trace:ep_curtain_half_drawn_light_change;slot:hand_pose:holding_bag_strap,rear_curtain_flash_motion_trace;ri_hodegetria_pointing;ia_profile_chess_review;pleonexia_unfair_share_taking_event,False
K153,C08,손·소품·행동의 시간성,a book left open across one knee,읽던 책이 무릎에 펼쳐진 생활의 흔적,기록 표현,,,slot:action:ed_library_page_turn_candidate;slot:action:ia_close_read;slot:hand_pose:ia_page_hold;slot:action:pv_book_read,ia_profile_close_read;ia_profile_page_hold;tribhanga_three_bend_pose;uniform_separate_flared_trouser_hems,False
K154,C08,손·소품·행동의 시간성,one hand keeping a page open,책장을 놓치지 않으려 남겨 둔 손,확장 제안,,,slot:action:ed_library_page_turn_candidate;slot:action:ia_close_read;slot:hand_pose:ia_page_hold;slot:hand_pose:ia_page_turn_endpoint,ia_profile_close_read;ia_profile_page_hold;ia_profile_page_turn_endpoint;ia_profile_proofread,False
K155,C08,손·소품·행동의 시간성,a ribbon tail caught in the wind,바람에 잡힌 리본 끝으로 순간성 표현,재구성,,,slot:action:turning_back;slot:action:wind_swaying;slot:action:posing_hanbok_sleeves;slot:action:character_nonhuman_expression_scene_action,pr_camcorder_still_temporal_container;egr_profile_attached_trailing_hair_ribbon;y2kr_ribbon_tie;ri_chimera_topology,False
K156,C08,손·소품·행동의 시간성,a half-finished gesture,완료되기 직전 멈춘 작은 동작,재구성,,,slot:action:character_avatar_dual_identity_scene_action;slot:hand_pose:cv_thumb_index_cross;slot:action:maid_cafe_tray_pose;slot:hand_pose:hand_adjusting_sunglasses,hvr_profile_psychological_record_conflict;hvr_profile_occult_directed_ritual;hvr_profile_summoning_center_intrusion;hvr_profile_erotic_horror_attraction_threat,False
K157,C08,손·소품·행동의 시간성,just after turning toward a sound,소리를 듣고 돌아본 직후,확장 제안,,,slot:narrative_phase:late_shift_end;slot:action:ears_swivel_to_offframe_sound;slot:narrative_phase:just_missed_each_other;slot:action:fingers_just_released,opening_disc_gramophone_listening;achievement_reward_smile;next_milestone_ambition_pursuit;midi_controller_external_sound_source,False
K158,C08,손·소품·행동의 시간성,"about to speak, then pausing",입을 열려다 멈춘 찰나,재구성,,,slot:action:stairwell_pause_listen;slot:action:tactile_crease_contact_action;slot:action:singing_recording_pause;slot:action:pressing_elevator_button_pause,bm_breast_spacing;bm_abdominal_segmentation;playful_flirtation_interaction;material_replacement_deferral_repair_cycle,False
K159,C08,손·소품·행동의 시간성,an object carrying the emotional accent,감정의 핵심을 대신 전달하는 소품,재구성,,,slot:action:ed_office_return_candidate;slot:prop:orn_gd06_object;slot:prop:orn_gd13_object;slot:prop:orn_gd14_object,hvr_profile_palette_single_crimson;chiaroscuro_form_modeling_relation;katabasis_living_underworld_descent;y2kr_chain_strap,False
K160,C08,손·소품·행동의 시간성,contact shadows at the fingers,손끝과 물체의 접촉을 보이는 그림자,재구성,,,slot:prop:mg_paper_cut;slot:contact_point:trumpet_mouthpiece_valve_contact;slot:contact_point:cello_bow_hair_string_contact;slot:contact_point:pv_lapel_grip,mg_paper_cut_relation;costume_ccx_cc36_01;se_profile_cheek_fingertip_light_touch;rb_shared_cast_shadow,False
K161,C09,구도·여백·시각 중심,large negative space,비어 있는 면적으로 정서와 집중도 형성,기록 표현,,,slot:composition:large_negative_space_top_area;slot:composition:subject_field_negative_space_relation;slot:composition:silhouette_outline_negative_space;slot:platform_framing:reels_ui_safe_negative_space,body_bounded_negative_space;graphic_negative_space_eyeliner;inner_thigh_negative_space;mep_cover_copy_space,False
K162,C09,구도·여백·시각 중심,deep negative space,깊고 어두운 여백,기존 제안,,,slot:composition:silhouette_outline_negative_space;slot:composition:large_negative_space_top_area;slot:platform_framing:reels_ui_safe_negative_space;slot:composition:pc_px10_component_2,body_bounded_negative_space;graphic_negative_space_eyeliner;inner_thigh_negative_space;mep_cover_copy_space,False
K163,C09,구도·여백·시각 중심,dark lateral margins,양옆의 어두운 폭으로 중앙 강조,기존 제안,,,slot:composition:egr_dark_lateral_negative_space;slot:composition:centered_primary_anchor_relation;slot:composition:pc_px02_component_3;slot:composition:contact_sheet_grid,active_glacier_flow_valley_moraine_system;bm_eye_aperture;egr_profile_dark_lateral_negative_space;ae_profile_lip_tighten,False
K164,C09,구도·여백·시각 중심,subject slightly left of center,중앙에서 약간 비껴난 배치,기록 표현,,,slot:composition:mg_radial_repeat;slot:composition:centered_primary_anchor_relation;slot:composition:ri_nataraja_chola_readable_composition;slot:composition:third_grid_off_center_subject,centered_primary_anchor_relation;encapsulated_sports_bra_separate_cups;bm_gluteal_cleft;se_profile_lash_occluded_upward_gaze,False
K165,C09,구도·여백·시각 중심,centered single figure,한 인물의 중심 축을 명확하게 배치,기존 제안,,,slot:composition:ri_ardhana_cambodia_readable_composition;slot:composition:hero_object_centered_flatlay;slot:composition:centered_architecture_symmetry;slot:composition:screen_face_centered,axis_mundi_three_realm_connection;hvr_profile_localized_unstable_outline;centered_primary_anchor_relation;barred_spiral_galaxy_structure,False
K166,C09,구도·여백·시각 중심,narrow central vertical axis,좁은 수직 축을 중심으로 장면 정리,기존 제안,,,slot:composition:egr_central_vertical_bust_axis;slot:composition:axial_bilateral_symmetry_relation;slot:composition:axis_mundi_full_height_composition;slot:composition:des_ambition_progress_axis_composition,axis_mundi_three_realm_connection;axial_bilateral_symmetry_relation;tribhanga_three_bend_pose;upper_face_to_chin_taper_relation,False
K167,C09,구도·여백·시각 중심,frame-within-a-frame composition,창·문·손 등의 내부 프레임,기존 제안,,,slot:composition:frame_within_frame;slot:composition:curated_flatlay_grid;slot:composition:diagonal_motion_path_composition;slot:composition:diptych_composition,cr_scattered_accent;cr_color_blocks;cr_diagonal_split;cr_accent_cluster,False
K168,C09,구도·여백·시각 중심,altarpiece-like framing,제단화처럼 세로 축과 엄숙함 강조,기존 제안,,,slot:subject_framing:knee_up_framing;slot:subject_framing:waist_up_framing;slot:composition:sff_pro_k04;slot:composition:doorway_threshold_framing,cr_color_framing;clothing_ct040_v2;pc_pc12_owner_relation;hvr_profile_grand_guignol_stage_artifice,False
K169,C09,구도·여백·시각 중심,arcing branch frame,휘어진 가지가 둘러싸는 프레임,기존 제안,,,slot:composition:egr_arcing_branch_frame;slot:composition:pc_pc20_component_4;slot:composition:pc_px02_component_1;slot:subject_framing:pc_px02_component_2,egr_profile_arcing_branch_frame;egr_profile_mume_on_leafless_woody_branches;hvr_profile_slasher_pursuit_corridor;y2kr_circuit_graphic,False
K170,C09,구도·여백·시각 중심,asymmetrical botanical balance,식물의 비대칭으로 만드는 균형,기존 제안,,,slot:composition:asymmetrical_flatlay_layering;slot:composition:urgent_press_crop_action;slot:composition:pc_pc27_component_3;slot:composition:pc_pc27_component_4,egr_profile_fabric_rosette_vs_living_flower;pfe_one_shoulder;contrapposto_weight_shift;pc_pc27_owner_relation,False
K171,C09,구도·여백·시각 중심,monumental architectural composition,인물과 큰 건축 규모의 관계 강조,확인 표현,,,slot:composition:architectural_lines_frame;slot:composition:centered_architecture_symmetry;slot:composition:window_frame_subject;slot:composition:ri_mihrab_minbar_readable_composition,pf_theatre_stair;orn_profile_gd59;hvr_profile_gothic_past_present;rb_restrained_processing,False
K172,C09,구도·여백·시각 중심,generous headroom,머리 위 공간을 넉넉히 남김,재구성,,,slot:composition:pc_px02_component_3;slot:subject_framing:pc_px02_component_2;slot:composition:pc_px02_component_1;slot:composition:negative_space,y2kr_oversize_tee;y2kr_baggy,False
K173,C09,구도·여백·시각 중심,do not make the subject fill the entire frame,공간의 역할을 위해 인물 크기 제한,확인 표현,,,slot:composition:cheek_to_cheek_pet_close_crop;slot:composition:intentional_face_occluded_mood_portrait;slot:composition:black_hole_reconstruction_centered_composition;slot:composition:single_view_complete_impossible_topology,negative_fill_shadow_deepening_relation;ia_profile_correction_anchor;high_key_tonal_distribution;impossible_object_global_connection,False
K174,C09,구도·여백·시각 중심,slightly imperfect framing,너무 계산되지 않은 스냅의 구도,재구성,,,slot:composition:slight_tilt_bold_crop;slot:composition:high_angle;slot:subject_framing:knee_up_framing;slot:subject_framing:waist_up_framing,hvr_profile_displaced_features;se_profile_lash_occluded_upward_gaze;cr_color_framing;clothing_ct040_v2,False
K175,C09,구도·여백·시각 중심,diagonal tabletop composition,탁자와 종이를 대각선으로 배치,재구성,,,slot:composition:diagonal_motion_path_composition;slot:composition:diagonal_prop_trail;slot:composition:pc_pc10_component_4;slot:composition:pc_px08_component_1,cr_diagonal_split;new_vision_modernist_camera_geometry;rb_mixed_source_zones;rb_window_room_gradient,False
K176,C09,구도·여백·시각 중심,a single dominant visual idea,한 장에서 가장 중요한 발상 하나,재구성,,,slot:composition:asymmetric_counterbalance_relation;slot:composition:figure_ground_boundary_split;slot:composition:pov_defect_source_consequence_composition;slot:composition:single_edge_layered_reveal_topology,new_vision_modernist_camera_geometry;hogarth_waving_line_of_beauty;asymmetric_counterbalance_relation;axis_mundi_three_realm_connection,False
K177,C09,구도·여백·시각 중심,one signature accent,가장 강한 강조 요소 하나만 남김,재구성,,,slot:composition:mg_boolean_overlap;slot:composition:water_w190;slot:composition:ri_sleipnir_eight_legs_readable_composition;slot:composition:hr_forest_occluded_depth,cr_achromatic_accent;cr_accent_cluster;hvr_profile_palette_single_crimson;y2kr_goth_palette,False
K178,C09,구도·여백·시각 중심,a clean silhouette against a quiet background,배경을 조용히 하여 실루엣을 읽게 함,재구성,,,slot:composition:silhouette_outline_negative_space;slot:platform_framing:profile_picture_crop_safe;slot:composition:product_surface_support_hierarchy;slot:composition:hr_dramatic_irony_unseen_back,low_brand_prominence_material_luxury;backlit_silhouette_mass_relation;balloon_curved_leg_tapered_hem;mep_hair_outline,False
K179,C09,구도·여백·시각 중심,a visual path from foreground to gaze,전경에서 손끝·눈으로 이어지는 시선 경로,재구성,,,slot:composition:local_legend_teller_listener_site_composition;slot:composition:ep_artwork_viewer_sightline;slot:composition:hr_dramatic_irony_unseen_back;slot:composition:mg_tapered_stroke,smartphone_ultrawide_near_far_perspective_relation;self_possessed_sensual_presence;water_rel_w052;gallery_viewer_art_attention_relation,False
K180,C09,구도·여백·시각 중심,the environment carries half the story,인물만큼 장소가 이야기하도록 구성,재구성,,,slot:composition:mg_square_cap;slot:composition:mg_round_cap;slot:composition:ri_ardhana_cambodia_readable_composition;slot:composition:scattered_prop_story_layout,mep_environment_relation;decadent_languor_environment;y2kr_flip_phone;split_face_light_pattern,False
K181,C10,깊이·가림·반사,layered spatial depth,전경·중경·후경의 층이 읽히는 공간,기록 표현,,,slot:composition:layered_foreground_midground_background;slot:composition:frame_within_frame_boundary_relation;slot:composition:layered_reflection_depth;slot:composition:window_reflection_layering,cr_depth_palette;wide_angle_near_field_perspective;impossible_object_global_connection;telephoto_distance_compression_relation,False
K182,C10,깊이·가림·반사,foreground occlusion,가까운 물체가 장면 일부를 가림,재구성,slot:composition:lens_partly_covered_by_foreground;slot:composition:dandelion_seed_foreground_occlusion;slot:composition:foreground_object_occlusion_frame;slot:composition:occlusion_continuity_lock;slot:composition:rb_foreground_occlusion_candidate;slot:composition:sff_pro_k08,rb_foreground_occlusion,slot:composition:foreground_object_occlusion_frame;slot:composition:sff_pro_k08;slot:composition:occlusion_continuity_lock;slot:composition:dandelion_seed_foreground_occlusion,frame_within_frame_boundary_relation;rb_foreground_occlusion;split_diopter_dual_focus_planes;three_plane_depth_chain,False
K183,C10,깊이·가림·반사,out-of-focus foreground droplets,렌즈 근처의 흐릿한 물방울,재구성,,,slot:composition:sff_pro_k05;slot:focus:pe_background_bokeh;slot:lens_artifact:water_droplets_on_lens;slot:composition:pc_pc19_component_1,water_rel_w014;sw_wet;water_rel_w017;water_rel_w024,False
K184,C10,깊이·가림·반사,layered foreground lace,전경 레이스로 얇은 가림층 형성,기존 제안,,,slot:composition:layered_foreground_midground_background;slot:composition:mg_negative_stencil;slot:composition:crowded_layers;slot:composition:pc_pc19_component_1,cr_depth_palette;mg_negative_stencil_relation;lace_trim_attached_edge;hw_lace_insertion,False
K185,C10,깊이·가림·반사,gently blurred background flowers,꽃 배경을 부드럽게 남김,기존 제안,,,slot:composition:lens_partly_covered_by_foreground;slot:focus:background_focus;slot:composition:screen_bokeh_over_shoulder;slot:composition:whiteboard_bokeh_portrait,shallow_depth_focus_falloff_relation;panning_subject_tracking_motion_relation;egr_profile_airy_small_flower_spray;hvr_profile_wreath_fresh_decay_contrast,False
K186,C10,깊이·가림·반사,selective focus on the near eye,가까운 쪽 눈을 초점 기준으로 설정,기존 제안,,,slot:focus:selective_foreground_focus;slot:focus:egr_portrait_focus_plane_order;slot:focus:pc_pc23_component_4;slot:focus:pictorialist_selective_soft_focus,pictorialist_handworked_print_relation;split_diopter_dual_focus_planes;pc_pc23_owner_relation;shallow_depth_focus_falloff_relation,False
K187,C10,깊이·가림·반사,"face, hands, and one setting cue remain readable",얼굴·손·장소 단서 하나를 함께 읽게 함,재구성,,,slot:composition:intentional_face_occluded_mood_portrait;slot:composition:ri_chakra_white2_readable_composition;slot:composition:pfe_face_garment_candidate;slot:composition:pc_pc12_component_2,intentional_face_occluded_mood_portrait;pc_pc27_owner_relation;ri_cham_mask_performer;ri_chakra_white2,False
K188,C10,깊이·가림·반사,moderate depth of field,공간 단서를 남기는 중간 정도의 심도,확인 표현,,,slot:focus:shallow_depth;slot:focus:pr_focus_plane_subject_falloff_candidate;slot:focus:rb_depth_focus_continuity_candidate;slot:focus:rb_readable_environment_focus_candidate,cr_color_blocks;telephoto_distance_compression_relation;wide_angle_near_field_perspective;patterned_cast_shadow_receiver_continuity,False
K189,C10,깊이·가림·반사,shallow depth of field,피사체와 배경을 분리하는 얕은 심도,확인 표현,slot:focus:shallow_depth,,slot:focus:shallow_depth;slot:focus:pr_focus_plane_subject_falloff_candidate;slot:focus:rb_depth_focus_continuity_candidate;slot:focus:rb_readable_environment_focus_candidate,high_key_tonal_distribution;orn_profile_gd19;shallow_depth_focus_falloff_relation;cr_color_blocks,False
K190,C10,깊이·가림·반사,creamy background separation,부드러운 배경 흐림으로 인물 분리,확인 표현,,,slot:composition:pc_px09_component_1;slot:composition:pc_px09_component_2;slot:composition:primary_secondary_figure_ground_hierarchy;slot:focus:pe_background_bokeh,water_rel_w090;cr_depth_palette;key_fill_separation_background_roles;primary_secondary_figure_ground_hierarchy,False
K191,C10,깊이·가림·반사,haze separating distant layers,먼 공간일수록 옅어지는 안개,재구성,,,slot:composition:layered_vertical_forest_depth_frame;slot:focus:pe_miniature_focus_band;slot:composition:altar_distance_symmetry;slot:composition:ep_near_edge_lower_vista_relation,water_rel_w018;rb_distance_haze;pr_atmospheric_distance_contrast;wide_angle_near_field_perspective,False
K192,C10,깊이·가림·반사,wet asphalt reflection,젖은 도로에 비친 빛으로 깊이 연장,확인 표현,,,slot:reflection_logic:pr_reflection_scene_binding_candidate;slot:composition:ep_wet_reflection_owner_alignment;slot:reflection_logic:rb_wet_dry_boundary_candidate;slot:composition:reflection_split_composition,wet_surface_light_reflection_owner_relation;water_rel_w121;water_rel_w020;water_rel_w045,False
K193,C10,깊이·가림·반사,soft distorted reflections,완벽하지 않은 반사로 재질과 현실감 표현,확인 표현,,,slot:composition:galaxy_pair_bridge_wide_composition;slot:composition:pf_mirror_gallery_composition;slot:composition:reflection;slot:composition:sensor_eye_macro,water_rel_w020;y2kr_wet_hair;y2kr_silver_fabric;water_rel_w121,False
K194,C10,깊이·가림·반사,reflection inside raindrops,물방울 내부에 비친 작은 장면,확인 표현,,,slot:reflection_logic:ghost_only_in_reflection;slot:composition:mirror_selfie_reflection_device_topology;slot:composition:reflection_split_composition;slot:reflection_logic:pr_reflection_scene_binding_candidate,mirror_selfie_reflection_device_topology;mirror_reflection_action_mismatch;rb_glass_reflection_transmission;wet_surface_light_reflection_owner_relation,False
K195,C10,깊이·가림·반사,mirror as a secondary spatial layer,거울을 두 번째 공간층으로 활용,재구성,,,slot:reflection_logic:pc_pc22_component_1;slot:lens_artifact:hr_localized_unstable_outline;slot:focus:pc_pc22_component_4;slot:composition:product_surface_support_hierarchy,asymmetric_counterbalance_relation;pc_pc22_owner_relation;lens_ghosting_flare_alignment;pf_rocaille_boiserie,False
K196,C10,깊이·가림·반사,a blurred obstruction at one frame edge,가장자리 가림으로 우연한 관찰감 형성,재구성,,,slot:composition:leading_line_target_continuity;slot:composition:ep_transit_system_boundary_direction;slot:composition:rb_foreground_occlusion_candidate;slot:composition:shot_through_fruit_foliage,hvr_profile_slasher_pursuit_corridor;hvr_profile_industrial_processing_route;leading_line_target_continuity;overlook_edge_foreground_vista_relation,False
K197,C10,깊이·가림·반사,warm bokeh behind a cool foreground,전경과 후경의 온도 차로 깊이 형성,재구성,,,slot:composition:pc_pc19_component_1;slot:composition:pc_pc19_component_3;slot:composition:leaf_foreground_bokeh;slot:composition:flower_bucket_foreground_bokeh,cr_cool_foreground;cr_warm_foreground;pc_pc19_owner_relation;cr_cool_highlights,False
K198,C10,깊이·가림·반사,"subject sharpest, background still recognizable",인물은 가장 또렷하되 장소도 식별 가능,재구성,,,slot:focus:rb_readable_environment_focus_candidate;slot:composition:pc_px09_component_1;slot:focus:pe_background_bokeh;slot:composition:primary_subject_hierarchy_frame,rb_readable_environment_focus;hvr_profile_flooded_depth_uncertainty;focus_stacked_extended_depth_composite;shallow_depth_focus_falloff_relation,False
K199,C10,깊이·가림·반사,an empty interval between subject and object,인물과 소품 사이 빈 거리로 관계 표현,확장 제안,,,slot:composition:primary_subject_hierarchy_frame;slot:composition:empty_throne_behind_subject;slot:reflection_logic:water_w047;slot:composition:asymmetric_counterbalance_relation,world_parent_separation_creation;y2kr_long_torso;y2kr_mini_boots;pfe_thigh_skin_band,False
K200,C10,깊이·가림·반사,"flat printed background, dimensional foreground",배경은 평면·전경은 입체로 구분,재구성,,,slot:composition:document_foreground_face_background;slot:composition:pc_px04_component_2;slot:composition:advisory_coordinate_scaffold;slot:focus:deep_focus,three_plane_depth_chain;cr_depth_palette;hvr_profile_twilight_detail_threshold;ed_independent_bystander,False
K201,C11,촬영 거리·시점·크롭,eye-level medium portrait,같은 눈높이에서 상반신과 주변을 담음,기록 표현,,,slot:subject_framing:pc_pc01_component_1;slot:camera_height:pc_pc01_component_2;slot:camera_direction:overhead_social_snapshot_relation;slot:shot_scale:medium_long_knee_up_shot,overhead_social_snapshot_relation;familiar_practitioner_reciprocal_bond;water_rel_w052;medium_native_glitch,False
K202,C11,촬영 거리·시점·크롭,tight vertical bust portrait,얼굴과 가슴 위쪽에 집중한 세로 크롭,기존 제안,,,slot:subject_framing:pc_pc25_component_1;slot:subject_framing:pc_pc25_component_4;slot:subject_framing:neutral_front_face_contour_read;slot:body_framing:bust_ribcage_waist_relation_crop,egr_profile_central_vertical_bust_axis;deliberate_underarm_salience;clamshell_dual_source_portrait_light;wuxia_bamboo_forest_aerial_duel,False
K203,C11,촬영 거리·시점·크롭,three-quarter profile portrait,정면과 측면 사이의 얼굴 각도,기존 제안,,,slot:subject_framing:pc_pc06_component_4;slot:subject_framing:restrained_three_quarter_face_depth_read;slot:subject_framing:pc_px01_component_1;slot:subject_framing:mep_casting_profile_candidate,mep_casting_profile;two_block_disconnected_cut;clothing_ct050_v2;opening_tailcoat_formal_tail_topology,False
K204,C11,촬영 거리·시점·크롭,full-body environmental composition,전신과 장소를 함께 보여줌,기록 표현,,,slot:subject_framing:full_body_ceremonial_framing;slot:subject_framing:full_body_framing;slot:body_framing:full_body_countertilt_pose_read;slot:subject_framing:pc_pc15_component_3,opening_later_cafe_reading;clothing_ct028_v2;ri_body_mandorla;rb_readable_environment_focus,False
K205,C11,촬영 거리·시점·크롭,slightly elevated perspective,약간 위에서 내려다보는 시점,확인 표현,,,slot:camera_height:pc_pc11_component_2;slot:subject_framing:pc_px07_component_3;slot:camera_direction:pc_px07_component_1;slot:subject_framing:distortion_controlled_portrait_perspective,loop_face_light_pattern;hw_shelf_bustle;sw_highleg;hvr_profile_displaced_features,False
K206,C11,촬영 거리·시점·크롭,low-angle close portrait,가까운 낮은 시점에서 올려다봄,재구성,,,slot:subject_framing:pc_pc01_component_1;slot:camera_height:pc_pc01_component_2;slot:camera_direction:pc_pc04_component_1;slot:subject_framing:pc_pc25_component_1,overhead_social_snapshot_relation;negative_fill_shadow_deepening_relation;butterfly_face_light_pattern;round_compact_face_relation,False
K207,C11,촬영 거리·시점·크롭,floor-level first-person perspective,바닥 가까운 관객 시점,재구성,,,slot:camera_direction:first_person_phone_selfie_view;slot:camera_direction:first_person_pov_hand_foreground;slot:subject_framing:pc_px07_component_3;slot:camera_direction:pc_px07_component_1,smartphone_ultrawide_near_far_perspective_relation;cr_depth_palette;wide_angle_near_field_perspective;rb_scale_perspective,False
K208,C11,촬영 거리·시점·크롭,high-angle tabletop composition,탁자를 위에서 비스듬히 내려다봄,확인 표현,,,slot:camera_height:pc_pc11_component_2;slot:subject_framing:pc_pc09_component_4,rb_mixed_source_zones;rb_window_room_gradient;pc_pc03_owner_relation;cr_scattered_accent,False
K209,C11,촬영 거리·시점·크롭,high diagonal overlook,높은 대각선 시점으로 공간을 펼침,기록 표현,,,slot:camera_direction:pc_px08_component_2;slot:camera_direction:pc_pc10_component_3;slot:subject_framing:pc_pc14_component_4;slot:camera_direction:extreme_high_overhead_angle,new_vision_modernist_camera_geometry;qipao_standing_collar_diagonal_closure_system;clothing_ct033_v2;cr_diagonal_split,False
K210,C11,촬영 거리·시점·크롭,rear three-quarter pose,뒤쪽 3/4 방향으로 몸의 선을 보여줌,기록 표현,,,slot:body_framing:bilateral_torso_shape_read;slot:subject_framing:restrained_three_quarter_face_depth_read;slot:subject_framing:regal_three_quarter_framing;slot:subject_framing:pc_px01_component_1,opening_tailcoat_formal_tail_topology;pv_profile_parsvakonasana;opening_bellows_camera_sitting;lateral_waist_hip_contour_transition,False
K211,C11,촬영 거리·시점·크롭,intimate portrait distance,작은 표정 변화를 읽을 수 있는 거리,기존 제안,,,slot:subject_framing:distortion_controlled_portrait_perspective;slot:shot_scale:pr_camera_distance_subject_scale_candidate;slot:distance_narrative:back_to_back_truce;slot:distance_narrative:doorway_threshold_distance,rb_readable_environment_focus;inaccessible_target_longing_relation;water_rel_w179;mg_offset_contours_relation,False
K212,C11,촬영 거리·시점·크롭,50mm conversational perspective,과장보다 대화 거리 인상을 위한 50mm 표현,기존 제안,,,slot:lens:50mm;slot:lens:album_50mm_clean;slot:subject_framing:pc_px07_component_3;slot:camera_direction:pc_px07_component_1,smartphone_ultrawide_near_far_perspective_relation;cr_depth_palette;wide_angle_near_field_perspective;rb_scale_perspective,False
K213,C11,촬영 거리·시점·크롭,85mm portrait lens look,배경 정리 중심의 초상 렌즈 인상,기존 제안,,,slot:lens:85mm;slot:lens:anamorphic;slot:lens:album_50mm_clean;slot:lens:smartphone,butterfly_face_light_pattern;ae_profile_lip_tighten;broad_face_light_orientation_relation;clothing_ct085_v1,False
K214,C11,촬영 거리·시점·크롭,28–35mm smartphone-like framing,주변 공간을 포함하는 휴대전화 스냅 인상,재구성,,,slot:lens:35mm;slot:subject_framing:knee_up_framing;slot:subject_framing:waist_up_framing;slot:subject_framing:full_body_ceremonial_framing,cr_color_framing;clothing_ct040_v2;pc_pc12_owner_relation;hvr_profile_grand_guignol_stage_artifice,False
K215,C11,촬영 거리·시점·크롭,a close foreground hand as a scale anchor,가까운 손으로 크기와 거리를 비교,재구성,,,slot:subject_framing:pc_pc01_component_1;slot:subject_framing:pc_pc25_component_1;slot:camera_direction:first_person_pov_hand_foreground;slot:shot_scale:medium_close_chest_up_shot,wide_angle_near_field_perspective;smartphone_ultrawide_near_far_perspective_relation;overhead_social_snapshot_relation;split_diopter_dual_focus_planes,False
K216,C11,촬영 거리·시점·크롭,crop at mid-thigh,무릎보다 위에서 잘라 환경과 몸짓을 균형 있게 담음,재구성,,,slot:subject_framing:pc_pc25_component_4;slot:subject_framing:pc_px12_component_1;slot:subject_framing:profile_silhouette_crop;slot:subject_framing:pc_pc25_component_1,bm_thigh_volume;mep_beauty_detail;pr_casual_crop_subject_legibility;late_century_minilab_flash_print_relation,False
K217,C11,촬영 거리·시점·크롭,substantial surrounding interior,주변 실내를 충분히 포함,재구성,,,slot:subject_framing:mep_casting_full_length_candidate;slot:shot_scale:pr_camera_distance_subject_scale_candidate;slot:camera_direction:overhead_social_snapshot_relation,pf_theatre_stair;mg_silhouette_clip_relation;mg_feathered_edge_relation;supernova_remnant_shock_shell,False
K218,C11,촬영 거리·시점·크롭,slightly tilted handheld framing,손으로 급히 찍은 듯 미세한 기울기,재구성,,,slot:camera_direction:dutch_tilt_direction;slot:camera_direction:pc_pc04_component_1;slot:camera_direction:high_observer_angle;slot:subject_framing:knee_up_framing,rolling_shutter_readout_skew;pf_drawbridge;y2kr_mirror;opening_hanbok_handheld_parasol,False
K219,C11,촬영 거리·시점·크롭,the contact point remains within the frame,중요한 접촉 지점은 프레임에 남김,재구성,,,slot:subject_framing:pc_pc14_component_4;slot:subject_framing:pc_pc20_component_3;slot:lens:pe_parallel_verticals;slot:subject_framing:pfe_back_face_candidate,appearance_rel_h037;orn_profile_gd13_object;mep_fitting_adjustment;pc_pc18_owner_relation,False
K220,C11,촬영 거리·시점·크롭,no invented anatomy outside the crop,잘린 부분을 새로 설명해 구도를 바꾸지 않음,재구성,,,slot:subject_framing:pc_pc25_component_4;slot:subject_framing:pc_px12_component_1;slot:subject_framing:pc_px09_component_3;slot:subject_framing:pc_pc25_component_1,strategic_coverage_figure_study;contour_highlight_cosmetic_sculpting;gradient_lip_center_distribution;longline_sports_bra_extended_underband,False
K221,C12,자연광·공간에서 오는 빛,soft diffused daylight,넓게 퍼지는 부드러운 낮빛,재구성,,,slot:light_type:lit_window_diffused_daylight_field;slot:lighting:greenhouse_diffused_leaf_light;slot:light_type:open_shade;slot:lighting:sff_pro_l16,mep_casting_front;restrained_polished_natural_makeup_balance;rb_window_room_gradient;hvr_profile_daylight_exposed_threat,False
K222,C12,자연광·공간에서 오는 빛,dreamy natural backlighting,자연 역광으로 몽환적인 인상 형성,기록 표현,,,slot:light_intensity:gentle_bloom_glow;slot:light_intensity:deep_shadow_low_key_natural;slot:light_direction:window_left_light;slot:light_direction:window_right_light,sheer_garment_optical_layering;clothing_ct014_v1;clothing_ct075_v2;y2kr_hair_tinsel,False
K223,C12,자연광·공간에서 오는 빛,warm low-angle sunset light,낮은 해의 따뜻한 방향광,기록 표현,,,slot:lighting:grazing_material_reveal_lighting;slot:lighting:heritage_raking_light;slot:lighting:warm_kitchen_window_light;slot:light_shape:molten_wax_glow,opening_modern_reinterpretation_layers;y2kr_warm_denim_palette;golden_hour_low_sun_relation;rb_mixed_source_zones,False
K224,C12,자연광·공간에서 오는 빛,cold overcast noon,차갑고 흐린 한낮의 빛,기록 표현,,,slot:light_type:cold_dawn_overcast;slot:lighting:cold_dawn_overcast;slot:light_intensity:even_flat_overcast;slot:lighting:overcast_soft_even,water_rel_w014;cold_shoulder_cutout_topology;rb_soft_ground_contact;occupied_housing_habitability_mitigation_relation,False
K225,C12,자연광·공간에서 오는 빛,window backlight,뒤쪽 창에서 들어오는 역광,재구성,slot:lighting:window_blowout_backlight;slot:light_direction:window_blowout_backlight,,slot:light_direction:window_blowout_backlight;slot:lighting:window_blowout_backlight;slot:light_type:fireworks_backlight;slot:lighting:lit_golden_low_sun_backlight,golden_hour_low_sun_relation;orn_profile_gd69;pr_scene_owned_exposure_tradeoff;pf_window_seat,False
K226,C12,자연광·공간에서 오는 빛,cool ambient fill,그늘에 남은 차가운 환경 반사광,재구성,,,slot:lighting:daylight_fill_flash_balance_relation;slot:lighting:lit_blue_twilight_city_practicals;slot:light_intensity:lit_practical_pool_ambient_balance;slot:lighting:blue_hour,blue_hour_ambient_practical_balance;motivated_practical_mixed_interior_relation;negative_fill_shadow_deepening_relation;water_rel_w036,False
K227,C12,자연광·공간에서 오는 빛,warm reflected light on cool skin,차가운 피부색 위에 얹힌 따뜻한 반사광,기존 제안,,,slot:light_shape:green_leaf_reflected_light;slot:lighting:tray_uplight_warm_service;slot:lighting:lit_practical_motivated_mixed_interior;slot:light_shape:lit_practical_local_falloff_pool,egr_profile_cool_skin_warm_reflected_edge;rb_mixed_source_zones;blue_hour_ambient_practical_balance;pa_local_color_under_separate_lights,False
K228,C12,자연광·공간에서 오는 빛,narrow silver-white hair rim,머리카락 가장자리의 가는 은백색 빛,재구성,,,slot:lighting:cr_candidate_colored_rim;slot:light_direction:rim_light;slot:lighting:sff_pro_l02;slot:lighting:sff_pro_l14,backlit_rim_edge_separation_relation;cr_colored_rim;uniform_tall_fur_headwear;y2kr_wet_hair,False
K229,C12,자연광·공간에서 오는 빛,dappled sunlight through blossoms,꽃 사이를 통과하는 점무늬 햇빛,재구성,,,slot:light_direction:dappled_light;slot:lighting:bamboo_canopy_dappled_action_light;slot:light_type:lit_golden_direct_sun_open_sky_fill;slot:light_type:direct_sun,egr_profile_mume_on_leafless_woody_branches;water_rel_w046;orn_profile_gd71;clothing_ct056_v1,False
K230,C12,자연광·공간에서 오는 빛,sunlight immediately after a passing shower,소나기 직후 남은 비와 함께 비치는 햇빛,재구성,,,slot:light_type:lit_golden_direct_sun_open_sky_fill;slot:light_type:direct_sun;slot:lighting:harsh_noon;slot:lighting:passing_headlight_sweep,embarrassment_repair_display;achievement_reward_smile;clothing_ct073_v1;clothing_ct056_v1,False
K231,C12,자연광·공간에서 오는 빛,soft low-contrast twilight,명암이 부드러운 해질녘 빛,기록 표현,,,slot:light_intensity:soft_low_contrast;slot:light_type:lit_blue_twilight_available_mixed;slot:lighting:lit_blue_twilight_city_practicals;slot:lighting:lit_window_large_soft_source,restrained_polished_natural_makeup_balance;blue_hour_ambient_practical_balance;hvr_profile_twilight_detail_threshold;glass_skin_specular_diffuse_balance,False
K232,C12,자연광·공간에서 오는 빛,blue-hour ambient light,해가 진 뒤의 푸른 환경광,재구성,slot:lighting:blue_hour,,slot:lighting:blue_hour;slot:lighting:e_waste_dusk_ambient;slot:light_shape:diffused_ambient;slot:lighting:lit_practical_motivated_mixed_interior,blue_hour_ambient_practical_balance;motivated_practical_mixed_interior_relation;rear_curtain_flash_motion_trace;soft_light_shadow_edge_relation,False
K233,C12,자연광·공간에서 오는 빛,moonlight rim light,달빛을 닮은 차가운 윤곽광,확인 표현,,,slot:lighting:moonlit_tiled_roof_edge_light;slot:light_type:moonlight;slot:lighting:moonlight;slot:lighting:rim_light,cr_colored_rim;golden_hour_low_sun_relation;water_rel_w046;water_rel_w026,False
K234,C12,자연광·공간에서 오는 빛,warm directional daylight × deep doorway shadow,따뜻한 햇빛과 깊은 문 안쪽 그림자의 대비,재구성,,,slot:lighting:baroque_gilded_chiaroscuro_lighting;slot:light_shape:lit_blue_window_street_pool_pattern;slot:lighting:lit_blue_twilight_city_practicals;slot:lighting:daylight_fill_flash_balance_relation,chiaroscuro_form_modeling_relation;window_seat_daylight_activity_relation;katabasis_living_underworld_descent;cr_cool_highlights,False
K235,C12,자연광·공간에서 오는 빛,a narrow vertical golden backlight,뒤쪽의 좁은 황금빛 수직 광원,기록 표현,,,slot:lighting:lit_golden_low_sun_backlight;slot:light_shape:egr_occluded_vertical_emissive_slit;slot:light_type:golden_hour;slot:light_direction:silhouette_backlight,sca_f06;ri_daoist_robe_sky;golden_hour_low_sun_relation;egr_profile_occluded_vertical_emissive_slit,False
K236,C12,자연광·공간에서 오는 빛,light catching only the fabric edges,원단 가장자리에만 잡힌 빛,재구성,,,slot:light_shape:firelight_on_ceiling_only;slot:lighting:orn_gd65;slot:light_shape:lit_luxury_selected_specular_edges;slot:lighting:pal_app_yellow_black_cyan_industrial,sheer_garment_optical_layering;water_rel_w126;costume_ccx_cc35_01;rb_optional_chromatic_fringe,False
K237,C12,자연광·공간에서 오는 빛,soft bounce from a pale wall,밝은 벽에서 되돌아오는 부드러운 빛,확장 제안,,,slot:lighting:sff_pro_l12;slot:light_shape:green_leaf_reflected_light;slot:lighting:bioluminescent_soft_glow;slot:light_shape:looming_wall_shadow,rb_bounce_owner;negative_fill_shadow_deepening_relation;rb_water_path_stain;hvr_profile_wreath_fresh_decay_contrast,False
K238,C12,자연광·공간에서 오는 빛,directional light softened by haze,방향성은 남기고 안개로 날카로움만 완화,재구성,,,slot:lighting:lit_window_large_soft_source;slot:lighting:pal_app_red_navy_violet_noir_light;slot:lighting:pal_app_cyan_magenta_dark_light;slot:lighting:laser_array_haze,y2kr_pastel_shadow;veiling_flare_contrast_loss_relation;low_key_selective_illumination;volumetric_occluded_light_shafts,False
K239,C12,자연광·공간에서 오는 빛,realistic light falloff,광원에서 멀수록 자연스럽게 약해지는 밝기,확인 표현,,,slot:light_shape:soft_prop_shadow_falloff;slot:light_shape:lit_practical_local_falloff_pool;slot:light_intensity:flash_falloff_black_background;slot:light_intensity:lit_window_open_shadow_falloff,mixed_illuminant_white_balance_relation;pr_object_contact_shadow_support;rb_optional_lens_falloff;press_flash_newsprint_reproduction_relation,False
K240,C12,자연광·공간에서 오는 빛,one coherent lighting environment,사람·소품·배경이 같은 빛을 공유,재구성,,,slot:light_shape:water_w046;slot:light_direction:lit_volume_single_source_axis;slot:lighting:pe_coherent_relighting;slot:lighting:pc_pc28_component_1,tenebrist_dark_field_isolation;panning_subject_tracking_motion_relation;water_rel_w046;water_rel_w052,False
K241,C13,인공광·혼합광,direct on-camera smartphone flash,인물을 정면에서 밝히는 휴대전화 플래시,확인 표현,,,slot:light_type:on_camera_flash;slot:light_intensity:flash_falloff_black_background;slot:lighting:hard_flash;slot:light_shape:hard_flash_red_eye,direct_on_camera_flash_snapshot_signature;pe_compact_flash_noisy_finish_relation;late_century_minilab_flash_print_relation;press_flash_newsprint_reproduction_relation,False
K242,C13,인공광·혼합광,warm tungsten light mixed with flash,따뜻한 실내광 위에 얹힌 차가운 플래시,재구성,,,slot:light_type:tungsten_practical;slot:light_type:lit_blue_twilight_available_mixed;slot:lighting:mixed_daylight_tungsten;slot:lighting:tungsten,mixed_illuminant_white_balance_relation;rb_mixed_source_zones;motivated_practical_mixed_interior_relation;early_2000s_compact_digicam_social_repost,False
K243,C13,인공광·혼합광,underexposed background behind a flash-lit subject,플래시 인물 뒤 어두운 배경,재구성,,,slot:lighting:y2kr_retro_flash;slot:lighting:pe_silhouette_outline;slot:lighting:cr_candidate_background_wash;slot:light_shape:egr_occluded_vertical_emissive_slit,y2kr_retro_flash;backlit_silhouette_mass_relation;direct_on_camera_flash_snapshot_signature;hvr_profile_dramatic_irony_unseen_back,False
K244,C13,인공광·혼합광,warm practical interior light,장면 속 램프에서 오는 따뜻한 빛,확인 표현,,,slot:lighting:lit_practical_motivated_mixed_interior;slot:light_type:tungsten_practical;slot:light_type:paper_lantern_light;slot:light_type:pojangmacha_tent_light,motivated_practical_mixed_interior_relation;blue_hour_ambient_practical_balance;opening_modern_reinterpretation_layers;rb_exposure_priority,False
K245,C13,인공광·혼합광,tea-colored lamplight,홍차 같은 갈색 기운의 따뜻한 램프빛,재구성,,,,,False
K246,C13,인공광·혼합광,moonlight × candlelight cinematography,푸른 밤빛과 촛불의 이중 광원,확인 표현,,,slot:light_type:moonlight;slot:lighting:moonlight;slot:light_shape:candle_flicker_pool;slot:light_type:candlelight,water_rel_w046,False
K247,C13,인공광·혼합광,warm antique lantern key light,오래된 등불을 주광원으로 사용,확인 표현,,,slot:lighting:warm_lantern;slot:light_type:paper_lantern_light;slot:lighting:lantern_rows_warm_light;slot:light_shape:paper_lantern_warmth,phantasmagoria_projected_spectral_sequence;butterfly_face_light_pattern;opening_modern_reinterpretation_layers;y2kr_warm_denim_palette,False
K248,C13,인공광·혼합광,cool blue window light × warm amber lamps,푸른 창과 호박색 램프의 온도 대비,재구성,,,slot:lighting:lit_blue_twilight_city_practicals;slot:light_shape:lit_blue_window_street_pool_pattern;slot:light_type:lit_blue_twilight_available_mixed;slot:lighting:pal_app_blue_amber_mixed_light,rb_mixed_source_zones;hvr_profile_palette_candle_cold_exterior;mixed_illuminant_white_balance_relation;y2kr_warm_denim_palette,False
K249,C13,인공광·혼합광,soft warm key light with a red rim,따뜻한 얼굴빛과 얇은 붉은 윤곽광,확장 제안,,,slot:lighting:cr_advisory_colored_rim;slot:lighting:lit_clean_clamshell_beauty;slot:light_type:lit_clean_large_soft_key_return;slot:light_shape:lit_golden_rim_grazing_highlight,sunburn_blush_cross_face_distribution;golden_hour_low_sun_relation;clamshell_dual_source_portrait_light;pa_local_color_under_separate_lights,False
K250,C13,인공광·혼합광,clean neutral-cool studio lighting,색을 오염시키지 않는 중성·차가운 스튜디오광,재구성,,,slot:lighting:studio_flash;slot:lighting:studio_strobe;slot:light_direction:lit_rembrandt_elevated_off_axis;slot:lighting:lit_rembrandt_cheek_triangle_key,orientalist_harem_constructed_tableau;diegetic_reality_invariant_failure;rb_clean_space_plausibility;water_rel_w046,False
K251,C13,인공광·혼합광,broad soft frontal fill,얼굴 그림자를 넓고 부드럽게 보충,재구성,,,slot:light_direction:lit_blue_sky_fill_local_practical;slot:light_type:lit_clean_large_soft_key_return;slot:light_direction:lit_direct_flash_camera_axis;slot:capture_context:mep_casting_front_candidate,clamshell_dual_source_portrait_light;mep_casting_front;key_fill_separation_background_roles;y2kr_sheepskin_boots,False
K252,C13,인공광·혼합광,deep side shadows,옆면의 깊은 그림자로 입체감 형성,확인 표현,,,slot:light_intensity:deep_shadow_low_key_natural;slot:lighting:chiaroscuro_window_light;slot:light_intensity:deep_shadow_detail;slot:light_direction:lit_window_side_front_wrap,y2kr_deep_side_part;chiaroscuro_form_modeling_relation;pf_window_seat;rembrandt_face_light_pattern,False
K253,C13,인공광·혼합광,a single overhead sculptural beam,상부의 빛 하나로 형태를 조각하듯 드러냄,재구성,,,slot:lighting:single_flashlight_beam;slot:light_shape:candle_teardrop_flame;slot:lighting:lit_editorial_hard_side_key;slot:light_direction:pe_top_modeling,costume_ccx_cc40_01;costume_ccx_cc40_02;hvr_profile_haze_light_volume;mep_graphic_pose,False
K254,C13,인공광·혼합광,low-key directional lighting,대부분을 어둡게 남기는 방향 조명,재구성,,,slot:lighting:low_key;slot:lighting:lit_window_large_soft_source;slot:light_type:lit_rembrandt_controlled_directional_source;slot:light_type:lit_luxury_large_directional_soft_source,low_key_selective_illumination;key_fill_separation_background_roles;tenebrist_dark_field_isolation;water_rel_w046,False
K255,C13,인공광·혼합광,selective rim lighting,필요한 윤곽만 선택적으로 드러냄,확인 표현,,,slot:lighting:sff_pro_l02;slot:lighting:lit_noir_selective_gobo_pool;slot:light_direction:lit_filmic_selective_edge_light;slot:light_direction:lit_noir_hard_side_back_direction,backlit_rim_edge_separation_relation;split_diopter_dual_focus_planes;low_key_selective_illumination;pictorialist_handworked_print_relation,False
K256,C13,인공광·혼합광,cold aqua neon glow,차가운 청록색 발광,기록 표현,,,slot:lighting:elevator_panel_glow;slot:light_type:cold_dawn_overcast;slot:light_type:blacklight_uv;slot:lighting:neon_pc_monitor_glow,water_rel_w014;cold_shoulder_cutout_topology;costume_ccx_cc35_02;occupied_housing_habitability_mitigation_relation,False
K257,C13,인공광·혼합광,muted fluorescent ambience,과장하지 않은 형광등의 일상적 빛,재구성,,,slot:lighting:flickering_fluorescent_horror;slot:light_type:fluorescent;slot:light_type:old_fluorescent_bus_stop_light;slot:lighting:old_fluorescent_bus_stop_light,hvr_profile_palette_flesh_steel;hvr_profile_palette_underwater_depth;rb_bounce_owner;cr_low_chroma,False
K258,C13,인공광·혼합광,screen glow on the shadow side,그늘 쪽 얼굴에만 얹힌 화면빛,확장 제안,,,slot:lighting:phone_screen_face_glow_partner_dark;slot:light_shape:lifted_glyph_self_glow;slot:light_shape:monitor_rectangle_glow;slot:lighting:blacklight_glow,negative_fill_shadow_deepening_relation;ed_shared_phone;split_face_light_pattern;loop_face_light_pattern,False
K259,C13,인공광·혼합광,a small pool of light on the desk,책상 위에 국소적으로 모인 빛,재구성,,,slot:light_shape:contract_table_pool_light;slot:lighting:rb_practical_pool_candidate;slot:lighting:lit_noir_selective_gobo_pool;slot:light_shape:projector_pool_of_light,hvr_profile_palette_candle_cold_exterior;ia_profile_chin_cradle;rb_practical_pool;water_rel_w049,False
K260,C13,인공광·혼합광,background darker than the illuminated face,밝은 얼굴보다 배경의 명도를 낮춤,재구성,,,slot:lighting:pe_frontal_flash_falloff;slot:light_intensity:rb_exposure_priority_candidate;slot:lighting:lit_blue_twilight_city_practicals;slot:lighting:water_w051,backlit_rim_edge_separation_relation;chiaroscuro_form_modeling_relation;short_face_light_orientation_relation;broad_face_light_orientation_relation,False
K261,C14,광학·입자·촬영 흔적,gentle lens bloom,밝은 부분 주변에 부드러운 번짐,기록 표현,,,slot:quality:pe_local_bloom;slot:film_emulation:lit_filmic_grain_rolloff_halation;slot:quality:pe_natural_detail;slot:lens_artifact:anamorphic_horizontal_flare,diffusion_filter_highlight_halation;egr_profile_magnolia_large_petals;pe_local_bloom_relation;aeolian_dune_stoss_crest_slipface_transport,False
K262,C14,광학·입자·촬영 흔적,subtle halation,밝은 경계에 얇게 남는 후광성 번짐,확인 표현,,,slot:film_emulation:cinestill_800t_halation;slot:film_emulation:lit_filmic_grain_rolloff_halation;slot:motion:rolling_shutter_phone;slot:grain_profile:rb_low_light_noise_candidate,diffusion_filter_highlight_halation;y2kr_fine_body_shimmer;subject_field_negative_space_relation;rb_low_light_noise,False
K263,C14,광학·입자·촬영 흔적,fine film grain,미세하고 균일하지 않은 필름 입자,기록 표현,,,slot:film_emulation:pe_scan_picture_area;slot:film_emulation:pr_film_grain_print_scan_scope_candidate;slot:film_emulation:rb_film_grain_choice_candidate;slot:film_emulation:kodak_tri_x_400_bw,pe_fine_midtonal_grain_relation;rb_film_grain_choice;pe_coarse_film_grain_relation;water_rel_w020,False
K264,C14,광학·입자·촬영 흔적,subtle organic grain,가공 흔적이 두드러지지 않는 유기적 입자,확인 표현,,,slot:grain_profile:pe_coarse_film_grain;slot:grain_profile:pe_fine_midtonal_grain;slot:film_emulation:pe_disposable_picture_area;slot:film_emulation:pr_film_grain_print_scan_scope_candidate,hvr_profile_abject_boundary_failure;hvr_profile_bodily_fusion_shared_junction;hvr_profile_palette_flesh_steel;rb_film_grain_choice,False
K265,C14,광학·입자·촬영 흔적,delicate lens softness,렌즈를 통과한 듯 부드러운 세부,확인 표현,,,slot:film_emulation:polaroid_sx70;slot:film_emulation:super8_film_frame;slot:quality:pe_uniform_image_blur;slot:lens_artifact:anamorphic_horizontal_flare,pr_object_contact_shadow_support;pc_pc19_owner_relation;shallow_depth_focus_falloff_relation;appearance_rel_h050,False
K266,C14,광학·입자·촬영 흔적,soft focus falloff,초점 부근에서 주변으로 부드럽게 흐려짐,재구성,,,slot:focus:pe_shallow_falloff;slot:focus:pr_focus_plane_subject_falloff_candidate;slot:focus:pictorialist_selective_soft_focus;slot:focus:soft_focus_glow,shallow_depth_focus_falloff_relation;pictorialist_handworked_print_relation;soft_window_private_room_adult_portrait;rb_optional_lens_falloff,False
K267,C14,광학·입자·촬영 흔적,gentle circular bokeh,완만한 원형 빛망울,확인 표현,,,slot:focus:pc_pc19_component_2;slot:lens_artifact:circular_sun_flare;slot:film_emulation:lit_filmic_grain_rolloff_halation;slot:quality:pe_natural_detail,pc_pc19_owner_relation;aeolian_dune_stoss_crest_slipface_transport;clothing_ct118_v1;water_rel_w026,False
K268,C14,광학·입자·촬영 흔적,soft vignette,가장자리의 약한 어두워짐,확인 표현,,,slot:focus:pe_background_bokeh;slot:quality:pe_soft_glow_layer;slot:quality:pe_orton_overlap;slot:film_emulation:pe_scan_picture_area,frame_within_frame_boundary_relation;costume_ccx_cc29_01;rb_soft_ground_contact;soft_full_figure_volume,False
K269,C14,광학·입자·촬영 흔적,slight lens distortion,완벽히 보정되지 않은 작은 광학 왜곡,확인 표현,,,slot:lens_artifact:rb_optional_chromatic_fringe_candidate;slot:motion:water_surface_ripple_motion;slot:motion:handheld_motion_blur;slot:motion:handheld_microshake,rb_optional_chromatic_fringe;water_rel_w019;acetate_channeling_shrinkage_relation;rolling_shutter_readout_skew,False
K270,C14,광학·입자·촬영 흔적,irregular light-leak softness,불규칙한 누광이 만드는 부드러운 흔적,확인 표현,,,slot:film_emulation:pe_edge_light_leak;slot:lens_artifact:light_leak_streak;slot:film_emulation:polaroid_sx70;slot:film_emulation:super8_film_frame,pe_edge_light_leak_relation;pr_object_contact_shadow_support;pc_pc19_owner_relation;shallow_depth_focus_falloff_relation,False
K271,C14,광학·입자·촬영 흔적,foreground condensation,렌즈 앞에 서린 김으로 근접층 형성,확인 표현,,,slot:focus:pc_pc19_component_2;slot:focus:deep_focus;slot:lens_artifact:water_w052;slot:focus:selective_foreground_focus,water_rel_w014;pc_pc19_owner_relation;ed_independent_bystander;cr_cool_foreground,False
K272,C14,광학·입자·촬영 흔적,fingerprints and rain droplets on the lens,렌즈의 지문과 물방울로 상호작용 암시,재구성,,,slot:lens_artifact:water_droplets_on_lens;slot:lens_artifact:rain_streaks_on_glass;slot:lens_artifact:dust_specks_on_lens;slot:lens_artifact:greasy_fingerprint_smudge,water_rel_w015;water_rel_w014;sw_wet;water_rel_w017,False
K273,C14,광학·입자·촬영 흔적,slight softness and minor motion blur,조금 흔들린 우연한 사진의 느낌,확인 표현,,,slot:motion:handheld_motion_blur;slot:motion:mid_gesture_handoff_blur;slot:quality:pe_uniform_image_blur;slot:motion:rb_local_motion_blur_candidate,shallow_depth_focus_falloff_relation;panning_subject_tracking_motion_relation;rb_local_motion_blur;rolling_shutter_readout_skew,False
K274,C14,광학·입자·촬영 흔적,subtle focus imperfections,완벽히 맞지 않은 초점의 미세한 흔적,확인 표현,,,slot:focus:pc_px04_component_1;slot:focus:pictorialist_selective_soft_focus;slot:focus:rb_depth_focus_continuity_candidate;slot:focus:pe_shallow_falloff,y2kr_fine_body_shimmer;pictorialist_handworked_print_relation;mep_product_hero;mep_beauty_detail,False
K275,C14,광학·입자·촬영 흔적,moderate high-ISO noise,야간 촬영처럼 적당히 남긴 노이즈,확인 표현,,,slot:grain_profile:pr_shadows_local_digital_noise_candidate;slot:quality:pe_vhs_picture_plane;slot:grain_profile:pe_digital_luma_noise;slot:quality:pe_denoised_detail,hvr_profile_analog_broadcast_intrusion;rb_film_grain_choice;rb_low_light_noise;pe_compact_flash_noisy_finish_relation,False
K276,C14,광학·입자·촬영 흔적,mildly blown-out flash highlights,플래시로 약간 날아간 반사부,확인 표현,,,slot:motion:rear_curtain_flash_trails;slot:film_emulation:pe_disposable_picture_area;slot:quality:pe_polished_specular_detail;slot:motion:slow_sync_shutter_drag,y2kr_retro_flash;press_flash_newsprint_reproduction_relation;early_2000s_compact_digicam_social_repost;direct_on_camera_flash_snapshot_signature,False
K277,C14,광학·입자·촬영 흔적,uneven exposure,부분마다 완벽하지 않은 노출,재구성,,,slot:motion:pc_pc29_component_3;slot:motion:pe_flash_core_shutter_trace;slot:grain_profile:pe_coarse_film_grain,hvr_profile_putrefaction_material_state;egr_profile_gold_leaf_like_bounded_panel;y2kr_camouflage;y2kr_teased_crown,False
K278,C14,광학·입자·촬영 흔적,soft point-and-shoot detail,소형 카메라처럼 부드러운 디테일,기록 표현,,,slot:quality:pe_orton_overlap;slot:quality:pe_soft_glow_layer;slot:film_emulation:minolta_point_and_shoot_flash;slot:quality:pe_painterly_photo_finish,y2kr_digicam;pe_orton_overlap_relation;clothing_ct091_v2;soft_light_shadow_edge_relation,False
K279,C14,광학·입자·촬영 흔적,refined micro-contrast,세부는 살리되 과장하지 않은 국소 대비,확인 표현,,,,,False
K280,C14,광학·입자·촬영 흔적,restrained optical imperfections,필요한 만큼만 남긴 광학적 불완전함,재구성,,,slot:lens_artifact:pe_aligned_ghosts;slot:lens_artifact:pe_horizontal_anamorphic_streak;slot:quality:real_optical_imperfection;slot:focus:optical_layered_focus,diffusion_filter_highlight_halation;split_diopter_dual_focus_planes;lens_ghosting_flare_alignment;pc_pc24_owner_relation,False
K281,C15,색보정·명암 설계,muted analog color palette,채도를 누른 필름 계열의 색,확인 표현,,,slot:color:egr_palette_s303;slot:color:egr_palette_s319;slot:color:sage_green_palette;slot:color:cr_candidate_low_chroma,cr_low_chroma;rb_bounce_owner;cr_depth_palette;cr_analogous,False
K282,C15,색보정·명암 설계,lifted matte blacks,검정을 약간 띄워 부드러운 매트 톤 형성,재구성,,,slot:color_grading:pe_faded_black_floor;slot:color_grading:lit_editorial_punchy_structured_finish;slot:color_grading:lit_window_gentle_low_contrast_finish;slot:color_grading:lit_noir_deep_detailed_black_finish,egr_profile_low_key_lifted_black_floor;y2kr_teased_crown;pe_lifted_black_floor_relation;hw_polonaise_three_lifts,False
K283,C15,색보정·명암 설계,milky matte blacks,검정에 우유빛을 섞은 듯한 부드러움,재구성,,,slot:color_grading:lit_window_gentle_low_contrast_finish;slot:color_grading:pe_faded_black_floor;slot:color_grading:lit_editorial_punchy_structured_finish;slot:color_grading:lit_noir_deep_detailed_black_finish,hvr_profile_clouded_iris_surface;clothing_ct078_v2;rb_material_response_contrast;costume_ccx_cc13_03,False
K284,C15,색보정·명암 설계,smooth highlight rolloff,밝은 영역이 갑자기 끊기지 않는 계조,확인 표현,,,slot:color_grading:lit_golden_protected_warm_rolloff;slot:color_grading:lit_luxury_rich_black_finish;slot:color_grading:soft_milky_low_contrast_grading;slot:film_emulation:lit_filmic_grain_rolloff_halation,highlight_rolloff_tone_response;satin_directional_luster_drape_surface;cr_cool_highlights;cr_warm_highlights,False
K285,C15,색보정·명암 설계,low-to-medium contrast,부드러움과 형태를 함께 남기는 명암,재구성,,,slot:color:cr_advisory_figure_ground;slot:color_grading:pe_cross_process_cast;slot:color_grading:pe_washed_tones;slot:film_emulation:pe_red_edge_halation,rb_distance_haze;pr_atmospheric_distance_contrast;water_rel_w018;hvr_profile_fog_distance_occlusion,False
K286,C15,색보정·명암 설계,restrained saturation,색의 강도를 의도적으로 제한,확인 표현,slot:color_grading:pe_restrained_red_family,,slot:color_grading:pe_restrained_red_family;slot:color:lit_filmic_muted_color_separation;slot:color:cr_advisory_chroma_separation;slot:color:cr_candidate_uniform_chroma,appearance_rel_h120;cr_uniform_chroma;cr_mixed_chroma;gradient_lip_center_distribution,False
K287,C15,색보정·명암 설계,cool blue morning haze,아침의 푸른 안개 같은 전체 색 기운,기록 표현,,,slot:color:lit_blue_cool_ambient_warm_practical;slot:color:glacier_blue_palette;slot:color:y2kr_cyber_palette;slot:color:cool_blue,y2kr_icy_blue;y2kr_cyber_palette;water_rel_w018;egr_profile_localized_haze_depth,False
K288,C15,색보정·명암 설계,warm amber indoor glow,실내를 감싸는 따뜻한 호박색 기운,재구성,,,slot:color_grading:warm_window_amber_grade;slot:color:hr_palette_candle_cold_exterior;slot:quality:pe_soft_glow_layer;slot:color:egr_palette_s302,film_halation_highlight_edge_relation;hvr_profile_palette_candle_cold_exterior;pr_scene_owned_exposure_tradeoff;costume_ccx_cc35_02,False
K289,C15,색보정·명암 설계,muted green-amber shadows,녹색과 호박색이 섞인 어두운 톤,기록 표현,,,slot:color:egr_palette_s303;slot:color:egr_palette_s319;slot:color:lit_filmic_muted_color_separation;slot:color:hr_palette_flesh_steel,hvr_profile_palette_flesh_steel;hvr_profile_palette_underwater_depth;rb_bounce_owner;cr_low_chroma,False
K290,C15,색보정·명암 설계,cool-neutral cinematic grade,색을 과하게 꾸미지 않은 차가운 영화 톤,재구성,,,slot:color:teal_orange;slot:color_grading:cool_morning_blue_grade;slot:color_grading:green_summer_reflected_grade;slot:color_grading:warm_window_amber_grade,opening_modern_reinterpretation_layers;mixed_illuminant_white_balance_relation;golden_hour_low_sun_relation;motivated_practical_mixed_interior_relation,False
K291,C15,색보정·명암 설계,faded digital-flash color,빛바랜 디지털 플래시 사진의 색,기록 표현,,,slot:color:egr_palette_s313;slot:color:egr_palette_s304;slot:color:faded_film_palette;slot:color:film_faded,egr_profile_dried_curled_petals;hvr_profile_palette_display_limited;decadent_languor_environment;y2kr_warm_denim_palette,False
K292,C15,색보정·명암 설계,pastel cyan with warm peach highlights,파스텔 청록 바탕에 복숭아색 하이라이트,재구성,,,slot:color:lit_blue_cool_ambient_warm_practical;slot:color_grading:lit_blue_twilight_not_cyan_night;slot:color:pe_burgundy_peach_mapping;slot:color:infrared_pink_foliage,blue_hour_ambient_practical_balance;golden_hour_low_sun_relation;pa_local_color_under_separate_lights;y2kr_pop_palette,False
K293,C15,색보정·명암 설계,skin tones kept distinct from the background cast,배경의 색 기운에 피부색이 완전히 묻히지 않게 함,확장 제안,,,slot:color_grading:pe_cool_shadow_warm_skin;slot:film_emulation:kodak_portra_400_look;slot:color_grading:rb_highlight_shoulder_candidate;slot:color:hr_palette_metal_monochrome,direct_on_camera_flash_snapshot_signature;pfe_cleavage;pfe_navel;rb_low_light_noise,False
K294,C15,색보정·명암 설계,one saturated accent in a muted field,저채도 화면 속 포인트 하나만 선명하게,재구성,,,slot:color:cr_candidate_vivid_on_muted;slot:color:egr_palette_s303;slot:color:egr_palette_s319;slot:color_grading:palette_role_hierarchy_relation,cr_vivid_on_muted;cr_low_chroma;cr_accented_analogous;egr_profile_three_owner_palette_roles,False
K295,C15,색보정·명암 설계,clean reds against softer skin tones,"피부는 부드럽게, 빨강은 탁해지지 않게",확장 제안,,,slot:color:beauty_clean_skin_tone;slot:color_grading:pe_cool_shadow_warm_skin;slot:film_emulation:kodak_portra_400_look;slot:color_grading:lit_clean_beauty_tone_finish,graphic_negative_space_eyeliner;shallow_depth_focus_falloff_relation;bm_skin_pigment_pattern;diegetic_reality_invariant_failure,False
K296,C15,색보정·명암 설계,deep blacks with readable fabric folds,검정의 깊이를 유지하면서 주름은 읽히게,재구성,,,slot:color_grading:lit_noir_deep_detailed_black_finish;slot:quality:pe_fabric_detail;slot:color_grading:pe_faded_black_floor;slot:color_grading:lit_editorial_punchy_structured_finish,mep_garment_movement;egr_profile_matte_mourning_crape;pfe_cleavage;pr_fabric_tension_fold_attachment,False
K297,C15,색보정·명암 설계,warm highlights × cool shadows,"밝은 면은 따뜻하게, 그림자는 차갑게",재구성,,,slot:color_grading:pe_cool_shadow_warm_skin;slot:color:egr_palette_s302;slot:color_grading:pe_warm_highlight_cool_shadow;slot:color_grading:lit_rembrandt_deep_detailed_tone,motivated_practical_mixed_interior_relation;golden_hour_low_sun_relation;cr_cool_foreground;cr_cool_subject,False
K298,C15,색보정·명암 설계,slightly uneven white balance,완벽히 중화되지 않은 생활 공간의 색,확인 표현,,,slot:color:lit_direct_flash_neutral_cool_balance;slot:color:early_digital_mixed_white_balance;slot:color:lit_window_neutral_daylight_balance;slot:color:lit_clean_warm_neutral_balance,bm_skin_tone_appearance;early_2000s_compact_digicam_social_repost;mixed_illuminant_white_balance_relation;contained_affect_self_presentation,False
K299,C15,색보정·명암 설계,matte-satin finish,지나친 유광도 완전 무광도 아닌 마감,확장 제안,,,slot:quality:pe_painterly_photo_finish;slot:color_grading:lit_editorial_punchy_structured_finish;slot:color_grading:lit_luxury_rich_black_finish;slot:color_grading:lit_window_gentle_low_contrast_finish,orn_profile_gd60;bm_skin_relief_texture;hw_dangui_open_sides;clothing_ct080_v2,False
K300,C15,색보정·명암 설계,preserve local color differences,머리·피부·원단 사이의 미세 색 차이를 유지,확장 제안,,,slot:color:cr_candidate_dark_on_dark;slot:color:cr_candidate_light_on_light;slot:color:cr_candidate_achromatic;slot:color_grading:rb_restrained_processing_candidate,cr_dark_on_dark;cr_light_on_light;bm_scar_surface;cr_achromatic,False
K301,C16,팔레트·색의 역할 조합,charcoal × warm gold × ivory blossoms,어두운 고딕에 금빛 축과 꽃의 여백,재구성,,,slot:color:egr_palette_s302;slot:color:egr_palette_s307;slot:color:egr_palette_s301;slot:color:egr_palette_s308,pa_bounded_metal_trim;egr_profile_mume_on_leafless_woody_branches;egr_profile_charcoal_backdrop_dark_material;costume_ccx_cc31_02,False
K302,C16,팔레트·색의 역할 조합,black × ivory × a single scarlet accent,무채색 구조에 빨간 포인트 하나,재구성,,,slot:color:egr_palette_s301;slot:color:neutral_base_single_lemon_accent;slot:color:egr_palette_s308;slot:color:egr_palette_s314,hvr_profile_palette_single_crimson;cr_achromatic_accent;pa_bounded_metal_trim;cr_isolated_accent,False
K303,C16,팔레트·색의 역할 조합,porcelain ivory × lacquer red × soft gold,흰 재단에 조형적인 빨강과 작은 금속빛,재구성,,,slot:color:pearl_ivory_champagne_gold_palette;slot:color:egr_palette_s301;slot:color:egr_palette_s308;slot:color:egr_palette_s302,costume_ccx_cc31_02;pa_bounded_metal_trim;sunburn_blush_cross_face_distribution;diffusion_filter_highlight_halation,False
K304,C16,팔레트·색의 역할 조합,silver-black × pure white,은흑색 금속과 순백 배경의 차가운 대비,재구성,,,slot:color:egr_palette_s305;slot:color:egr_palette_s316;slot:color:egr_palette_s304;slot:color:egr_palette_s309,medium_native_glitch;orn_profile_gd37;uniform_white_collar_cuffs_black_dress;pa_blue_motif_white_ceramic,False
K305,C16,팔레트·색의 역할 조합,midnight navy × sapphire × platinum,심야 판타지의 짙은 청색과 차가운 금속,재구성,,,slot:color:midnight_sapphire_platinum_palette;slot:color:egr_palette_s305;slot:color:egr_palette_s303;slot:color:egr_palette_s309,pa_bands_same_carrier;pa_bounded_metal_trim,False
K306,C16,팔레트·색의 역할 조합,black × crimson × antique ivory,극적이고 장식적인 고딕 팔레트,재구성,,,slot:color:egr_palette_s301;slot:color:egr_palette_s308;slot:color:egr_palette_s303;slot:color:hr_palette_single_crimson,hvr_profile_palette_single_crimson;pa_bounded_metal_trim;hvr_profile_palette_metal_monochrome;pa_primary_rectangles_orthogonal,False
K307,C16,팔레트·색의 역할 조합,dusty pink × cobalt accents on black,어두운 화면에 선택적으로 더하는 장난스러운 색,재구성,,,slot:color:egr_palette_s310;slot:color:y2kr_bling_palette;slot:color:pal_app_neutral_cobalt_accent;slot:color:pe_cobalt_cream_mapping,y2kr_bling_palette;pa_neutral_cobalt_owner;pa_primary_rectangles_orthogonal;ri_tefillin_pair,False
K308,C16,팔레트·색의 역할 조합,deep teal × oatmeal × wood brown,빈티지 기차의 차분한 녹청과 생활 재질,재구성,,,slot:color:pal_app_warm_white_oatmeal;slot:color:egr_palette_s315;slot:color_grading:pe_teal_shadow_orange_midtones;slot:color:pal_app_teal_orange_figure_ground,hvr_profile_palette_underwater_depth;y2kr_brown_liner;y2kr_warm_denim_palette;opening_modern_reinterpretation_layers,False
K309,C16,팔레트·색의 역할 조합,slate-blue × faded ivory × charcoal-brown,포근하지만 차가운 아침 실내색,재구성,,,slot:color:egr_palette_s301;slot:color:egr_palette_s308;slot:color:egr_palette_s314;slot:color:pearl_ivory_champagne_gold_palette,egr_profile_dried_curled_petals;hvr_profile_palette_display_limited;y2kr_warm_denim_palette;appearance_rel_h018,False
K310,C16,팔레트·색의 역할 조합,ivory × marigold × sage green,들판의 햇빛과 자연스러운 생기,재구성,,,slot:color:egr_palette_s314;slot:color:sage_green_palette;slot:color:pal_app_ivory_mushroom_olive;slot:color:egr_palette_s301,rb_bounce_owner;pa_celadon_glaze_same_body;hvr_profile_palette_display_limited;uniform_green_coat_tan_shirt_taupe_trousers,False
K311,C16,팔레트·색의 역할 조합,blue-gray × cool white × traffic-light red,비 오는 도시의 단일 따뜻한 신호,재구성,,,slot:color_grading:pal_app_achromatic_single_red;slot:color:hr_palette_moon_ink;slot:color_grading:pe_red_object_splash;slot:color_grading:pe_restrained_red_family,uniform_white_top_red_hakama_layers;ri_chakra_white2;pa_bands_same_carrier;mixed_illuminant_white_balance_relation,False
K312,C16,팔레트·색의 역할 조합,royal blue × ruby red × antique gold,왕실 동화의 의상 중심 배색,재구성,,,slot:color:obsidian_antique_gold_oxblood_palette;slot:color:egr_palette_s301;slot:color:egr_palette_s308;slot:color:tungsten_cinestill_blue_red,costume_ccx_cc31_02;ri_chakra_blue12;pa_primary_rectangles_orthogonal;pe_rgb_split_picture_plane_relation,False
K313,C16,팔레트·색의 역할 조합,ivory × powder blue × warm sunlight,푸른 꽃과 따뜻한 빛의 섬세한 대비,재구성,,,slot:color:powder_blue_palette;slot:color:lit_blue_cool_ambient_warm_practical;slot:color:y2kr_warm_denim_palette;slot:color_grading:lit_blue_twilight_not_cyan_night,y2kr_warm_denim_palette;pa_bounded_metal_trim;uniform_blue_frock_collar_cuffs;y2kr_icy_blue,False
K314,C16,팔레트·색의 역할 조합,black × obsidian × silver-blue,검은 날개와 차가운 보석의 절제된 판타지,재구성,,,slot:color:obsidian_antique_gold_oxblood_palette;slot:color:egr_palette_s301;slot:color:egr_palette_s306;slot:color:egr_palette_s303,hvr_profile_palette_metal_monochrome;hvr_profile_palette_single_crimson;pa_primary_rectangles_orthogonal;uniform_white_collar_cuffs_black_dress,False
K315,C16,팔레트·색의 역할 조합,blue-violet × coral-orange horizon,해질녘의 차가운 하늘과 가는 따뜻한 수평선,재구성,,,,autochrome_glass_transparency_color_screen;water_rel_w030;auroral_arc_curtain_atmosphere;cumulonimbus_tower_anvil_precipitation_outflow,False
K316,C16,팔레트·색의 역할 조합,cream × burgundy-brown × tungsten amber,낡은 라운지의 친밀하고 따뜻한 색,재구성,,,slot:color:tungsten_cinestill_blue_red;slot:color:hr_palette_candle_cold_exterior;slot:color_grading:warm_window_amber_grade;slot:color:egr_palette_s318,hvr_profile_palette_candle_cold_exterior;pa_food_container_color_owners;pa_bands_same_carrier;pattern_break_focal_exception,False
K317,C16,팔레트·색의 역할 조합,sage × oatmeal × paper white,수채화와 니트가 어울리는 온화한 색,재구성,,,slot:color:pal_app_warm_white_oatmeal;slot:color:egr_palette_s314;slot:color:sage_green_palette;slot:color:egr_palette_s305,cyanotype_contact_print_prussian_blue_relation;mg_paper_cut_relation;calotype_salted_paper_fiber_image_relation;albumen_card_mount_print_material_relation,False
K318,C16,팔레트·색의 역할 조합,soft black × vivid red × white × polished silver,한복 쿠튀르의 강한 선과 현대적 대비,재구성,,,slot:color_grading:pal_app_achromatic_single_red;slot:color:egr_palette_s306;slot:color:egr_palette_s320;slot:color:egr_palette_s316,pa_bounded_metal_trim;uniform_white_collar_cuffs_black_dress;pa_primary_rectangles_orthogonal;hvr_profile_palette_metal_monochrome,False
K319,C16,팔레트·색의 역할 조합,midnight blue × silver,정복의 차갑고 단정한 권위,기록 표현,,,slot:color:egr_palette_s303;slot:color:egr_palette_s309;slot:color:midnight_sapphire_platinum_palette;slot:color:egr_palette_s320,y2kr_cyber_palette;y2kr_silver_fabric;y2kr_silver_eye;uniform_blue_frock_collar_cuffs,False
K320,C16,팔레트·색의 역할 조합,navy × gold × white gloves,격식 있는 제복의 명료한 위계,재구성,,,slot:color:egr_palette_s315;slot:color:pearl_ivory_champagne_gold_palette;slot:color:egr_palette_s301;slot:color:egr_palette_s307,pa_bounded_metal_trim;pa_bands_same_carrier;costume_ccx_cc31_02;clothing_ct106_v1,False
K321,C17,원단·재질의 촉감,black silk satin,유연한 반사가 흐르는 검은 실크 새틴,확인 표현,,,slot:surface_material:fluid_satin_luster_drape_surface;slot:surface_material:sff_pro_t07;slot:garment_detail:sff_pro_e14;slot:garment_detail:liquid_satin_sheen,satin_directional_luster_drape_surface;y2kr_satin;restrained_polished_natural_makeup_balance;hvr_profile_palette_metal_monochrome,False
K322,C17,원단·재질의 촉감,silk velvet,빛을 깊게 머금는 실크 벨벳,확인 표현,,,slot:surface_material:velvet_fabric_surface;slot:surface_material:red_velvet_banquette_surface;slot:surface_material:sff_pro_t13;slot:surface_material:silk_tulle_embroidery_layer_surface,decadent_languor_environment;private_client_service_interaction;qipao_standing_collar_diagonal_closure_system,False
K323,C17,원단·재질의 촉감,ivory silk faille,구조적인 형태에 어울리는 아이보리 실크 파유,확인 표현,,,slot:surface_material:pal_app_ivory_champagne_gold;slot:surface_material:silk_tulle_embroidery_layer_surface;slot:texture:silk_hanbok_texture;slot:surface_material:fluid_satin_luster_drape_surface,pa_bounded_metal_trim;qipao_standing_collar_diagonal_closure_system,False
K324,C17,원단·재질의 촉감,graphite silk,흑연빛의 차갑고 차분한 실크,확인 표현,,,slot:surface_material:silk_tulle_embroidery_layer_surface;slot:texture:silk_hanbok_texture;slot:surface_material:fluid_satin_luster_drape_surface;slot:garment_detail:landscape_embroidery_hem,pa_neutral_cobalt_owner;qipao_standing_collar_diagonal_closure_system,False
K325,C17,원단·재질의 촉감,scarlet silk satin,포인트 면을 만드는 선홍색 새틴,확인 표현,,,slot:surface_material:fluid_satin_luster_drape_surface;slot:surface_material:sff_pro_t07;slot:garment_detail:sff_pro_e14;slot:garment_detail:liquid_satin_sheen,satin_directional_luster_drape_surface;y2kr_satin;restrained_polished_natural_makeup_balance;gradient_lip_center_distribution,False
K326,C17,원단·재질의 촉감,translucent chiffon layers,여러 겹의 얇은 시폰으로 공기감 형성,재구성,,,slot:surface_material:sheer_organza_chiffon_transmission;slot:surface_material:silk_tulle_embroidery_layer_surface;slot:surface_material:pe_photogram_paper;slot:surface_material:translucent_glass_block,sheer_garment_optical_layering;phantasmagoria_projected_spectral_sequence;hvr_profile_fungal_boundary_spread;clothing_ct091_v2,False
K327,C17,원단·재질의 촉감,organza folds,형태가 살아 있는 얇은 오간자 주름,재구성,,,slot:surface_material:sheer_organza_chiffon_transmission;slot:garment_detail:sw_candidate_smocked;slot:garment_detail:sw_candidate_ruched;slot:garment_detail:water_w161,sheer_garment_optical_layering;sw_smocked;sw_ruched;pr_fabric_tension_fold_attachment,False
K328,C17,원단·재질의 촉감,intricate floral lace,가까이에서 읽히는 꽃무늬 레이스,재구성,,,slot:surface_material:lace_fabric_surface;slot:surface_material:hw_brocade_raised_motifs_1;slot:garment_detail:orn_gd32;slot:garment_detail:orn_gd41,hw_brocade_raised_motifs;orn_profile_gd28;hvr_profile_palette_daylight_ritual;egr_profile_gold_ground_sparse_botanical_screen,False
K329,C17,원단·재질의 촉감,airy silk textures,무겁지 않고 통기성 있어 보이는 실크 질감,확인 표현,,,slot:surface_material:clt_ct088_v1;slot:surface_material:silk_tulle_embroidery_layer_surface;slot:texture:silk_hanbok_texture;slot:surface_material:fluid_satin_luster_drape_surface,water_rel_w156;clothing_ct088_v1;egr_profile_airy_small_flower_spray;golden_hour_low_sun_relation,False
K330,C17,원단·재질의 촉감,ivory linen,자연스럽고 담백한 아이보리 리넨,재구성,,,slot:surface_material:pal_app_ivory_champagne_gold;slot:surface_material:linen_fabric_surface;slot:surface_material:opening_western_blouse_reference_3;slot:garment_detail:wrinkled_linen_texture,opening_western_blouse_reference;pa_bounded_metal_trim;ottoman_imperial_harem_household_complex;diegetic_reality_invariant_failure,False
K331,C17,원단·재질의 촉감,chunky-knit ribbed cardigan,두툼한 골지 니트의 생활감,재구성,,,slot:garment_detail:ribbed_knit_texture;slot:garment_detail:cardigan_pilling_detail;slot:surface_material:lightweight_open_knit_layer_surface;slot:garment_detail:sw_candidate_rib,clothing_ct006_v1;y2kr_crop_cardigan;clothing_ct010_v1;y2kr_track_jacket,False
K332,C17,원단·재질의 촉감,worn dark leather,사용감이 남은 짙은 가죽,재구성,,,slot:surface_material:salt_weathered_leather_surface;slot:texture:cracked_leather_texture;slot:surface_material:handwoven_leather_grid_surface;slot:surface_material:full_grain_leather_natural_variation_surface,ri_tefillin_pair;decadent_languor_environment;hvr_profile_fetish_material_owner;opening_tailcoat_formal_tail_topology,False
K333,C17,원단·재질의 촉감,matte fabric against polished metal,무광 원단과 반짝이는 금속의 대비,재구성,,,slot:surface_material:opening_modern_reinterpretation_layers_3;slot:texture:hr_corrosion_used_touch_zone;slot:surface_material:precision_brushed_polished_metal_junction_surface;slot:surface_material:orn_gd04,opening_modern_reinterpretation_layers;pa_bounded_metal_trim;hvr_profile_corrosion_used_touch_zone;orn_profile_gd04,False
K334,C17,원단·재질의 촉감,visible fibers and fine stitching,섬유와 바느질을 구분해 보여줌,재구성,,,slot:garment_detail:clt_ct064_v1;slot:surface_material:water_w006;slot:surface_material:media_mix_surface_material;slot:surface_material:y2kr_faux_fur,bm_hair_grooming_state;clothing_ct064_v1;water_rel_w006;calotype_salted_paper_fiber_image_relation,False
K335,C17,원단·재질의 촉감,natural folds and fabric weight,주름과 무게가 납득되는 천,재구성,,,slot:garment_detail:pr_fabric_tension_fold_attachment_candidate;slot:garment_detail:water_w161;slot:garment_detail:sw_candidate_finish;slot:garment_detail:clt_ct033_v2,curvilinear_figure_relation;pr_fabric_tension_fold_attachment;sw_finish;y2kr_loose_socks,False
K336,C17,원단·재질의 촉감,wet fabric darkening,젖은 부분의 원단색이 짙어짐,재구성,,,slot:garment_detail:sw_candidate_wet;slot:garment_detail:water_w161;slot:surface_material:opaque_satin_specular_flow_surface;slot:surface_material:wet_net_rope_surface,water_rel_w006;sw_wet;rb_soft_ground_contact;pr_object_contact_shadow_support,False
K337,C17,원단·재질의 촉감,frayed lace and shredded fabric strips,해진 레이스와 풀린 천 조각으로 시간감,확인 표현,,,slot:garment_detail:frayed_trailing_bandage_edges;slot:surface_material:clt_ct098_v1;slot:surface_material:opening_modern_reinterpretation_layers_3;slot:surface_material:lace_fabric_surface,clothing_ct098_v1;opening_modern_reinterpretation_layers;lace_trim_attached_edge;hw_lace_insertion,False
K338,C17,원단·재질의 촉감,"dusty, weathered fabric",먼지와 마모가 남은 의상,재구성,,,slot:surface_material:weathered_wood_board_surface;slot:texture:dusty_sunbeam_texture;slot:surface_material:speculative_evolution_world_surface_material;slot:surface_material:cryptid_folklore_world_surface_material,sw_wet;sw_finish;orn_profile_gd35;clothing_ct064_v2,False
K339,C17,원단·재질의 촉감,crisp cotton against heavy wool,빳빳한 면과 무거운 울의 차이,확장 제안,,,slot:surface_material:fine_wool_cashmere_matte_pile_surface;slot:texture:needle_felt_fiber_texture;slot:garment_detail:opaque_cotton_gauze_wrap_layers;slot:texture:matte_white_gauze_weave_texture,pf_portcullis;qipao_standing_collar_diagonal_closure_system;hw_lingerie_daydress;rolling_shutter_readout_skew,False
K340,C17,원단·재질의 촉감,material-specific highlights,가죽·금속·피부·천마다 다른 반사,재구성,,,slot:texture:pr_surface_wear_contact_owner_candidate;slot:surface_material:clt_ct080_v2;slot:surface_material:clt_ct085_v1;slot:texture:hr_damp_material_consistency,pr_surface_wear_contact_owner;handled_environment_surface_layer;clothing_ct080_v2;clothing_ct121_v2,False
K341,C18,재단·장식·시각 모티브,sculpted A-line couture design,건축적으로 정리된 A자 의상 실루엣,확인 표현,,,slot:wardrobe_style:one_piece_a_line_dress;slot:silhouette_proportion:sculpted_power_shoulders;slot:costume_style:opaque_white_bandage_couture_costume;slot:wearable_accessory:appearance_h082,couture_atelier_individual_construction;costume_ccx_cc36_02;y2kr_chunky_trainers;ri_cham_mask_performer,False
K342,C18,재단·장식·시각 모티브,refined asymmetric bateau neckline,비대칭 보트넥으로 만드는 단정한 긴장,확인 표현,,,slot:garment_detail:pfe_one_shoulder_candidate;slot:wardrobe_style:y2kr_moto_jacket;slot:garment_detail:deel_asymmetric_overlap_and_sash;slot:costume_style:mongol_deel_overlap_sash_system,pfe_one_shoulder;y2kr_moto_jacket;integral_instant_print_object_relation;y2kr_asym_top,False
K343,C18,재단·장식·시각 모티브,one sculptural couture bow,조각처럼 설계한 단 하나의 리본,재구성,,,slot:silhouette_proportion:sculptural_bandage_bodycon;slot:costume_style:ccx_cc40_01;slot:garment_detail:ccx_cc40_02;slot:costume_style:opaque_white_bandage_couture_costume,couture_atelier_individual_construction;costume_ccx_cc40_02;costume_ccx_cc40_01;crossbow_stock_prod_release_system,False
K344,C18,재단·장식·시각 모티브,a ribbon tail continuing into a bodice seam,리본이 몸판 절개선으로 이어지는 구조,재구성,,,slot:garment_detail:clt_ct045_v2;slot:garment_detail:jumpsuit_bodice_crotch_leg_continuity;slot:garment_detail:leggings_crossover_front_waistband;slot:garment_detail:wrap_front_diagonal_overlap_tie,clothing_ct045_v2;costume_ccx_cc23_01;one_piece_dress_construction;hw_empire_raised_waist,False
K345,C18,재단·장식·시각 모티브,"deconstructed, paneled couture",분해·패널 구성으로 만든 현대적 재단,재구성,,,slot:costume_style:deconstructed_mummy_wrap_dress;slot:wearable_accessory:clt_ct101_v1;slot:wardrobe_style:y2kr_denim_vest;slot:wearable_accessory:y2kr_panel_cap,couture_atelier_individual_construction;clothing_ct101_v1;y2kr_panel_cap;y2kr_denim_vest,False
K346,C18,재단·장식·시각 모티브,blackened-metal filigree,검게 처리된 섬세한 금속 덩굴 장식,재구성,,,slot:wearable_accessory:sff_pro_j06;slot:wearable_accessory:orn_gd13;slot:wearable_accessory:orn_gd14,orn_profile_gd13;orn_profile_gd14;orn_profile_gd14_object;orn_profile_gd13_object,False
K347,C18,재단·장식·시각 모티브,obsidian gemstone accents,흑요석 같은 검은 보석 포인트,재구성,,,slot:wearable_accessory:clt_ct114_v1;slot:wearable_accessory:tiny_petal_face_stickers;slot:wardrobe_style:cybergoth_technical_synthetic_layers;slot:wearable_accessory:orn_gd13,clothing_ct114_v1;y2kr_bling_palette;high_jewelry_setting_integration;chiaroscuro_form_modeling_relation,False
K348,C18,재단·장식·시각 모티브,ornamental embroidery,의상 표면의 장식 자수,확인 표현,,,slot:garment_detail:sff_extra_xa017;slot:wearable_accessory:orn_gd05;slot:garment_detail:sff_pro_e04;slot:garment_detail:orn_gd33,orn_profile_gd46_four;orn_profile_gd46_three;orn_profile_gd05;orn_profile_gd33,False
K349,C18,재단·장식·시각 모티브,tiny mustard-yellow ribbon tabs,작고 절제된 겨자색 리본 표식,확인 표현,,,slot:wardrobe_style:clt_ct027_v2;slot:wearable_accessory:y2kr_moto_bag;slot:wearable_accessory:sca_x10;slot:wearable_accessory:hair_ribbon_bow,clothing_ct027_v2;y2kr_moto_bag;hvr_profile_cosmic_incompatible_scale;sca_x10,False
K350,C18,재단·장식·시각 모티브,sculptural cream fabric camellia,입체적인 크림색 천 동백꽃,재구성,,,slot:silhouette_proportion:sculptural_bandage_bodycon;slot:costume_style:ccx_cc40_01;slot:garment_detail:ccx_cc40_02;slot:garment_detail:orn_gd35,pa_bands_same_carrier;costume_ccx_cc40_02;costume_ccx_cc40_01;mep_graphic_pose,False
K351,C18,재단·장식·시각 모티브,delicate pearl details,작게 분산된 섬세한 진주 장식,재구성,,,slot:wearable_accessory:pearl_court_earrings;slot:wearable_accessory:simple_pearl_studs;slot:costume_style:royal_princess_hanbok;slot:wearable_accessory:delicate_heart_pendant_earrings,hvr_profile_rain_window_cutoff;orn_profile_gd02;y2kr_denim_mini;mep_cover_copy_space,False
K352,C18,재단·장식·시각 모티브,asymmetric earrings,좌우를 다르게 둔 귀걸이,재구성,,,slot:wearable_accessory:hoop_earrings;slot:wearable_accessory:pearl_court_earrings;slot:wearable_accessory:delicate_heart_pendant_earrings;slot:wearable_accessory:simple_pearl_studs,y2kr_hoops;y2kr_chandelier;y2kr_moto_jacket;integral_instant_print_object_relation,False
K353,C18,재단·장식·시각 모티브,aged gold hardware,새것처럼 번쩍이지 않는 오래된 금속,재구성,,,slot:wearable_accessory:chunky_gold_cuff;slot:wearable_accessory:thin_gold_chain_necklace;slot:wearable_accessory:vr_rigid_hair_tie_hardware;slot:costume_style:thai_chut_thai_regional_ensemble,costume_ccx_cc31_02;pa_bounded_metal_trim;hvr_profile_palette_flesh_steel;sca_rigid_hair_tie_hardware,False
K354,C18,재단·장식·시각 모티브,a single antique serpent clasp,가문·인물성을 압축한 뱀 모양 잠금 장식,재구성,,,slot:wearable_accessory:clt_ct118_v2;slot:wearable_accessory:clt_ct118_v1;slot:wearable_accessory:hw_chatelaine_waist_tools_1;slot:wearable_accessory:hw_chatelaine_waist_tools_2,wyvern_two_leg_wing_tail_topology;hw_chatelaine_waist_tools;clothing_ct118_v1;clothing_ct118_v2,False
K355,C18,재단·장식·시각 모티브,trailing black silk ribbons,아래로 길게 흐르는 검은 실크 리본,기존 제안,,,slot:garment_detail:sff_extra_xa014;slot:garment_detail:frayed_trailing_bandage_edges;slot:wearable_accessory:ccx_cc25_02;slot:wearable_accessory:y2kr_moto_bag,costume_ccx_cc25_02;y2kr_chunky_highlights;water_rel_w036;solar_flare_active_region_burst,False
K356,C18,재단·장식·시각 모티브,high-neck Victorian lace,목을 감싸는 빅토리아풍 레이스,재구성,,,slot:wardrobe_style:sff_extra_xa042;slot:garment_detail:sw_candidate_highneck;slot:costume_style:victorian_gothic_dress;slot:garment_detail:orn_gd32,sw_highneck;lace_trim_attached_edge;hw_lace_insertion;orn_profile_gd32,False
K357,C18,재단·장식·시각 모티브,bishop sleeves,손목에 모여 풍성해지는 소매,확인 표현,,,slot:garment_detail:clt_ct047_v1;slot:garment_detail:clt_ct050_v1;slot:garment_detail:clt_ct048_v1;slot:garment_detail:clt_ct050_v2,clothing_ct047_v1;clothing_ct050_v1;clothing_ct038_v2;clothing_ct048_v1,False
K358,C18,재단·장식·시각 모티브,fitted double-breasted tunic,단정하게 몸에 맞춘 더블브레스트 제복,기록 표현,,,slot:garment_detail:ao_dai_side_openings_over_trousers;slot:costume_style:ao_dai_long_tunic_trouser_system;slot:garment_detail:baju_kurung_tunic_skirt_boundary;slot:garment_detail:unif_habit_hood_separate_waist_cord,uniform_habit_hood_separate_waist_cord;uniform_domed_helmet_with_tunic;uniform_tall_fur_headwear;uniform_red_coat_outer_leg_stripe,False
K359,C18,재단·장식·시각 모티브,gold epaulettes and aiguillette,금빛 견장과 장식끈의 격식,재구성,,,slot:wardrobe_style:clt_ct009_v1;slot:wearable_accessory:ccx_cc05_01;slot:wearable_accessory:royal_crest_epaulette;slot:costume_style:royal_guard_regalia_uniform,clothing_ct009_v1;costume_ccx_cc05_01;pa_bounded_metal_trim;costume_ccx_cc31_02,False
K360,C18,재단·장식·시각 모티브,"a motif expressed through line, not literal costume",모티브를 코스튬이 아니라 선과 구조로 번역,재구성,,,slot:wearable_accessory:vr_external_thin_wing_plates;slot:garment_detail:y2kr_goth_motif;slot:garment_detail:sca_x15;slot:garment_detail:leggings_absent_center_front_seam,commercial_appeal_revealing_armor;mg_tile_continuity_relation;one_piece_dress_construction;sheer_complexion_texture_preservation,False
K361,C19,헤어·실루엣의 개성,wispy temple strands,관자놀이 주변의 얇은 잔머리,기존 제안,,,slot:wearable_accessory:hw_barbette_underchin_band_1;slot:hair_style:hr_wet_hair_skin_contact;slot:hair_style:egr_separate_cheek_tendrils;slot:hair_style:loose_tied_face_framing_strands,hw_barbette_underchin_band;y2kr_rimless;ia_profile_glasses_removed;cheekbone_temple_blush_drape,False
K362,C19,헤어·실루엣의 개성,cheek-framing tendrils,뺨 옆으로 늘어진 머리카락,기존 제안,,,slot:hair_style:y2kr_tendrils;slot:hair_style:egr_separate_cheek_tendrils,egr_profile_separate_cheek_tendrils;y2kr_tendrils;hime_cut_structural;bilateral_twin_tail_gather,False
K363,C19,헤어·실루엣의 개성,fine flyaways caught in backlight,역광에 잡힌 미세한 잔머리,기존 제안,,,slot:wearable_accessory:appearance_h048;slot:hair_style:egr_separate_cheek_tendrils;slot:wearable_accessory:y2kr_hair_tinsel;slot:wearable_accessory:y2kr_frost_nails,pr_camcorder_still_temporal_container;golden_hour_low_sun_relation;mounted_slide_transparency_object_relation;pe_fine_midtonal_grain_relation,False
K364,C19,헤어·실루엣의 개성,soft black hair sheen,검은 머리의 절제된 윤기,기존 제안,,,slot:hair_color:natural_black_blue_sheen;slot:hair_style:straight_black_hair_with_bangs;slot:hair_color:glossy_black_hair;slot:hair_style:long_wavy_black_hair,y2kr_velour;sw_finish;pfe_hosiery_sheen;satin_directional_luster_drape_surface,False
K365,C19,헤어·실루엣의 개성,blunt brow-level fringe,눈썹 높이에서 곧게 잘린 앞머리,기존 제안,,,slot:hair_style:egr_brow_level_blunt_fringe;slot:hair_style:sca_h14;slot:hair_style:hime_cut;slot:hair_style:y2kr_side_fringe,egr_profile_brow_level_blunt_fringe;ca_blunt_fringe;hime_cut_structural;rb_optional_chromatic_fringe,False
K366,C19,헤어·실루엣의 개성,nape-level chignon,목덜미 높이로 모아 올린 머리,기존 제안,,,,,False
K367,C19,헤어·실루엣의 개성,low coiled bun,낮은 위치에 감아 만든 번,기존 제안,,,slot:hair_style:egr_nape_coiled_bun;slot:hair_style:low_bun_hair;slot:hair_style:y2kr_messy_bun;slot:hair_style:y2kr_spiky_bun,egr_profile_nape_coiled_bun;water_rel_w106;y2kr_messy_bun;appearance_rel_h045,False
K368,C19,헤어·실루엣의 개성,loosely pinned Victorian hair,조금 느슨하게 고정한 고전적인 올림머리,기존 제안,,,slot:hair_style:loose_tied_face_framing_strands;slot:hair_style:y2kr_messy_bun;slot:wearable_accessory:clt_ct113_v1;slot:wearable_accessory:y2kr_skinny_scarf,y2kr_messy_bun;clothing_ct113_v1;y2kr_skinny_scarf;hw_drop_waist_1920,False
K369,C19,헤어·실루엣의 개성,ribbon-woven braid,리본이 함께 엮인 땋은 머리,기존 제안,,,slot:hair_style:sca_h10;slot:hair_style:ccx_cc33_02;slot:hair_style:ccx_cc33_01;slot:hair_style:ca_hanging_hair_braid,costume_ccx_cc33_02;sca_h10;costume_ccx_cc33_01;ca_hanging_hair_braid,False
K370,C19,헤어·실루엣의 개성,loosely gathered waves,단단히 묶지 않고 모아 둔 웨이브,기존 제안,,,slot:hair_style:y2kr_messy_bun;slot:hair_style:loose_tied_face_framing_strands;slot:wearable_accessory:y2kr_skinny_scarf;slot:wearable_accessory:clt_ct132_v1,y2kr_messy_bun;water_rel_w036;sw_ruffle;y2kr_skinny_scarf,False
K371,C19,헤어·실루엣의 개성,glossy French twist,매끈하게 말아 올린 프렌치 트위스트,확인 표현,,,slot:wearable_accessory:y2kr_french_nails;slot:hair_style:y2kr_wet_hair;slot:wearable_accessory:y2kr_jelly_nails;slot:hair_color:glossy_black_hair,y2kr_french_nails;sw_twist;y2kr_magazine;y2kr_wet_hair,False
K372,C19,헤어·실루엣의 개성,sculpted low knot,형태를 조각하듯 정돈한 낮은 매듭,재구성,,,slot:wearable_accessory:clt_ct137_v1;slot:wearable_accessory:y2kr_ribbon_tie;slot:wearable_accessory:appearance_h082;slot:wearable_accessory:y2kr_scarf_belt,costume_ccx_cc36_02;y2kr_chunky_trainers;ri_cham_mask_performer;ri_centaur_rimmer_form,False
K373,C19,헤어·실루엣의 개성,graphite quill pins,가늘고 뾰족한 흑연빛 헤어핀,재구성,,,,pa_neutral_cobalt_owner;couture_atelier_individual_construction,False
K374,C19,헤어·실루엣의 개성,silver-white fantasy hairstyle,차가운 은백색 판타지 헤어,확인 표현,,,slot:hair_style:space_buns;slot:hair_style:natural_afro;slot:hair_style:dreadlocks;slot:hair_style:bilateral_twin_tail_gather,commercial_appeal_revealing_armor;bilateral_twin_tail_gather;locs_cord_structure;mep_hair_outline,False
K375,C19,헤어·실루엣의 개성,romantic half-up braided hairstyle,부드러운 반묶음 땋기,확인 표현,,,slot:hair_style:sff_pro_a02;slot:hair_style:soft_low_clip_half_up;slot:hair_style:sca_h11;slot:hair_style:y2kr_half_up,cornrow_scalp_row_topology;locs_cord_structure;adult_central_target_romantic_rivalry_event;costume_ccx_cc05_02,False
K376,C19,헤어·실루엣의 개성,hair gently moved by a draft,약한 실내 바람에 움직인 머리,재구성,,,slot:hair_style:fluffy_windblown_long_hair;slot:hair_color:appearance_h120;slot:hair_style:y2kr_bubble_pony;slot:hair_style:pr_hair_strand_owner_and_cause_candidate,diffusion_filter_highlight_halation;household_energy_affordability_coping_relation;hvr_profile_school_schedule_absence;ia_profile_peer_review,False
K377,C19,헤어·실루엣의 개성,wet strands against the temples,관자놀이에 붙은 젖은 머리 가닥,기록 표현,,,slot:hair_style:hr_wet_hair_skin_contact;slot:wearable_accessory:sca_x10;slot:wearable_accessory:hw_cloche_bell_2;slot:wearable_accessory:y2kr_wraparound,wet_damp_clumped_hair_state;hvr_profile_wet_hair_skin_contact;sca_x10;y2kr_wraparound,False
K378,C19,헤어·실루엣의 개성,"slightly tousled, still well maintained",조금 흐트러져도 관리된 인상,재구성,,,slot:hair_style:y2kr_deep_side_part;slot:hair_color:faded_blonde_rooted_hair,liminal_transition_use_gap;y2kr_deep_side_part;rb_vegetation_site_relation;hvr_profile_displaced_features,False
K379,C19,헤어·실루엣의 개성,one hidden ash-silver strand,평범한 머리 속 한 가닥의 은색 단서,재구성,,,slot:hair_style:appearance_h042;slot:hair_style:ca_hanging_hair_braid;slot:hair_style:water_w156;slot:hair_color:sca_h21,hvr_profile_forest_occluded_depth;appearance_rel_h042;mep_selective_imperfection;guarded_hidden_treasure_attempt_failure,False
K380,C19,헤어·실루엣의 개성,hair ornaments following the main silhouette,전체 머리 윤곽에 맞춰 배치한 장식,확장 제안,,,slot:wearable_accessory:y2kr_hair_gems;slot:wearable_accessory:sca_x01;slot:hair_style:pr_hair_strand_owner_and_cause_candidate;slot:hair_style:ca_compact_bob,ca_garment_pile_trim;clothing_ct074_v2;y2kr_hair_gems;pc_pc17_owner_relation,False
K381,C20,피부·메이크업·현실감,natural skin texture,실제 피부처럼 보이는 표면,재구성,,,slot:skin_finish:realistic_skin_texture_no_retouch;slot:complexion_coverage:sheer_complexion_texture_preservation;slot:skin_finish:translucent_base_makeup_skin;slot:skin_finish:ctx_c109,sheer_complexion_texture_preservation;no_makeup_makeup_layering;pe_texture_preserving_tone_evening_relation;bm_striae_surface,False
K382,C20,피부·메이크업·현실감,subtle peach fuzz,아주 미세한 얼굴 솜털,확인 표현,,,slot:skin_finish:soft_peach_fuzz_detail;slot:skin_finish:micro_veins_under_eye;slot:skin_finish:sun_kissed_warm_skin;slot:makeup_decoration:y2kr_fine_body_shimmer,y2kr_fine_body_shimmer;subject_field_negative_space_relation;rb_low_light_noise;bm_knuckle_relief,False
K383,C20,피부·메이크업·현실감,visible pores,가까운 거리에서 읽히는 모공,확인 표현,slot:complexion_coverage:sheer_translucent_complexion_coverage;slot:complexion_coverage:sheer_complexion_texture_preservation;slot:skin_finish:skincare_hybrid_second_skin_glow;slot:skin_finish:visible_pores_matte_skin,glass_skin_specular_diffuse_balance;sheer_complexion_texture_preservation;bm_skin_relief_texture,slot:skin_finish:visible_pores_matte_skin;slot:skin_finish:skincare_hybrid_second_skin_glow;slot:complexion_coverage:sheer_translucent_complexion_coverage;slot:complexion_coverage:sheer_complexion_texture_preservation,bm_skin_relief_texture;sheer_complexion_texture_preservation;glass_skin_specular_diffuse_balance;no_makeup_makeup_layering,False
K384,C20,피부·메이크업·현실감,subtle natural skin-tone variation,한 가지 색으로 칠하지 않은 피부,기존 제안,,,slot:complexion_coverage:sheer_translucent_complexion_coverage;slot:complexion_coverage:sheer_complexion_texture_preservation;slot:skin_finish:sun_kissed_warm_skin;slot:skin_finish:pe_texture_preserving_tone_evening,sheer_complexion_texture_preservation;no_makeup_makeup_layering;rb_low_light_noise;low_brand_prominence_material_luxury,False
K385,C20,피부·메이크업·현실감,soft-matte complexion,과도한 광택을 줄인 피부 마감,기존 제안,,,slot:lip_finish:stained_soft_matte_lip_finish;slot:complexion_coverage:light_selective_complexion_evening;slot:complexion_coverage:sheer_complexion_texture_preservation;slot:complexion_coverage:medium_buildable_complexion_coverage,sheer_complexion_texture_preservation;glass_skin_specular_diffuse_balance;restrained_polished_natural_makeup_balance;no_makeup_makeup_layering,False
K386,C20,피부·메이크업·현실감,delicate under-eye shadows,눈 밑의 자연스럽고 약한 그림자,기존 제안,,,slot:skin_finish:natural_under_eye_fullness;slot:skin_finish:tear_glossed_under_eye;slot:makeup_style:delicate_makeup_glossy_lips;slot:eyeshadow_style:lower_lid_smoke_color_focus,under_eye_high_cheek_blush_distribution;orn_profile_gd37;rb_shared_cast_shadow;mg_paper_cut_relation,False
K387,C20,피부·메이크업·현실감,natural facial asymmetry,얼굴의 작은 비대칭을 보존,기록 표현,,,slot:skin_finish:natural_under_eye_fullness;slot:skin_finish:hr_waxy_skin_surface;slot:makeup_decoration:y2kr_face_gems;slot:face_sculpting:matte_plane_contour_blend,decision_uncertainty_display;upper_lip_philtral_contour;glass_skin_specular_diffuse_balance;no_makeup_makeup_layering,False
K388,C20,피부·메이크업·현실감,subtle blemishes,완전히 지우지 않은 작은 피부 흔적,확인 표현,,,slot:skin_finish:pr_skin_detail_lighting_scale_candidate;slot:skin_finish:micro_veins_under_eye;slot:skin_finish:sun_kissed_warm_skin;slot:makeup_decoration:y2kr_fine_body_shimmer,y2kr_fine_body_shimmer;subject_field_negative_space_relation;rb_low_light_noise;bm_knuckle_relief,False
K389,C20,피부·메이크업·현실감,bare minimal makeup,존재가 두드러지지 않는 메이크업,재구성,,,slot:makeup_style:wet_lash_minimal_makeup;slot:face_sculpting:minimal_nose_bridge_contour_highlight;slot:makeup_style:minimal_no_makeup_look;slot:makeup_style:gothic_dark_makeup,no_makeup_makeup_layering;backlit_silhouette_mass_relation;sw_oneshoulder;sw_strapless,False
K390,C20,피부·메이크업·현실감,natural unsculpted cheeks,과한 윤곽 보정 없는 볼,기존 제안,,,slot:skin_condition:cold_reddened_nose_cheeks;slot:skin_finish:flushed_cheeks_warm;slot:makeup_decoration:cosmetic_freckle_dot_scatter;slot:cheek_makeup:across_nose_sunburn_blush,restrained_polished_natural_makeup_balance;cv_profile_puffed_cheeks;y2kr_tiny_glasses;opening_bob_cloche_optional_pair,False
K391,C20,피부·메이크업·현실감,feathered brow texture,털결이 살아 있는 눈썹,기존 제안,slot:brow_style:soft_brushed_up_brow;slot:brow_style:feathered_laminated_brow,,slot:brow_style:feathered_laminated_brow;slot:brow_style:soft_brushed_up_brow;slot:brow_style:soft_straight_low_arch_brow;slot:brow_style:clean_defined_arch_brow,no_makeup_makeup_layering;water_rel_w183;mg_feathered_edge_relation;y2kr_thin_brows,False
K392,C20,피부·메이크업·현실감,nude-rose lips,피부와 잘 이어지는 누드 장밋빛 입술,기존 제안,,,slot:makeup_style:moist_powder_orange_glossy_lips;slot:skin_condition:hr_pallor_local_color;slot:makeup_style:cool_dusty_rose_bean_lip;slot:makeup_style:delicate_makeup_glossy_lips,ae_profile_lip_press;hvr_profile_pallor_local_color;cv_profile_pucker;ae_profile_held_tears_lips,False
K393,C20,피부·메이크업·현실감,muted berry lip stain,선명한 립스틱보다 스며든 듯한 베리색,기존 제안,,,slot:lip_finish:stained_soft_matte_lip_finish;slot:makeup_style:muted_rose_blurred_lip_tint;slot:cheek_makeup:muted_monochrome_cheek_wash;slot:lip_finish:natural_balm_lip_sheen,restrained_polished_natural_makeup_balance;water_rel_w119;bloodstain_observation_documentation;hvr_profile_palette_flesh_steel,False
K394,C20,피부·메이크업·현실감,satin-matte lips,광택이 약하게 남은 매트 입술,기존 제안,,,slot:makeup_style:moist_powder_orange_glossy_lips;slot:skin_condition:hr_pallor_local_color;slot:makeup_style:cool_dusty_rose_bean_lip;slot:makeup_style:delicate_makeup_glossy_lips,ae_profile_lip_press;hvr_profile_pallor_local_color;cv_profile_pucker;ae_profile_held_tears_lips,False
K395,C20,피부·메이크업·현실감,taupe lash-line shading,속눈썹 주변의 회갈색 음영,기존 제안,,,slot:cheek_makeup:y2kr_bronze_makeup,uniform_green_coat_tan_shirt_taupe_trousers;restrained_polished_natural_makeup_balance;pa_celadon_glaze_same_body;y2kr_bronze_makeup,False
K396,C20,피부·메이크업·현실감,softly smoky outer eye corners,눈꼬리만 부드럽게 깊어진 음영,기존 제안,,,slot:eyeshadow_style:smoky_lashline_diffused_gradient;slot:eyeshadow_style:lower_lid_smoke_color_focus;slot:makeup_style:smoky_eye_makeup;slot:makeup_wear_state:rain_softened_eye_makeup,smoky_eye_diffused_gradient;bm_eye_aperture;restrained_polished_natural_makeup_balance;oblong_elongated_face_relation,False
K397,C20,피부·메이크업·현실감,non-metallic eyelid finish,금속광을 피한 눈꺼풀 마감,기존 제안,,,slot:lash_style:sca_f12;slot:eyeshadow_style:y2kr_icy_blue;slot:eyeshadow_style:y2kr_pastel_shadow;slot:eyeshadow_style:y2kr_lilac_frost,orn_profile_gd60;bm_skin_relief_texture;bm_eye_aperture;hw_dangui_open_sides,False
K398,C20,피부·메이크업·현실감,breathable bare-skin finish,두꺼운 베이스처럼 보이지 않는 피부 표현,재구성,,,slot:skin_finish:bm_skin_relief_texture;slot:skin_finish:visible_pores_matte_skin;slot:lip_finish:stained_soft_matte_lip_finish;slot:skin_finish:cloud_blurred_skin_finish,orn_profile_gd60;bm_skin_relief_texture;hw_dangui_open_sides;clothing_ct080_v2,False
K399,C20,피부·메이크업·현실감,skin affected by the light color,피부도 실제 조명의 색을 받도록 표현,재구성,,,slot:skin_finish:skin_microtexture_local_light_response;slot:skin_condition:sv_local_cheek_redness;slot:lip_color_placement:vr_local_dark_lip_contrast;slot:skin_finish:bm_skin_tone_appearance,diegetic_reality_invariant_failure;appearance_rel_h120;autochrome_glass_transparency_color_screen;high_key_tonal_distribution,False
K400,C20,피부·메이크업·현실감,preserve identity without beauty smoothing,동일성을 유지하되 미용 필터로 평탄화하지 않음,재구성,,,slot:skin_finish:dewy_glass_skin_natural;slot:skin_finish:pr_skin_detail_lighting_scale_candidate;slot:complexion_coverage:sheer_complexion_texture_preservation;slot:brow_style:subtly_bleached_pale_brow,hogarth_waving_line_of_beauty;no_makeup_makeup_layering;sheer_complexion_texture_preservation;school_uniform_institutional_system,False
K401,C21,장소·배경·생활의 흔적,vintage commuter train carriage,오래된 통근 열차의 생활 공간,재구성,,,slot:location:vintage_train_compartment;slot:prop:vintage_camera_flatlay_prop;slot:location:vintage_record_shop_aisle;slot:prop:vintage_book_unreadable_pages_prop,ed_subway_exit;opening_rail_platform_departure;clothing_ct062_v1;rail_driver_operation,False
K402,C21,장소·배경·생활의 흔적,rain-streaked window,빗줄기가 남아 있는 창,확인 표현,,,slot:location:pf_window_seat_location;slot:location:orn_gd69;slot:location:local_cafe_closing_window;slot:prop:y2kr_disposable,orn_profile_gd69;pr_scene_owned_exposure_tradeoff;pf_window_seat;y2kr_disposable,False
K403,C21,장소·배경·생활의 흔적,quiet Victorian café-library hybrid,카페와 서재가 섞인 고전적인 실내,확인 표현,,,slot:location:character_affection_distance_spectrum_scene_location;slot:location:quiet_cafe;slot:location:civic_solarpunk_world_water_location;slot:location:library_archive_room,ri_virgin_hybrid_variant;low_brand_prominence_material_luxury;biohybrid_robot_living_synthetic_integration;window_seat_daylight_activity_relation,False
K404,C21,장소·배경·생활의 흔적,dark wooden bookshelves,오래된 책과 어울리는 짙은 나무 책장,확인 표현,,,slot:location:opening_hanok_chair_contact_1;slot:prop:opening_hanok_chair_contact_2;slot:location:herbal_pharmacy_drawers;slot:prop:wooden_training_bow_prop,opening_hanok_chair_contact;pf_rocaille_boiserie;ri_lucy_plate_eyes;xylophone_wooden_bar_resonator,False
K405,C21,장소·배경·생활의 흔적,annotated research papers,실제로 읽고 표시한 자료의 흔적,확인 표현,,,slot:prop:isekai_frontier_guild_frontier_prop;slot:location:travel_desk_flatlay;slot:occasion_context:spirit_jurisdiction_japanese_kaii_archive_occasion;slot:situation_context:mecha_kaiju_damage_recovery_situation,,False
K406,C21,장소·배경·생활의 흔적,worn vintage leather sofa,주름과 사용감이 남은 빈티지 가죽 소파,재구성,,,slot:prop:black_leather_gloves_prop;slot:prop:goth_record_and_handmade_accessory_details;slot:location:bright_sofa_apartment_living_room;slot:location:otaku_living_room_sofa_tv,ri_tefillin_pair;pc_pc10_owner_relation;hvr_profile_fetish_material_owner;opening_tailcoat_formal_tail_topology,False
K407,C21,장소·배경·생활의 흔적,old plaster walls with subtle cracks,작은 균열과 얼룩이 있는 회벽,재구성,,,slot:prop:diorama_terrain_and_scale_cue_materials;slot:prop:legendary_rock_anomalous_mark_prop;slot:location:misty_old_forest_path;slot:prop:old_postcard_unreadable_prop,water_rel_w120;pf_neoclassical_room;wuxia_rooftop_qinggong_traversal;pf_roofless_ruin,False
K408,C21,장소·배경·생활의 흔적,a lived-in interior,사람이 실제로 머문 흔적이 있는 공간,재구성,,,slot:location:lived_in_studio_room;slot:space_condition:lived_in_clutter;slot:location:pov_occupied_defect_path_dwelling_location;slot:location:small_messy_gaming_bedroom,companion_viewpoint_everyday_candid;rb_exposure_priority;water_rel_w033;rb_glass_reflection_transmission,False
K409,C21,장소·배경·생활의 흔적,wrinkled white bedding,정리되지 않은 흰 침구의 생활감,재구성,,,slot:prop:white_cotton_gloves_prop;slot:prop:wired_earbuds;slot:prop:dropped_white_lily_prop;slot:prop:y2kr_nano,ae_profile_nose_wrinkle;orn_profile_gd37;uniform_white_collar_cuffs_black_dress;pa_blue_motif_white_ceramic,False
K410,C21,장소·배경·생활의 흔적,an old apple orchard,오래된 사과나무와 가지가 둘러싼 장소,확인 표현,,,slot:location:orchard_packhouse;slot:prop:character_gap_contrast_scene_prop;slot:location:misty_old_forest_path;slot:location:old_korean_market_arcade,oval_central_torso_silhouette_relation;wuxia_rooftop_qinggong_traversal;hvr_profile_mansion_inherited_barrier;water_rel_w069,False
K411,C21,장소·배경·생활의 흔적,rain-soaked botanical garden,비에 젖은 식물원의 밀도와 색,기록 표현,,,slot:prop:pressed_botanical_specimen_prop;slot:location:botanical_greenhouse;slot:location:secret_garden_path;slot:location:botanical_greenhouse_deck_floor,egr_profile_fabric_rosette_vs_living_flower;pf_bosquet;pf_garden_grotto;pf_parterre_axis,False
K412,C21,장소·배경·생활의 흔적,orange trumpet vines over a stone wall,돌담 위로 내려온 주황 능소화,재구성,,,slot:location:pf_machicolation_location;slot:location:lush_summer_fruit_orchard;slot:prop:modern_piston_trumpet_prop;slot:location:hr_well_depth_boundary,pf_machicolation;pf_masonry_finish;modern_piston_trumpet_three_valve;alto_tenor_saxophone_reed_conical_body,False
K413,C21,장소·배경·생활의 흔적,empty city intersection,도시가 멈춘 듯 비어 있는 교차로,확인 표현,,,slot:location:city_intersection_night;slot:location:city_bus_one_seat_gap;slot:location:empty_classroom_before_exam;slot:location:foggy_empty_beach,mg_boolean_overlap_relation;pf_walled_town;bm_abdominal_segmentation;ia_profile_go_review,False
K414,C21,장소·배경·생활의 흔적,ruined gothic cathedral,시간과 쇠락이 남은 성당 폐허,재구성,,,slot:location:cathedral_nave_interior;slot:location:ruined_palace_wing;slot:location:contested_ruined_hall_location;slot:location:gothic_candle_studio,y2kr_blackletter;pf_brick_castle;pf_venetian_arcade;decadent_languor_environment,False
K415,C21,장소·배경·생활의 흔적,a planetary horizon beyond a broken arch,부서진 아치 너머 천체의 수평선,재구성,,,slot:location:speculative_evolution_world_field_location;slot:location:planetary_outcrop_traverse_location;slot:prop:fan_arch_deco_object_prop;slot:location:orn_gd45,auroral_arc_curtain_atmosphere;solar_prominence_magnetic_loop;supernova_remnant_shock_shell;water_rel_w030,False
K416,C21,장소·배경·생활의 흔적,monumental marble staircase,몸보다 큰 대리석 계단으로 위엄 형성,재구성,,,slot:location:pf_theatre_stair_location;slot:location:pf_double_helix_location;slot:prop:marble_pedestal_prop;slot:location:marble_table,pf_theatre_stair;impossible_object_global_connection;pf_double_helix;private_client_service_interaction,False
K417,C21,장소·배경·생활의 흔적,pure-white infinite background,경계선 없는 순백 스튜디오 공간,재구성,,,slot:location:tilted_infinite_corridor;slot:space_condition:sticker_layered_surfaces;slot:prop:y2kr_purikura_installed;slot:prop:orn_gd13_object,cr_restricted_background;cr_complex_subject;water_rel_w019;clothing_ct120_v1,False
K418,C21,장소·배경·생활의 흔적,rustic wooden table with a spiral sketchbook,거친 나무와 스케치북의 실제 제작 공간,재구성,,,slot:location:pov_sparse_pantry_table_location;slot:location:wooden_table;slot:location:laundromat_late_night_magic;slot:location:spiral_stairwell,barred_spiral_galaxy_structure;opening_hanok_chair_contact;pc_pc03_owner_relation;xylophone_wooden_bar_resonator,False
K419,C21,장소·배경·생활의 흔적,ordinary convenience-store fluorescents,낭만적 의상과 대비되는 편의점 조명,재구성,,,slot:location:night_convenience_store_entrance;slot:location:midnight_convenience_store_aisle;slot:situation_context:convenience_store_run;slot:prop:convenience_store_plastic_bag_prop,hvr_profile_lingering_end_trace;hvr_profile_cosmic_incompatible_scale;hvr_profile_daylight_exposed_threat;hvr_profile_automaton_drive_trace,False
K420,C21,장소·배경·생활의 흔적,one unmistakable cue of the place,배경을 설명하는 결정적 단서 하나,재구성,,,slot:space_condition:ed_clean_room_reset_candidate;slot:space_condition:hr_claustrophobic_body_clearance;slot:space_condition:place_scheduled_maintenance_state;slot:prop:lens_array_eye_prop,wide_angle_near_field_perspective;forced_relocation_abduction_event;hvr_profile_gumiho_mimicry_boundary;kuudere_composed_warmth_relation,False
K421,C22,비·바람·물·공기,soft atmospheric haze,공간에 얇게 깔린 부드러운 연무,확인 표현,,,slot:ambient_particle:rb_distance_haze_candidate;slot:ambient_particle:pr_atmospheric_distance_contrast_candidate;slot:weather:soft_overcast_drizzle;slot:weather:autumn_mist,rb_distance_haze;pr_atmospheric_distance_contrast;volumetric_occluded_light_shafts;diffusion_filter_highlight_halation,False
K422,C22,비·바람·물·공기,volumetric mist,빛과 함께 부피가 읽히는 안개,확인 표현,,,slot:weather:autumn_mist;slot:weather:post_rain_mist;slot:lighting:lit_volume_occluded_shafts;slot:ambient_particle:mist_over_stream,volumetric_occluded_light_shafts;water_rel_w061;water_rel_w018,False
K423,C22,비·바람·물·공기,dust motes in window light,창빛 속에 떠다니는 미세 먼지,재구성,,,slot:texture:dust_sunbeam_haze_texture;slot:texture:dusty_sunbeam_texture;slot:lighting:rb_window_room_gradient_candidate;slot:texture:glitter_dust,volumetric_occluded_light_shafts;rb_window_room_gradient;opening_modern_reinterpretation_layers;window_seat_daylight_activity_relation,False
K424,C22,비·바람·물·공기,floating black feathers,어두운 날개의 흔적처럼 떠다니는 깃털,확인 표현,,,slot:surface_material:clt_ct081_v2;slot:ambient_particle:dandelion_seeds_backlight;slot:weather:spring_pollen_air;slot:hair_style:water_w157,clothing_ct081_v2;water_rel_w008;water_rel_w138;water_rel_w151,False
K425,C22,비·바람·물·공기,petal fragments drifting in midair,공중에 흩어진 작은 꽃잎 조각,재구성,,,slot:ambient_particle:water_w171;slot:motion:suspended_snowflake_motion;slot:texture:egr_frost_on_petals;slot:texture:egr_dew_on_petals,water_rel_w171;mg_collage_edges_relation;egr_profile_frost_on_petals;egr_profile_dew_on_petals,False
K426,C22,비·바람·물·공기,tiny raindrops sparkling in sunlight,햇빛에 반짝이는 작은 빗방울,재구성,,,slot:lighting:harsh_noon;slot:ambient_particle:glowing_butterflies_soft;slot:ambient_particle:crystal_rain_bokeh;slot:lighting:rb_hard_source_environment_candidate,y2kr_tiny_big;sca_facial_surface_dot_scatter;hvr_profile_cosmic_incompatible_scale;pe_digital_chroma_noise_relation,False
K427,C22,비·바람·물·공기,tears mixing with rain,눈물과 비가 구별되지 않는 감정,기록 표현,,,slot:surface_material:clt_ct086_v2;slot:surface_material:lace_fabric_surface;slot:weather:heavy_downpour;slot:weather:storm_flood_air,clothing_ct086_v2;ae_profile_held_tears_lips;water_rel_w015;under_eye_high_cheek_blush_distribution,False
K428,C22,비·바람·물·공기,irregular wet patches,완벽히 균일하지 않은 젖은 자국,기록 표현,,,slot:surface_material:water_w045;slot:surface_material:egr_gold_leaf_like_bounded_panel;slot:surface_material:clt_ct098_v1;slot:surface_material:egr_matte_mourning_crape,y2kr_snakeskin_print;water_rel_w045;egr_profile_gold_leaf_like_bounded_panel;clothing_ct098_v1,False
K429,C22,비·바람·물·공기,beads of water clinging to lashes,속눈썹에 매달린 작은 물방울,재구성,,,slot:hair_style:y2kr_beaded_braids;slot:texture:condensation_bead_coalescence_gradient_texture;slot:surface_material:gemstone_metal_setting_structure_surface;slot:hair_style:water_w157,water_rel_w004;se_profile_lash_occluded_upward_gaze;y2kr_beaded_braids;orn_profile_gd39,False
K430,C22,비·바람·물·공기,rain-darkened stone,비를 먹어 짙어진 돌 표면,재구성,,,slot:texture:travertine_pores_texture;slot:surface_material:tidal_wet_stone_surface;slot:surface_material:stone_wood_brass_precision_junction_surface;slot:surface_material:xianxia_sect_surface_material,clothing_ct114_v2;clothing_ct119_v1;clothing_ct111_v2;orn_profile_gd44,False
K431,C22,비·바람·물·공기,subtle ripples around a touching hand,손이 닿은 곳에서만 생기는 잔물결,재구성,,,slot:surreal_physics_detail:water_ripple_from_word;slot:weather:dune_near_ground_sand_drift;slot:surface_material:electroactive_responsive_surface;slot:surface_material:dune_ripple_stoss_slipface_surface,theremin_dual_antenna_noncontact;water_rel_w065;ia_profile_enumeration;aeolian_dune_stoss_crest_slipface_transport,False
K432,C22,비·바람·물·공기,flowing fabric motion,천이 움직이며 만드는 선,확인 표현,,,slot:texture:flowing_fabric_underwater;slot:motion:mep_garment_movement_candidate;slot:motion:fabric_motion_frozen;slot:motion:fabric_drift,clothing_ct091_v2;orn_profile_gd54;mep_garment_movement;pr_camcorder_still_temporal_container,False
K433,C22,비·바람·물·공기,floating fabric panels,판처럼 분리되어 흐르는 얇은 천,확인 표현,,,slot:surface_material:ccx_cc13_03;slot:surface_material:clt_ct097_v1;slot:ambient_particle:dandelion_seeds_backlight;slot:weather:spring_pollen_air,hw_lace_insertion;clothing_ct061_v2;costume_ccx_cc13_03;sca_x12,False
K434,C22,비·바람·물·공기,wind-blown silver grass,바람에 기우는 억새로 고독과 움직임 표현,기록 표현,,,slot:motion:wind_response_motion;slot:texture:tarnished_silver_texture;slot:surface_material:tabletop_hobby_material_surface;slot:surface_material:y2kr_silver_fabric,y2kr_cyber_palette;y2kr_silver_fabric;y2kr_silver_eye;silver_mirroring_surface_region_relation,False
K435,C22,비·바람·물·공기,warm humid summer atmosphere,따뜻하고 습한 여름 공기,확인 표현,,,slot:weather:humid_summer_air;slot:weather:humid_green_orchard_air;slot:weather:humid_summer_sweat_sheen;slot:weather:monsoon_humid_air,cr_atmospheric_color;hw_lingerie_daydress;volumetric_occluded_light_shafts;auroral_arc_curtain_atmosphere,False
K436,C22,비·바람·물·공기,cold sea spray,차갑게 튀는 바닷물의 감각,재구성,,,slot:weather:cold_window_condensation;slot:weather:cold_night_fog;slot:weather:frosted_window_glass_weather;slot:weather:cold_dry_clear_breath_visible,intertidal_high_low_exposure_zonation;water_rel_w014;water_rel_w024;water_rel_w067,False
K437,C22,비·바람·물·공기,underwater caustic sunlight,수면이 만드는 흔들리는 빛무늬,재구성,,,slot:lighting:underwater_caustics;slot:lighting:underwater_caustic_light;slot:lighting:surface_caustic_light;slot:lighting:harsh_noon,water_rel_w050;water_rel_w052;water_rel_w092;water_rel_w190,False
K438,C22,비·바람·물·공기,small air bubbles around drifting hair,물속 머리 주변의 작은 공기방울,재구성,,,slot:ambient_particle:water_w027;slot:weather:first_snow_flurry;slot:texture:water_w028;slot:ambient_particle:fireflies_drift,water_rel_w027;water_rel_w028;pr_hair_strand_owner_and_cause;water_rel_w126,False
K439,C22,비·바람·물·공기,realistic surface tension,물방울과 접촉면이 납득되는 형태,재구성,,,slot:surface_material:hand_embroidery_thread_relief_surface;slot:surreal_physics_detail:surface_tension_air;slot:texture:rb_material_response_contrast_candidate;slot:ambient_particle:crystal_rain_bokeh,mep_visual_juxtaposition;decision_uncertainty_display;pr_fabric_tension_fold_attachment;critical_threshold_pretransition_accumulation,False
K440,C22,비·바람·물·공기,one consistent wind direction,머리·리본·천이 같은 바람을 받게 함,확장 제안,,,slot:surface_material:dune_ripple_stoss_slipface_surface;slot:motion:mep_garment_movement_candidate;slot:hair_style:wind_displaced_hair_coherence;slot:weather:dune_near_ground_sand_drift,mep_garment_movement;pr_hair_strand_owner_and_cause;bm_muscle_striation;hvr_profile_shadow_independent_pose,False
K441,C23,초현실·전환·스케일,raindrops suspended in midair,공중에 정지한 빗방울,확인 표현,,,slot:action:floating_product;slot:action:threading_needle_midair;slot:subject:freediver;slot:subject:submerged_model,egr_profile_localized_suspended_particles;liminal_transition_use_gap;ca_hanging_hair_braid;theremin_dual_antenna_noncontact,False
K442,C23,초현실·전환·스케일,single raindrop floating upward,정지한 세계에서 방울 하나만 위로 이동,확인 표현,,,slot:action:floating_suspended;slot:action:floating_weightless_pose;slot:composition:pf_muqarnas_composition;slot:action:awed_upward_gaze,sca_h01;ca_cap_projections;phoenix_rebirth_causal_cycle;water_rel_w008,False
K443,C23,초현실·전환·스케일,stopped car splash,움직임이 중간에서 멈춘 자동차 물보라,확인 표현,,,slot:action:water_w025;slot:prop:metronome_stopped_prop;slot:action:ctx_c014;slot:subject:abandoned_car,water_rel_w025;water_rel_w026;relative_participation_affordability_barrier;water_rel_w024,False
K444,C23,초현실·전환·스케일,birds frozen in air,하늘의 새도 같은 정지 규칙을 따름,확인 표현,,,slot:action:error_state_freeze;slot:surreal_anchor:ink_in_water_vessel;slot:subject:migratory_cranes_wetland;slot:composition:birds_eye_geometry,water_rel_w190;water_rel_w144;egr_profile_still_air_hanging_elements;theremin_dual_antenna_noncontact,False
K445,C23,초현실·전환·스케일,liminal city,익숙하지만 사람과 시간이 비어 있는 도시,확인 표현,,,slot:surreal_concept:between_use_liminal_suspension;slot:composition:liminal_expected_route_depth_frame;slot:prop:non_legible_city_map_prop;slot:subject:civic_solarpunk_world_resilience_subject,liminal_transition_use_gap;pf_walled_town;overlook_edge_foreground_vista_relation,False
K446,C23,초현실·전환·스케일,graphite lines becoming real thread,연필선이 실제 실로 이어지는 경계,재구성,,,slot:surreal_concept:information_density_pressure;slot:surreal_anchor:taut_sewing_thread;slot:action:fitting_basted_toile_on_client;slot:surreal_anchor:ledger_open_page,costume_ccx_cc34_01;lace_trim_attached_edge;pa_neutral_cobalt_owner;moirai_fate_thread_life_allocation,False
K447,C23,초현실·전환·스케일,lace becoming stems and three-dimensional roses,레이스가 줄기와 입체 장미로 변함,재구성,,,slot:composition:hogarth_serpentine_depth_path;slot:subject:water_w096;slot:prop:orn_gd09;slot:subject:water_w098,hvr_profile_chiaroscuro_shape;water_rel_w096;orn_profile_gd55;chiaroscuro_form_modeling_relation,False
K448,C23,초현실·전환·스케일,some flowers remain unfinished drawings,일부만 스케치로 남겨 전환을 비교 가능하게 함,재구성,,,slot:prop:egr_airy_small_flower_spray;slot:action:ed_shop_closing_candidate;slot:action:jacket_lapel_settle_action;slot:action:fitting_basted_toile_on_client,decadent_languor_environment;intentional_face_occluded_mood_portrait;egr_profile_airy_small_flower_spray;hvr_profile_wreath_fresh_decay_contrast,False
K449,C23,초현실·전환·스케일,a miniature woman emerging from a drawing,그림 밖으로 나오는 실제 질감의 작은 인물,재구성,,,slot:prop:chalk_stick_worn_prop;slot:subject:water_w106;slot:scale_relation:life_size_subject_emerging_from_small_screen;slot:action:ia_drawing_model,appearance_rel_h065;hvr_profile_kuchisake_mask_reveal;clothing_ct057_v1;water_rel_w002,False
K450,C23,초현실·전환·스케일,consistent miniature scale,작아진 세계의 크기 관계를 일관되게 유지,확인 표현,,,slot:subject:adult_diorama_maker;slot:surreal_physics_detail:hr_cosmic_incompatible_scale;slot:scale_relation:seated_horizontal_zither_scale_relation;slot:composition:rb_scale_perspective_candidate,hvr_profile_cosmic_incompatible_scale;rb_scale_perspective;orn_profile_gd51;ia_profile_drawing_model,False
K451,C23,초현실·전환·스케일,an artist's hand as a scale reference,현실 손과의 비교로 작은 크기 입증,재구성,,,slot:subject:adult_diorama_maker;slot:prop:bt_critical_reference_prop;slot:composition:megastructure_orbit_scale_composition;slot:subject:camera_trap_wildlife_passage,bm_stature_scale;ia_profile_iconic_span;cello_endpin_seated_bowed;legendary_rock_trace_evidence,False
K452,C23,초현실·전환·스케일,toy-scale miniature city,실제 도시를 장난감 크기로 축소,기록 표현,,,slot:composition:tilt_shift_overhead_city;slot:subject:miniature_city_scene;slot:prop:ancestral_portrait_miniature_prop;slot:subject:adult_diorama_maker,orn_profile_gd51;appearance_rel_h077;pf_walled_town;overlook_edge_foreground_vista_relation,False
K453,C23,초현실·전환·스케일,strong tilt-shift effect,좁은 초점 띠로 미니어처 인상 강화,기록 표현,,,slot:composition:tilt_shift_overhead_city;slot:subject:miniature_city_scene;slot:composition:pc_pc24_component_2;slot:composition:strong_leading_lines_vanish,lens_ghosting_flare_alignment;y2kr_gloss;y2kr_denim_jacket;cr_high_chroma,False
K454,C23,초현실·전환·스케일,center focus band,중앙 띠에만 집중된 초점,기록 표현,,,slot:composition:mg_feathered_edge;slot:composition:pc_px04_component_2;slot:action:character_idol_unit_ensemble_scene_action;slot:composition:sff_pro_k03,orn_profile_gd11;split_diopter_dual_focus_planes;mg_feathered_edge_relation;encapsulated_sports_bra_separate_cups,False
K455,C23,초현실·전환·스케일,floating transparent jellyfish,투명한 해파리가 공중에 떠 있는 설치 공간,기록 표현,,,slot:subject:water_w100;slot:subject:jellyfish;slot:prop:transparent_dome_umbrella;slot:prop:conworld_cartography_world_border_prop,water_rel_w100;jelly_footwear_molded_translucent_surface;water_rel_w008;water_rel_w138,False
K456,C23,초현실·전환·스케일,aqua hologram rain room,청록빛 빗줄기와 홀로그램 같은 공간,기록 표현,,,slot:prop:projection_pedestal_prop;slot:composition:hologram_through_glass;slot:surreal_anchor:liquid_mercury_symbols;slot:surreal_concept:information_density_pressure,water_rel_w015;hvr_profile_rain_window_cutoff;jelly_footwear_molded_translucent_surface;phantasmagoria_projected_spectral_sequence,False
K457,C23,초현실·전환·스케일,silver-black liquid-metal surface,탁자 대신 은흑색 액체 금속 전경,재구성,,,slot:subject:liquid_metal_robot;slot:subject:water_w098;slot:prop:y2kr_mirror_tabletop;slot:prop:orn_gd18,water_rel_w008;water_rel_w004;water_rel_w098;rb_material_response_contrast,False
K458,C23,초현실·전환·스케일,real subject × oversized illustrated backdrop,실사 인물과 큰 평면 그림의 크기 대비,재구성,,,slot:composition:mg_cel_artwork;slot:prop:crystal_birdcage_open;slot:subject:martial_sect_disciple_group;slot:transition_stage:particle_disperse_to_black,photobooth_four_cut_sequence;mg_cel_artwork_relation;egr_profile_charcoal_backdrop_dark_material;body_bounded_negative_space,False
K459,C23,초현실·전환·스케일,a single impossible rule in a believable world,하나의 비현실적 규칙과 나머지의 일관성,재구성,,,slot:surreal_concept:animated_inanimate_helper;slot:surreal_concept:material_logic_shift;slot:prop:des_pleonexia_assigned_share_prop;slot:composition:figure_ground_boundary_split,diegetic_reality_invariant_failure;pattern_break_focal_exception;cosmic_egg_world_emergence;axis_mundi_three_realm_connection,False
K460,C23,초현실·전환·스케일,visible transition instead of a decorative effect,전환 자체가 보이도록 경계와 과정을 남김,재구성,,,slot:reflection_logic:reflection_doll_self;slot:prop:starmap_note_prop;slot:action:mep_in_between_candidate;slot:composition:har_multi_interest_hub_spoke_composition,strategic_coverage_figure_study;soft_light_shadow_edge_relation;magic_circle_local_rule_boundary;balayage_ribbon_color_placement,False
K461,C24,일러스트·선·붓질·정보 밀도,visible pencil strokes,연필이 지나간 선을 남김,확인 표현,,,slot:surface_material:pe_pencil_print;slot:composition:mg_bevel_join;slot:composition:hr_laboratory_observation_barrier;slot:composition:pe_photographic_fragments,ia_profile_naturalist_sketch;y2kr_pencil_brows;y2kr_graffiti;y2kr_blackletter,True
K462,C24,일러스트·선·붓질·정보 밀도,watercolor washes,묽게 번지는 수채 색면,확인 표현,slot:surface_material:pe_watercolor_print,,slot:surface_material:pe_watercolor_print,,True
K463,C24,일러스트·선·붓질·정보 밀도,paper texture,종이결이 읽히는 바탕,확인 표현,slot:texture:handmade_paper_texture;slot:surface_material:wet_receipt_paper_texture,,slot:texture:cluttered_paper_surface_texture;slot:texture:handmade_paper_texture;slot:texture:torn_paper_fiber_texture;slot:texture:old_photo_paper_fade,mg_paper_cut_relation;calotype_salted_paper_fiber_image_relation;albumen_card_mount_print_material_relation;water_rel_w006,True
K464,C24,일러스트·선·붓질·정보 밀도,"loose, unfinished edges",가장자리를 일부 미완성으로 남김,확인 표현,,,slot:composition:advisory_coordinate_scaffold;slot:composition:peak_action_event_phase;slot:surface_material:dune_ripple_stoss_slipface_surface;slot:surface_material:reef_living_structure_sand_channel_surface,clothing_ct048_v1;appearance_rel_h013;wrap_front_overlap_closure;production_gap_behind_scenes,True
K465,C24,일러스트·선·붓질·정보 밀도,scattered paint splatters,작은 물감 튐으로 손그림 흔적,확인 표현,,,slot:texture:peeling_paint_wall_texture;slot:texture:peeling_paint_decay_texture;slot:texture:peeling_paint_decay;slot:surface_material:cryptid_folklore_world_surface_material,rb_repair_patch_locality;rb_coating_substrate_boundary;hvr_profile_corrosion_used_touch_zone;mg_scatter_layout_relation,True
K466,C24,일러스트·선·붓질·정보 밀도,fine pencil linework,섬세한 연필 윤곽선,확인 표현,,,slot:surface_material:pe_pencil_print;slot:quality:pe_denoised_detail;slot:quality:pe_readable_microdetail;slot:quality:pe_fabric_detail,ia_profile_naturalist_sketch;y2kr_pencil_brows;mep_surface_texture;rb_low_light_noise,True
K467,C24,일러스트·선·붓질·정보 밀도,large white paper areas,종이의 흰 여백을 적극적으로 남김,확인 표현,,,slot:surface_material:pe_cyanotype_paper;slot:composition:ri_daoist_robe_sky_readable_composition;slot:surface_material:hw_damask_tonal_pattern_1;slot:composition:scrapbook_grid_layout,cyanotype_contact_print_prussian_blue_relation;y2kr_two_tone;ri_daoist_robe_sky;mg_paper_cut_relation,True
K468,C24,일러스트·선·붓질·정보 밀도,soft painterly rendering,부드러운 회화적 채색,확인 표현,,,slot:quality:pe_painterly_photo_finish;slot:color_grading:low_chroma_preserved_color_separation;slot:surface_material:soft_polymer_surface;slot:quality:pe_soft_glow_layer,orientalist_harem_constructed_tableau;pictorialist_handworked_print_relation;calotype_salted_paper_fiber_image_relation;costume_ccx_cc29_01,True
K469,C24,일러스트·선·붓질·정보 밀도,clean appealing linework,또렷하면서 보기 편한 선 정리,확인 표현,,,slot:surface_material:pe_pencil_print;slot:quality:pe_clean_edges;slot:color_grading:lit_clean_beauty_tone_finish;slot:surface_material:hr_abject_boundary_failure,rb_clean_space_plausibility;hvr_profile_abject_boundary_failure;hvr_profile_stale_air_recent_trace;ed_clean_room_reset,True
K470,C24,일러스트·선·붓질·정보 밀도,gentle muted-pastel colors,채도를 낮춘 부드러운 파스텔,확인 표현,,,slot:color_grading:lit_window_gentle_low_contrast_finish;slot:color_grading:lit_luxury_rich_black_finish;slot:quality:pe_natural_detail;slot:surface_material:pe_platinum_print_paper,aeolian_dune_stoss_crest_slipface_transport;ca_garment_color_panels;rb_shared_wind_response;water_rel_w053,True
K471,C24,일러스트·선·붓질·정보 밀도,expressive eyes with natural proportions,과장된 비율 없이 눈으로 감정 전달,재구성,,,slot:quality:pe_natural_detail;slot:quality:no_hdr_natural_snapshot;slot:surface_material:fruit_bloom_skin_surface;slot:composition:foreground_object_occlusion_frame,sv_pupil_heart_motif;cut_crease_lid_separation;uncanny_coherence_mismatch;sv_padded_garment_contour,True
K472,C24,일러스트·선·붓질·정보 밀도,tapered linework,끝이 가늘어지는 강약 있는 선,재구성,,,slot:surface_material:pe_pencil_print;slot:composition:mg_tapered_stroke,clothing_ct031_v2;water_rel_w044;y2kr_abstract_blades;y2kr_flame_graphic,True
K473,C24,일러스트·선·붓질·정보 밀도,hard and soft edge hierarchy,"중요한 곳은 또렷하게, 주변은 부드럽게",확장 제안,,,slot:composition:primary_secondary_figure_ground_hierarchy;slot:surface_material:y2kr_faux_fur;slot:surface_material:handwoven_leather_grid_surface;slot:composition:primary_subject_hierarchy_frame,restrained_polished_natural_makeup_balance;smoky_eye_diffused_gradient;cheekbone_temple_blush_drape;primary_secondary_figure_ground_hierarchy,True
K474,C24,일러스트·선·붓질·정보 밀도,selective detail concentration,얼굴과 핵심 장식에 디테일 집중,확장 제안,,,slot:color_grading:pe_moody_density;slot:color_grading:lit_noir_deep_detailed_black_finish;slot:composition:pc_pc23_component_3;slot:color_grading:selective_color_same_surface_exception_relation,low_key_selective_illumination;phase_transition_nucleation_growth;backlit_rim_edge_separation_relation;pictorialist_handworked_print_relation,True
K475,C24,일러스트·선·붓질·정보 밀도,simple value masses beneath rich ornament,장식 아래 큰 명암 덩어리는 단순하게,확장 제안,,,slot:quality:pe_orton_overlap;slot:composition:pc_pc26_component_4;slot:quality:pe_edge_outline_picture_plane;slot:quality:pe_photocopy_picture_plane,chiaroscuro_form_modeling_relation;pe_orton_overlap_relation;appearance_rel_h013;clothing_ct108_v2,True
K476,C24,일러스트·선·붓질·정보 밀도,translucent watercolor bleed,묽은 색이 서로 스며드는 경계,재구성,,,slot:surface_material:pe_watercolor_print;slot:quality:pe_vhs_picture_plane;slot:texture:vhs_noise;slot:texture:vhs_scanline_texture,hvr_profile_fungal_boundary_spread;clothing_ct091_v2;y2kr_jelly;y2kr_sheer_nylon,True
K477,C24,일러스트·선·붓질·정보 밀도,dry-brush texture,물기 적은 붓이 남긴 끊긴 결,재구성,,,slot:texture:peeling_paint_wall_texture;slot:texture:condensation_window_smear_texture;slot:texture:brass_patina_texture;slot:texture:cracked_leather_texture,clothing_ct083_v2;clothing_ct078_v2;bm_areolar_surface;mep_surface_texture,True
K478,C24,일러스트·선·붓질·정보 밀도,restrained cel-shading steps,과도한 단계 없이 정돈한 셀 음영,재구성,,,slot:quality:pe_posterized_tones;slot:composition:opening_rail_platform_departure_4;slot:color_grading:pe_teal_shadow_orange_midtones;slot:color_grading:pe_restrained_red_family,pe_posterized_tones_relation;opening_rail_platform_departure;highlight_rolloff_tone_response;ed_subway_exit,True
K479,C24,일러스트·선·붓질·정보 밀도,detailed focal area with a suggestive background,"초점 부위는 정교하게, 배경은 암시적으로",재구성,,,slot:color_grading:lit_rembrandt_deep_detailed_tone;slot:color_grading:lit_noir_deep_detailed_black_finish;slot:color_grading:lit_clean_beauty_tone_finish;slot:quality:egr_restrained_diffusion_detail,cr_complex_subject;cr_complex_background;hvr_profile_palette_moon_ink;ed_independent_bystander,True
K480,C24,일러스트·선·붓질·정보 밀도,rich surface detail without silhouette clutter,실루엣을 흐리지 않는 풍부한 세부,확장 제안,,,slot:quality:pe_readable_microdetail;slot:texture:cluttered_paper_surface_texture;slot:texture:pfe_hosiery_opaque_candidate;slot:composition:silhouette_outline_negative_space,pfe_opaque_fit;pfe_hosiery_opaque;daguerreotype_reflective_cased_plate_object;top_hourglass_silhouette_relation,True
