=== baseline-group1 ===
test_all_previous_profiles_keep_meaning_activation_effects_and_native_gates (tests.test_photo_character_appearance_100.CharacterAppearance100Tests.test_all_previous_profiles_keep_meaning_activation_effects_and_native_gates) ...
  test_all_previous_profiles_keep_meaning_activation_effects_and_native_gates (tests.test_photo_character_appearance_100.CharacterAppearance100Tests.test_all_previous_profiles_keep_meaning_activation_effects_and_native_gates) (profile='pf_portcullis') ... FAIL
  test_all_previous_profiles_keep_meaning_activation_effects_and_native_gates (tests.test_photo_character_appearance_100.CharacterAppearance100Tests.test_all_previous_profiles_keep_meaning_activation_effects_and_native_gates) (profile='pf_window_seat') ... FAIL
  test_all_previous_profiles_keep_meaning_activation_effects_and_native_gates (tests.test_photo_character_appearance_100.CharacterAppearance100Tests.test_all_previous_profiles_keep_meaning_activation_effects_and_native_gates) (profile='pf_rib_vault_chapel') ... FAIL
  test_all_previous_profiles_keep_meaning_activation_effects_and_native_gates (tests.test_photo_character_appearance_100.CharacterAppearance100Tests.test_all_previous_profiles_keep_meaning_activation_effects_and_native_gates) (profile='pf_double_helix') ... FAIL
  test_all_previous_profiles_keep_meaning_activation_effects_and_native_gates (tests.test_photo_character_appearance_100.CharacterAppearance100Tests.test_all_previous_profiles_keep_meaning_activation_effects_and_native_gates) (profile='pf_venetian_arcade') ... FAIL
  test_all_previous_profiles_keep_meaning_activation_effects_and_native_gates (tests.test_photo_character_appearance_100.CharacterAppearance100Tests.test_all_previous_profiles_keep_meaning_activation_effects_and_native_gates) (profile='pf_roofless_ruin') ... FAIL
  test_all_previous_profiles_keep_meaning_activation_effects_and_native_gates (tests.test_photo_character_appearance_100.CharacterAppearance100Tests.test_all_previous_profiles_keep_meaning_activation_effects_and_native_gates) (profile='cr_muted_on_vivid') ... FAIL
  test_all_previous_profiles_keep_meaning_activation_effects_and_native_gates (tests.test_photo_character_appearance_100.CharacterAppearance100Tests.test_all_previous_profiles_keep_meaning_activation_effects_and_native_gates) (profile='clothing_ct073_v2') ... FAIL
  test_all_previous_profiles_keep_meaning_activation_effects_and_native_gates (tests.test_photo_character_appearance_100.CharacterAppearance100Tests.test_all_previous_profiles_keep_meaning_activation_effects_and_native_gates) (profile='clothing_ct091_v1') ... FAIL
  test_all_previous_profiles_keep_meaning_activation_effects_and_native_gates (tests.test_photo_character_appearance_100.CharacterAppearance100Tests.test_all_previous_profiles_keep_meaning_activation_effects_and_native_gates) (profile='clothing_ct091_v2') ... FAIL
  test_all_previous_profiles_keep_meaning_activation_effects_and_native_gates (tests.test_photo_character_appearance_100.CharacterAppearance100Tests.test_all_previous_profiles_keep_meaning_activation_effects_and_native_gates) (profile='ri_daoist_robe_sky') ... FAIL
  test_all_previous_profiles_keep_meaning_activation_effects_and_native_gates (tests.test_photo_character_appearance_100.CharacterAppearance100Tests.test_all_previous_profiles_keep_meaning_activation_effects_and_native_gates) (profile='sca_h15') ... FAIL
  test_all_previous_profiles_keep_meaning_activation_effects_and_native_gates (tests.test_photo_character_appearance_100.CharacterAppearance100Tests.test_all_previous_profiles_keep_meaning_activation_effects_and_native_gates) (profile='sca_h16') ... FAIL
test_complete_multilingual_relations_and_every_component_removal (tests.test_photo_character_appearance_100.CharacterAppearance100Tests.test_complete_multilingual_relations_and_every_component_removal) ... ok
test_current_cello_activation_matches_authenticated_v34_scope_guard (tests.test_photo_character_appearance_100.CharacterAppearance100Tests.test_current_cello_activation_matches_authenticated_v34_scope_guard) ... ok
test_each_research_case_links_to_real_runtime_owners (tests.test_photo_character_appearance_100.CharacterAppearance100Tests.test_each_research_case_links_to_real_runtime_owners) ... ok
test_effects_obey_the_actual_carrier_and_parent_locks (tests.test_photo_character_appearance_100.CharacterAppearance100Tests.test_effects_obey_the_actual_carrier_and_parent_locks) ... ok
test_embedding_and_semantic_paraphrases_are_advisory (tests.test_photo_character_appearance_100.CharacterAppearance100Tests.test_embedding_and_semantic_paraphrases_are_advisory) ... ok
test_exact_relations_require_declared_carrier_and_requester_selection (tests.test_photo_character_appearance_100.CharacterAppearance100Tests.test_exact_relations_require_declared_carrier_and_requester_selection) ... ok
test_existing_alternatives_remain_full_relations (tests.test_photo_character_appearance_100.CharacterAppearance100Tests.test_existing_alternatives_remain_full_relations) ... ok
test_existing_dictionary_hash_and_generated_indexes_are_valid (tests.test_photo_character_appearance_100.CharacterAppearance100Tests.test_existing_dictionary_hash_and_generated_indexes_are_valid) ... ok
test_names_neither_create_hard_relations_nor_enter_positive_prototypes (tests.test_photo_character_appearance_100.CharacterAppearance100Tests.test_names_neither_create_hard_relations_nor_enter_positive_prototypes) ... ok
test_neighbor_carriers_and_shapes_do_not_supply_the_selected_relation (tests.test_photo_character_appearance_100.CharacterAppearance100Tests.test_neighbor_carriers_and_shapes_do_not_supply_the_selected_relation) ... ok
test_new_relations_keep_native_all_of_observation_gates (tests.test_photo_character_appearance_100.CharacterAppearance100Tests.test_new_relations_keep_native_all_of_observation_gates) ... ok
test_unseen_or_separate_owners_do_not_get_reconstructed_from_biography (tests.test_photo_character_appearance_100.CharacterAppearance100Tests.test_unseen_or_separate_owners_do_not_get_reconstructed_from_biography) ... ok
test_original_assertions_replay_without_revision (tests.test_photo_data_scope_boundary_history.OriginalBoundaryReplayTests.test_original_assertions_replay_without_revision) ... FAIL
test_acceptance_binds_lexical_gain_dense_cost_and_all_attempts (tests.test_photo_krummholz_korean_alias_data_cleanup.KrummholzKoreanAliasDataCleanupTests.test_acceptance_binds_lexical_gain_dense_cost_and_all_attempts) ... ok
test_bare_names_and_independent_probe_texts_remain_frozen (tests.test_photo_krummholz_korean_alias_data_cleanup.KrummholzKoreanAliasDataCleanupTests.test_bare_names_and_independent_probe_texts_remain_frozen) ... ok
test_complete_raw_extension_has_only_one_alias_append (tests.test_photo_krummholz_korean_alias_data_cleanup.KrummholzKoreanAliasDataCleanupTests.test_complete_raw_extension_has_only_one_alias_append) ... ok
test_current_semantic_surface_preserves_frozen_krummholz_meaning (tests.test_photo_krummholz_korean_alias_data_cleanup.KrummholzKoreanAliasDataCleanupTests.test_current_semantic_surface_preserves_frozen_krummholz_meaning) ... ok
test_exact_frozen_scope_queries_and_budget (tests.test_photo_krummholz_korean_alias_data_cleanup.KrummholzKoreanAliasDataCleanupTests.test_exact_frozen_scope_queries_and_budget) ... ok
test_historical_merged_state_and_current_ten_keeps_are_exact (tests.test_photo_krummholz_korean_alias_data_cleanup.KrummholzKoreanAliasDataCleanupTests.test_historical_merged_state_and_current_ten_keeps_are_exact) ... FAIL
test_previous_reef_correction_and_all_other_source_rows_remain_intact (tests.test_photo_krummholz_korean_alias_data_cleanup.KrummholzKoreanAliasDataCleanupTests.test_previous_reef_correction_and_all_other_source_rows_remain_intact) ... ok
test_specialization_existing_names_and_every_other_field_are_preserved (tests.test_photo_krummholz_korean_alias_data_cleanup.KrummholzKoreanAliasDataCleanupTests.test_specialization_existing_names_and_every_other_field_are_preserved) ... ok
test_exact_terms_activate_and_negations_or_confusers_fail_closed (tests.test_photo_makeup_reference_balance.PhotoMakeupReferenceBalanceTests.test_exact_terms_activate_and_negations_or_confusers_fail_closed) ... ok
test_five_frozen_cores_are_distinct_and_share_only_the_makeup_contract (tests.test_photo_makeup_reference_balance.PhotoMakeupReferenceBalanceTests.test_five_frozen_cores_are_distinct_and_share_only_the_makeup_contract) ... FAIL
test_generated_index_is_registry_bound_for_new_profile (tests.test_photo_makeup_reference_balance.PhotoMakeupReferenceBalanceTests.test_generated_index_is_registry_bound_for_new_profile) ... ok
test_independent_makeup_axes_retain_reference_candidates (tests.test_photo_makeup_reference_balance.PhotoMakeupReferenceBalanceTests.test_independent_makeup_axes_retain_reference_candidates) ... ok
test_profile_is_an_eight_component_fail_closed_pixel_contract (tests.test_photo_makeup_reference_balance.PhotoMakeupReferenceBalanceTests.test_profile_is_an_eight_component_fail_closed_pixel_contract) ... ok
test_semantics_do_not_encode_demographic_or_value_inference (tests.test_photo_makeup_reference_balance.PhotoMakeupReferenceBalanceTests.test_semantics_do_not_encode_demographic_or_value_inference) ... ok
test_source_observation_is_hash_bound_and_identity_independent (tests.test_photo_makeup_reference_balance.PhotoMakeupReferenceBalanceTests.test_source_observation_is_hash_bound_and_identity_independent) ... ERROR
test_adjacent_visual_confounds_fail_closed (tests.test_photo_rare_photo_visual_semantics.PhotoRarePhotoVisualSemanticsTests.test_adjacent_visual_confounds_fail_closed) ... ok
test_broad_aliases_expose_multiple_optional_candidate_routes (tests.test_photo_rare_photo_visual_semantics.PhotoRarePhotoVisualSemanticsTests.test_broad_aliases_expose_multiple_optional_candidate_routes) ... ok
test_broad_nonvisual_collection_terms_never_hard_activate (tests.test_photo_rare_photo_visual_semantics.PhotoRarePhotoVisualSemanticsTests.test_broad_nonvisual_collection_terms_never_hard_activate) ... ok
test_generated_indexes_contain_current_profiles_and_candidates (tests.test_photo_rare_photo_visual_semantics.PhotoRarePhotoVisualSemanticsTests.test_generated_indexes_contain_current_profiles_and_candidates) ... ok
test_narrow_exact_terms_route_to_one_profile (tests.test_photo_rare_photo_visual_semantics.PhotoRarePhotoVisualSemanticsTests.test_narrow_exact_terms_route_to_one_profile) ... ok
test_profiles_are_complete_five_group_pixel_contracts (tests.test_photo_rare_photo_visual_semantics.PhotoRarePhotoVisualSemanticsTests.test_profiles_are_complete_five_group_pixel_contracts) ... ok
test_research_note_preserves_nonvisual_and_identity_boundaries (tests.test_photo_rare_photo_visual_semantics.PhotoRarePhotoVisualSemanticsTests.test_research_note_preserves_nonvisual_and_identity_boundaries) ... ok
test_three_arm_fixture_is_frozen_and_reference_bound (tests.test_photo_rare_photo_visual_semantics.PhotoRarePhotoVisualSemanticsTests.test_three_arm_fixture_is_frozen_and_reference_bound) ...
  test_three_arm_fixture_is_frozen_and_reference_bound (tests.test_photo_rare_photo_visual_semantics.PhotoRarePhotoVisualSemanticsTests.test_three_arm_fixture_is_frozen_and_reference_bound) (arm_id='rare-photo-arm-1-camera-lcd') ... FAIL
  test_three_arm_fixture_is_frozen_and_reference_bound (tests.test_photo_rare_photo_visual_semantics.PhotoRarePhotoVisualSemanticsTests.test_three_arm_fixture_is_frozen_and_reference_bound) (arm_id='rare-photo-arm-2-companion') ... FAIL
  test_three_arm_fixture_is_frozen_and_reference_bound (tests.test_photo_rare_photo_visual_semantics.PhotoRarePhotoVisualSemanticsTests.test_three_arm_fixture_is_frozen_and_reference_bound) (arm_id='rare-photo-arm-3-fan-event') ... FAIL
test_original_assertions_replay_without_revision (tests.test_photo_robe_source_boundary_history.OriginalBoundaryReplayTests.test_original_assertions_replay_without_revision) ... FAIL

======================================================================
ERROR: test_source_observation_is_hash_bound_and_identity_independent (tests.test_photo_makeup_reference_balance.PhotoMakeupReferenceBalanceTests.test_source_observation_is_hash_bound_and_identity_independent)
----------------------------------------------------------------------
Traceback (most recent call last):
  File "/Users/chasoik/.codex/worktrees/photo-p1-baseline-20261007/image-prompt/tests/test_photo_makeup_reference_balance.py", line 133, in test_source_observation_is_hash_bound_and_identity_independent
    (RUN_ROOT / "shared" / "source_observation.json").read_text(
    ~~~~~~~~~~~~~~~~~~~~~~~~~~~~~~~~~~~~~~~~~~~~~~~~~~~~~~~~~~~^
        encoding="utf-8"
        ^^^^^^^^^^^^^^^^
    )
    ^
  File "/opt/homebrew/Cellar/python@3.14/3.14.3_1/Frameworks/Python.framework/Versions/3.14/lib/python3.14/pathlib/__init__.py", line 787, in read_text
    with self.open(mode='r', encoding=encoding, errors=errors, newline=newline) as f:
         ~~~~~~~~~^^^^^^^^^^^^^^^^^^^^^^^^^^^^^^^^^^^^^^^^^^^^^^^^^^^^^^^^^^^^^
  File "/opt/homebrew/Cellar/python@3.14/3.14.3_1/Frameworks/Python.framework/Versions/3.14/lib/python3.14/pathlib/__init__.py", line 771, in open
    return io.open(self, mode, buffering, encoding, errors, newline)
           ~~~~~~~^^^^^^^^^^^^^^^^^^^^^^^^^^^^^^^^^^^^^^^^^^^^^^^^^^
FileNotFoundError: [Errno 2] No such file or directory: '/Users/chasoik/.codex/worktrees/photo-p1-baseline-20261007/image-prompt/artifacts/photo-runs/20260831-makeup-reference-five-arm-v1/shared/source_observation.json'

======================================================================
FAIL: test_all_previous_profiles_keep_meaning_activation_effects_and_native_gates (tests.test_photo_character_appearance_100.CharacterAppearance100Tests.test_all_previous_profiles_keep_meaning_activation_effects_and_native_gates) (profile='pf_portcullis')
----------------------------------------------------------------------
Traceback (most recent call last):
  File "/Users/chasoik/.codex/worktrees/photo-p1-baseline-20261007/image-prompt/tests/test_photo_character_appearance_100.py", line 77, in test_all_previous_profiles_keep_meaning_activation_effects_and_native_gates
    self.assertEqual(p[field],actual)
    ~~~~~~~~~~~~~~~~^^^^^^^^^^^^^^^^^
AssertionError: {'exa[205 chars]물린다; 문짝 회전이 아닌 상하 이동 구조가 읽힌다'], 'requires_adul[71 chars]True} != {'exa[205 chars]물린다; 격자가 그 수직 홈을 따라 부분적으로 내려와 있다'], 'requires_[75 chars]True}
Diff is 744 characters long. Set self.maxDiff to None to see it.

======================================================================
FAIL: test_all_previous_profiles_keep_meaning_activation_effects_and_native_gates (tests.test_photo_character_appearance_100.CharacterAppearance100Tests.test_all_previous_profiles_keep_meaning_activation_effects_and_native_gates) (profile='pf_window_seat')
----------------------------------------------------------------------
Traceback (most recent call last):
  File "/Users/chasoik/.codex/worktrees/photo-p1-baseline-20261007/image-prompt/tests/test_photo_character_appearance_100.py", line 77, in test_all_previous_profiles_keep_meaning_activation_effects_and_native_gates
    self.assertEqual(p[field],actual)
    ~~~~~~~~~~~~~~~~^^^^^^^^^^^^^^^^^
AssertionError: {'exa[175 chars]e', '좌석이 벽 깊이 안에 들어간다; 창 측벽과 바깥 개구부가 연결된다; 가구 [108 chars]True} != {'exa[175 chars]e', '붙박이 좌석이 조적 벽의 창 오목부 깊이 안에 자리한다; 창 측벽이 그 좌[153 chars]True}
  {'exact_terms': ['a built-in seat occupies the depth of the masonry recess; '
                   'the side reveals connect the seat space to the outer window; '
                   'the outer opening sits beyond the seat plane',
-                  '좌석이 벽 깊이 안에 들어간다; 창 측벽과 바깥 개구부가 연결된다; 가구 하나를 창 앞에 둔 장면과 '
-                  '구별된다'],
+                  '붙박이 좌석이 조적 벽의 창 오목부 깊이 안에 자리한다; 창 측벽이 그 좌석 공간을 바깥 창과 연결한다; '
+                  '바깥 개구부는 좌석 면보다 바깥쪽에 놓이며 가구 하나를 창 앞에 둔 장면과 구별된다'],
   'requires_adult_character': False,
   'semantic_discovery_requires_component_evidence': True}

======================================================================
FAIL: test_all_previous_profiles_keep_meaning_activation_effects_and_native_gates (tests.test_photo_character_appearance_100.CharacterAppearance100Tests.test_all_previous_profiles_keep_meaning_activation_effects_and_native_gates) (profile='pf_rib_vault_chapel')
----------------------------------------------------------------------
Traceback (most recent call last):
  File "/Users/chasoik/.codex/worktrees/photo-p1-baseline-20261007/image-prompt/tests/test_photo_character_appearance_100.py", line 77, in test_all_previous_profiles_keep_meaning_activation_effects_and_native_gates
    self.assertEqual(p[field],actual)
    ~~~~~~~~~~~~~~~~^^^^^^^^^^^^^^^^^
AssertionError: {'exa[166 chars]d', '천장 리브가 교차한다; 리브가 벽측 지지부와 연속된다; 공간 끝의 예배 영[96 chars]True} != {'exa[166 chars]d', '예배당 천장에 걸쳐 돌 리브가 교차한다; 리브가 상단이 뾰족한 개구부 옆의[122 chars]True}
  {'exact_terms': ['stone ribs intersect across the chapel ceiling; the ribs '
                   'continue toward supports beside pointed openings; a distinct '
                   'worship area occupies the chapel end',
-                  '천장 리브가 교차한다; 리브가 벽측 지지부와 연속된다; 공간 끝의 예배 영역이 구분된다'],
+                  '예배당 천장에 걸쳐 돌 리브가 교차한다; 리브가 상단이 뾰족한 개구부 옆의 벽측 지지부와 연속된다; 예배당 '
+                  '끝의 예배 영역이 구분된다'],
   'requires_adult_character': False,
   'semantic_discovery_requires_component_evidence': True}

======================================================================
FAIL: test_all_previous_profiles_keep_meaning_activation_effects_and_native_gates (tests.test_photo_character_appearance_100.CharacterAppearance100Tests.test_all_previous_profiles_keep_meaning_activation_effects_and_native_gates) (profile='pf_double_helix')
----------------------------------------------------------------------
Traceback (most recent call last):
  File "/Users/chasoik/.codex/worktrees/photo-p1-baseline-20261007/image-prompt/tests/test_photo_character_appearance_100.py", line 77, in test_all_previous_profiles_keep_meaning_activation_effects_and_native_gates
    self.assertEqual(p[field],actual)
    ~~~~~~~~~~~~~~~~^^^^^^^^^^^^^^^^^
AssertionError: {'exa[175 chars]h', '두 개의 계단 경로가 추적된다; 공유 중심부가 비어 보인다; 두 경로가 중[111 chars]True} != {'exa[175 chars]h', '서로 다른 두 나선형 계단 구간이 하나의 중심부 둘레를 감아 돈다; 두 계[178 chars]True}
Diff is 667 characters long. Set self.maxDiff to None to see it.

======================================================================
FAIL: test_all_previous_profiles_keep_meaning_activation_effects_and_native_gates (tests.test_photo_character_appearance_100.CharacterAppearance100Tests.test_all_previous_profiles_keep_meaning_activation_effects_and_native_gates) (profile='pf_venetian_arcade')
----------------------------------------------------------------------
Traceback (most recent call last):
  File "/Users/chasoik/.codex/worktrees/photo-p1-baseline-20261007/image-prompt/tests/test_photo_character_appearance_100.py", line 77, in test_all_previous_profiles_keep_meaning_activation_effects_and_native_gates
    self.assertEqual(p[field],actual)
    ~~~~~~~~~~~~~~~~^^^^^^^^^^^^^^^^^
AssertionError: {'exa[168 chars]이드가 보인다; 위층 개구 리듬이 아래층과 구별된다; 상부 벽체가 갤러리 위에 실제[95 chars]True} != {'exa[168 chars]이드가 보이며 물가를 향한다; 그 위층에 아래 아케이드보다 더 섬세한 투각형 갤러리[144 chars]True}
Diff is 680 characters long. Set self.maxDiff to None to see it.

======================================================================
FAIL: test_all_previous_profiles_keep_meaning_activation_effects_and_native_gates (tests.test_photo_character_appearance_100.CharacterAppearance100Tests.test_all_previous_profiles_keep_meaning_activation_effects_and_native_gates) (profile='pf_roofless_ruin')
----------------------------------------------------------------------
Traceback (most recent call last):
  File "/Users/chasoik/.codex/worktrees/photo-p1-baseline-20261007/image-prompt/tests/test_photo_character_appearance_100.py", line 77, in test_all_previous_profiles_keep_meaning_activation_effects_and_native_gates
    self.assertEqual(p[field],actual)
    ~~~~~~~~~~~~~~~~^^^^^^^^^^^^^^^^^
AssertionError: {'exa[218 chars]이 없어 방 안에서 하늘이 보인다; 남은 벽·창·바닥이 이전 실내를 이룬다; 파손이[112 chars]True} != {'exa[218 chars]이 없어 옛 방 안에서 그 방 위의 열린 하늘이 보인다; 남아 있는 벽과 창 개구부[176 chars]True}
Diff is 774 characters long. Set self.maxDiff to None to see it.

======================================================================
FAIL: test_all_previous_profiles_keep_meaning_activation_effects_and_native_gates (tests.test_photo_character_appearance_100.CharacterAppearance100Tests.test_all_previous_profiles_keep_meaning_activation_effects_and_native_gates) (profile='cr_muted_on_vivid')
----------------------------------------------------------------------
Traceback (most recent call last):
  File "/Users/chasoik/.codex/worktrees/photo-p1-baseline-20261007/image-prompt/tests/test_photo_character_appearance_100.py", line 79, in test_all_previous_profiles_keep_meaning_activation_effects_and_native_gates
    self.assertEqual(p['semantics'].get(field),q['semantics'].get(field))
    ~~~~~~~~~~~~~~~~^^^^^^^^^^^^^^^^^^^^^^^^^^^^^^^^^^^^^^^^^^^^^^^^^^^^^
AssertionError: Lists differ: ['밝은 쪽을 고채도로 오인', '배경도 함께 선명해짐'] != ['밝은 쪽을 고채도로 오인', '초점 영역의 채도가 주변만큼 높아져 채도 차이가 사라짐']

First differing element 1:
'배경도 함께 선명해짐'
'초점 영역의 채도가 주변만큼 높아져 채도 차이가 사라짐'

- ['밝은 쪽을 고채도로 오인', '배경도 함께 선명해짐']
+ ['밝은 쪽을 고채도로 오인', '초점 영역의 채도가 주변만큼 높아져 채도 차이가 사라짐']

======================================================================
FAIL: test_all_previous_profiles_keep_meaning_activation_effects_and_native_gates (tests.test_photo_character_appearance_100.CharacterAppearance100Tests.test_all_previous_profiles_keep_meaning_activation_effects_and_native_gates) (profile='clothing_ct073_v2')
----------------------------------------------------------------------
Traceback (most recent call last):
  File "/Users/chasoik/.codex/worktrees/photo-p1-baseline-20261007/image-prompt/tests/test_photo_character_appearance_100.py", line 79, in test_all_previous_profiles_keep_meaning_activation_effects_and_native_gates
    self.assertEqual(p['semantics'].get(field),q['semantics'].get(field))
    ~~~~~~~~~~~~~~~~^^^^^^^^^^^^^^^^^^^^^^^^^^^^^^^^^^^^^^^^^^^^^^^^^^^^^
AssertionError: Lists differ: ['링은 떠 있는 장식이 아니며 끈 조절 상태로 실제 지지력을 판단하지 않는다'] != ['뒷밴드 개구 양쪽에 정렬된 훅앤아이 줄은 보이는 여밈 하드웨어이며, 정렬만으로 실제 체결 여부나 지지 성능을 판단하지 않는다']

First differing element 0:
'링은 떠 있는 장식이 아니며 끈 조절 상태로 실제 지지력을 판단하지 않는다'
'뒷밴드 개구 양쪽에 정렬된 훅앤아이 줄은 보이는 여밈 하드웨어이며, 정렬만으로 실제 체결 여부나 지지 성능을 판단하지 않는다'

- ['링은 떠 있는 장식이 아니며 끈 조절 상태로 실제 지지력을 판단하지 않는다']
+ ['뒷밴드 개구 양쪽에 정렬된 훅앤아이 줄은 보이는 여밈 하드웨어이며, 정렬만으로 실제 체결 여부나 지지 성능을 판단하지 않는다']

======================================================================
FAIL: test_all_previous_profiles_keep_meaning_activation_effects_and_native_gates (tests.test_photo_character_appearance_100.CharacterAppearance100Tests.test_all_previous_profiles_keep_meaning_activation_effects_and_native_gates) (profile='clothing_ct091_v1')
----------------------------------------------------------------------
Traceback (most recent call last):
  File "/Users/chasoik/.codex/worktrees/photo-p1-baseline-20261007/image-prompt/tests/test_photo_character_appearance_100.py", line 81, in test_all_previous_profiles_keep_meaning_activation_effects_and_native_gates
    self.assertEqual(p.get('concept_candidate',{}).get(field),q.get('concept_candidate',{}).get(field))
    ~~~~~~~~~~~~~~~~^^^^^^^^^^^^^^^^^^^^^^^^^^^^^^^^^^^^^^^^^^^^^^^^^^^^^^^^^^^^^^^^^^^^^^^^^^^^^^^^^^^
AssertionError: Lists differ: [{'di[100 chars]eta'}] != [{'di[100 chars]eta'}, {'dimension': 'appearance', 'target': '[56 chars]ty'}]

Second list contains 1 additional elements.
First extra element 1:
{'dimension': 'appearance', 'target': 'main_subject', 'property': 'wardrobe.surface.sheer_opacity'}

  [{'dimension': 'appearance',
    'property': 'wardrobe.surface.chiffon_organza_taffeta',
+   'target': 'main_subject'},
+  {'dimension': 'appearance',
+   'property': 'wardrobe.surface.sheer_opacity',
    'target': 'main_subject'}]

======================================================================
FAIL: test_all_previous_profiles_keep_meaning_activation_effects_and_native_gates (tests.test_photo_character_appearance_100.CharacterAppearance100Tests.test_all_previous_profiles_keep_meaning_activation_effects_and_native_gates) (profile='clothing_ct091_v2')
----------------------------------------------------------------------
Traceback (most recent call last):
  File "/Users/chasoik/.codex/worktrees/photo-p1-baseline-20261007/image-prompt/tests/test_photo_character_appearance_100.py", line 81, in test_all_previous_profiles_keep_meaning_activation_effects_and_native_gates
    self.assertEqual(p.get('concept_candidate',{}).get(field),q.get('concept_candidate',{}).get(field))
    ~~~~~~~~~~~~~~~~^^^^^^^^^^^^^^^^^^^^^^^^^^^^^^^^^^^^^^^^^^^^^^^^^^^^^^^^^^^^^^^^^^^^^^^^^^^^^^^^^^^
AssertionError: Lists differ: [{'di[100 chars]eta'}] != [{'di[100 chars]eta'}, {'dimension': 'appearance', 'target': '[56 chars]ty'}]

Second list contains 1 additional elements.
First extra element 1:
{'dimension': 'appearance', 'target': 'main_subject', 'property': 'wardrobe.surface.sheer_opacity'}

  [{'dimension': 'appearance',
    'property': 'wardrobe.surface.chiffon_organza_taffeta',
+   'target': 'main_subject'},
+  {'dimension': 'appearance',
+   'property': 'wardrobe.surface.sheer_opacity',
    'target': 'main_subject'}]

======================================================================
FAIL: test_all_previous_profiles_keep_meaning_activation_effects_and_native_gates (tests.test_photo_character_appearance_100.CharacterAppearance100Tests.test_all_previous_profiles_keep_meaning_activation_effects_and_native_gates) (profile='ri_daoist_robe_sky')
----------------------------------------------------------------------
Traceback (most recent call last):
  File "/Users/chasoik/.codex/worktrees/photo-p1-baseline-20261007/image-prompt/tests/test_photo_character_appearance_100.py", line 77, in test_all_previous_profiles_keep_meaning_activation_effects_and_native_gates
    self.assertEqual(p[field],actual)
    ~~~~~~~~~~~~~~~~^^^^^^^^^^^^^^^^^
AssertionError: {'exa[64 chars]robe surface; the upper sun with golden crow a[584 chars]]}]}} != {'exa[64 chars]robe back surface; the upper sun with golden c[642 chars]]}]}}
Diff is 3924 characters long. Set self.maxDiff to None to see it.

======================================================================
FAIL: test_all_previous_profiles_keep_meaning_activation_effects_and_native_gates (tests.test_photo_character_appearance_100.CharacterAppearance100Tests.test_all_previous_profiles_keep_meaning_activation_effects_and_native_gates) (profile='sca_h15')
----------------------------------------------------------------------
Traceback (most recent call last):
  File "/Users/chasoik/.codex/worktrees/photo-p1-baseline-20261007/image-prompt/tests/test_photo_character_appearance_100.py", line 81, in test_all_previous_profiles_keep_meaning_activation_effects_and_native_gates
    self.assertEqual(p.get('concept_candidate',{}).get(field),q.get('concept_candidate',{}).get(field))
    ~~~~~~~~~~~~~~~~^^^^^^^^^^^^^^^^^^^^^^^^^^^^^^^^^^^^^^^^^^^^^^^^^^^^^^^^^^^^^^^^^^^^^^^^^^^^^^^^^^^
AssertionError: Lists differ: [{'di[95 chars]gth'}] != [{'di[95 chars]gth'}, {'dimension': 'appearance', 'target': '[54 chars]th'}]

Second list contains 1 additional elements.
First extra element 1:
{'dimension': 'appearance', 'target': 'main_subject', 'property': 'hair.style.nape.layer_length'}

  [{'dimension': 'appearance',
    'property': 'hair.style.layers.crown_nape_length',
+   'target': 'main_subject'},
+  {'dimension': 'appearance',
+   'property': 'hair.style.nape.layer_length',
    'target': 'main_subject'}]

======================================================================
FAIL: test_all_previous_profiles_keep_meaning_activation_effects_and_native_gates (tests.test_photo_character_appearance_100.CharacterAppearance100Tests.test_all_previous_profiles_keep_meaning_activation_effects_and_native_gates) (profile='sca_h16')
----------------------------------------------------------------------
Traceback (most recent call last):
  File "/Users/chasoik/.codex/worktrees/photo-p1-baseline-20261007/image-prompt/tests/test_photo_character_appearance_100.py", line 81, in test_all_previous_profiles_keep_meaning_activation_effects_and_native_gates
    self.assertEqual(p.get('concept_candidate',{}).get(field),q.get('concept_candidate',{}).get(field))
    ~~~~~~~~~~~~~~~~^^^^^^^^^^^^^^^^^^^^^^^^^^^^^^^^^^^^^^^^^^^^^^^^^^^^^^^^^^^^^^^^^^^^^^^^^^^^^^^^^^^
AssertionError: Lists differ: [{'di[91 chars]gth'}] != [{'di[91 chars]gth'}, {'dimension': 'appearance', 'target': '[57 chars]th'}]

Second list contains 1 additional elements.
First extra element 1:
{'dimension': 'appearance', 'target': 'main_subject', 'property': 'hair.style.nape.undercut_length'}

  [{'dimension': 'appearance',
    'property': 'hair.style.side.undercut_length',
+   'target': 'main_subject'},
+  {'dimension': 'appearance',
+   'property': 'hair.style.nape.undercut_length',
    'target': 'main_subject'}]

======================================================================
FAIL: test_original_assertions_replay_without_revision (tests.test_photo_data_scope_boundary_history.OriginalBoundaryReplayTests.test_original_assertions_replay_without_revision)
----------------------------------------------------------------------
Traceback (most recent call last):
  File "/Users/chasoik/.codex/worktrees/photo-p1-baseline-20261007/image-prompt/tests/test_photo_data_scope_boundary_history.py", line 12, in test_original_assertions_replay_without_revision
    history.materialize_original(tree,source_root=ROOT,link_verified=True)
    ~~~~~~~~~~~~~~~~~~~~~~~~~~~~^^^^^^^^^^^^^^^^^^^^^^^^^^^^^^^^^^^^^^^^^^
  File "/Users/chasoik/.codex/worktrees/photo-p1-baseline-20261007/image-prompt/tests/photo_ethereal_history_v35.py", line 92, in materialize_original
    for row in parent['members']:exact_payload(source_root,row)
                                 ~~~~~~~~~~~~~^^^^^^^^^^^^^^^^^
  File "/Users/chasoik/.codex/worktrees/photo-p1-baseline-20261007/image-prompt/tests/photo_ethereal_history_v35.py", line 47, in exact_payload
    if path.stat().st_mode&0o7777!=int(row['mode'][-3:],8) or len(raw)!=row['bytes'] or digest(raw)!=row['sha256'] or blob!=row['git_blob']:raise AssertionError('Frozen V35 original source payload or mode drift: '+row['path'])
                                                                                                                                            ^^^^^^^^^^^^^^^^^^^^^^^^^^^^^^^^^^^^^^^^^^^^^^^^^^^^^^^^^^^^^^^^^^^^^^^^^^^^^^^^^^^^^^
AssertionError: Frozen V35 original source payload or mode drift: skills/photo-prompt-image-generator/SKILL.md

======================================================================
FAIL: test_historical_merged_state_and_current_ten_keeps_are_exact (tests.test_photo_krummholz_korean_alias_data_cleanup.KrummholzKoreanAliasDataCleanupTests.test_historical_merged_state_and_current_ten_keeps_are_exact)
----------------------------------------------------------------------
Traceback (most recent call last):
  File "/Users/chasoik/.codex/worktrees/photo-p1-baseline-20261007/image-prompt/tests/test_photo_krummholz_korean_alias_data_cleanup.py", line 77, in test_historical_merged_state_and_current_ten_keeps_are_exact
    self.assertEqual(fixtures.bundle_meanings(fixtures.seduction_historical_bundles(self.current['candidate_bundles']), within=historical),
    ~~~~~~~~~~~~~~~~^^^^^^^^^^^^^^^^^^^^^^^^^^^^^^^^^^^^^^^^^^^^^^^^^^^^^^^^^^^^^^^^^^^^^^^^^^^^^^^^^^^^^^^^^^^^^^^^^^^^^^^^^^^^^^^^^^^^^^^
                     fixtures.bundle_meanings(historical))
                     ^^^^^^^^^^^^^^^^^^^^^^^^^^^^^^^^^^^^^
AssertionError: Lists differ: [{'id[532808 chars]인', '초점 영역의 채도가 주변만큼 높아져 채도 차이가 사라짐'], 'relati[703605 chars]ly'}] != [{'id[532808 chars]인', '배경도 함께 선명해짐'], 'relations': [], 'adoption[703586 chars]ly'}]

First differing element 307:
{'id'[817 chars]인', '초점 영역의 채도가 주변만큼 높아져 채도 차이가 사라짐'], 'relati[87 chars]nly'}
{'id'[817 chars]인', '배경도 함께 선명해짐'], 'relations': [], 'adoption[68 chars]nly'}

Diff is 2223582 characters long. Set self.maxDiff to None to see it.

======================================================================
FAIL: test_five_frozen_cores_are_distinct_and_share_only_the_makeup_contract (tests.test_photo_makeup_reference_balance.PhotoMakeupReferenceBalanceTests.test_five_frozen_cores_are_distinct_and_share_only_the_makeup_contract)
----------------------------------------------------------------------
Traceback (most recent call last):
  File "/Users/chasoik/.codex/worktrees/photo-p1-baseline-20261007/image-prompt/tests/test_photo_makeup_reference_balance.py", line 150, in test_five_frozen_cores_are_distinct_and_share_only_the_makeup_contract
    self.assertEqual(len(core_paths), 5)
    ~~~~~~~~~~~~~~~~^^^^^^^^^^^^^^^^^^^^
AssertionError: 0 != 5

======================================================================
FAIL: test_three_arm_fixture_is_frozen_and_reference_bound (tests.test_photo_rare_photo_visual_semantics.PhotoRarePhotoVisualSemanticsTests.test_three_arm_fixture_is_frozen_and_reference_bound) (arm_id='rare-photo-arm-1-camera-lcd')
----------------------------------------------------------------------
Traceback (most recent call last):
  File "/Users/chasoik/.codex/worktrees/photo-p1-baseline-20261007/image-prompt/tests/test_photo_rare_photo_visual_semantics.py", line 252, in test_three_arm_fixture_is_frozen_and_reference_bound
    self.assertTrue(artifact.is_file())
    ~~~~~~~~~~~~~~~^^^^^^^^^^^^^^^^^^^^
AssertionError: False is not true

======================================================================
FAIL: test_three_arm_fixture_is_frozen_and_reference_bound (tests.test_photo_rare_photo_visual_semantics.PhotoRarePhotoVisualSemanticsTests.test_three_arm_fixture_is_frozen_and_reference_bound) (arm_id='rare-photo-arm-2-companion')
----------------------------------------------------------------------
Traceback (most recent call last):
  File "/Users/chasoik/.codex/worktrees/photo-p1-baseline-20261007/image-prompt/tests/test_photo_rare_photo_visual_semantics.py", line 252, in test_three_arm_fixture_is_frozen_and_reference_bound
    self.assertTrue(artifact.is_file())
    ~~~~~~~~~~~~~~~^^^^^^^^^^^^^^^^^^^^
AssertionError: False is not true

======================================================================
FAIL: test_three_arm_fixture_is_frozen_and_reference_bound (tests.test_photo_rare_photo_visual_semantics.PhotoRarePhotoVisualSemanticsTests.test_three_arm_fixture_is_frozen_and_reference_bound) (arm_id='rare-photo-arm-3-fan-event')
----------------------------------------------------------------------
Traceback (most recent call last):
  File "/Users/chasoik/.codex/worktrees/photo-p1-baseline-20261007/image-prompt/tests/test_photo_rare_photo_visual_semantics.py", line 252, in test_three_arm_fixture_is_frozen_and_reference_bound
    self.assertTrue(artifact.is_file())
    ~~~~~~~~~~~~~~~^^^^^^^^^^^^^^^^^^^^
AssertionError: False is not true

======================================================================
FAIL: test_original_assertions_replay_without_revision (tests.test_photo_robe_source_boundary_history.OriginalBoundaryReplayTests.test_original_assertions_replay_without_revision)
----------------------------------------------------------------------
Traceback (most recent call last):
  File "/Users/chasoik/.codex/worktrees/photo-p1-baseline-20261007/image-prompt/tests/test_photo_robe_source_boundary_history.py", line 14, in test_original_assertions_replay_without_revision
    history.materialize_original(tree, source_root=ROOT, link_verified=True)
    ~~~~~~~~~~~~~~~~~~~~~~~~~~~~^^^^^^^^^^^^^^^^^^^^^^^^^^^^^^^^^^^^^^^^^^^^
  File "/Users/chasoik/.codex/worktrees/photo-p1-baseline-20261007/image-prompt/tests/photo_ethereal_history_v35.py", line 92, in materialize_original
    for row in parent['members']:exact_payload(source_root,row)
                                 ~~~~~~~~~~~~~^^^^^^^^^^^^^^^^^
  File "/Users/chasoik/.codex/worktrees/photo-p1-baseline-20261007/image-prompt/tests/photo_ethereal_history_v35.py", line 47, in exact_payload
    if path.stat().st_mode&0o7777!=int(row['mode'][-3:],8) or len(raw)!=row['bytes'] or digest(raw)!=row['sha256'] or blob!=row['git_blob']:raise AssertionError('Frozen V35 original source payload or mode drift: '+row['path'])
                                                                                                                                            ^^^^^^^^^^^^^^^^^^^^^^^^^^^^^^^^^^^^^^^^^^^^^^^^^^^^^^^^^^^^^^^^^^^^^^^^^^^^^^^^^^^^^^
AssertionError: Frozen V35 original source payload or mode drift: skills/photo-prompt-image-generator/SKILL.md

----------------------------------------------------------------------
Ran 38 tests in 160.074s

FAILED (failures=20, errors=1)

=== baseline-remaining ===
test_existing_render_manifests_keep_historical_failure_labels (tests.test_subculture_illustration_universal_scene_v3.UniversalSceneDataContractTests.test_existing_render_manifests_keep_historical_failure_labels) ... ERROR
test_v1_v2_exact_replay_and_photo_baseline_remain_immutable (tests.test_subculture_illustration_universal_scene_v3.UniversalSceneRuntimeContractTests.test_v1_v2_exact_replay_and_photo_baseline_remain_immutable) ... ERROR
setUpClass (tests.test_photo_ct073_back_band_data.CT073BackBandDataTests) ... ERROR
test_aggregate_validator_does_not_hide_partial_pixel_qualification (tests.test_subculture_illustration_contract_v1.SubcultureIllustrationContractV1Tests.test_aggregate_validator_does_not_hide_partial_pixel_qualification) ... ERROR
setUpClass (tests.test_photo_ct073_boundary_history.CT073BoundaryHistoryTests) ... ERROR
setUpClass (tests.test_photo_appearance_boundary_history.AppearanceBoundaryHistoryTests) ... ERROR
test_all_six_archived_payloads_reject_bytes_mode_symlink_and_missing_file (tests.test_photo_appearance_boundary_history.AppearanceFixtureRecoveryTests.test_all_six_archived_payloads_reject_bytes_mode_symlink_and_missing_file) ... FAIL
test_historical_drift_cannot_use_an_untampered_live_successor (tests.test_photo_appearance_boundary_history.AppearanceFixtureRecoveryTests.test_historical_drift_cannot_use_an_untampered_live_successor) ... FAIL
test_live_drift_cannot_use_the_sealed_successor_recovery (tests.test_photo_appearance_boundary_history.AppearanceFixtureRecoveryTests.test_live_drift_cannot_use_the_sealed_successor_recovery) ... FAIL
test_recovery_requires_both_immutable_transition_manifests_and_proofs (tests.test_photo_appearance_boundary_history.AppearanceFixtureRecoveryTests.test_recovery_requires_both_immutable_transition_manifests_and_proofs) ... FAIL
test_sealed_v28_recovery_preserves_exact_v27_and_v26_payloads (tests.test_photo_appearance_boundary_history.AppearanceFixtureRecoveryTests.test_sealed_v28_recovery_preserves_exact_v27_and_v26_payloads) ... FAIL
test_v27_index_rollback_cannot_bypass_v28_live_source_binding (tests.test_photo_appearance_boundary_history.AppearanceFixtureRecoveryTests.test_v27_index_rollback_cannot_bypass_v28_live_source_binding) ... FAIL
test_v27_materialization_rejects_missing_or_rehashed_manifest_before_writing (tests.test_photo_appearance_boundary_history.AppearanceFixtureRecoveryTests.test_v27_materialization_rejects_missing_or_rehashed_manifest_before_writing) ... FAIL
test_three_arm_pixel_cases_are_hash_bound_independent_and_fail_closed (tests.test_photo_poverty_visual_semantics.PhotoPovertyVisualSemanticsTests.test_three_arm_pixel_cases_are_hash_bound_independent_and_fail_closed) ...
  test_three_arm_pixel_cases_are_hash_bound_independent_and_fail_closed (tests.test_photo_poverty_visual_semantics.PhotoPovertyVisualSemanticsTests.test_three_arm_pixel_cases_are_hash_bound_independent_and_fail_closed) (arm_id='arm-a-energy') ... FAIL
  test_three_arm_pixel_cases_are_hash_bound_independent_and_fail_closed (tests.test_photo_poverty_visual_semantics.PhotoPovertyVisualSemanticsTests.test_three_arm_pixel_cases_are_hash_bound_independent_and_fail_closed) (arm_id='arm-b-working-income') ... FAIL
  test_three_arm_pixel_cases_are_hash_bound_independent_and_fail_closed (tests.test_photo_poverty_visual_semantics.PhotoPovertyVisualSemanticsTests.test_three_arm_pixel_cases_are_hash_bound_independent_and_fail_closed) (arm_id='arm-c-transport') ... FAIL
setUpClass (tests.test_photo_scene_budget_boundary_history.SceneBudgetBoundaryHistoryTests) ... ERROR
setUpClass (tests.test_photo_scene_budget_boundary_history.V25ArchivedSceneParentTests) ... ERROR
setUpClass (tests.test_photo_horror_main_boundary_history.HorrorMainBoundaryHistoryTests) ... ERROR
test_complete_merged_state_and_twenty_one_keeps_remain_exact (tests.test_photo_liminal_active_use_korean_data_cleanup.LiminalActiveUseKoreanDataCleanupTests.test_complete_merged_state_and_twenty_one_keeps_remain_exact) ... FAIL
setUpClass (tests.test_photo_muted_color_boundary_history.MutedColorBoundaryHistoryTests) ... ERROR
test_historical_merged_state_and_current_eleven_keeps_are_exact (tests.test_photo_shelf_return_korean_state_data_cleanup.ShelfReturnKoreanStateDataCleanupTests.test_historical_merged_state_and_current_eleven_keeps_are_exact) ... FAIL
setUpClass (tests.test_photo_water_main_boundary_history.WaterMainBoundaryHistoryTests) ... ERROR

======================================================================
ERROR: test_existing_render_manifests_keep_historical_failure_labels (tests.test_subculture_illustration_universal_scene_v3.UniversalSceneDataContractTests.test_existing_render_manifests_keep_historical_failure_labels)
----------------------------------------------------------------------
Traceback (most recent call last):
  File "/Users/chasoik/.codex/worktrees/photo-p1-baseline-20261007/image-prompt/tests/test_subculture_illustration_universal_scene_v3.py", line 1712, in test_existing_render_manifests_keep_historical_failure_labels
    result = validate_all(str(ASSET_ROOT), verify_local_images=False)
  File "/Users/chasoik/.codex/worktrees/photo-p1-baseline-20261007/image-prompt/skills/subculture-illustration-image-generator/scripts/validate_illustration_assets.py", line 13956, in validate_all
    photo_regression = validate_photo_regression_baseline(root)
  File "/Users/chasoik/.codex/worktrees/photo-p1-baseline-20261007/image-prompt/skills/subculture-illustration-image-generator/scripts/validate_illustration_assets.py", line 8829, in validate_photo_regression_baseline
    _require(
    ~~~~~~~~^
        digest == baseline.get("sha256"),
        ^^^^^^^^^^^^^^^^^^^^^^^^^^^^^^^^^
        "current photo baseline candidate-pack bytes drift",
        ^^^^^^^^^^^^^^^^^^^^^^^^^^^^^^^^^^^^^^^^^^^^^^^^^^^^
    )
    ^
  File "/Users/chasoik/.codex/worktrees/photo-p1-baseline-20261007/image-prompt/skills/subculture-illustration-image-generator/scripts/validate_illustration_assets.py", line 1281, in _require
    raise ValidationFailure(message)
validate_illustration_assets.ValidationFailure: current photo baseline candidate-pack bytes drift

======================================================================
ERROR: test_v1_v2_exact_replay_and_photo_baseline_remain_immutable (tests.test_subculture_illustration_universal_scene_v3.UniversalSceneRuntimeContractTests.test_v1_v2_exact_replay_and_photo_baseline_remain_immutable)
----------------------------------------------------------------------
Traceback (most recent call last):
  File "/Users/chasoik/.codex/worktrees/photo-p1-baseline-20261007/image-prompt/tests/test_subculture_illustration_universal_scene_v3.py", line 4697, in test_v1_v2_exact_replay_and_photo_baseline_remain_immutable
    photo = validate_photo_regression_baseline(ASSET_ROOT)
  File "/Users/chasoik/.codex/worktrees/photo-p1-baseline-20261007/image-prompt/skills/subculture-illustration-image-generator/scripts/validate_illustration_assets.py", line 8829, in validate_photo_regression_baseline
    _require(
    ~~~~~~~~^
        digest == baseline.get("sha256"),
        ^^^^^^^^^^^^^^^^^^^^^^^^^^^^^^^^^
        "current photo baseline candidate-pack bytes drift",
        ^^^^^^^^^^^^^^^^^^^^^^^^^^^^^^^^^^^^^^^^^^^^^^^^^^^^
    )
    ^
  File "/Users/chasoik/.codex/worktrees/photo-p1-baseline-20261007/image-prompt/skills/subculture-illustration-image-generator/scripts/validate_illustration_assets.py", line 1281, in _require
    raise ValidationFailure(message)
validate_illustration_assets.ValidationFailure: current photo baseline candidate-pack bytes drift

======================================================================
ERROR: setUpClass (tests.test_photo_ct073_back_band_data.CT073BackBandDataTests)
----------------------------------------------------------------------
Traceback (most recent call last):
  File "/Users/chasoik/.codex/worktrees/photo-p1-baseline-20261007/image-prompt/tests/test_photo_ct073_back_band_data.py", line 136, in setUpClass
    fixtures.materialize_v25_parent_source(root, source_root=ROOT)
    ~~~~~~~~~~~~~~~~~~~~~~~~~~~~~~~~~~~~~~^^^^^^^^^^^^^^^^^^^^^^^^
  File "/Users/chasoik/.codex/worktrees/photo-p1-baseline-20261007/image-prompt/tests/photo_prompt_fixtures.py", line 1408, in materialize_v25_parent_source
    _v24_verified_payload(source_root, row)
    ~~~~~~~~~~~~~~~~~~~~~^^^^^^^^^^^^^^^^^^
  File "/Users/chasoik/.codex/worktrees/photo-p1-baseline-20261007/image-prompt/tests/photo_prompt_fixtures.py", line 856, in _v24_verified_payload
    raise AssertionError(f'Frozen V24 historical source payload drift: {row["path"]}')
AssertionError: Frozen V24 historical source payload drift: skills/photo-prompt-image-generator/assets/photo_prompt_character_moe_extension.json

======================================================================
ERROR: test_aggregate_validator_does_not_hide_partial_pixel_qualification (tests.test_subculture_illustration_contract_v1.SubcultureIllustrationContractV1Tests.test_aggregate_validator_does_not_hide_partial_pixel_qualification)
----------------------------------------------------------------------
Traceback (most recent call last):
  File "/Users/chasoik/.codex/worktrees/photo-p1-baseline-20261007/image-prompt/tests/test_subculture_illustration_contract_v1.py", line 504, in test_aggregate_validator_does_not_hide_partial_pixel_qualification
    summary = validate_all(ASSET_ROOT)
  File "/Users/chasoik/.codex/worktrees/photo-p1-baseline-20261007/image-prompt/skills/subculture-illustration-image-generator/scripts/validate_illustration_assets.py", line 13956, in validate_all
    photo_regression = validate_photo_regression_baseline(root)
  File "/Users/chasoik/.codex/worktrees/photo-p1-baseline-20261007/image-prompt/skills/subculture-illustration-image-generator/scripts/validate_illustration_assets.py", line 8829, in validate_photo_regression_baseline
    _require(
    ~~~~~~~~^
        digest == baseline.get("sha256"),
        ^^^^^^^^^^^^^^^^^^^^^^^^^^^^^^^^^
        "current photo baseline candidate-pack bytes drift",
        ^^^^^^^^^^^^^^^^^^^^^^^^^^^^^^^^^^^^^^^^^^^^^^^^^^^^
    )
    ^
  File "/Users/chasoik/.codex/worktrees/photo-p1-baseline-20261007/image-prompt/skills/subculture-illustration-image-generator/scripts/validate_illustration_assets.py", line 1281, in _require
    raise ValidationFailure(message)
validate_illustration_assets.ValidationFailure: current photo baseline candidate-pack bytes drift

======================================================================
ERROR: setUpClass (tests.test_photo_ct073_boundary_history.CT073BoundaryHistoryTests)
----------------------------------------------------------------------
Traceback (most recent call last):
  File "/Users/chasoik/.codex/worktrees/photo-p1-baseline-20261007/image-prompt/tests/test_photo_ct073_boundary_history.py", line 39, in setUpClass
    archived = fixtures.archived_v25_validator(root, source_root=ROOT)
  File "/Users/chasoik/.codex/worktrees/photo-p1-baseline-20261007/image-prompt/tests/photo_prompt_fixtures.py", line 1425, in archived_v25_validator
    manifest = materialize_v25_parent_source(directory, source_root=source_root)
  File "/Users/chasoik/.codex/worktrees/photo-p1-baseline-20261007/image-prompt/tests/photo_prompt_fixtures.py", line 1408, in materialize_v25_parent_source
    _v24_verified_payload(source_root, row)
    ~~~~~~~~~~~~~~~~~~~~~^^^^^^^^^^^^^^^^^^
  File "/Users/chasoik/.codex/worktrees/photo-p1-baseline-20261007/image-prompt/tests/photo_prompt_fixtures.py", line 856, in _v24_verified_payload
    raise AssertionError(f'Frozen V24 historical source payload drift: {row["path"]}')
AssertionError: Frozen V24 historical source payload drift: skills/photo-prompt-image-generator/assets/photo_prompt_character_moe_extension.json

======================================================================
ERROR: setUpClass (tests.test_photo_appearance_boundary_history.AppearanceBoundaryHistoryTests)
----------------------------------------------------------------------
Traceback (most recent call last):
  File "/Users/chasoik/.codex/worktrees/photo-p1-baseline-20261007/image-prompt/tests/test_photo_appearance_boundary_history.py", line 18, in setUpClass
    cls.validator=fixtures.archived_v27_validator(cls.source_root)
                  ~~~~~~~~~~~~~~~~~~~~~~~~~~~~~~~^^^^^^^^^^^^^^^^^
  File "/Users/chasoik/.codex/worktrees/photo-p1-baseline-20261007/image-prompt/tests/photo_prompt_fixtures.py", line 1656, in archived_v27_validator
    manifest = materialize_v27_parent_source(directory, source_root=source_root)
  File "/Users/chasoik/.codex/worktrees/photo-p1-baseline-20261007/image-prompt/tests/photo_prompt_fixtures.py", line 1639, in materialize_v27_parent_source
    _v24_verified_payload(source_root, row)
    ~~~~~~~~~~~~~~~~~~~~~^^^^^^^^^^^^^^^^^^
  File "/Users/chasoik/.codex/worktrees/photo-p1-baseline-20261007/image-prompt/tests/photo_prompt_fixtures.py", line 856, in _v24_verified_payload
    raise AssertionError(f'Frozen V24 historical source payload drift: {row["path"]}')
AssertionError: Frozen V24 historical source payload drift: skills/photo-prompt-image-generator/SKILL.md

======================================================================
ERROR: setUpClass (tests.test_photo_scene_budget_boundary_history.SceneBudgetBoundaryHistoryTests)
----------------------------------------------------------------------
Traceback (most recent call last):
  File "/Users/chasoik/.codex/worktrees/photo-p1-baseline-20261007/image-prompt/tests/test_photo_scene_budget_boundary_history.py", line 33, in setUpClass
    archived = fixtures.archived_v26_validator(root, source_root=ROOT)
  File "/Users/chasoik/.codex/worktrees/photo-p1-baseline-20261007/image-prompt/tests/photo_prompt_fixtures.py", line 1523, in archived_v26_validator
    manifest = materialize_v26_parent_source(directory, source_root=source_root)
  File "/Users/chasoik/.codex/worktrees/photo-p1-baseline-20261007/image-prompt/tests/photo_prompt_fixtures.py", line 1506, in materialize_v26_parent_source
    _v24_verified_payload(source_root, row)
    ~~~~~~~~~~~~~~~~~~~~~^^^^^^^^^^^^^^^^^^
  File "/Users/chasoik/.codex/worktrees/photo-p1-baseline-20261007/image-prompt/tests/photo_prompt_fixtures.py", line 856, in _v24_verified_payload
    raise AssertionError(f'Frozen V24 historical source payload drift: {row["path"]}')
AssertionError: Frozen V24 historical source payload drift: skills/photo-prompt-image-generator/SKILL.md

======================================================================
ERROR: setUpClass (tests.test_photo_scene_budget_boundary_history.V25ArchivedSceneParentTests)
----------------------------------------------------------------------
Traceback (most recent call last):
  File "/Users/chasoik/.codex/worktrees/photo-p1-baseline-20261007/image-prompt/tests/test_photo_scene_budget_boundary_history.py", line 160, in setUpClass
    cls.validator = fixtures.archived_v25_validator(cls.root, source_root=ROOT)
                    ~~~~~~~~~~~~~~~~~~~~~~~~~~~~~~~^^^^^^^^^^^^^^^^^^^^^^^^^^^^
  File "/Users/chasoik/.codex/worktrees/photo-p1-baseline-20261007/image-prompt/tests/photo_prompt_fixtures.py", line 1425, in archived_v25_validator
    manifest = materialize_v25_parent_source(directory, source_root=source_root)
  File "/Users/chasoik/.codex/worktrees/photo-p1-baseline-20261007/image-prompt/tests/photo_prompt_fixtures.py", line 1408, in materialize_v25_parent_source
    _v24_verified_payload(source_root, row)
    ~~~~~~~~~~~~~~~~~~~~~^^^^^^^^^^^^^^^^^^
  File "/Users/chasoik/.codex/worktrees/photo-p1-baseline-20261007/image-prompt/tests/photo_prompt_fixtures.py", line 856, in _v24_verified_payload
    raise AssertionError(f'Frozen V24 historical source payload drift: {row["path"]}')
AssertionError: Frozen V24 historical source payload drift: skills/photo-prompt-image-generator/assets/photo_prompt_character_moe_extension.json

======================================================================
ERROR: setUpClass (tests.test_photo_horror_main_boundary_history.HorrorMainBoundaryHistoryTests)
----------------------------------------------------------------------
Traceback (most recent call last):
  File "/Users/chasoik/.codex/worktrees/photo-p1-baseline-20261007/image-prompt/tests/test_photo_horror_main_boundary_history.py", line 207, in setUpClass
    cls.original_validator = fixtures.archived_v31_validator(cls.original_root)
                             ~~~~~~~~~~~~~~~~~~~~~~~~~~~~~~~^^^^^^^^^^^^^^^^^^^
  File "/Users/chasoik/.codex/worktrees/photo-p1-baseline-20261007/image-prompt/tests/photo_prompt_fixtures.py", line 2212, in archived_v31_validator
    manifest = materialize_v31_parent_source(directory, source_root=source_root)
  File "/Users/chasoik/.codex/worktrees/photo-p1-baseline-20261007/image-prompt/tests/photo_prompt_fixtures.py", line 2195, in materialize_v31_parent_source
    _v24_verified_payload(source_root, row)
    ~~~~~~~~~~~~~~~~~~~~~^^^^^^^^^^^^^^^^^^
  File "/Users/chasoik/.codex/worktrees/photo-p1-baseline-20261007/image-prompt/tests/photo_prompt_fixtures.py", line 856, in _v24_verified_payload
    raise AssertionError(f'Frozen V24 historical source payload drift: {row["path"]}')
AssertionError: Frozen V24 historical source payload drift: skills/photo-prompt-image-generator/SKILL.md

======================================================================
ERROR: setUpClass (tests.test_photo_muted_color_boundary_history.MutedColorBoundaryHistoryTests)
----------------------------------------------------------------------
Traceback (most recent call last):
  File "/Users/chasoik/.codex/worktrees/photo-p1-baseline-20261007/image-prompt/tests/test_photo_muted_color_boundary_history.py", line 38, in setUpClass
    cls.validator = fixtures.archived_v28_validator(cls.source_root)
                    ~~~~~~~~~~~~~~~~~~~~~~~~~~~~~~~^^^^^^^^^^^^^^^^^
  File "/Users/chasoik/.codex/worktrees/photo-p1-baseline-20261007/image-prompt/tests/photo_prompt_fixtures.py", line 2030, in archived_v28_validator
    manifest = materialize_v28_parent_source(directory, source_root=source_root)
  File "/Users/chasoik/.codex/worktrees/photo-p1-baseline-20261007/image-prompt/tests/photo_prompt_fixtures.py", line 2016, in materialize_v28_parent_source
    _v24_verified_payload(source_root, row)
    ~~~~~~~~~~~~~~~~~~~~~^^^^^^^^^^^^^^^^^^
  File "/Users/chasoik/.codex/worktrees/photo-p1-baseline-20261007/image-prompt/tests/photo_prompt_fixtures.py", line 856, in _v24_verified_payload
    raise AssertionError(f'Frozen V24 historical source payload drift: {row["path"]}')
AssertionError: Frozen V24 historical source payload drift: skills/photo-prompt-image-generator/SKILL.md

======================================================================
ERROR: setUpClass (tests.test_photo_water_main_boundary_history.WaterMainBoundaryHistoryTests)
----------------------------------------------------------------------
Traceback (most recent call last):
  File "/Users/chasoik/.codex/worktrees/photo-p1-baseline-20261007/image-prompt/tests/test_photo_water_main_boundary_history.py", line 26, in setUpClass
    cls.original_validator=fixtures.archived_v30_validator(cls.original_root)
                           ~~~~~~~~~~~~~~~~~~~~~~~~~~~~~~~^^^^^^^^^^^^^^^^^^^
  File "/Users/chasoik/.codex/worktrees/photo-p1-baseline-20261007/image-prompt/tests/photo_prompt_fixtures.py", line 1914, in archived_v30_validator
    manifest = materialize_v30_parent_source(directory, source_root=source_root)
  File "/Users/chasoik/.codex/worktrees/photo-p1-baseline-20261007/image-prompt/tests/photo_prompt_fixtures.py", line 1869, in materialize_v30_parent_source
    _v24_verified_payload(source_root, row)
    ~~~~~~~~~~~~~~~~~~~~~^^^^^^^^^^^^^^^^^^
  File "/Users/chasoik/.codex/worktrees/photo-p1-baseline-20261007/image-prompt/tests/photo_prompt_fixtures.py", line 856, in _v24_verified_payload
    raise AssertionError(f'Frozen V24 historical source payload drift: {row["path"]}')
AssertionError: Frozen V24 historical source payload drift: skills/photo-prompt-image-generator/SKILL.md

======================================================================
FAIL: test_all_six_archived_payloads_reject_bytes_mode_symlink_and_missing_file (tests.test_photo_appearance_boundary_history.AppearanceFixtureRecoveryTests.test_all_six_archived_payloads_reject_bytes_mode_symlink_and_missing_file)
----------------------------------------------------------------------
Traceback (most recent call last):
  File "/Users/chasoik/.codex/worktrees/photo-p1-baseline-20261007/image-prompt/tests/test_photo_appearance_boundary_history.py", line 132, in setUp
    source = (fixtures.v29_source_path(str(name))
              ~~~~~~~~~~~~~~~~~~~~~~~~^^^^^^^^^^^
  File "/Users/chasoik/.codex/worktrees/photo-p1-baseline-20261007/image-prompt/tests/photo_prompt_fixtures.py", line 1759, in v29_source_path
    current = (_v34_scope_support(source_root).previous_path(source_root, name)
               ~~~~~~~~~~~~~~~~~~~~~~~~~~~~~~~~~~~~~~~~~~~~~^^^^^^^^^^^^^^^^^^^
  File "/Users/chasoik/.codex/worktrees/photo-p1-baseline-20261007/image-prompt/tests/photo_ethereal_history_v35.py", line 69, in previous_path
    if digest(current)!=proof['source_files_after'][name] or path.stat().st_mode&0o7777!=int(row['mode'][-3:],8):raise AssertionError('Frozen V35 retained live source payload or mode drift: '+name)
                                                                                                                 ^^^^^^^^^^^^^^^^^^^^^^^^^^^^^^^^^^^^^^^^^^^^^^^^^^^^^^^^^^^^^^^^^^^^^^^^^^^^^^^^^^^^
AssertionError: Frozen V35 retained live source payload or mode drift: skills/photo-prompt-image-generator/assets/photo_prompt_visual_profile_index.json

======================================================================
FAIL: test_historical_drift_cannot_use_an_untampered_live_successor (tests.test_photo_appearance_boundary_history.AppearanceFixtureRecoveryTests.test_historical_drift_cannot_use_an_untampered_live_successor)
----------------------------------------------------------------------
Traceback (most recent call last):
  File "/Users/chasoik/.codex/worktrees/photo-p1-baseline-20261007/image-prompt/tests/test_photo_appearance_boundary_history.py", line 132, in setUp
    source = (fixtures.v29_source_path(str(name))
              ~~~~~~~~~~~~~~~~~~~~~~~~^^^^^^^^^^^
  File "/Users/chasoik/.codex/worktrees/photo-p1-baseline-20261007/image-prompt/tests/photo_prompt_fixtures.py", line 1759, in v29_source_path
    current = (_v34_scope_support(source_root).previous_path(source_root, name)
               ~~~~~~~~~~~~~~~~~~~~~~~~~~~~~~~~~~~~~~~~~~~~~^^^^^^^^^^^^^^^^^^^
  File "/Users/chasoik/.codex/worktrees/photo-p1-baseline-20261007/image-prompt/tests/photo_ethereal_history_v35.py", line 69, in previous_path
    if digest(current)!=proof['source_files_after'][name] or path.stat().st_mode&0o7777!=int(row['mode'][-3:],8):raise AssertionError('Frozen V35 retained live source payload or mode drift: '+name)
                                                                                                                 ^^^^^^^^^^^^^^^^^^^^^^^^^^^^^^^^^^^^^^^^^^^^^^^^^^^^^^^^^^^^^^^^^^^^^^^^^^^^^^^^^^^^
AssertionError: Frozen V35 retained live source payload or mode drift: skills/photo-prompt-image-generator/assets/photo_prompt_visual_profile_index.json

======================================================================
FAIL: test_live_drift_cannot_use_the_sealed_successor_recovery (tests.test_photo_appearance_boundary_history.AppearanceFixtureRecoveryTests.test_live_drift_cannot_use_the_sealed_successor_recovery)
----------------------------------------------------------------------
Traceback (most recent call last):
  File "/Users/chasoik/.codex/worktrees/photo-p1-baseline-20261007/image-prompt/tests/test_photo_appearance_boundary_history.py", line 132, in setUp
    source = (fixtures.v29_source_path(str(name))
              ~~~~~~~~~~~~~~~~~~~~~~~~^^^^^^^^^^^
  File "/Users/chasoik/.codex/worktrees/photo-p1-baseline-20261007/image-prompt/tests/photo_prompt_fixtures.py", line 1759, in v29_source_path
    current = (_v34_scope_support(source_root).previous_path(source_root, name)
               ~~~~~~~~~~~~~~~~~~~~~~~~~~~~~~~~~~~~~~~~~~~~~^^^^^^^^^^^^^^^^^^^
  File "/Users/chasoik/.codex/worktrees/photo-p1-baseline-20261007/image-prompt/tests/photo_ethereal_history_v35.py", line 69, in previous_path
    if digest(current)!=proof['source_files_after'][name] or path.stat().st_mode&0o7777!=int(row['mode'][-3:],8):raise AssertionError('Frozen V35 retained live source payload or mode drift: '+name)
                                                                                                                 ^^^^^^^^^^^^^^^^^^^^^^^^^^^^^^^^^^^^^^^^^^^^^^^^^^^^^^^^^^^^^^^^^^^^^^^^^^^^^^^^^^^^
AssertionError: Frozen V35 retained live source payload or mode drift: skills/photo-prompt-image-generator/assets/photo_prompt_visual_profile_index.json

======================================================================
FAIL: test_recovery_requires_both_immutable_transition_manifests_and_proofs (tests.test_photo_appearance_boundary_history.AppearanceFixtureRecoveryTests.test_recovery_requires_both_immutable_transition_manifests_and_proofs)
----------------------------------------------------------------------
Traceback (most recent call last):
  File "/Users/chasoik/.codex/worktrees/photo-p1-baseline-20261007/image-prompt/tests/test_photo_appearance_boundary_history.py", line 132, in setUp
    source = (fixtures.v29_source_path(str(name))
              ~~~~~~~~~~~~~~~~~~~~~~~~^^^^^^^^^^^
  File "/Users/chasoik/.codex/worktrees/photo-p1-baseline-20261007/image-prompt/tests/photo_prompt_fixtures.py", line 1759, in v29_source_path
    current = (_v34_scope_support(source_root).previous_path(source_root, name)
               ~~~~~~~~~~~~~~~~~~~~~~~~~~~~~~~~~~~~~~~~~~~~~^^^^^^^^^^^^^^^^^^^
  File "/Users/chasoik/.codex/worktrees/photo-p1-baseline-20261007/image-prompt/tests/photo_ethereal_history_v35.py", line 69, in previous_path
    if digest(current)!=proof['source_files_after'][name] or path.stat().st_mode&0o7777!=int(row['mode'][-3:],8):raise AssertionError('Frozen V35 retained live source payload or mode drift: '+name)
                                                                                                                 ^^^^^^^^^^^^^^^^^^^^^^^^^^^^^^^^^^^^^^^^^^^^^^^^^^^^^^^^^^^^^^^^^^^^^^^^^^^^^^^^^^^^
AssertionError: Frozen V35 retained live source payload or mode drift: skills/photo-prompt-image-generator/assets/photo_prompt_visual_profile_index.json

======================================================================
FAIL: test_sealed_v28_recovery_preserves_exact_v27_and_v26_payloads (tests.test_photo_appearance_boundary_history.AppearanceFixtureRecoveryTests.test_sealed_v28_recovery_preserves_exact_v27_and_v26_payloads)
----------------------------------------------------------------------
Traceback (most recent call last):
  File "/Users/chasoik/.codex/worktrees/photo-p1-baseline-20261007/image-prompt/tests/test_photo_appearance_boundary_history.py", line 132, in setUp
    source = (fixtures.v29_source_path(str(name))
              ~~~~~~~~~~~~~~~~~~~~~~~~^^^^^^^^^^^
  File "/Users/chasoik/.codex/worktrees/photo-p1-baseline-20261007/image-prompt/tests/photo_prompt_fixtures.py", line 1759, in v29_source_path
    current = (_v34_scope_support(source_root).previous_path(source_root, name)
               ~~~~~~~~~~~~~~~~~~~~~~~~~~~~~~~~~~~~~~~~~~~~~^^^^^^^^^^^^^^^^^^^
  File "/Users/chasoik/.codex/worktrees/photo-p1-baseline-20261007/image-prompt/tests/photo_ethereal_history_v35.py", line 69, in previous_path
    if digest(current)!=proof['source_files_after'][name] or path.stat().st_mode&0o7777!=int(row['mode'][-3:],8):raise AssertionError('Frozen V35 retained live source payload or mode drift: '+name)
                                                                                                                 ^^^^^^^^^^^^^^^^^^^^^^^^^^^^^^^^^^^^^^^^^^^^^^^^^^^^^^^^^^^^^^^^^^^^^^^^^^^^^^^^^^^^
AssertionError: Frozen V35 retained live source payload or mode drift: skills/photo-prompt-image-generator/assets/photo_prompt_visual_profile_index.json

======================================================================
FAIL: test_v27_index_rollback_cannot_bypass_v28_live_source_binding (tests.test_photo_appearance_boundary_history.AppearanceFixtureRecoveryTests.test_v27_index_rollback_cannot_bypass_v28_live_source_binding)
----------------------------------------------------------------------
Traceback (most recent call last):
  File "/Users/chasoik/.codex/worktrees/photo-p1-baseline-20261007/image-prompt/tests/test_photo_appearance_boundary_history.py", line 132, in setUp
    source = (fixtures.v29_source_path(str(name))
              ~~~~~~~~~~~~~~~~~~~~~~~~^^^^^^^^^^^
  File "/Users/chasoik/.codex/worktrees/photo-p1-baseline-20261007/image-prompt/tests/photo_prompt_fixtures.py", line 1759, in v29_source_path
    current = (_v34_scope_support(source_root).previous_path(source_root, name)
               ~~~~~~~~~~~~~~~~~~~~~~~~~~~~~~~~~~~~~~~~~~~~~^^^^^^^^^^^^^^^^^^^
  File "/Users/chasoik/.codex/worktrees/photo-p1-baseline-20261007/image-prompt/tests/photo_ethereal_history_v35.py", line 69, in previous_path
    if digest(current)!=proof['source_files_after'][name] or path.stat().st_mode&0o7777!=int(row['mode'][-3:],8):raise AssertionError('Frozen V35 retained live source payload or mode drift: '+name)
                                                                                                                 ^^^^^^^^^^^^^^^^^^^^^^^^^^^^^^^^^^^^^^^^^^^^^^^^^^^^^^^^^^^^^^^^^^^^^^^^^^^^^^^^^^^^
AssertionError: Frozen V35 retained live source payload or mode drift: skills/photo-prompt-image-generator/assets/photo_prompt_visual_profile_index.json

======================================================================
FAIL: test_v27_materialization_rejects_missing_or_rehashed_manifest_before_writing (tests.test_photo_appearance_boundary_history.AppearanceFixtureRecoveryTests.test_v27_materialization_rejects_missing_or_rehashed_manifest_before_writing)
----------------------------------------------------------------------
Traceback (most recent call last):
  File "/Users/chasoik/.codex/worktrees/photo-p1-baseline-20261007/image-prompt/tests/test_photo_appearance_boundary_history.py", line 132, in setUp
    source = (fixtures.v29_source_path(str(name))
              ~~~~~~~~~~~~~~~~~~~~~~~~^^^^^^^^^^^
  File "/Users/chasoik/.codex/worktrees/photo-p1-baseline-20261007/image-prompt/tests/photo_prompt_fixtures.py", line 1759, in v29_source_path
    current = (_v34_scope_support(source_root).previous_path(source_root, name)
               ~~~~~~~~~~~~~~~~~~~~~~~~~~~~~~~~~~~~~~~~~~~~~^^^^^^^^^^^^^^^^^^^
  File "/Users/chasoik/.codex/worktrees/photo-p1-baseline-20261007/image-prompt/tests/photo_ethereal_history_v35.py", line 69, in previous_path
    if digest(current)!=proof['source_files_after'][name] or path.stat().st_mode&0o7777!=int(row['mode'][-3:],8):raise AssertionError('Frozen V35 retained live source payload or mode drift: '+name)
                                                                                                                 ^^^^^^^^^^^^^^^^^^^^^^^^^^^^^^^^^^^^^^^^^^^^^^^^^^^^^^^^^^^^^^^^^^^^^^^^^^^^^^^^^^^^
AssertionError: Frozen V35 retained live source payload or mode drift: skills/photo-prompt-image-generator/assets/photo_prompt_visual_profile_index.json

======================================================================
FAIL: test_three_arm_pixel_cases_are_hash_bound_independent_and_fail_closed (tests.test_photo_poverty_visual_semantics.PhotoPovertyVisualSemanticsTests.test_three_arm_pixel_cases_are_hash_bound_independent_and_fail_closed) (arm_id='arm-a-energy')
----------------------------------------------------------------------
Traceback (most recent call last):
  File "/Users/chasoik/.codex/worktrees/photo-p1-baseline-20261007/image-prompt/tests/test_photo_poverty_visual_semantics.py", line 385, in test_three_arm_pixel_cases_are_hash_bound_independent_and_fail_closed
    self.assertTrue(result_path.is_file())
    ~~~~~~~~~~~~~~~^^^^^^^^^^^^^^^^^^^^^^^
AssertionError: False is not true

======================================================================
FAIL: test_three_arm_pixel_cases_are_hash_bound_independent_and_fail_closed (tests.test_photo_poverty_visual_semantics.PhotoPovertyVisualSemanticsTests.test_three_arm_pixel_cases_are_hash_bound_independent_and_fail_closed) (arm_id='arm-b-working-income')
----------------------------------------------------------------------
Traceback (most recent call last):
  File "/Users/chasoik/.codex/worktrees/photo-p1-baseline-20261007/image-prompt/tests/test_photo_poverty_visual_semantics.py", line 385, in test_three_arm_pixel_cases_are_hash_bound_independent_and_fail_closed
    self.assertTrue(result_path.is_file())
    ~~~~~~~~~~~~~~~^^^^^^^^^^^^^^^^^^^^^^^
AssertionError: False is not true

======================================================================
FAIL: test_three_arm_pixel_cases_are_hash_bound_independent_and_fail_closed (tests.test_photo_poverty_visual_semantics.PhotoPovertyVisualSemanticsTests.test_three_arm_pixel_cases_are_hash_bound_independent_and_fail_closed) (arm_id='arm-c-transport')
----------------------------------------------------------------------
Traceback (most recent call last):
  File "/Users/chasoik/.codex/worktrees/photo-p1-baseline-20261007/image-prompt/tests/test_photo_poverty_visual_semantics.py", line 385, in test_three_arm_pixel_cases_are_hash_bound_independent_and_fail_closed
    self.assertTrue(result_path.is_file())
    ~~~~~~~~~~~~~~~^^^^^^^^^^^^^^^^^^^^^^^
AssertionError: False is not true

======================================================================
FAIL: test_complete_merged_state_and_twenty_one_keeps_remain_exact (tests.test_photo_liminal_active_use_korean_data_cleanup.LiminalActiveUseKoreanDataCleanupTests.test_complete_merged_state_and_twenty_one_keeps_remain_exact)
----------------------------------------------------------------------
Traceback (most recent call last):
  File "/Users/chasoik/.codex/worktrees/photo-p1-baseline-20261007/image-prompt/tests/test_photo_liminal_active_use_korean_data_cleanup.py", line 143, in test_complete_merged_state_and_twenty_one_keeps_remain_exact
    self.assertEqual(current_keys - set(original_rows), new_keys)
    ~~~~~~~~~~~~~~~~^^^^^^^^^^^^^^^^^^^^^^^^^^^^^^^^^^^^^^^^^^^^^
AssertionError: Items in the first set but not the second:
('location', 'hr_hotel_connecting_door')
('surface_material', 'water_w162')
('prop_direction', 'hr_forbidden_knowledge_context')
('lens', 'hr_wide_close_distance')
('ambient_particle', 'hr_haze_light_volume')
('prop', 'water_w172')
('subject', 'water_w098')
('appearance_type', 'hr_faceless_smooth_plane')
('surface_material', 'pal_app_emerald_black_gold')
('anatomical_connection', 'hr_grotesque_hybrid_joint')
('location', 'water_w129')
('prop_direction', 'hr_talisman_bridge_seam')
('texture', 'water_w030')
('aftermath_trace', 'water_w119')
('surface_material', 'water_w177')
('aftermath_trace', 'water_w116')
('space_condition', 'hr_claustrophobic_body_clearance')
('location', 'water_w078')
('color', 'hr_palette_candle_cold_exterior')
('aftermath_trace', 'hr_gore_localized_tissue')
('subject', 'water_w040')
('composition', 'hr_forest_occluded_depth')
('ambient_particle', 'water_w171')
('light_direction', 'hr_toplight_orbital_shadow')
('texture', 'water_w026')
('prop', 'hr_warning_rule_visual_context')
('motion', 'water_w169')
('body_pose', 'water_w152')
('prop', 'hr_diary_present_record')
('location', 'water_w061')
('proxemics', 'hr_erotic_horror_attraction_threat')
('caption_context', 'hr_mockumentary_evidence_display')
('color', 'pal_app_rose_quartz_serenity')
('location', 'water_w094')
('location', 'hr_hospital_protection_gap')
('lighting', 'pal_app_cyan_magenta_dark_light')
('aftermath_trace', 'hr_dust_removed_silhouette')
('relational_action', 'hr_exorcism_contested_threshold')
('anatomical_connection', 'hr_dismemberment_separation')
('location', 'hr_basement_single_stair')
('camera_height', 'water_w191')
('surface_material', 'pal_app_whiteporcelain_cobalt')
('relational_action', 'hr_folk_horror_collective_boundary')
('relational_action', 'hr_taboo_crossing_boundary')
('wardrobe_style', 'hr_shroud_floor_drag')
('location', 'water_w070')
('subject', 'hr_zombie_reanimated_body')
('action', 'water_w032')
('subject', 'hr_revenant_corporeal_return')
('surface_material', 'water_w120')
('hair_style', 'hr_wet_hair_skin_contact')
('prop_direction', 'hr_ritual_boundary_crossing')
('situation_context', 'hr_eerie_expected_absence')
('skin_condition', 'hr_pallor_local_color')
('body_pose', 'water_w008')
('lighting', 'water_w054')
('color', 'pal_app_warm_white_oatmeal')
('subject', 'water_w108')
('reflection_logic', 'hr_pool_submerged_presence')
('lighting', 'pal_app_blue_amber_mixed_light')
('action', 'water_w023')
('composition', 'water_w050')
('subject', 'water_w183')
('anatomical_connection', 'hr_werewolf_transition')
('surface_material', 'pal_app_aqua_white_silver')
('location', 'hr_corridor_repeating_bay')
('surface_material', 'hr_abject_boundary_failure')
('location', 'hr_well_depth_boundary')
('aftermath_trace', 'hr_creature_ecological_trace')
('surface_material', 'water_w017')
('anatomical_connection', 'hr_body_horror_uncontrolled_change')
('surface_material', 'pal_app_aubergine_old_gold')
('aftermath_trace', 'water_w121')
('hair_style', 'water_w157')
('color', 'pal_app_teal_orange_figure_ground')
('location', 'water_w060')
('color', 'pal_app_neutral_cobalt_accent')
('aftermath_trace', 'hr_ominous_local_sign')
('location', 'hr_industrial_processing_route')
('prop', 'hr_bell_displaced_clapper')
('reflection_logic', 'water_w047')
('surface_material', 'water_w056')
('apparatus_pov', 'hr_pov_declared_owner')
('aftermath_trace', 'hr_lingering_end_trace')
('texture', 'hr_fungal_boundary_spread')
('lighting', 'pal_app_red_navy_violet_noir_light')
('reflection_logic', 'hr_portrait_identity_discrepancy')
('subject', 'water_w126')
('color_grading', 'pal_app_achromatic_single_red')
('color', 'hr_palette_metal_monochrome')
('gaze_target', 'hr_offscreen_reaction_vector')
('prop', 'hr_automaton_drive_trace')
('action', 'water_w035')
('location', 'water_w075')
('lighting', 'hr_silhouette_background_relation')
('situation_context', 'hr_morgue_inventory_mismatch')
('location', 'hr_tunnel_two_exit_limits')
('capture_context', 'hr_found_footage_record_boundary')
('location', 'water_w128')
('color', 'pal_app_blush_rose_wine')
('subject', 'water_w083')
('relational_action', 'hr_seance_shared_focus')
('location', 'hr_school_schedule_absence')
('color', 'hr_palette_daylight_ritual')
('action', 'water_w062')
('location', 'water_w068')
('situation_context', 'hr_horror_comedy_task_contrast')
('contact_point', 'hr_restraint_escape_geometry')
('texture', 'pal_app_green_red_ribbon')
('frame_anchor_medium', 'hr_screenlife_interface_relation')
('texture', 'water_w028')
('garment_detail', 'water_w159')
('reflection_logic', 'hr_reflection_pose_disagreement')
('location', 'water_w071')
('location', 'water_w076')
('surface_material', 'water_w045')
('aftermath_trace', 'hr_haunting_place_residue')
('skin_finish', 'hr_waxy_skin_surface')
('prop', 'hr_macabre_memorial_presence')
('body_pose', 'water_w145')
('color_grading', 'water_w053')
('surreal_physics_detail', 'hr_smoke_bounded_deflection')
('texture', 'pal_app_beige_grid_red_line')
('atmosphere', 'hr_ground_fog_low_band')
('surface_material', 'water_w007')
('texture', 'water_w019')
('color', 'hr_palette_neon_opposed_sources')
('lighting', 'pal_app_yellow_black_cyan_industrial')
('action', 'water_w147')
('color', 'hr_palette_faded_record')
('surreal_physics_detail', 'hr_poltergeist_object_displacement')
('scale_relation', 'hr_sublime_scale_limit')
('subject', 'water_w179')
('surface_material', 'pal_app_ice_white_platinum')
('prop', 'water_w138')
('relational_action', 'hr_vampiric_seduction_dual_signal')
('surface_material', 'pal_app_black_antique_gold_ivory')
('aftermath_trace', 'hr_body_trace_wrong_location')
('light_shape', 'water_w049')
('location', 'water_w175')
('surreal_physics_detail', 'hr_cosmic_incompatible_scale')
('location', 'hr_stairwell_hidden_landing')
('weather', 'hr_fog_distance_occlusion')
('relational_action', 'hr_summoning_center_intrusion')
('concept_tension', 'hr_curse_object_consequence')
('garment_detail', 'water_w161')
('subject', 'water_w104')
('weather', 'water_w015')
('skin_condition', 'hr_putrefaction_material_state')
('surface_material', 'water_w004')
('aftermath_trace', 'water_w022')
('subject', 'hr_mannequin_population_difference')
('location', 'water_w067')
('surreal_physics_detail', 'hr_disorientation_route_conflict')
('hair_style', 'water_w156')
('prop_direction', 'hr_sealing_bounded_breach')
('color', 'pal_app_ivory_mushroom_olive')
('lens_artifact', 'water_w052')
('texture', 'pal_app_navy_white_red_marine')
('location', 'water_w002')
('texture', 'hr_corrosion_used_touch_zone')
('weather', 'hr_rain_window_cutoff')
('surface_material', 'water_w014')
('anatomical_connection', 'hr_decapitation_head_body')
('surreal_physics_detail', 'hr_body_melt_support_loss')
('relational_action', 'hr_slasher_pursuit_corridor')
('color', 'pal_app_tomato_basil_mozzarella')
('location', 'water_w064')
('composition', 'hr_incomplete_witness_fragment')
('subject', 'water_w106')
('fetish_styling', 'hr_fetish_material_owner')
('texture', 'water_w033')
('expression', 'hr_mouth_eye_affect_split')
('surreal_physics_detail', 'hr_supernatural_coherent_breach')
('action', 'water_w034')
('relational_action', 'hr_occult_directed_ritual')
('reflection_logic', 'hr_psychological_record_conflict')
('surreal_physics_detail', 'hr_surreal_one_rule_violation')
('location', 'hr_flooded_depth_uncertainty')
('wearable_accessory', 'water_w146')
('prop', 'water_w044')
('color', 'hr_palette_underwater_depth')
('face_shape_relation', 'hr_displaced_features')
('reflection_logic', 'hr_uncanny_familiar_discrepancy')
('surface_material', 'water_w117')
('subject', 'water_w111')
('capture_context', 'hr_grand_guignol_stage_artifice')
('aftermath_trace', 'hr_splatter_visible_aftermath')
('aftermath_trace', 'hr_snow_track_terminal')
('location', 'hr_sealed_habitat_external_limit')
('color', 'hr_palette_single_crimson')
('wearable_accessory', 'water_w144')
('surface_material', 'water_w005')
('reflection_logic', 'hr_shadow_independent_pose')
('composition', 'hr_suspense_information_gap')
('color', 'hr_palette_moon_ink')
('concept_tension', 'hr_dream_waking_object_match')
('color', 'pal_app_camel_chocolate_cream')
('color', 'pal_app_cobalt_white_terracotta')
('situation_context', 'hr_religious_protection_breach')
('subject', 'hr_tsukumogami_tool_agency')
('surface_material', 'pal_app_black_signal_orange_silver')
('ambient_particle', 'water_w024')
('anatomical_connection', 'hr_parasite_host_junction')
('subject', 'water_w182')
('ambient_particle', 'water_w090')
('color', 'pal_app_black_oxblood_bone')
('texture', 'water_w188')
('relational_action', 'hr_doppelganger_pair_divergence')
('location', 'water_w141')
('subject', 'water_w107')
('prop_direction', 'hr_mask_face_layer')
('prop', 'hr_wreath_fresh_decay_contrast')
('composition', 'hr_giallo_partial_witness')
('texture', 'hr_damp_material_consistency')
('subject', 'water_w088')
('color', 'hr_palette_display_limited')
('lighting', 'hr_chiaroscuro_shape')
('surreal_physics_detail', 'hr_false_escape_repeated_marker')
('subject', 'hr_dokkaebi_object_origin')
('body_pose', 'hr_jiangshi_rigid_pose')
('color', 'pal_app_espresso_cobalt_cream')
('eye_detail', 'hr_blackened_sclera')
('texture', 'water_w048')
('color', 'pal_app_chocolate_caramel_cream')
('composition', 'water_w190')
('color', 'hr_palette_clean_cold_room')
('lighting', 'water_w192')
('prop', 'water_w151')
('texture', 'glass_near_contact_reflected_fringes')
('ambient_particle', 'water_w027')
('lens_artifact', 'hr_localized_unstable_outline')
('color_grading', 'pal_app_green_dark_global_tint')
('surface_material', 'water_w006')
('action', 'water_w025')
('subject', 'water_w093')
('composition', 'hr_dread_held_exit')
('composition', 'hr_laboratory_observation_barrier')
('subject', 'water_w091')
('texture', 'water_w042')
('subject', 'water_w092')
('lighting', 'hr_daylight_exposed_threat')
('surface_material', 'pal_app_celadon_graywhite_ink')
('surface_material', 'pal_app_rust_ink_dirtycream')
('location', 'water_w131')
('texture', 'water_w031')
('surreal_physics_detail', 'hr_still_air_single_cloth')
('surface_material', 'water_w043')
('frame_anchor_medium', 'hr_analog_broadcast_intrusion')
('color', 'pal_app_lavender_blue_coral_gradient')
('location', 'water_w089')
('location', 'water_w122')
('composition', 'hr_dramatic_irony_unseen_back')
('surface_material', 'water_w020')
('subject', 'water_w105')
('species_marker', 'hr_gumiho_mimicry_boundary')
('prop', 'hr_roster_countable_gap')
('gaze_target', 'hr_doll_gaze_relation')
('eye_detail', 'hr_clouded_iris_surface')
('lighting', 'water_w051')
('color', 'pal_app_electric_blue_lime')
('proxemics', 'hr_psychosexual_competing_attention')
('body_orientation', 'hr_possession_agency_split')
('face_shape_relation', 'hr_sunken_eye_socket')
('subject', 'water_w103')
('light_shape', 'water_w046')
('viewer_position', 'hr_voyeuristic_occluded_view')
('frame_anchor_medium', 'hr_recording_local_discrepancy')
('concept_tension', 'hr_safe_boundary_failure')
('location', 'water_w069')
('location', 'water_w057')
('location', 'water_w065')
('location', 'hr_mansion_inherited_barrier')
('concept_tension', 'hr_gothic_past_present')
('subject', 'water_w100')
('lighting', 'pal_app_dark_phosphor_green')
('color', 'hr_palette_flesh_steel')
('expression', 'hr_extended_smile_geometry')
('body_pose', 'hr_levitation_clearance')
('light_direction', 'hr_underlight_face_planes')
('surface_material', 'pal_app_silver_iceblue_white_chrome')
('prop', 'water_w139')
('expression', 'hr_kuchisake_mask_reveal')
('location', 'water_w081')
('ambient_particle', 'water_w018')
('reflection_logic', 'hr_elevator_presence_comparison')
('surface_material', 'pal_app_navy_brass_cream')
('location', 'water_w077')
('location', 'water_w080')
('location', 'water_w166')
('texture', 'pal_app_primary_color_orthogonal_grid')
('aftermath_trace', 'hr_stale_air_recent_trace')
('motion', 'water_w036')
('subject', 'water_w101')
('color', 'hr_palette_mold_ward')
('transition_stage', 'hr_metamorphosis_transition_band')
('texture', 'hr_wax_elapsed_material')
('surreal_physics_detail', 'hr_translucent_body_occlusion')
('action', 'water_w021')
('subject', 'water_w096')
('wearable_accessory', 'water_w150')
('composition', 'hr_terror_anticipation')
('prop', 'hr_cemetery_name_absence')
('anatomical_connection', 'hr_bodily_fusion_shared_junction')
('location', 'hr_attic_hidden_volume')
('time_of_day', 'hr_twilight_detail_threshold')
('species_marker', 'hr_vampire_identity_variant')
('lighting', 'water_w055')
('composition', 'hr_foreground_occluded_view')
('surface_material', 'pal_app_ivory_champagne_gold')

======================================================================
FAIL: test_historical_merged_state_and_current_eleven_keeps_are_exact (tests.test_photo_shelf_return_korean_state_data_cleanup.ShelfReturnKoreanStateDataCleanupTests.test_historical_merged_state_and_current_eleven_keeps_are_exact)
----------------------------------------------------------------------
Traceback (most recent call last):
  File "/Users/chasoik/.codex/worktrees/photo-p1-baseline-20261007/image-prompt/tests/test_photo_shelf_return_korean_state_data_cleanup.py", line 121, in test_historical_merged_state_and_current_eleven_keeps_are_exact
    self.assertEqual(fixtures.bundle_meanings(fixtures.seduction_historical_bundles(current_historical)),
    ~~~~~~~~~~~~~~~~^^^^^^^^^^^^^^^^^^^^^^^^^^^^^^^^^^^^^^^^^^^^^^^^^^^^^^^^^^^^^^^^^^^^^^^^^^^^^^^^^^^^^
                     fixtures.bundle_meanings(historical_bundles))
                     ^^^^^^^^^^^^^^^^^^^^^^^^^^^^^^^^^^^^^^^^^^^^^
AssertionError: Lists differ: [{'id[532808 chars]인', '초점 영역의 채도가 주변만큼 높아져 채도 차이가 사라짐'], 'relati[703605 chars]ly'}] != [{'id[532808 chars]인', '배경도 함께 선명해짐'], 'relations': [], 'adoption[703586 chars]ly'}]

First differing element 307:
{'id'[817 chars]인', '초점 영역의 채도가 주변만큼 높아져 채도 차이가 사라짐'], 'relati[87 chars]nly'}
{'id'[817 chars]인', '배경도 함께 선명해짐'], 'relations': [], 'adoption[68 chars]nly'}

Diff is 2223582 characters long. Set self.maxDiff to None to see it.

----------------------------------------------------------------------
Ran 13 tests in 152.462s

FAILED (failures=12, errors=11)

=== baseline-extra ===
test_historical_merged_state_and_current_nineteen_keeps_are_exact (tests.test_photo_protostar_korean_alias_data_cleanup.ProtostarKoreanAliasDataCleanupTests.test_historical_merged_state_and_current_nineteen_keeps_are_exact) ... FAIL
test_original_v34_assertions_replay_without_revision (tests.test_photo_data_scope_v34_boundary_history.OriginalV34BoundaryReplayTests.test_original_v34_assertions_replay_without_revision) ... FAIL

======================================================================
FAIL: test_historical_merged_state_and_current_nineteen_keeps_are_exact (tests.test_photo_protostar_korean_alias_data_cleanup.ProtostarKoreanAliasDataCleanupTests.test_historical_merged_state_and_current_nineteen_keeps_are_exact)
----------------------------------------------------------------------
Traceback (most recent call last):
  File "/Users/chasoik/.codex/worktrees/photo-p1-baseline-20261007/image-prompt/tests/test_photo_protostar_korean_alias_data_cleanup.py", line 72, in test_historical_merged_state_and_current_nineteen_keeps_are_exact
    self.assertEqual(fixtures.bundle_meanings(fixtures.seduction_historical_bundles(self.current['candidate_bundles']), within=historical),
    ~~~~~~~~~~~~~~~~^^^^^^^^^^^^^^^^^^^^^^^^^^^^^^^^^^^^^^^^^^^^^^^^^^^^^^^^^^^^^^^^^^^^^^^^^^^^^^^^^^^^^^^^^^^^^^^^^^^^^^^^^^^^^^^^^^^^^^^
                     fixtures.bundle_meanings(historical))
                     ^^^^^^^^^^^^^^^^^^^^^^^^^^^^^^^^^^^^^
AssertionError: Lists differ: [{'id[532808 chars]인', '초점 영역의 채도가 주변만큼 높아져 채도 차이가 사라짐'], 'relati[703605 chars]ly'}] != [{'id[532808 chars]인', '배경도 함께 선명해짐'], 'relations': [], 'adoption[703586 chars]ly'}]

First differing element 307:
{'id'[817 chars]인', '초점 영역의 채도가 주변만큼 높아져 채도 차이가 사라짐'], 'relati[87 chars]nly'}
{'id'[817 chars]인', '배경도 함께 선명해짐'], 'relations': [], 'adoption[68 chars]nly'}

Diff is 2223582 characters long. Set self.maxDiff to None to see it.

======================================================================
FAIL: test_original_v34_assertions_replay_without_revision (tests.test_photo_data_scope_v34_boundary_history.OriginalV34BoundaryReplayTests.test_original_v34_assertions_replay_without_revision)
----------------------------------------------------------------------
Traceback (most recent call last):
  File "/Users/chasoik/.codex/worktrees/photo-p1-baseline-20261007/image-prompt/tests/test_photo_data_scope_v34_boundary_history.py", line 14, in test_original_v34_assertions_replay_without_revision
    history.materialize_original(tree,source_root=ROOT,link_verified=True)
    ~~~~~~~~~~~~~~~~~~~~~~~~~~~~^^^^^^^^^^^^^^^^^^^^^^^^^^^^^^^^^^^^^^^^^^
  File "/Users/chasoik/.codex/worktrees/photo-p1-baseline-20261007/image-prompt/tests/photo_ethereal_history_v35.py", line 92, in materialize_original
    for row in parent['members']:exact_payload(source_root,row)
                                 ~~~~~~~~~~~~~^^^^^^^^^^^^^^^^^
  File "/Users/chasoik/.codex/worktrees/photo-p1-baseline-20261007/image-prompt/tests/photo_ethereal_history_v35.py", line 47, in exact_payload
    if path.stat().st_mode&0o7777!=int(row['mode'][-3:],8) or len(raw)!=row['bytes'] or digest(raw)!=row['sha256'] or blob!=row['git_blob']:raise AssertionError('Frozen V35 original source payload or mode drift: '+row['path'])
                                                                                                                                            ^^^^^^^^^^^^^^^^^^^^^^^^^^^^^^^^^^^^^^^^^^^^^^^^^^^^^^^^^^^^^^^^^^^^^^^^^^^^^^^^^^^^^^
AssertionError: Frozen V35 original source payload or mode drift: skills/photo-prompt-image-generator/SKILL.md

----------------------------------------------------------------------
Ran 2 tests in 4.359s

FAILED (failures=2)

=== deterministic-baseline ===
test_all_six_archived_payloads_reject_bytes_mode_symlink_and_missing_file (tests.test_photo_appearance_boundary_history.AppearanceFixtureRecoveryTests.test_all_six_archived_payloads_reject_bytes_mode_symlink_and_missing_file) ... FAIL
test_historical_drift_cannot_use_an_untampered_live_successor (tests.test_photo_appearance_boundary_history.AppearanceFixtureRecoveryTests.test_historical_drift_cannot_use_an_untampered_live_successor) ... FAIL
test_live_drift_cannot_use_the_sealed_successor_recovery (tests.test_photo_appearance_boundary_history.AppearanceFixtureRecoveryTests.test_live_drift_cannot_use_the_sealed_successor_recovery) ... FAIL
test_recovery_requires_both_immutable_transition_manifests_and_proofs (tests.test_photo_appearance_boundary_history.AppearanceFixtureRecoveryTests.test_recovery_requires_both_immutable_transition_manifests_and_proofs) ... FAIL
test_sealed_v28_recovery_preserves_exact_v27_and_v26_payloads (tests.test_photo_appearance_boundary_history.AppearanceFixtureRecoveryTests.test_sealed_v28_recovery_preserves_exact_v27_and_v26_payloads) ... FAIL
test_v27_index_rollback_cannot_bypass_v28_live_source_binding (tests.test_photo_appearance_boundary_history.AppearanceFixtureRecoveryTests.test_v27_index_rollback_cannot_bypass_v28_live_source_binding) ... FAIL
test_v27_materialization_rejects_missing_or_rehashed_manifest_before_writing (tests.test_photo_appearance_boundary_history.AppearanceFixtureRecoveryTests.test_v27_materialization_rejects_missing_or_rehashed_manifest_before_writing) ... FAIL
test_complete_merged_state_and_twenty_one_keeps_remain_exact (tests.test_photo_liminal_active_use_korean_data_cleanup.LiminalActiveUseKoreanDataCleanupTests.test_complete_merged_state_and_twenty_one_keeps_remain_exact) ... FAIL
test_original_v34_assertions_replay_without_revision (tests.test_photo_data_scope_v34_boundary_history.OriginalV34BoundaryReplayTests.test_original_v34_assertions_replay_without_revision) ... FAIL
test_historical_merged_state_and_current_nineteen_keeps_are_exact (tests.test_photo_protostar_korean_alias_data_cleanup.ProtostarKoreanAliasDataCleanupTests.test_historical_merged_state_and_current_nineteen_keeps_are_exact) ... FAIL

======================================================================
FAIL: test_all_six_archived_payloads_reject_bytes_mode_symlink_and_missing_file (tests.test_photo_appearance_boundary_history.AppearanceFixtureRecoveryTests.test_all_six_archived_payloads_reject_bytes_mode_symlink_and_missing_file)
----------------------------------------------------------------------
Traceback (most recent call last):
  File "/Users/chasoik/.codex/worktrees/photo-p1-baseline-20261007/image-prompt/tests/test_photo_appearance_boundary_history.py", line 132, in setUp
    source = (fixtures.v29_source_path(str(name))
              ~~~~~~~~~~~~~~~~~~~~~~~~^^^^^^^^^^^
  File "/Users/chasoik/.codex/worktrees/photo-p1-baseline-20261007/image-prompt/tests/photo_prompt_fixtures.py", line 1759, in v29_source_path
    current = (_v34_scope_support(source_root).previous_path(source_root, name)
               ~~~~~~~~~~~~~~~~~~~~~~~~~~~~~~~~~~~~~~~~~~~~~^^^^^^^^^^^^^^^^^^^
  File "/Users/chasoik/.codex/worktrees/photo-p1-baseline-20261007/image-prompt/tests/photo_ethereal_history_v35.py", line 69, in previous_path
    if digest(current)!=proof['source_files_after'][name] or path.stat().st_mode&0o7777!=int(row['mode'][-3:],8):raise AssertionError('Frozen V35 retained live source payload or mode drift: '+name)
                                                                                                                 ^^^^^^^^^^^^^^^^^^^^^^^^^^^^^^^^^^^^^^^^^^^^^^^^^^^^^^^^^^^^^^^^^^^^^^^^^^^^^^^^^^^^
AssertionError: Frozen V35 retained live source payload or mode drift: skills/photo-prompt-image-generator/assets/photo_prompt_semantic_index.json

======================================================================
FAIL: test_historical_drift_cannot_use_an_untampered_live_successor (tests.test_photo_appearance_boundary_history.AppearanceFixtureRecoveryTests.test_historical_drift_cannot_use_an_untampered_live_successor)
----------------------------------------------------------------------
Traceback (most recent call last):
  File "/Users/chasoik/.codex/worktrees/photo-p1-baseline-20261007/image-prompt/tests/test_photo_appearance_boundary_history.py", line 132, in setUp
    source = (fixtures.v29_source_path(str(name))
              ~~~~~~~~~~~~~~~~~~~~~~~~^^^^^^^^^^^
  File "/Users/chasoik/.codex/worktrees/photo-p1-baseline-20261007/image-prompt/tests/photo_prompt_fixtures.py", line 1759, in v29_source_path
    current = (_v34_scope_support(source_root).previous_path(source_root, name)
               ~~~~~~~~~~~~~~~~~~~~~~~~~~~~~~~~~~~~~~~~~~~~~^^^^^^^^^^^^^^^^^^^
  File "/Users/chasoik/.codex/worktrees/photo-p1-baseline-20261007/image-prompt/tests/photo_ethereal_history_v35.py", line 69, in previous_path
    if digest(current)!=proof['source_files_after'][name] or path.stat().st_mode&0o7777!=int(row['mode'][-3:],8):raise AssertionError('Frozen V35 retained live source payload or mode drift: '+name)
                                                                                                                 ^^^^^^^^^^^^^^^^^^^^^^^^^^^^^^^^^^^^^^^^^^^^^^^^^^^^^^^^^^^^^^^^^^^^^^^^^^^^^^^^^^^^
AssertionError: Frozen V35 retained live source payload or mode drift: skills/photo-prompt-image-generator/assets/photo_prompt_semantic_index.json

======================================================================
FAIL: test_live_drift_cannot_use_the_sealed_successor_recovery (tests.test_photo_appearance_boundary_history.AppearanceFixtureRecoveryTests.test_live_drift_cannot_use_the_sealed_successor_recovery)
----------------------------------------------------------------------
Traceback (most recent call last):
  File "/Users/chasoik/.codex/worktrees/photo-p1-baseline-20261007/image-prompt/tests/test_photo_appearance_boundary_history.py", line 132, in setUp
    source = (fixtures.v29_source_path(str(name))
              ~~~~~~~~~~~~~~~~~~~~~~~~^^^^^^^^^^^
  File "/Users/chasoik/.codex/worktrees/photo-p1-baseline-20261007/image-prompt/tests/photo_prompt_fixtures.py", line 1759, in v29_source_path
    current = (_v34_scope_support(source_root).previous_path(source_root, name)
               ~~~~~~~~~~~~~~~~~~~~~~~~~~~~~~~~~~~~~~~~~~~~~^^^^^^^^^^^^^^^^^^^
  File "/Users/chasoik/.codex/worktrees/photo-p1-baseline-20261007/image-prompt/tests/photo_ethereal_history_v35.py", line 69, in previous_path
    if digest(current)!=proof['source_files_after'][name] or path.stat().st_mode&0o7777!=int(row['mode'][-3:],8):raise AssertionError('Frozen V35 retained live source payload or mode drift: '+name)
                                                                                                                 ^^^^^^^^^^^^^^^^^^^^^^^^^^^^^^^^^^^^^^^^^^^^^^^^^^^^^^^^^^^^^^^^^^^^^^^^^^^^^^^^^^^^
AssertionError: Frozen V35 retained live source payload or mode drift: skills/photo-prompt-image-generator/assets/photo_prompt_semantic_index.json

======================================================================
FAIL: test_recovery_requires_both_immutable_transition_manifests_and_proofs (tests.test_photo_appearance_boundary_history.AppearanceFixtureRecoveryTests.test_recovery_requires_both_immutable_transition_manifests_and_proofs)
----------------------------------------------------------------------
Traceback (most recent call last):
  File "/Users/chasoik/.codex/worktrees/photo-p1-baseline-20261007/image-prompt/tests/test_photo_appearance_boundary_history.py", line 132, in setUp
    source = (fixtures.v29_source_path(str(name))
              ~~~~~~~~~~~~~~~~~~~~~~~~^^^^^^^^^^^
  File "/Users/chasoik/.codex/worktrees/photo-p1-baseline-20261007/image-prompt/tests/photo_prompt_fixtures.py", line 1759, in v29_source_path
    current = (_v34_scope_support(source_root).previous_path(source_root, name)
               ~~~~~~~~~~~~~~~~~~~~~~~~~~~~~~~~~~~~~~~~~~~~~^^^^^^^^^^^^^^^^^^^
  File "/Users/chasoik/.codex/worktrees/photo-p1-baseline-20261007/image-prompt/tests/photo_ethereal_history_v35.py", line 69, in previous_path
    if digest(current)!=proof['source_files_after'][name] or path.stat().st_mode&0o7777!=int(row['mode'][-3:],8):raise AssertionError('Frozen V35 retained live source payload or mode drift: '+name)
                                                                                                                 ^^^^^^^^^^^^^^^^^^^^^^^^^^^^^^^^^^^^^^^^^^^^^^^^^^^^^^^^^^^^^^^^^^^^^^^^^^^^^^^^^^^^
AssertionError: Frozen V35 retained live source payload or mode drift: skills/photo-prompt-image-generator/assets/photo_prompt_semantic_index.json

======================================================================
FAIL: test_sealed_v28_recovery_preserves_exact_v27_and_v26_payloads (tests.test_photo_appearance_boundary_history.AppearanceFixtureRecoveryTests.test_sealed_v28_recovery_preserves_exact_v27_and_v26_payloads)
----------------------------------------------------------------------
Traceback (most recent call last):
  File "/Users/chasoik/.codex/worktrees/photo-p1-baseline-20261007/image-prompt/tests/test_photo_appearance_boundary_history.py", line 132, in setUp
    source = (fixtures.v29_source_path(str(name))
              ~~~~~~~~~~~~~~~~~~~~~~~~^^^^^^^^^^^
  File "/Users/chasoik/.codex/worktrees/photo-p1-baseline-20261007/image-prompt/tests/photo_prompt_fixtures.py", line 1759, in v29_source_path
    current = (_v34_scope_support(source_root).previous_path(source_root, name)
               ~~~~~~~~~~~~~~~~~~~~~~~~~~~~~~~~~~~~~~~~~~~~~^^^^^^^^^^^^^^^^^^^
  File "/Users/chasoik/.codex/worktrees/photo-p1-baseline-20261007/image-prompt/tests/photo_ethereal_history_v35.py", line 69, in previous_path
    if digest(current)!=proof['source_files_after'][name] or path.stat().st_mode&0o7777!=int(row['mode'][-3:],8):raise AssertionError('Frozen V35 retained live source payload or mode drift: '+name)
                                                                                                                 ^^^^^^^^^^^^^^^^^^^^^^^^^^^^^^^^^^^^^^^^^^^^^^^^^^^^^^^^^^^^^^^^^^^^^^^^^^^^^^^^^^^^
AssertionError: Frozen V35 retained live source payload or mode drift: skills/photo-prompt-image-generator/assets/photo_prompt_semantic_index.json

======================================================================
FAIL: test_v27_index_rollback_cannot_bypass_v28_live_source_binding (tests.test_photo_appearance_boundary_history.AppearanceFixtureRecoveryTests.test_v27_index_rollback_cannot_bypass_v28_live_source_binding)
----------------------------------------------------------------------
Traceback (most recent call last):
  File "/Users/chasoik/.codex/worktrees/photo-p1-baseline-20261007/image-prompt/tests/test_photo_appearance_boundary_history.py", line 132, in setUp
    source = (fixtures.v29_source_path(str(name))
              ~~~~~~~~~~~~~~~~~~~~~~~~^^^^^^^^^^^
  File "/Users/chasoik/.codex/worktrees/photo-p1-baseline-20261007/image-prompt/tests/photo_prompt_fixtures.py", line 1759, in v29_source_path
    current = (_v34_scope_support(source_root).previous_path(source_root, name)
               ~~~~~~~~~~~~~~~~~~~~~~~~~~~~~~~~~~~~~~~~~~~~~^^^^^^^^^^^^^^^^^^^
  File "/Users/chasoik/.codex/worktrees/photo-p1-baseline-20261007/image-prompt/tests/photo_ethereal_history_v35.py", line 69, in previous_path
    if digest(current)!=proof['source_files_after'][name] or path.stat().st_mode&0o7777!=int(row['mode'][-3:],8):raise AssertionError('Frozen V35 retained live source payload or mode drift: '+name)
                                                                                                                 ^^^^^^^^^^^^^^^^^^^^^^^^^^^^^^^^^^^^^^^^^^^^^^^^^^^^^^^^^^^^^^^^^^^^^^^^^^^^^^^^^^^^
AssertionError: Frozen V35 retained live source payload or mode drift: skills/photo-prompt-image-generator/assets/photo_prompt_semantic_index.json

======================================================================
FAIL: test_v27_materialization_rejects_missing_or_rehashed_manifest_before_writing (tests.test_photo_appearance_boundary_history.AppearanceFixtureRecoveryTests.test_v27_materialization_rejects_missing_or_rehashed_manifest_before_writing)
----------------------------------------------------------------------
Traceback (most recent call last):
  File "/Users/chasoik/.codex/worktrees/photo-p1-baseline-20261007/image-prompt/tests/test_photo_appearance_boundary_history.py", line 132, in setUp
    source = (fixtures.v29_source_path(str(name))
              ~~~~~~~~~~~~~~~~~~~~~~~~^^^^^^^^^^^
  File "/Users/chasoik/.codex/worktrees/photo-p1-baseline-20261007/image-prompt/tests/photo_prompt_fixtures.py", line 1759, in v29_source_path
    current = (_v34_scope_support(source_root).previous_path(source_root, name)
               ~~~~~~~~~~~~~~~~~~~~~~~~~~~~~~~~~~~~~~~~~~~~~^^^^^^^^^^^^^^^^^^^
  File "/Users/chasoik/.codex/worktrees/photo-p1-baseline-20261007/image-prompt/tests/photo_ethereal_history_v35.py", line 69, in previous_path
    if digest(current)!=proof['source_files_after'][name] or path.stat().st_mode&0o7777!=int(row['mode'][-3:],8):raise AssertionError('Frozen V35 retained live source payload or mode drift: '+name)
                                                                                                                 ^^^^^^^^^^^^^^^^^^^^^^^^^^^^^^^^^^^^^^^^^^^^^^^^^^^^^^^^^^^^^^^^^^^^^^^^^^^^^^^^^^^^
AssertionError: Frozen V35 retained live source payload or mode drift: skills/photo-prompt-image-generator/assets/photo_prompt_semantic_index.json

======================================================================
FAIL: test_complete_merged_state_and_twenty_one_keeps_remain_exact (tests.test_photo_liminal_active_use_korean_data_cleanup.LiminalActiveUseKoreanDataCleanupTests.test_complete_merged_state_and_twenty_one_keeps_remain_exact)
----------------------------------------------------------------------
Traceback (most recent call last):
  File "/Users/chasoik/.codex/worktrees/photo-p1-baseline-20261007/image-prompt/tests/test_photo_liminal_active_use_korean_data_cleanup.py", line 143, in test_complete_merged_state_and_twenty_one_keeps_remain_exact
    self.assertEqual(current_keys - set(original_rows), new_keys)
    ~~~~~~~~~~~~~~~~^^^^^^^^^^^^^^^^^^^^^^^^^^^^^^^^^^^^^^^^^^^^^
AssertionError: Items in the first set but not the second:
('subject', 'water_w088')
('subject', 'water_w091')
('surface_material', 'water_w120')
('species_marker', 'hr_vampire_identity_variant')
('surreal_physics_detail', 'hr_cosmic_incompatible_scale')
('lighting', 'pal_app_red_navy_violet_noir_light')
('composition', 'water_w050')
('color', 'hr_palette_display_limited')
('scale_relation', 'hr_sublime_scale_limit')
('location', 'water_w081')
('lighting', 'hr_chiaroscuro_shape')
('color', 'pal_app_teal_orange_figure_ground')
('location', 'water_w128')
('location', 'hr_basement_single_stair')
('light_direction', 'hr_toplight_orbital_shadow')
('composition', 'hr_foreground_occluded_view')
('wearable_accessory', 'water_w144')
('gaze_target', 'hr_offscreen_reaction_vector')
('prop', 'hr_bell_displaced_clapper')
('location', 'water_w002')
('color', 'hr_palette_neon_opposed_sources')
('lens_artifact', 'hr_localized_unstable_outline')
('surface_material', 'hr_abject_boundary_failure')
('location', 'hr_tunnel_two_exit_limits')
('weather', 'water_w015')
('subject', 'water_w105')
('location', 'hr_mansion_inherited_barrier')
('contact_point', 'hr_restraint_escape_geometry')
('transition_stage', 'hr_metamorphosis_transition_band')
('surface_material', 'water_w005')
('face_shape_relation', 'hr_displaced_features')
('viewer_position', 'hr_voyeuristic_occluded_view')
('subject', 'water_w183')
('surreal_physics_detail', 'hr_false_escape_repeated_marker')
('eye_detail', 'hr_clouded_iris_surface')
('prop', 'hr_automaton_drive_trace')
('subject', 'water_w106')
('ambient_particle', 'hr_haze_light_volume')
('texture', 'hr_corrosion_used_touch_zone')
('surface_material', 'water_w117')
('subject', 'water_w101')
('location', 'water_w175')
('situation_context', 'hr_religious_protection_breach')
('aftermath_trace', 'water_w116')
('surface_material', 'water_w007')
('anatomical_connection', 'hr_dismemberment_separation')
('hair_style', 'hr_wet_hair_skin_contact')
('lighting', 'pal_app_cyan_magenta_dark_light')
('prop', 'hr_cemetery_name_absence')
('aftermath_trace', 'water_w022')
('color', 'pal_app_electric_blue_lime')
('composition', 'hr_dramatic_irony_unseen_back')
('garment_detail', 'water_w161')
('aftermath_trace', 'water_w119')
('aftermath_trace', 'hr_creature_ecological_trace')
('location', 'water_w064')
('weather', 'hr_fog_distance_occlusion')
('subject', 'water_w104')
('reflection_logic', 'hr_uncanny_familiar_discrepancy')
('subject', 'water_w092')
('ambient_particle', 'water_w024')
('location', 'water_w067')
('location', 'water_w075')
('surface_material', 'water_w043')
('lens', 'hr_wide_close_distance')
('reflection_logic', 'hr_psychological_record_conflict')
('gaze_target', 'hr_doll_gaze_relation')
('texture', 'pal_app_navy_white_red_marine')
('location', 'hr_flooded_depth_uncertainty')
('surface_material', 'water_w056')
('subject', 'water_w103')
('prop', 'hr_roster_countable_gap')
('color_grading', 'water_w053')
('reflection_logic', 'hr_elevator_presence_comparison')
('texture', 'water_w188')
('subject', 'water_w182')
('situation_context', 'hr_horror_comedy_task_contrast')
('color', 'pal_app_neutral_cobalt_accent')
('surreal_physics_detail', 'hr_still_air_single_cloth')
('color', 'hr_palette_metal_monochrome')
('reflection_logic', 'water_w047')
('wearable_accessory', 'water_w150')
('body_pose', 'hr_levitation_clearance')
('aftermath_trace', 'hr_lingering_end_trace')
('relational_action', 'hr_exorcism_contested_threshold')
('composition', 'water_w190')
('caption_context', 'hr_mockumentary_evidence_display')
('body_pose', 'hr_jiangshi_rigid_pose')
('aftermath_trace', 'hr_splatter_visible_aftermath')
('prop', 'hr_warning_rule_visual_context')
('color', 'hr_palette_single_crimson')
('surface_material', 'pal_app_black_antique_gold_ivory')
('prop', 'hr_diary_present_record')
('frame_anchor_medium', 'hr_screenlife_interface_relation')
('expression', 'hr_extended_smile_geometry')
('texture', 'pal_app_beige_grid_red_line')
('capture_context', 'hr_grand_guignol_stage_artifice')
('surface_material', 'water_w017')
('aftermath_trace', 'hr_gore_localized_tissue')
('relational_action', 'hr_taboo_crossing_boundary')
('capture_context', 'hr_found_footage_record_boundary')
('composition', 'hr_laboratory_observation_barrier')
('action', 'water_w023')
('color', 'pal_app_tomato_basil_mozzarella')
('concept_tension', 'hr_safe_boundary_failure')
('surreal_physics_detail', 'hr_surreal_one_rule_violation')
('subject', 'water_w040')
('subject', 'water_w093')
('proxemics', 'hr_psychosexual_competing_attention')
('color', 'hr_palette_daylight_ritual')
('subject', 'water_w126')
('reflection_logic', 'hr_shadow_independent_pose')
('color', 'hr_palette_faded_record')
('ambient_particle', 'water_w018')
('prop', 'water_w172')
('surface_material', 'water_w020')
('light_direction', 'hr_underlight_face_planes')
('surreal_physics_detail', 'hr_smoke_bounded_deflection')
('composition', 'hr_suspense_information_gap')
('location', 'hr_hospital_protection_gap')
('color', 'pal_app_rose_quartz_serenity')
('ambient_particle', 'water_w171')
('surreal_physics_detail', 'hr_body_melt_support_loss')
('composition', 'hr_incomplete_witness_fragment')
('lighting', 'water_w055')
('anatomical_connection', 'hr_bodily_fusion_shared_junction')
('concept_tension', 'hr_gothic_past_present')
('relational_action', 'hr_vampiric_seduction_dual_signal')
('composition', 'hr_forest_occluded_depth')
('surface_material', 'pal_app_navy_brass_cream')
('surface_material', 'pal_app_celadon_graywhite_ink')
('surface_material', 'water_w014')
('location', 'water_w166')
('reflection_logic', 'hr_pool_submerged_presence')
('subject', 'water_w098')
('color_grading', 'pal_app_achromatic_single_red')
('face_shape_relation', 'hr_sunken_eye_socket')
('lighting', 'pal_app_yellow_black_cyan_industrial')
('action', 'water_w032')
('prop', 'hr_macabre_memorial_presence')
('lighting', 'pal_app_dark_phosphor_green')
('frame_anchor_medium', 'hr_recording_local_discrepancy')
('eye_detail', 'hr_blackened_sclera')
('prop', 'water_w151')
('prop_direction', 'hr_forbidden_knowledge_context')
('texture', 'water_w048')
('hair_style', 'water_w156')
('relational_action', 'hr_folk_horror_collective_boundary')
('texture', 'water_w042')
('surreal_physics_detail', 'hr_translucent_body_occlusion')
('concept_tension', 'hr_curse_object_consequence')
('location', 'hr_hotel_connecting_door')
('action', 'water_w021')
('proxemics', 'hr_erotic_horror_attraction_threat')
('prop_direction', 'hr_mask_face_layer')
('camera_height', 'water_w191')
('location', 'water_w141')
('surface_material', 'pal_app_aubergine_old_gold')
('location', 'hr_school_schedule_absence')
('subject', 'hr_revenant_corporeal_return')
('aftermath_trace', 'hr_snow_track_terminal')
('subject', 'water_w111')
('color', 'pal_app_camel_chocolate_cream')
('location', 'hr_corridor_repeating_bay')
('concept_tension', 'hr_dream_waking_object_match')
('texture', 'hr_wax_elapsed_material')
('subject', 'water_w100')
('action', 'water_w147')
('subject', 'hr_mannequin_population_difference')
('hair_style', 'water_w157')
('body_pose', 'water_w145')
('prop_direction', 'hr_talisman_bridge_seam')
('anatomical_connection', 'hr_werewolf_transition')
('location', 'water_w089')
('motion', 'water_w169')
('relational_action', 'hr_summoning_center_intrusion')
('surface_material', 'pal_app_aqua_white_silver')
('location', 'water_w078')
('subject', 'water_w083')
('color', 'pal_app_black_oxblood_bone')
('color', 'hr_palette_mold_ward')
('location', 'hr_stairwell_hidden_landing')
('color', 'hr_palette_flesh_steel')
('relational_action', 'hr_slasher_pursuit_corridor')
('location', 'water_w131')
('space_condition', 'hr_claustrophobic_body_clearance')
('light_shape', 'water_w049')
('color', 'pal_app_lavender_blue_coral_gradient')
('texture', 'water_w026')
('location', 'water_w077')
('surreal_physics_detail', 'hr_disorientation_route_conflict')
('reflection_logic', 'hr_reflection_pose_disagreement')
('location', 'water_w094')
('texture', 'glass_near_contact_reflected_fringes')
('ambient_particle', 'water_w027')
('lighting', 'water_w051')
('surface_material', 'water_w004')
('weather', 'hr_rain_window_cutoff')
('composition', 'hr_terror_anticipation')
('prop', 'hr_wreath_fresh_decay_contrast')
('prop', 'water_w139')
('prop_direction', 'hr_ritual_boundary_crossing')
('subject', 'hr_tsukumogami_tool_agency')
('location', 'water_w065')
('surface_material', 'pal_app_ice_white_platinum')
('location', 'water_w071')
('surface_material', 'pal_app_silver_iceblue_white_chrome')
('skin_condition', 'hr_pallor_local_color')
('surface_material', 'pal_app_black_signal_orange_silver')
('color', 'pal_app_ivory_mushroom_olive')
('subject', 'hr_zombie_reanimated_body')
('texture', 'water_w028')
('surface_material', 'water_w162')
('anatomical_connection', 'hr_parasite_host_junction')
('atmosphere', 'hr_ground_fog_low_band')
('surreal_physics_detail', 'hr_poltergeist_object_displacement')
('relational_action', 'hr_seance_shared_focus')
('color', 'pal_app_cobalt_white_terracotta')
('lighting', 'hr_daylight_exposed_threat')
('motion', 'water_w036')
('location', 'water_w069')
('location', 'hr_attic_hidden_volume')
('aftermath_trace', 'hr_haunting_place_residue')
('subject', 'water_w179')
('surface_material', 'water_w177')
('location', 'water_w129')
('lighting', 'pal_app_blue_amber_mixed_light')
('location', 'water_w080')
('surface_material', 'pal_app_ivory_champagne_gold')
('body_orientation', 'hr_possession_agency_split')
('location', 'hr_well_depth_boundary')
('light_shape', 'water_w046')
('aftermath_trace', 'hr_ominous_local_sign')
('color', 'hr_palette_underwater_depth')
('aftermath_trace', 'hr_dust_removed_silhouette')
('reflection_logic', 'hr_portrait_identity_discrepancy')
('relational_action', 'hr_doppelganger_pair_divergence')
('expression', 'hr_kuchisake_mask_reveal')
('prop_direction', 'hr_sealing_bounded_breach')
('anatomical_connection', 'hr_grotesque_hybrid_joint')
('action', 'water_w034')
('location', 'water_w060')
('location', 'hr_sealed_habitat_external_limit')
('texture', 'pal_app_green_red_ribbon')
('location', 'water_w057')
('ambient_particle', 'water_w090')
('action', 'water_w062')
('relational_action', 'hr_occult_directed_ritual')
('fetish_styling', 'hr_fetish_material_owner')
('composition', 'hr_giallo_partial_witness')
('color', 'pal_app_chocolate_caramel_cream')
('texture', 'water_w030')
('time_of_day', 'hr_twilight_detail_threshold')
('location', 'water_w122')
('aftermath_trace', 'water_w121')
('surface_material', 'pal_app_whiteporcelain_cobalt')
('skin_condition', 'hr_putrefaction_material_state')
('texture', 'hr_fungal_boundary_spread')
('action', 'water_w025')
('frame_anchor_medium', 'hr_analog_broadcast_intrusion')
('color', 'hr_palette_clean_cold_room')
('composition', 'hr_dread_held_exit')
('location', 'water_w076')
('surreal_physics_detail', 'hr_supernatural_coherent_breach')
('subject', 'water_w096')
('skin_finish', 'hr_waxy_skin_surface')
('subject', 'water_w107')
('anatomical_connection', 'hr_decapitation_head_body')
('aftermath_trace', 'hr_stale_air_recent_trace')
('apparatus_pov', 'hr_pov_declared_owner')
('appearance_type', 'hr_faceless_smooth_plane')
('texture', 'hr_damp_material_consistency')
('situation_context', 'hr_morgue_inventory_mismatch')
('color', 'hr_palette_candle_cold_exterior')
('texture', 'water_w019')
('lighting', 'hr_silhouette_background_relation')
('lens_artifact', 'water_w052')
('lighting', 'water_w192')
('texture', 'pal_app_primary_color_orthogonal_grid')
('location', 'water_w068')
('color_grading', 'pal_app_green_dark_global_tint')
('location', 'hr_industrial_processing_route')
('subject', 'hr_dokkaebi_object_origin')
('aftermath_trace', 'hr_body_trace_wrong_location')
('anatomical_connection', 'hr_body_horror_uncontrolled_change')
('body_pose', 'water_w008')
('surface_material', 'water_w006')
('expression', 'hr_mouth_eye_affect_split')
('surface_material', 'pal_app_rust_ink_dirtycream')
('texture', 'water_w031')
('surface_material', 'pal_app_emerald_black_gold')
('action', 'water_w035')
('body_pose', 'water_w152')
('wearable_accessory', 'water_w146')
('color', 'hr_palette_moon_ink')
('color', 'pal_app_warm_white_oatmeal')
('color', 'pal_app_espresso_cobalt_cream')
('texture', 'water_w033')
('species_marker', 'hr_gumiho_mimicry_boundary')
('location', 'water_w061')
('subject', 'water_w108')
('wardrobe_style', 'hr_shroud_floor_drag')
('location', 'water_w070')
('lighting', 'water_w054')
('prop', 'water_w044')
('situation_context', 'hr_eerie_expected_absence')
('color', 'pal_app_blush_rose_wine')
('garment_detail', 'water_w159')
('surface_material', 'water_w045')
('prop', 'water_w138')

======================================================================
FAIL: test_original_v34_assertions_replay_without_revision (tests.test_photo_data_scope_v34_boundary_history.OriginalV34BoundaryReplayTests.test_original_v34_assertions_replay_without_revision)
----------------------------------------------------------------------
Traceback (most recent call last):
  File "/Users/chasoik/.codex/worktrees/photo-p1-baseline-20261007/image-prompt/tests/test_photo_data_scope_v34_boundary_history.py", line 14, in test_original_v34_assertions_replay_without_revision
    history.materialize_original(tree,source_root=ROOT,link_verified=True)
    ~~~~~~~~~~~~~~~~~~~~~~~~~~~~^^^^^^^^^^^^^^^^^^^^^^^^^^^^^^^^^^^^^^^^^^
  File "/Users/chasoik/.codex/worktrees/photo-p1-baseline-20261007/image-prompt/tests/photo_ethereal_history_v35.py", line 92, in materialize_original
    for row in parent['members']:exact_payload(source_root,row)
                                 ~~~~~~~~~~~~~^^^^^^^^^^^^^^^^^
  File "/Users/chasoik/.codex/worktrees/photo-p1-baseline-20261007/image-prompt/tests/photo_ethereal_history_v35.py", line 47, in exact_payload
    if path.stat().st_mode&0o7777!=int(row['mode'][-3:],8) or len(raw)!=row['bytes'] or digest(raw)!=row['sha256'] or blob!=row['git_blob']:raise AssertionError('Frozen V35 original source payload or mode drift: '+row['path'])
                                                                                                                                            ^^^^^^^^^^^^^^^^^^^^^^^^^^^^^^^^^^^^^^^^^^^^^^^^^^^^^^^^^^^^^^^^^^^^^^^^^^^^^^^^^^^^^^
AssertionError: Frozen V35 original source payload or mode drift: skills/photo-prompt-image-generator/SKILL.md

======================================================================
FAIL: test_historical_merged_state_and_current_nineteen_keeps_are_exact (tests.test_photo_protostar_korean_alias_data_cleanup.ProtostarKoreanAliasDataCleanupTests.test_historical_merged_state_and_current_nineteen_keeps_are_exact)
----------------------------------------------------------------------
Traceback (most recent call last):
  File "/Users/chasoik/.codex/worktrees/photo-p1-baseline-20261007/image-prompt/tests/test_photo_protostar_korean_alias_data_cleanup.py", line 72, in test_historical_merged_state_and_current_nineteen_keeps_are_exact
    self.assertEqual(fixtures.bundle_meanings(fixtures.seduction_historical_bundles(self.current['candidate_bundles']), within=historical),
    ~~~~~~~~~~~~~~~~^^^^^^^^^^^^^^^^^^^^^^^^^^^^^^^^^^^^^^^^^^^^^^^^^^^^^^^^^^^^^^^^^^^^^^^^^^^^^^^^^^^^^^^^^^^^^^^^^^^^^^^^^^^^^^^^^^^^^^^
                     fixtures.bundle_meanings(historical))
                     ^^^^^^^^^^^^^^^^^^^^^^^^^^^^^^^^^^^^^
AssertionError: Lists differ: [{'id[532808 chars]인', '초점 영역의 채도가 주변만큼 높아져 채도 차이가 사라짐'], 'relati[703605 chars]ly'}] != [{'id[532808 chars]인', '배경도 함께 선명해짐'], 'relations': [], 'adoption[703586 chars]ly'}]

First differing element 307:
{'id'[817 chars]인', '초점 영역의 채도가 주변만큼 높아져 채도 차이가 사라짐'], 'relati[87 chars]nly'}
{'id'[817 chars]인', '배경도 함께 선명해짐'], 'relations': [], 'adoption[68 chars]nly'}

Diff is 2223582 characters long. Set self.maxDiff to None to see it.

----------------------------------------------------------------------
Ran 10 tests in 9.407s

FAILED (failures=10)

=== baseline-final ===
test_historical_test_recovery_requires_the_declared_live_adapter (tests.test_photo_ethereal_v35_boundary_history.EtherealV35BoundaryTests.test_historical_test_recovery_requires_the_declared_live_adapter) ... FAIL
test_live_drift_cannot_use_valid_original_recovery (tests.test_photo_ethereal_v35_boundary_history.EtherealV35BoundaryTests.test_live_drift_cannot_use_valid_original_recovery) ... FAIL
setUpClass (tests.test_photo_runtime_boundary_history.RuntimeBoundaryHistoryTests) ... ERROR
test_original_assertions_replay_without_revision (tests.test_photo_palette_boundary_history.OriginalBoundaryReplayTests.test_original_assertions_replay_without_revision) ... FAIL

======================================================================
ERROR: setUpClass (tests.test_photo_runtime_boundary_history.RuntimeBoundaryHistoryTests)
----------------------------------------------------------------------
Traceback (most recent call last):
  File "/Users/chasoik/.codex/worktrees/photo-p1-baseline-20261007/image-prompt/tests/test_photo_runtime_boundary_history.py", line 27, in setUpClass
    cls.original_validator = fixtures.archived_v29_validator(cls.original_root)
                             ~~~~~~~~~~~~~~~~~~~~~~~~~~~~~~~^^^^^^^^^^^^^^^^^^^
  File "/Users/chasoik/.codex/worktrees/photo-p1-baseline-20261007/image-prompt/tests/photo_prompt_fixtures.py", line 1789, in archived_v29_validator
    manifest = materialize_v29_parent_source(directory, source_root=source_root)
  File "/Users/chasoik/.codex/worktrees/photo-p1-baseline-20261007/image-prompt/tests/photo_prompt_fixtures.py", line 1744, in materialize_v29_parent_source
    _v24_verified_payload(source_root, row)
    ~~~~~~~~~~~~~~~~~~~~~^^^^^^^^^^^^^^^^^^
  File "/Users/chasoik/.codex/worktrees/photo-p1-baseline-20261007/image-prompt/tests/photo_prompt_fixtures.py", line 856, in _v24_verified_payload
    raise AssertionError(f'Frozen V24 historical source payload drift: {row["path"]}')
AssertionError: Frozen V24 historical source payload drift: skills/photo-prompt-image-generator/assets/photo_prompt_character_moe_extension.json

======================================================================
FAIL: test_historical_test_recovery_requires_the_declared_live_adapter (tests.test_photo_ethereal_v35_boundary_history.EtherealV35BoundaryTests.test_historical_test_recovery_requires_the_declared_live_adapter)
----------------------------------------------------------------------
Traceback (most recent call last):
  File "/Users/chasoik/.codex/worktrees/photo-p1-baseline-20261007/image-prompt/tests/test_photo_ethereal_v35_boundary_history.py", line 95, in test_historical_test_recovery_requires_the_declared_live_adapter
    original=history.previous_path(root,name)
  File "/Users/chasoik/.codex/worktrees/photo-p1-baseline-20261007/image-prompt/tests/photo_ethereal_history_v35.py", line 64, in previous_path
    if digest(current)!=TEST_RECOVERY[name] or path.stat().st_mode&0o7777!=int(row['mode'][-3:],8):raise AssertionError('Frozen V35 historical test adapter drift: '+name)
                                                                                                   ^^^^^^^^^^^^^^^^^^^^^^^^^^^^^^^^^^^^^^^^^^^^^^^^^^^^^^^^^^^^^^^^^^^^^^^
AssertionError: Frozen V35 historical test adapter drift: tests/test_photo_motion_artifact_owner_data_cleanup.py

======================================================================
FAIL: test_live_drift_cannot_use_valid_original_recovery (tests.test_photo_ethereal_v35_boundary_history.EtherealV35BoundaryTests.test_live_drift_cannot_use_valid_original_recovery)
----------------------------------------------------------------------
Traceback (most recent call last):
  File "/Users/chasoik/.codex/worktrees/photo-p1-baseline-20261007/image-prompt/tests/test_photo_ethereal_v35_boundary_history.py", line 63, in test_live_drift_cannot_use_valid_original_recovery
    recovered=history.previous_path(root,name)
  File "/Users/chasoik/.codex/worktrees/photo-p1-baseline-20261007/image-prompt/tests/photo_ethereal_history_v35.py", line 69, in previous_path
    if digest(current)!=proof['source_files_after'][name] or path.stat().st_mode&0o7777!=int(row['mode'][-3:],8):raise AssertionError('Frozen V35 retained live source payload or mode drift: '+name)
                                                                                                                 ^^^^^^^^^^^^^^^^^^^^^^^^^^^^^^^^^^^^^^^^^^^^^^^^^^^^^^^^^^^^^^^^^^^^^^^^^^^^^^^^^^^^
AssertionError: Frozen V35 retained live source payload or mode drift: skills/photo-prompt-image-generator/assets/photo_prompt_source_manifest.json

======================================================================
FAIL: test_original_assertions_replay_without_revision (tests.test_photo_palette_boundary_history.OriginalBoundaryReplayTests.test_original_assertions_replay_without_revision)
----------------------------------------------------------------------
Traceback (most recent call last):
  File "/Users/chasoik/.codex/worktrees/photo-p1-baseline-20261007/image-prompt/tests/test_photo_palette_boundary_history.py", line 12, in test_original_assertions_replay_without_revision
    history.materialize_original(tree,source_root=ROOT,link_verified=True)
    ~~~~~~~~~~~~~~~~~~~~~~~~~~~~^^^^^^^^^^^^^^^^^^^^^^^^^^^^^^^^^^^^^^^^^^
  File "/Users/chasoik/.codex/worktrees/photo-p1-baseline-20261007/image-prompt/tests/photo_ethereal_history_v35.py", line 92, in materialize_original
    for row in parent['members']:exact_payload(source_root,row)
                                 ~~~~~~~~~~~~~^^^^^^^^^^^^^^^^^
  File "/Users/chasoik/.codex/worktrees/photo-p1-baseline-20261007/image-prompt/tests/photo_ethereal_history_v35.py", line 47, in exact_payload
    if path.stat().st_mode&0o7777!=int(row['mode'][-3:],8) or len(raw)!=row['bytes'] or digest(raw)!=row['sha256'] or blob!=row['git_blob']:raise AssertionError('Frozen V35 original source payload or mode drift: '+row['path'])
                                                                                                                                            ^^^^^^^^^^^^^^^^^^^^^^^^^^^^^^^^^^^^^^^^^^^^^^^^^^^^^^^^^^^^^^^^^^^^^^^^^^^^^^^^^^^^^^
AssertionError: Frozen V35 original source payload or mode drift: skills/photo-prompt-image-generator/SKILL.md

----------------------------------------------------------------------
Ran 3 tests in 2.602s

FAILED (failures=3, errors=1)
