[codex/fashion-fit-main-20261009 808db29c] Integrate fashion fit semantics and independent native test evidence
 669 files changed, 492554 insertions(+), 1067 deletions(-)
 create mode 100644 docs/analysis/2026-10-08-fashion-fit-integration-and-native-tests.md
 create mode 100644 docs/analysis/2026-10-08-fashion-fit-visual-semantics-research.md
 create mode 100644 docs/research-evidence/photo-prompt/extension-maintenance/fashion-fit-maintenance-seal-20261008.json
 create mode 100644 docs/research-evidence/photo-prompt/extension-maintenance/fashion-fit-observable-variants-20261008-r2.json
 create mode 100644 docs/research-evidence/photo-prompt/extension-maintenance/fashion-fit-observable-variants-20261008-r3.json
 create mode 100644 docs/research-evidence/photo-prompt/extension-maintenance/fashion-fit-observable-variants-20261008-r4.json
 create mode 100644 docs/research-evidence/photo-prompt/extension-maintenance/fashion-fit-observable-variants-20261008-r5.json
 create mode 100644 docs/research-evidence/photo-prompt/extension-maintenance/fashion-fit-observable-variants-20261008-r6.json
 create mode 100644 docs/research-evidence/photo-prompt/extension-maintenance/fashion-fit-observable-variants-20261008-r7.json
 create mode 100644 docs/research-evidence/photo-prompt/extension-maintenance/fashion-fit-observable-variants-20261008.json
 create mode 100644 docs/research-evidence/photo-prompt/fashion-fit-20261008/README.md
 create mode 100644 docs/research-evidence/photo-prompt/fashion-fit-20261008/audit_current.py
 create mode 100644 docs/research-evidence/photo-prompt/fashion-fit-20261008/build_research_artifacts.py
 create mode 100644 docs/research-evidence/photo-prompt/fashion-fit-20261008/candidate-proposals.json
 create mode 100644 docs/research-evidence/photo-prompt/fashion-fit-20261008/current-positive-records.json
 create mode 100644 docs/research-evidence/photo-prompt/fashion-fit-20261008/existing-id-verification.json
 create mode 100644 docs/research-evidence/photo-prompt/fashion-fit-20261008/final-preservation.json
 create mode 100644 docs/research-evidence/photo-prompt/fashion-fit-20261008/finalize_research.py
 create mode 100644 docs/research-evidence/photo-prompt/fashion-fit-20261008/implementation-plan.json
 create mode 100644 docs/research-evidence/photo-prompt/fashion-fit-20261008/regression-plan.json
 create mode 100644 docs/research-evidence/photo-prompt/fashion-fit-20261008/report-validation.json
 create mode 100644 docs/research-evidence/photo-prompt/fashion-fit-20261008/research-cards.txt
 create mode 100644 docs/research-evidence/photo-prompt/fashion-fit-20261008/research-validation.json
 create mode 100644 docs/research-evidence/photo-prompt/fashion-fit-20261008/seed-terms.txt
 create mode 100644 docs/research-evidence/photo-prompt/fashion-fit-20261008/semantic-cards.json
 create mode 100644 docs/research-evidence/photo-prompt/fashion-fit-20261008/semantic-cards.md
 create mode 100644 docs/research-evidence/photo-prompt/fashion-fit-20261008/source-notes.txt
 create mode 100644 docs/research-evidence/photo-prompt/fashion-fit-20261008/source-snapshot.json
 create mode 100644 docs/research-evidence/photo-prompt/fashion-fit-20261008/sources.json
 create mode 100644 docs/research-evidence/photo-prompt/fashion-fit-20261008/term-inventory.json
 create mode 100644 docs/research-evidence/photo-prompt/fashion-fit-20261008/term-plan.csv
 create mode 100644 docs/research-evidence/photo-prompt/fashion-fit-20261008/term-plan.json
 create mode 100644 docs/research-evidence/photo-prompt/fashion-fit-integration-20261008/ARM-ARTIFACT-VERIFICATION.json
 create mode 100644 docs/research-evidence/photo-prompt/fashion-fit-integration-20261008/CONCURRENT-SOURCE-DIFF.json
 create mode 100644 docs/research-evidence/photo-prompt/fashion-fit-integration-20261008/CURRENT-RUNTIME-VERIFICATION-657-CHECKPOINT.json
 create mode 100644 docs/research-evidence/photo-prompt/fashion-fit-integration-20261008/CURRENT-RUNTIME-VERIFICATION.json
 create mode 100644 docs/research-evidence/photo-prompt/fashion-fit-integration-20261008/DELIVERY-CHECKS.json
 create mode 100644 docs/research-evidence/photo-prompt/fashion-fit-integration-20261008/DELIVERY-LINKS.json
 create mode 100644 docs/research-evidence/photo-prompt/fashion-fit-integration-20261008/DELIVERY-RUNTIME-PUBLICATION.json
 create mode 100644 docs/research-evidence/photo-prompt/fashion-fit-integration-20261008/DELIVERY-RUNTIME-UNPUBLISHED-CHECKPOINT.json
 create mode 100644 docs/research-evidence/photo-prompt/fashion-fit-integration-20261008/DELIVERY-RUNTIME-VERIFICATION.json
 create mode 100644 docs/research-evidence/photo-prompt/fashion-fit-integration-20261008/DELIVERY-SOURCE-PRESERVATION.json
 create mode 100644 docs/research-evidence/photo-prompt/fashion-fit-integration-20261008/DELIVERY.json
 create mode 100644 docs/research-evidence/photo-prompt/fashion-fit-integration-20261008/IMAGE-EXPORTS.json
 create mode 100644 docs/research-evidence/photo-prompt/fashion-fit-integration-20261008/PRIMARY-APPLICATION.json
 create mode 100644 docs/research-evidence/photo-prompt/fashion-fit-integration-20261008/PRIMARY-BEFORE.json
 create mode 100644 docs/research-evidence/photo-prompt/fashion-fit-integration-20261008/PRIMARY-PREAPPLY.json
 create mode 100644 docs/research-evidence/photo-prompt/fashion-fit-integration-20261008/PRIMARY-PRESERVATION-OWN-CHECKPOINT.json
 create mode 100644 docs/research-evidence/photo-prompt/fashion-fit-integration-20261008/PRIMARY-PRESERVATION.json
 create mode 100644 docs/research-evidence/photo-prompt/fashion-fit-integration-20261008/PROMPT-EXPORTS.json
 create mode 100644 docs/research-evidence/photo-prompt/fashion-fit-integration-20261008/WORKTREE-ARCHIVE.json
 create mode 100644 docs/research-evidence/photo-prompt/fashion-fit-integration-20261008/apply_to_primary.py
 create mode 100644 docs/research-evidence/photo-prompt/fashion-fit-integration-20261008/arm2-private-runtime-publication-final.json
 create mode 100644 docs/research-evidence/photo-prompt/fashion-fit-integration-20261008/author_fashion_fit.py
 create mode 100644 docs/research-evidence/photo-prompt/fashion-fit-integration-20261008/current-after-selfie-dictionary.log
 create mode 100644 docs/research-evidence/photo-prompt/fashion-fit-integration-20261008/current-after-selfie-fashion-tests.log
 create mode 100644 docs/research-evidence/photo-prompt/fashion-fit-integration-20261008/current-after-selfie-visual-index.log
 create mode 100644 docs/research-evidence/photo-prompt/fashion-fit-integration-20261008/delivery-dictionary.log
 create mode 100644 docs/research-evidence/photo-prompt/fashion-fit-integration-20261008/delivery-fashion-tests.log
 create mode 100644 docs/research-evidence/photo-prompt/fashion-fit-integration-20261008/delivery-runtime.log
 create mode 100644 docs/research-evidence/photo-prompt/fashion-fit-integration-20261008/delivery-visual-index.log
 create mode 100644 docs/research-evidence/photo-prompt/fashion-fit-integration-20261008/dictionary-final.log
 create mode 100644 docs/research-evidence/photo-prompt/fashion-fit-integration-20261008/dictionary-source.log
 create mode 100644 docs/research-evidence/photo-prompt/fashion-fit-integration-20261008/fashion-fit-tests-final.log
 create mode 100644 docs/research-evidence/photo-prompt/fashion-fit-integration-20261008/fashion-fit-tests-initial.log
 create mode 100644 docs/research-evidence/photo-prompt/fashion-fit-integration-20261008/final_preserve.py
 create mode 100644 docs/research-evidence/photo-prompt/fashion-fit-integration-20261008/maintenance-seal-test.log
 create mode 100644 docs/research-evidence/photo-prompt/fashion-fit-integration-20261008/parent_pixel_observations.json
 create mode 100644 docs/research-evidence/photo-prompt/fashion-fit-integration-20261008/primary-dictionary-seal.log
 create mode 100644 docs/research-evidence/photo-prompt/fashion-fit-integration-20261008/primary-dictionary.log
 create mode 100644 docs/research-evidence/photo-prompt/fashion-fit-integration-20261008/primary-fashion-fit-tests.log
 create mode 100644 docs/research-evidence/photo-prompt/fashion-fit-integration-20261008/primary-runtime-publication-final.json
 create mode 100644 docs/research-evidence/photo-prompt/fashion-fit-integration-20261008/primary-runtime-publication.json
 create mode 100644 docs/research-evidence/photo-prompt/fashion-fit-integration-20261008/primary-semantic-build.log
 create mode 100644 docs/research-evidence/photo-prompt/fashion-fit-integration-20261008/primary-semantic-seal.log
 create mode 100644 docs/research-evidence/photo-prompt/fashion-fit-integration-20261008/primary-visual-build.log
 create mode 100644 docs/research-evidence/photo-prompt/fashion-fit-integration-20261008/primary-visual-check-seal.log
 create mode 100644 docs/research-evidence/photo-prompt/fashion-fit-integration-20261008/primary-visual-check.log
 create mode 100644 docs/research-evidence/photo-prompt/fashion-fit-integration-20261008/primary-visual-seal.log
 create mode 100644 docs/research-evidence/photo-prompt/fashion-fit-integration-20261008/prompts/arm1_attempt1.composed.en.txt
 create mode 100644 docs/research-evidence/photo-prompt/fashion-fit-integration-20261008/prompts/arm1_attempt1.runtime.en.txt
 create mode 100644 docs/research-evidence/photo-prompt/fashion-fit-integration-20261008/prompts/arm1_attempt2.composed.en.txt
 create mode 100644 docs/research-evidence/photo-prompt/fashion-fit-integration-20261008/prompts/arm1_attempt2.runtime.en.txt
 create mode 100644 docs/research-evidence/photo-prompt/fashion-fit-integration-20261008/prompts/arm2_attempt1.composed.en.txt
 create mode 100644 docs/research-evidence/photo-prompt/fashion-fit-integration-20261008/prompts/arm2_attempt1.runtime.en.txt
 create mode 100644 docs/research-evidence/photo-prompt/fashion-fit-integration-20261008/prompts/arm3_attempt1.composed.en.txt
 create mode 100644 docs/research-evidence/photo-prompt/fashion-fit-integration-20261008/prompts/arm3_attempt1.runtime.en.txt
 create mode 100644 docs/research-evidence/photo-prompt/fashion-fit-integration-20261008/prompts/arm3_attempt2.composed.en.txt
 create mode 100644 docs/research-evidence/photo-prompt/fashion-fit-integration-20261008/prompts/arm3_attempt2.runtime.en.txt
 create mode 100644 docs/research-evidence/photo-prompt/fashion-fit-integration-20261008/related-tests-final.json
 create mode 100644 docs/research-evidence/photo-prompt/fashion-fit-integration-20261008/related-tests-final.log
 create mode 100644 docs/research-evidence/photo-prompt/fashion-fit-integration-20261008/related-tests-runner-import-error.json
 create mode 100644 docs/research-evidence/photo-prompt/fashion-fit-integration-20261008/related-tests-runner-import-error.log
 create mode 100644 docs/research-evidence/photo-prompt/fashion-fit-integration-20261008/related-tests.json
 create mode 100644 docs/research-evidence/photo-prompt/fashion-fit-integration-20261008/related-tests.log
 create mode 100644 docs/research-evidence/photo-prompt/fashion-fit-integration-20261008/runtime-integration.json
 create mode 100644 docs/research-evidence/photo-prompt/fashion-fit-integration-20261008/seal_maintenance.py
 create mode 100644 docs/research-evidence/photo-prompt/fashion-fit-integration-20261008/semantic-build.log
 create mode 100644 docs/research-evidence/photo-prompt/fashion-fit-integration-20261008/semantic-scope-refresh.log
 create mode 100644 docs/research-evidence/photo-prompt/fashion-fit-integration-20261008/term-runtime-map.json
 create mode 100644 docs/research-evidence/photo-prompt/fashion-fit-integration-20261008/verify_related.py
 create mode 100644 docs/research-evidence/photo-prompt/fashion-fit-integration-20261008/visual-build.log
 create mode 100644 docs/research-evidence/photo-prompt/fashion-fit-integration-20261008/visual-index-check.log
 create mode 100644 docs/research-evidence/photo-prompt/fashion-fit-integration-20261008/visual-scope-refresh.log
 create mode 100644 docs/research-evidence/photo-prompt/fashion-fit-main-merge-20261009/EVIDENCE-COPY.json
 create mode 100644 docs/research-evidence/photo-prompt/fashion-fit-main-merge-20261009/LOCAL-CHECKS.json
 create mode 100644 docs/research-evidence/photo-prompt/fashion-fit-main-merge-20261009/LOCAL-INDEX-REBUILD.json
 create mode 100644 docs/research-evidence/photo-prompt/fashion-fit-main-merge-20261009/LOCAL-INTENT-VERIFICATION.json
 create mode 100644 docs/research-evidence/photo-prompt/fashion-fit-main-merge-20261009/LOCAL-RUNTIME-CACHE-INVENTORY.json
 create mode 100644 docs/research-evidence/photo-prompt/fashion-fit-main-merge-20261009/PRIMARY-BEFORE.json
 create mode 100644 docs/research-evidence/photo-prompt/fashion-fit-main-merge-20261009/README.md
 create mode 100644 docs/research-evidence/photo-prompt/fashion-fit-main-merge-20261009/SCOPED-FILES.json
 create mode 100644 docs/research-evidence/photo-prompt/fashion-fit-main-merge-20261009/WHITESPACE-EVIDENCE-REVIEW.json
 create mode 100644 docs/research-evidence/photo-prompt/fashion-fit-main-merge-20261009/initial-whitespace-check.log
 create mode 100644 docs/research-evidence/photo-prompt/fashion-fit-main-merge-20261009/local-dictionary.log
 create mode 100644 docs/research-evidence/photo-prompt/fashion-fit-main-merge-20261009/local-fit-tests.log
 create mode 100644 docs/research-evidence/photo-prompt/fashion-fit-main-merge-20261009/local-visual-index.log
 create mode 100644 docs/research-evidence/photo-prompt/fashion-fit-main-merge-20261009/rebuild_indexes.py
 create mode 100644 docs/research-evidence/photo-prompt/fashion-fit-main-merge-20261009/sync_primary.py
 create mode 100644 docs/research-evidence/photo-prompt/fashion-fit-main-merge-20261009/verify_merged.py
 create mode 100644 skills/photo-prompt-image-generator/assets/photo_prompt_fashion_fit_extension.json
 create mode 100644 skills/photo-prompt-image-generator/assets/photo_prompt_semantic_index_shards/fa1ee2dec5bb9308/shard-000.json
 create mode 100644 skills/photo-prompt-image-generator/assets/photo_prompt_semantic_index_shards/fa1ee2dec5bb9308/shard-001.json
 create mode 100644 skills/photo-prompt-image-generator/assets/photo_prompt_semantic_index_shards/fa1ee2dec5bb9308/shard-002.json
 create mode 100644 skills/photo-prompt-image-generator/assets/photo_prompt_semantic_index_shards/fa1ee2dec5bb9308/shard-003.json
 create mode 100644 skills/photo-prompt-image-generator/assets/photo_prompt_semantic_index_shards/fa1ee2dec5bb9308/shard-004.json
 create mode 100644 skills/photo-prompt-image-generator/assets/photo_prompt_semantic_index_shards/fa1ee2dec5bb9308/shard-005.json
 create mode 100644 skills/photo-prompt-image-generator/assets/photo_prompt_semantic_index_shards/fa1ee2dec5bb9308/shard-006.json
 create mode 100644 skills/photo-prompt-image-generator/assets/photo_prompt_semantic_index_shards/fa1ee2dec5bb9308/shard-007.json
 create mode 100644 skills/photo-prompt-image-generator/assets/photo_prompt_semantic_index_shards/fa1ee2dec5bb9308/shard-008.json
 create mode 100644 skills/photo-prompt-image-generator/assets/photo_prompt_semantic_index_shards/fa1ee2dec5bb9308/shard-009.json
 create mode 100644 skills/photo-prompt-image-generator/assets/photo_prompt_semantic_index_shards/fa1ee2dec5bb9308/shard-010.json
 create mode 100644 skills/photo-prompt-image-generator/assets/photo_prompt_semantic_index_shards/fa1ee2dec5bb9308/shard-011.json
 create mode 100644 skills/photo-prompt-image-generator/assets/photo_prompt_semantic_index_shards/fa1ee2dec5bb9308/shard-012.json
 create mode 100644 skills/photo-prompt-image-generator/assets/photo_prompt_semantic_index_shards/fa1ee2dec5bb9308/shard-013.json
 create mode 100644 skills/photo-prompt-image-generator/assets/photo_prompt_semantic_index_shards/fa1ee2dec5bb9308/shard-014.json
 create mode 100644 skills/photo-prompt-image-generator/assets/photo_prompt_semantic_index_shards/fa1ee2dec5bb9308/shard-015.json
 create mode 100644 skills/photo-prompt-image-generator/assets/photo_prompt_visual_obligations_fashion_fit.json
 create mode 100644 skills/photo-prompt-image-generator/assets/photo_prompt_visual_profile_index_shards/shard-000-a58aac39fc20e5ebfae499b276824fde5e57d1e712de0cc034d2d7f97ff8d4b7.json
 create mode 100644 skills/photo-prompt-image-generator/assets/photo_prompt_visual_profile_index_shards/shard-001-b86a9ec66b36886a1364df39052281b21c7e2c5cb5eed3e6eac9a18152cfec82.json
 create mode 100644 skills/photo-prompt-image-generator/assets/photo_prompt_visual_profile_index_shards/shard-002-e7497b2f2e0815f482c8d0b6b15641a72be3f799d87aa4e0937449328c74bf70.json
 create mode 100644 skills/photo-prompt-image-generator/assets/photo_prompt_visual_profile_index_shards/shard-003-dffa438ba73f14f0ad2b507080550a32b8ff6e0207524dc0f97acd3e6ad54ddb.json
 create mode 100644 skills/photo-prompt-image-generator/assets/photo_prompt_visual_profile_index_shards/shard-004-31f3ffc882d659dedc3d89199d7740ed4e59c5a48932414353ad5c7cf87d57e8.json
 create mode 100644 skills/photo-prompt-image-generator/assets/photo_prompt_visual_profile_index_shards/shard-005-d25b195e1d251a88b6d082e35b244f60157cd55a362fff4a623b90ba9355a93f.json
 create mode 100644 skills/photo-prompt-image-generator/assets/photo_prompt_visual_profile_index_shards/shard-006-68cac6ed68401bd747e9191b67a1ca378d65ccca50d0fff30048e9944f19f0f8.json
 create mode 100644 skills/photo-prompt-image-generator/assets/photo_prompt_visual_profile_index_shards/shard-007-dadd7728d0873c38af7c4ea9c12b027e9ab037b51b5960cf917aef0249218e70.json
 create mode 100644 skills/photo-prompt-image-generator/assets/photo_prompt_visual_profile_index_shards/shard-008-b4201dfdb3d304308837cbacb529824ab447fa7c3ab7fc761bf4aff9add30f1d.json
 create mode 100644 skills/photo-prompt-image-generator/assets/photo_prompt_visual_profile_index_shards/shard-009-5779a45eb652d38ff42e42f9727c55209d1ebe356fb9c49fe06a9d0ef1c201f9.json
 create mode 100644 skills/photo-prompt-image-generator/assets/photo_prompt_visual_profile_index_shards/shard-010-9734f2542d3694a0b881d3d206e42efb919302007cbf343f92d3529ef826141d.json
 create mode 100644 skills/photo-prompt-image-generator/assets/photo_prompt_visual_profile_index_shards/shard-011-f1307d853d15b3f8190799c14f16774bc84936f432ab86533e2b480a714e9f48.json
 create mode 100644 skills/photo-prompt-image-generator/assets/photo_prompt_visual_profile_index_shards/shard-012-a049b7afde7374e77ce48960ddc1b44804b6df448f94a81f3959779db4cde6c1.json
 create mode 100644 skills/photo-prompt-image-generator/assets/photo_prompt_visual_profile_index_shards/shard-013-a98879fda512827ed30e3c93b31a6c096693c209bd1db6f2ae0e367747a43d5a.json
 create mode 100644 skills/photo-prompt-image-generator/assets/photo_prompt_visual_profile_index_shards/shard-014-42bc0aae8e17639029836f5b4e07f66c577495155ed79ca7c486adbefc9ea753.json
 create mode 100644 skills/photo-prompt-image-generator/assets/photo_prompt_visual_profile_index_shards/shard-015-a6b32096fa4c06737e7e0bcd419004351503901001aa1f7d55eb9aaff6d6b4d6.json
 create mode 100644 skills/photo-prompt-image-generator/data/runs/fashion-fit-integration-20261008/active_spans.json
 create mode 100644 skills/photo-prompt-image-generator/data/runs/fashion-fit-integration-20261008/arm_1/authorial_core.json
 create mode 100644 skills/photo-prompt-image-generator/data/runs/fashion-fit-integration-20261008/arm_1/baseline_canonical.txt
 create mode 100644 skills/photo-prompt-image-generator/data/runs/fashion-fit-integration-20261008/arm_1/baseline_draft.txt
 create mode 100644 skills/photo-prompt-image-generator/data/runs/fashion-fit-integration-20261008/arm_1/creative_context.json
 create mode 100644 skills/photo-prompt-image-generator/data/runs/fashion-fit-integration-20261008/arm_1/data_effect_proof_plan.json
 create mode 100644 skills/photo-prompt-image-generator/data/runs/fashion-fit-integration-20261008/arm_1/embodiment_review.json
 create mode 100644 skills/photo-prompt-image-generator/data/runs/fashion-fit-integration-20261008/arm_1/independent_random_selection.json
 create mode 100644 skills/photo-prompt-image-generator/data/runs/fashion-fit-integration-20261008/arm_1/ownership_narrowed/.staging/883f467cfafb4e5ea0078193242443a1.request.json
 create mode 100644 skills/photo-prompt-image-generator/data/runs/fashion-fit-integration-20261008/arm_1/ownership_narrowed/.staging/af360c1fcc394949ab8eec9a40bdd983.composed.json
 create mode 100644 skills/photo-prompt-image-generator/data/runs/fashion-fit-integration-20261008/arm_1/ownership_narrowed/.staging/retrieve/pack.json
 create mode 100644 skills/photo-prompt-image-generator/data/runs/fashion-fit-integration-20261008/arm_1/ownership_narrowed/.staging/retrieve/receipt.json
 create mode 100644 skills/photo-prompt-image-generator/data/runs/fashion-fit-integration-20261008/arm_1/ownership_narrowed/.staging/retrieve/transaction.json
 create mode 100644 skills/photo-prompt-image-generator/data/runs/fashion-fit-integration-20261008/arm_1/ownership_narrowed/arm_result.json
 create mode 100644 skills/photo-prompt-image-generator/data/runs/fashion-fit-integration-20261008/arm_1/ownership_narrowed/arm_result.md
 create mode 100644 skills/photo-prompt-image-generator/data/runs/fashion-fit-integration-20261008/arm_1/ownership_narrowed/authorial_core.json
 create mode 100644 skills/photo-prompt-image-generator/data/runs/fashion-fit-integration-20261008/arm_1/ownership_narrowed/authorization_scope.json
 create mode 100644 skills/photo-prompt-image-generator/data/runs/fashion-fit-integration-20261008/arm_1/ownership_narrowed/baseline_canonical.txt
 create mode 100644 skills/photo-prompt-image-generator/data/runs/fashion-fit-integration-20261008/arm_1/ownership_narrowed/baseline_draft.txt
 create mode 100644 skills/photo-prompt-image-generator/data/runs/fashion-fit-integration-20261008/arm_1/ownership_narrowed/build_arm_delivery.py
 create mode 100644 skills/photo-prompt-image-generator/data/runs/fashion-fit-integration-20261008/arm_1/ownership_narrowed/candidate_effect_record.json
 create mode 100644 skills/photo-prompt-image-generator/data/runs/fashion-fit-integration-20261008/arm_1/ownership_narrowed/composed_prompt.json
 create mode 100644 skills/photo-prompt-image-generator/data/runs/fashion-fit-integration-20261008/arm_1/ownership_narrowed/composer_overview.json
 create mode 100644 skills/photo-prompt-image-generator/data/runs/fashion-fit-integration-20261008/arm_1/ownership_narrowed/considered_candidate_details.json
 create mode 100644 skills/photo-prompt-image-generator/data/runs/fashion-fit-integration-20261008/arm_1/ownership_narrowed/creative_candidate_details.json
 create mode 100644 skills/photo-prompt-image-generator/data/runs/fashion-fit-integration-20261008/arm_1/ownership_narrowed/creative_context.json
 create mode 100644 skills/photo-prompt-image-generator/data/runs/fashion-fit-integration-20261008/arm_1/ownership_narrowed/data_effect_proof_plan.json
 create mode 100644 skills/photo-prompt-image-generator/data/runs/fashion-fit-integration-20261008/arm_1/ownership_narrowed/delivery_path_validation.json
 create mode 100644 skills/photo-prompt-image-generator/data/runs/fashion-fit-integration-20261008/arm_1/ownership_narrowed/embodiment_review.json
 create mode 100644 skills/photo-prompt-image-generator/data/runs/fashion-fit-integration-20261008/arm_1/ownership_narrowed/final_prompt.txt
 create mode 100644 skills/photo-prompt-image-generator/data/runs/fashion-fit-integration-20261008/arm_1/ownership_narrowed/generated_images/letterpress-fit-attempt-1.png
 create mode 100644 skills/photo-prompt-image-generator/data/runs/fashion-fit-integration-20261008/arm_1/ownership_narrowed/image_runs.ndjson
 create mode 100644 skills/photo-prompt-image-generator/data/runs/fashion-fit-integration-20261008/arm_1/ownership_narrowed/image_runs.ndjson.retry-reservations.json
 create mode 100644 skills/photo-prompt-image-generator/data/runs/fashion-fit-integration-20261008/arm_1/ownership_narrowed/independent_random_selection.json
 create mode 100644 skills/photo-prompt-image-generator/data/runs/fashion-fit-integration-20261008/arm_1/ownership_narrowed/inspection/button_waist.png
 create mode 100644 skills/photo-prompt-image-generator/data/runs/fashion-fit-integration-20261008/arm_1/ownership_narrowed/inspection/crop_provenance.json
 create mode 100644 skills/photo-prompt-image-generator/data/runs/fashion-fit-integration-20261008/arm_1/ownership_narrowed/inspection/hems_shoes.png
 create mode 100644 skills/photo-prompt-image-generator/data/runs/fashion-fit-integration-20261008/arm_1/ownership_narrowed/inspection/shoulder_ridge.png
 create mode 100644 skills/photo-prompt-image-generator/data/runs/fashion-fit-integration-20261008/arm_1/ownership_narrowed/integration_ready_binding.json
 create mode 100644 skills/photo-prompt-image-generator/data/runs/fashion-fit-integration-20261008/arm_1/ownership_narrowed/native_result_copy.json
 create mode 100644 skills/photo-prompt-image-generator/data/runs/fashion-fit-integration-20261008/arm_1/ownership_narrowed/native_tool_return_metadata.json
 create mode 100644 skills/photo-prompt-image-generator/data/runs/fashion-fit-integration-20261008/arm_1/ownership_narrowed/operations/4f3fc808f2614c609182b4cb548584ac.observation.json
 create mode 100644 skills/photo-prompt-image-generator/data/runs/fashion-fit-integration-20261008/arm_1/ownership_narrowed/parent_attempt_exact.json
 create mode 100644 skills/photo-prompt-image-generator/data/runs/fashion-fit-integration-20261008/arm_1/ownership_narrowed/pixel_review_attempt_1.json
 create mode 100644 skills/photo-prompt-image-generator/data/runs/fashion-fit-integration-20261008/arm_1/ownership_narrowed/precore_authoring_sources.json
 create mode 100644 skills/photo-prompt-image-generator/data/runs/fashion-fit-integration-20261008/arm_1/ownership_narrowed/precore_feature_selection.json
 create mode 100644 skills/photo-prompt-image-generator/data/runs/fashion-fit-integration-20261008/arm_1/ownership_narrowed/render_review_attempt_1.json
 create mode 100644 skills/photo-prompt-image-generator/data/runs/fashion-fit-integration-20261008/arm_1/ownership_narrowed/render_review_attempt_1_audit.json
 create mode 100644 skills/photo-prompt-image-generator/data/runs/fashion-fit-integration-20261008/arm_1/ownership_narrowed/render_review_attempt_1_diagnostic.json
 create mode 100644 skills/photo-prompt-image-generator/data/runs/fashion-fit-integration-20261008/arm_1/ownership_narrowed/render_review_attempt_1_initial_wire.json
 create mode 100644 skills/photo-prompt-image-generator/data/runs/fashion-fit-integration-20261008/arm_1/ownership_narrowed/repair_1/.staging/06b989392e4648fb808254e938bb3dc2.request.json
 create mode 100644 skills/photo-prompt-image-generator/data/runs/fashion-fit-integration-20261008/arm_1/ownership_narrowed/repair_1/.staging/90773bd30ed64f7683665ecf889f43d6.composed.json
 create mode 100644 skills/photo-prompt-image-generator/data/runs/fashion-fit-integration-20261008/arm_1/ownership_narrowed/repair_1/.staging/retrieve/pack.json
 create mode 100644 skills/photo-prompt-image-generator/data/runs/fashion-fit-integration-20261008/arm_1/ownership_narrowed/repair_1/.staging/retrieve/receipt.json
 create mode 100644 skills/photo-prompt-image-generator/data/runs/fashion-fit-integration-20261008/arm_1/ownership_narrowed/repair_1/.staging/retrieve/transaction.json
 create mode 100644 skills/photo-prompt-image-generator/data/runs/fashion-fit-integration-20261008/arm_1/ownership_narrowed/repair_1/audit_returned_native_review.py
 create mode 100644 skills/photo-prompt-image-generator/data/runs/fashion-fit-integration-20261008/arm_1/ownership_narrowed/repair_1/authorial_core.json
 create mode 100644 skills/photo-prompt-image-generator/data/runs/fashion-fit-integration-20261008/arm_1/ownership_narrowed/repair_1/authorization_scope.json
 create mode 100644 skills/photo-prompt-image-generator/data/runs/fashion-fit-integration-20261008/arm_1/ownership_narrowed/repair_1/baseline_canonical.txt
 create mode 100644 skills/photo-prompt-image-generator/data/runs/fashion-fit-integration-20261008/arm_1/ownership_narrowed/repair_1/baseline_draft.txt
 create mode 100644 skills/photo-prompt-image-generator/data/runs/fashion-fit-integration-20261008/arm_1/ownership_narrowed/repair_1/candidate_effect_record.json
 create mode 100644 skills/photo-prompt-image-generator/data/runs/fashion-fit-integration-20261008/arm_1/ownership_narrowed/repair_1/capture_native_return.py
 create mode 100644 skills/photo-prompt-image-generator/data/runs/fashion-fit-integration-20261008/arm_1/ownership_narrowed/repair_1/composed_audit_managed.json
 create mode 100644 skills/photo-prompt-image-generator/data/runs/fashion-fit-integration-20261008/arm_1/ownership_narrowed/repair_1/composed_managed.json
 create mode 100644 skills/photo-prompt-image-generator/data/runs/fashion-fit-integration-20261008/arm_1/ownership_narrowed/repair_1/composed_prompt.json
 create mode 100644 skills/photo-prompt-image-generator/data/runs/fashion-fit-integration-20261008/arm_1/ownership_narrowed/repair_1/composer_overview.json
 create mode 100644 skills/photo-prompt-image-generator/data/runs/fashion-fit-integration-20261008/arm_1/ownership_narrowed/repair_1/considered_candidate_details.json
 create mode 100644 skills/photo-prompt-image-generator/data/runs/fashion-fit-integration-20261008/arm_1/ownership_narrowed/repair_1/creative_context.json
 create mode 100644 skills/photo-prompt-image-generator/data/runs/fashion-fit-integration-20261008/arm_1/ownership_narrowed/repair_1/embodiment_review.json
 create mode 100644 skills/photo-prompt-image-generator/data/runs/fashion-fit-integration-20261008/arm_1/ownership_narrowed/repair_1/fashion_fit_generation_diff.json
 create mode 100644 skills/photo-prompt-image-generator/data/runs/fashion-fit-integration-20261008/arm_1/ownership_narrowed/repair_1/final_prompt.txt
 create mode 100644 skills/photo-prompt-image-generator/data/runs/fashion-fit-integration-20261008/arm_1/ownership_narrowed/repair_1/generated_images/letterpress-fit-repair-1.png
 create mode 100644 skills/photo-prompt-image-generator/data/runs/fashion-fit-integration-20261008/arm_1/ownership_narrowed/repair_1/independent_bound_audit_full.json
 create mode 100644 skills/photo-prompt-image-generator/data/runs/fashion-fit-integration-20261008/arm_1/ownership_narrowed/repair_1/inspection/button_waist.png
 create mode 100644 skills/photo-prompt-image-generator/data/runs/fashion-fit-integration-20261008/arm_1/ownership_narrowed/repair_1/inspection/crop_provenance.json
 create mode 100644 skills/photo-prompt-image-generator/data/runs/fashion-fit-integration-20261008/arm_1/ownership_narrowed/repair_1/inspection/hems_shoes.png
 create mode 100644 skills/photo-prompt-image-generator/data/runs/fashion-fit-integration-20261008/arm_1/ownership_narrowed/repair_1/inspection/shoulder_ridges.png
 create mode 100644 skills/photo-prompt-image-generator/data/runs/fashion-fit-integration-20261008/arm_1/ownership_narrowed/repair_1/managed_review_audit_diagnostic.json
 create mode 100644 skills/photo-prompt-image-generator/data/runs/fashion-fit-integration-20261008/arm_1/ownership_narrowed/repair_1/native_attempt_exact.json
 create mode 100644 skills/photo-prompt-image-generator/data/runs/fashion-fit-integration-20261008/arm_1/ownership_narrowed/repair_1/native_capture_recovery.json
 create mode 100644 skills/photo-prompt-image-generator/data/runs/fashion-fit-integration-20261008/arm_1/ownership_narrowed/repair_1/native_plan_saved.json
 create mode 100644 skills/photo-prompt-image-generator/data/runs/fashion-fit-integration-20261008/arm_1/ownership_narrowed/repair_1/native_result_copy.json
 create mode 100644 skills/photo-prompt-image-generator/data/runs/fashion-fit-integration-20261008/arm_1/ownership_narrowed/repair_1/native_return_recorder_arguments.json
 create mode 100644 skills/photo-prompt-image-generator/data/runs/fashion-fit-integration-20261008/arm_1/ownership_narrowed/repair_1/native_return_recorder_result.json
 create mode 100644 skills/photo-prompt-image-generator/data/runs/fashion-fit-integration-20261008/arm_1/ownership_narrowed/repair_1/native_tool_request_actual.json
 create mode 100644 skills/photo-prompt-image-generator/data/runs/fashion-fit-integration-20261008/arm_1/ownership_narrowed/repair_1/native_tool_return_metadata.json
 create mode 100644 skills/photo-prompt-image-generator/data/runs/fashion-fit-integration-20261008/arm_1/ownership_narrowed/repair_1/native_tool_return_metadata_initial_path_parse.json
 create mode 100644 skills/photo-prompt-image-generator/data/runs/fashion-fit-integration-20261008/arm_1/ownership_narrowed/repair_1/operations/db81a813cb6e49e2b9f7543a36675d21.observation.json
 create mode 100644 skills/photo-prompt-image-generator/data/runs/fashion-fit-integration-20261008/arm_1/ownership_narrowed/repair_1/pixel_review_repair_1.json
 create mode 100644 skills/photo-prompt-image-generator/data/runs/fashion-fit-integration-20261008/arm_1/ownership_narrowed/repair_1/precore_feature_selection.json
 create mode 100644 skills/photo-prompt-image-generator/data/runs/fashion-fit-integration-20261008/arm_1/ownership_narrowed/repair_1/render_review_repair_1.json
 create mode 100644 skills/photo-prompt-image-generator/data/runs/fashion-fit-integration-20261008/arm_1/ownership_narrowed/repair_1/render_review_repair_1_audit.json
 create mode 100644 skills/photo-prompt-image-generator/data/runs/fashion-fit-integration-20261008/arm_1/ownership_narrowed/repair_1/request.txt
 create mode 100644 skills/photo-prompt-image-generator/data/runs/fashion-fit-integration-20261008/arm_1/ownership_narrowed/repair_1/revisions/107fc338e7c74505aa8066414164b62a/composed.json
 create mode 100644 skills/photo-prompt-image-generator/data/runs/fashion-fit-integration-20261008/arm_1/ownership_narrowed/repair_1/revisions/107fc338e7c74505aa8066414164b62a/composed_audit.json
 create mode 100644 skills/photo-prompt-image-generator/data/runs/fashion-fit-integration-20261008/arm_1/ownership_narrowed/repair_1/revisions/2388062752464f9ab81dc640e8658a08/native_plan.json
 create mode 100644 skills/photo-prompt-image-generator/data/runs/fashion-fit-integration-20261008/arm_1/ownership_narrowed/repair_1/revisions/37011d94f6c941b09bfab84f54c1c54a/creative_controls.json
 create mode 100644 skills/photo-prompt-image-generator/data/runs/fashion-fit-integration-20261008/arm_1/ownership_narrowed/repair_1/revisions/7098ffc1ffd74cc2bd90cf3dd3f9e140/visual_review_shape.json
 create mode 100644 skills/photo-prompt-image-generator/data/runs/fashion-fit-integration-20261008/arm_1/ownership_narrowed/repair_1/revisions/8394f459e4134001b6a5d5e5dbcfb835/pack.json
 create mode 100644 skills/photo-prompt-image-generator/data/runs/fashion-fit-integration-20261008/arm_1/ownership_narrowed/repair_1/revisions/8394f459e4134001b6a5d5e5dbcfb835/runtime_receipt.json
 create mode 100644 skills/photo-prompt-image-generator/data/runs/fashion-fit-integration-20261008/arm_1/ownership_narrowed/repair_1/revisions/8671ab2eb34b4d2d8d369035d79b823b/authoring_shapes.json
 create mode 100644 skills/photo-prompt-image-generator/data/runs/fashion-fit-integration-20261008/arm_1/ownership_narrowed/repair_1/revisions/8671ab2eb34b4d2d8d369035d79b823b/request_envelope_input.json
 create mode 100644 skills/photo-prompt-image-generator/data/runs/fashion-fit-integration-20261008/arm_1/ownership_narrowed/repair_1/revisions/8671ab2eb34b4d2d8d369035d79b823b/request_raw.json
 create mode 100644 skills/photo-prompt-image-generator/data/runs/fashion-fit-integration-20261008/arm_1/ownership_narrowed/repair_1/revisions/942132d42def4828be22fda405e35057/retry_context.json
 create mode 100644 skills/photo-prompt-image-generator/data/runs/fashion-fit-integration-20261008/arm_1/ownership_narrowed/repair_1/revisions/942132d42def4828be22fda405e35057/retry_proof.json
 create mode 100644 skills/photo-prompt-image-generator/data/runs/fashion-fit-integration-20261008/arm_1/ownership_narrowed/repair_1/revisions/9c3d8299bcd64b45a50f47c187db00a3/render_request.json
 create mode 100644 skills/photo-prompt-image-generator/data/runs/fashion-fit-integration-20261008/arm_1/ownership_narrowed/repair_1/revisions/9c3d8299bcd64b45a50f47c187db00a3/runtime_audit.json
 create mode 100644 skills/photo-prompt-image-generator/data/runs/fashion-fit-integration-20261008/arm_1/ownership_narrowed/repair_1/revisions/de5717d8da4341ba998b4a7e7e89cf3d/authorial_core_input.json
 create mode 100644 skills/photo-prompt-image-generator/data/runs/fashion-fit-integration-20261008/arm_1/ownership_narrowed/repair_1/revisions/de5717d8da4341ba998b4a7e7e89cf3d/authorial_core_normalized.json
 create mode 100644 skills/photo-prompt-image-generator/data/runs/fashion-fit-integration-20261008/arm_1/ownership_narrowed/repair_1/revisions/de5717d8da4341ba998b4a7e7e89cf3d/baseline.txt
 create mode 100644 skills/photo-prompt-image-generator/data/runs/fashion-fit-integration-20261008/arm_1/ownership_narrowed/repair_1/revisions/de5717d8da4341ba998b4a7e7e89cf3d/catalog.json
 create mode 100644 skills/photo-prompt-image-generator/data/runs/fashion-fit-integration-20261008/arm_1/ownership_narrowed/repair_1/revisions/de5717d8da4341ba998b4a7e7e89cf3d/embodiment_review.json
 create mode 100644 skills/photo-prompt-image-generator/data/runs/fashion-fit-integration-20261008/arm_1/ownership_narrowed/repair_1/revisions/de5717d8da4341ba998b4a7e7e89cf3d/feature_selection.json
 create mode 100644 skills/photo-prompt-image-generator/data/runs/fashion-fit-integration-20261008/arm_1/ownership_narrowed/repair_1/revisions/de5717d8da4341ba998b4a7e7e89cf3d/feature_selection_audit.json
 create mode 100644 skills/photo-prompt-image-generator/data/runs/fashion-fit-integration-20261008/arm_1/ownership_narrowed/repair_1/revisions/de5717d8da4341ba998b4a7e7e89cf3d/freeze_author_input_hashes.json
 create mode 100644 skills/photo-prompt-image-generator/data/runs/fashion-fit-integration-20261008/arm_1/ownership_narrowed/repair_1/revisions/de5717d8da4341ba998b4a7e7e89cf3d/freeze_receipt.json
 create mode 100644 skills/photo-prompt-image-generator/data/runs/fashion-fit-integration-20261008/arm_1/ownership_narrowed/repair_1/revisions/de5717d8da4341ba998b4a7e7e89cf3d/request_envelope_normalized.json
 create mode 100644 skills/photo-prompt-image-generator/data/runs/fashion-fit-integration-20261008/arm_1/ownership_narrowed/repair_1/run_manifest.json
 create mode 100644 skills/photo-prompt-image-generator/data/runs/fashion-fit-integration-20261008/arm_1/ownership_narrowed/repair_1/runtime_source_hashes.json
 create mode 100644 skills/photo-prompt-image-generator/data/runs/fashion-fit-integration-20261008/arm_1/ownership_narrowed/repair_1/spans.json
 create mode 100644 skills/photo-prompt-image-generator/data/runs/fashion-fit-integration-20261008/arm_1/ownership_narrowed/repair_1/test_case.json
 create mode 100644 skills/photo-prompt-image-generator/data/runs/fashion-fit-integration-20261008/arm_1/ownership_narrowed/repair_1/transport.json
 create mode 100644 skills/photo-prompt-image-generator/data/runs/fashion-fit-integration-20261008/arm_1/ownership_narrowed/repair_1/whole_image_review_repair_1.md
 create mode 100644 skills/photo-prompt-image-generator/data/runs/fashion-fit-integration-20261008/arm_1/ownership_narrowed/repair_1/workflow.json
 create mode 100644 skills/photo-prompt-image-generator/data/runs/fashion-fit-integration-20261008/arm_1/ownership_narrowed/repair_current_envelope.json
 create mode 100644 skills/photo-prompt-image-generator/data/runs/fashion-fit-integration-20261008/arm_1/ownership_narrowed/repair_decision_1.json
 create mode 100644 skills/photo-prompt-image-generator/data/runs/fashion-fit-integration-20261008/arm_1/ownership_narrowed/repair_decision_1_properties_only.json
 create mode 100644 skills/photo-prompt-image-generator/data/runs/fashion-fit-integration-20261008/arm_1/ownership_narrowed/request.txt
 create mode 100644 skills/photo-prompt-image-generator/data/runs/fashion-fit-integration-20261008/arm_1/ownership_narrowed/retry_context_1/private/attempt.json
 create mode 100644 skills/photo-prompt-image-generator/data/runs/fashion-fit-integration-20261008/arm_1/ownership_narrowed/retry_context_1/private/current_envelope.json
 create mode 100644 skills/photo-prompt-image-generator/data/runs/fashion-fit-integration-20261008/arm_1/ownership_narrowed/retry_context_1/private/decision.json
 create mode 100644 skills/photo-prompt-image-generator/data/runs/fashion-fit-integration-20261008/arm_1/ownership_narrowed/retry_context_1/private/retry_coordinator_diagnostics.json
 create mode 100644 skills/photo-prompt-image-generator/data/runs/fashion-fit-integration-20261008/arm_1/ownership_narrowed/retry_context_1_properties_only/private/attempt.json
 create mode 100644 skills/photo-prompt-image-generator/data/runs/fashion-fit-integration-20261008/arm_1/ownership_narrowed/retry_context_1_properties_only/private/current_envelope.json
 create mode 100644 skills/photo-prompt-image-generator/data/runs/fashion-fit-integration-20261008/arm_1/ownership_narrowed/retry_context_1_properties_only/private/decision.json
 create mode 100644 skills/photo-prompt-image-generator/data/runs/fashion-fit-integration-20261008/arm_1/ownership_narrowed/retry_context_1_properties_only/private/retry_coordinator_diagnostics.json
 create mode 100644 skills/photo-prompt-image-generator/data/runs/fashion-fit-integration-20261008/arm_1/ownership_narrowed/retry_context_1_properties_only/retry_context.json
 create mode 100644 skills/photo-prompt-image-generator/data/runs/fashion-fit-integration-20261008/arm_1/ownership_narrowed/retry_context_1_properties_only/retry_projection_audit.json
 create mode 100644 skills/photo-prompt-image-generator/data/runs/fashion-fit-integration-20261008/arm_1/ownership_narrowed/retry_context_1_properties_only/retry_proof.json
 create mode 100644 skills/photo-prompt-image-generator/data/runs/fashion-fit-integration-20261008/arm_1/ownership_narrowed/revisions/078beaa4f5834a659d732d6d45d0d2c1/pack.json
 create mode 100644 skills/photo-prompt-image-generator/data/runs/fashion-fit-integration-20261008/arm_1/ownership_narrowed/revisions/078beaa4f5834a659d732d6d45d0d2c1/runtime_receipt.json
 create mode 100644 skills/photo-prompt-image-generator/data/runs/fashion-fit-integration-20261008/arm_1/ownership_narrowed/revisions/104faf6e51834144b1b248291acb1ed0/authorial_core_input.json
 create mode 100644 skills/photo-prompt-image-generator/data/runs/fashion-fit-integration-20261008/arm_1/ownership_narrowed/revisions/104faf6e51834144b1b248291acb1ed0/authorial_core_normalized.json
 create mode 100644 skills/photo-prompt-image-generator/data/runs/fashion-fit-integration-20261008/arm_1/ownership_narrowed/revisions/104faf6e51834144b1b248291acb1ed0/baseline.txt
 create mode 100644 skills/photo-prompt-image-generator/data/runs/fashion-fit-integration-20261008/arm_1/ownership_narrowed/revisions/104faf6e51834144b1b248291acb1ed0/catalog.json
 create mode 100644 skills/photo-prompt-image-generator/data/runs/fashion-fit-integration-20261008/arm_1/ownership_narrowed/revisions/104faf6e51834144b1b248291acb1ed0/embodiment_review.json
 create mode 100644 skills/photo-prompt-image-generator/data/runs/fashion-fit-integration-20261008/arm_1/ownership_narrowed/revisions/104faf6e51834144b1b248291acb1ed0/feature_selection.json
 create mode 100644 skills/photo-prompt-image-generator/data/runs/fashion-fit-integration-20261008/arm_1/ownership_narrowed/revisions/104faf6e51834144b1b248291acb1ed0/feature_selection_audit.json
 create mode 100644 skills/photo-prompt-image-generator/data/runs/fashion-fit-integration-20261008/arm_1/ownership_narrowed/revisions/104faf6e51834144b1b248291acb1ed0/freeze_author_input_hashes.json
 create mode 100644 skills/photo-prompt-image-generator/data/runs/fashion-fit-integration-20261008/arm_1/ownership_narrowed/revisions/104faf6e51834144b1b248291acb1ed0/freeze_receipt.json
 create mode 100644 skills/photo-prompt-image-generator/data/runs/fashion-fit-integration-20261008/arm_1/ownership_narrowed/revisions/104faf6e51834144b1b248291acb1ed0/request_envelope_normalized.json
 create mode 100644 skills/photo-prompt-image-generator/data/runs/fashion-fit-integration-20261008/arm_1/ownership_narrowed/revisions/2d09d061f0ec490b85bc763f3c95fced/visual_review_shape.json
 create mode 100644 skills/photo-prompt-image-generator/data/runs/fashion-fit-integration-20261008/arm_1/ownership_narrowed/revisions/2e6c776bddc8460c8814c8c80e43708c/composed.json
 create mode 100644 skills/photo-prompt-image-generator/data/runs/fashion-fit-integration-20261008/arm_1/ownership_narrowed/revisions/2e6c776bddc8460c8814c8c80e43708c/composed_audit.json
 create mode 100644 skills/photo-prompt-image-generator/data/runs/fashion-fit-integration-20261008/arm_1/ownership_narrowed/revisions/9ce498e49c34464f9baa3a6048de1b18/native_plan.json
 create mode 100644 skills/photo-prompt-image-generator/data/runs/fashion-fit-integration-20261008/arm_1/ownership_narrowed/revisions/a0502c9b242e4a3e8e245c35b151bd66/authoring_shapes.json
 create mode 100644 skills/photo-prompt-image-generator/data/runs/fashion-fit-integration-20261008/arm_1/ownership_narrowed/revisions/a0502c9b242e4a3e8e245c35b151bd66/request_envelope_input.json
 create mode 100644 skills/photo-prompt-image-generator/data/runs/fashion-fit-integration-20261008/arm_1/ownership_narrowed/revisions/a0502c9b242e4a3e8e245c35b151bd66/request_raw.json
 create mode 100644 skills/photo-prompt-image-generator/data/runs/fashion-fit-integration-20261008/arm_1/ownership_narrowed/revisions/c6ceee5b63e54506b0fadc21c0257375/review_audit.json
 create mode 100644 skills/photo-prompt-image-generator/data/runs/fashion-fit-integration-20261008/arm_1/ownership_narrowed/revisions/c6ceee5b63e54506b0fadc21c0257375/visual_review.json
 create mode 100644 skills/photo-prompt-image-generator/data/runs/fashion-fit-integration-20261008/arm_1/ownership_narrowed/revisions/df55df7637f045a5a2ebd7bcce11b44d/render_request.json
 create mode 100644 skills/photo-prompt-image-generator/data/runs/fashion-fit-integration-20261008/arm_1/ownership_narrowed/revisions/df55df7637f045a5a2ebd7bcce11b44d/runtime_audit.json
 create mode 100644 skills/photo-prompt-image-generator/data/runs/fashion-fit-integration-20261008/arm_1/ownership_narrowed/revisions/e0e9e788135245c6992edbfd07fc7505/creative_controls.json
 create mode 100644 skills/photo-prompt-image-generator/data/runs/fashion-fit-integration-20261008/arm_1/ownership_narrowed/run_manifest.json
 create mode 100644 skills/photo-prompt-image-generator/data/runs/fashion-fit-integration-20261008/arm_1/ownership_narrowed/runtime_source_hashes.json
 create mode 100644 skills/photo-prompt-image-generator/data/runs/fashion-fit-integration-20261008/arm_1/ownership_narrowed/spans.json
 create mode 100644 skills/photo-prompt-image-generator/data/runs/fashion-fit-integration-20261008/arm_1/ownership_narrowed/test_case.json
 create mode 100644 skills/photo-prompt-image-generator/data/runs/fashion-fit-integration-20261008/arm_1/ownership_narrowed/transport.json
 create mode 100644 skills/photo-prompt-image-generator/data/runs/fashion-fit-integration-20261008/arm_1/ownership_narrowed/whole_image_review_attempt_1.md
 create mode 100644 skills/photo-prompt-image-generator/data/runs/fashion-fit-integration-20261008/arm_1/ownership_narrowed/workflow.json
 create mode 100644 skills/photo-prompt-image-generator/data/runs/fashion-fit-integration-20261008/arm_1/pre_retrieval_ownership_correction.json
 create mode 100644 skills/photo-prompt-image-generator/data/runs/fashion-fit-integration-20261008/arm_1/precore_feature_selection.json
 create mode 100644 skills/photo-prompt-image-generator/data/runs/fashion-fit-integration-20261008/arm_1/revisions/02d4c81d8d4d4171bcf632ccf9badb5b/creative_controls.json
 create mode 100644 skills/photo-prompt-image-generator/data/runs/fashion-fit-integration-20261008/arm_1/revisions/0af2aa9cc1784da69a5c7b8bf60c6bff/authoring_shapes.json
 create mode 100644 skills/photo-prompt-image-generator/data/runs/fashion-fit-integration-20261008/arm_1/revisions/0af2aa9cc1784da69a5c7b8bf60c6bff/request_envelope_input.json
 create mode 100644 skills/photo-prompt-image-generator/data/runs/fashion-fit-integration-20261008/arm_1/revisions/0af2aa9cc1784da69a5c7b8bf60c6bff/request_raw.json
 create mode 100644 skills/photo-prompt-image-generator/data/runs/fashion-fit-integration-20261008/arm_1/revisions/16c616608b2f41a7870ad674346d4088/authorial_core_input.json
 create mode 100644 skills/photo-prompt-image-generator/data/runs/fashion-fit-integration-20261008/arm_1/revisions/16c616608b2f41a7870ad674346d4088/authorial_core_normalized.json
 create mode 100644 skills/photo-prompt-image-generator/data/runs/fashion-fit-integration-20261008/arm_1/revisions/16c616608b2f41a7870ad674346d4088/baseline.txt
 create mode 100644 skills/photo-prompt-image-generator/data/runs/fashion-fit-integration-20261008/arm_1/revisions/16c616608b2f41a7870ad674346d4088/catalog.json
 create mode 100644 skills/photo-prompt-image-generator/data/runs/fashion-fit-integration-20261008/arm_1/revisions/16c616608b2f41a7870ad674346d4088/embodiment_review.json
 create mode 100644 skills/photo-prompt-image-generator/data/runs/fashion-fit-integration-20261008/arm_1/revisions/16c616608b2f41a7870ad674346d4088/feature_selection.json
 create mode 100644 skills/photo-prompt-image-generator/data/runs/fashion-fit-integration-20261008/arm_1/revisions/16c616608b2f41a7870ad674346d4088/feature_selection_audit.json
 create mode 100644 skills/photo-prompt-image-generator/data/runs/fashion-fit-integration-20261008/arm_1/revisions/16c616608b2f41a7870ad674346d4088/freeze_author_input_hashes.json
 create mode 100644 skills/photo-prompt-image-generator/data/runs/fashion-fit-integration-20261008/arm_1/revisions/16c616608b2f41a7870ad674346d4088/freeze_receipt.json
 create mode 100644 skills/photo-prompt-image-generator/data/runs/fashion-fit-integration-20261008/arm_1/revisions/16c616608b2f41a7870ad674346d4088/request_envelope_normalized.json
 create mode 100644 skills/photo-prompt-image-generator/data/runs/fashion-fit-integration-20261008/arm_1/test_case.json
 create mode 100644 skills/photo-prompt-image-generator/data/runs/fashion-fit-integration-20261008/arm_1/workflow.json
 create mode 100644 skills/photo-prompt-image-generator/data/runs/fashion-fit-integration-20261008/arm_2/.staging/retrieve/pack.json
 create mode 100644 skills/photo-prompt-image-generator/data/runs/fashion-fit-integration-20261008/arm_2/.staging/retrieve/receipt.json
 create mode 100644 skills/photo-prompt-image-generator/data/runs/fashion-fit-integration-20261008/arm_2/.staging/retrieve/transaction.json
 create mode 100644 skills/photo-prompt-image-generator/data/runs/fashion-fit-integration-20261008/arm_2/SKILL.authoring.snapshot.md
 create mode 100644 skills/photo-prompt-image-generator/data/runs/fashion-fit-integration-20261008/arm_2/authorial_core.agent.json
 create mode 100644 skills/photo-prompt-image-generator/data/runs/fashion-fit-integration-20261008/arm_2/authorization.scope.agent.json
 create mode 100644 skills/photo-prompt-image-generator/data/runs/fashion-fit-integration-20261008/arm_2/baseline.canonical.agent.txt
 create mode 100644 skills/photo-prompt-image-generator/data/runs/fashion-fit-integration-20261008/arm_2/baseline.draft.agent.txt
 create mode 100644 skills/photo-prompt-image-generator/data/runs/fashion-fit-integration-20261008/arm_2/candidate_exposure.initial.agent.json
 create mode 100644 skills/photo-prompt-image-generator/data/runs/fashion-fit-integration-20261008/arm_2/composer_view.compact.json
 create mode 100644 skills/photo-prompt-image-generator/data/runs/fashion-fit-integration-20261008/arm_2/composer_view.considered.json
 create mode 100644 skills/photo-prompt-image-generator/data/runs/fashion-fit-integration-20261008/arm_2/creative_context.agent.json
 create mode 100644 skills/photo-prompt-image-generator/data/runs/fashion-fit-integration-20261008/arm_2/embodiment_review.agent.json
 create mode 100644 skills/photo-prompt-image-generator/data/runs/fashion-fit-integration-20261008/arm_2/generated_images/ferry-terminal-dress-fit-20261008/image.png
 create mode 100644 skills/photo-prompt-image-generator/data/runs/fashion-fit-integration-20261008/arm_2/image_runs.ndjson
 create mode 100644 skills/photo-prompt-image-generator/data/runs/fashion-fit-integration-20261008/arm_2/precore_access_disclosure.agent.json
 create mode 100644 skills/photo-prompt-image-generator/data/runs/fashion-fit-integration-20261008/arm_2/precore_feature_selection.agent.json
 create mode 100644 skills/photo-prompt-image-generator/data/runs/fashion-fit-integration-20261008/arm_2/precore_source_hashes.agent.json
 create mode 100644 skills/photo-prompt-image-generator/data/runs/fashion-fit-integration-20261008/arm_2/retrieval_replay_01/.staging/retrieve/private-error.json
 create mode 100644 skills/photo-prompt-image-generator/data/runs/fashion-fit-integration-20261008/arm_2/retrieval_replay_01/.staging/retrieve/transaction.json
 create mode 100644 skills/photo-prompt-image-generator/data/runs/fashion-fit-integration-20261008/arm_2/retrieval_replay_01/canonicalization.check.txt
 create mode 100644 skills/photo-prompt-image-generator/data/runs/fashion-fit-integration-20261008/arm_2/retrieval_replay_01/freeze_equivalence_receipt.json
 create mode 100644 skills/photo-prompt-image-generator/data/runs/fashion-fit-integration-20261008/arm_2/retrieval_replay_01/replay_preparation.json
 create mode 100644 skills/photo-prompt-image-generator/data/runs/fashion-fit-integration-20261008/arm_2/retrieval_replay_01/revisions/1078bc0e059e44edb1d9d7dc726830f7/authorial_core_input.json
 create mode 100644 skills/photo-prompt-image-generator/data/runs/fashion-fit-integration-20261008/arm_2/retrieval_replay_01/revisions/1078bc0e059e44edb1d9d7dc726830f7/authorial_core_normalized.json
 create mode 100644 skills/photo-prompt-image-generator/data/runs/fashion-fit-integration-20261008/arm_2/retrieval_replay_01/revisions/1078bc0e059e44edb1d9d7dc726830f7/baseline.txt
 create mode 100644 skills/photo-prompt-image-generator/data/runs/fashion-fit-integration-20261008/arm_2/retrieval_replay_01/revisions/1078bc0e059e44edb1d9d7dc726830f7/catalog.json
 create mode 100644 skills/photo-prompt-image-generator/data/runs/fashion-fit-integration-20261008/arm_2/retrieval_replay_01/revisions/1078bc0e059e44edb1d9d7dc726830f7/embodiment_review.json
 create mode 100644 skills/photo-prompt-image-generator/data/runs/fashion-fit-integration-20261008/arm_2/retrieval_replay_01/revisions/1078bc0e059e44edb1d9d7dc726830f7/feature_selection.json
 create mode 100644 skills/photo-prompt-image-generator/data/runs/fashion-fit-integration-20261008/arm_2/retrieval_replay_01/revisions/1078bc0e059e44edb1d9d7dc726830f7/feature_selection_audit.json
 create mode 100644 skills/photo-prompt-image-generator/data/runs/fashion-fit-integration-20261008/arm_2/retrieval_replay_01/revisions/1078bc0e059e44edb1d9d7dc726830f7/freeze_author_input_hashes.json
 create mode 100644 skills/photo-prompt-image-generator/data/runs/fashion-fit-integration-20261008/arm_2/retrieval_replay_01/revisions/1078bc0e059e44edb1d9d7dc726830f7/freeze_receipt.json
 create mode 100644 skills/photo-prompt-image-generator/data/runs/fashion-fit-integration-20261008/arm_2/retrieval_replay_01/revisions/1078bc0e059e44edb1d9d7dc726830f7/request_envelope_normalized.json
 create mode 100644 skills/photo-prompt-image-generator/data/runs/fashion-fit-integration-20261008/arm_2/retrieval_replay_01/revisions/4d4b41491b12452f8529d48fdade34d0/creative_controls.json
 create mode 100644 skills/photo-prompt-image-generator/data/runs/fashion-fit-integration-20261008/arm_2/retrieval_replay_01/revisions/bdc46ce3ff80462f896d2093ec5fe65f/authoring_shapes.json
 create mode 100644 skills/photo-prompt-image-generator/data/runs/fashion-fit-integration-20261008/arm_2/retrieval_replay_01/revisions/bdc46ce3ff80462f896d2093ec5fe65f/request_envelope_input.json
 create mode 100644 skills/photo-prompt-image-generator/data/runs/fashion-fit-integration-20261008/arm_2/retrieval_replay_01/revisions/bdc46ce3ff80462f896d2093ec5fe65f/request_raw.json
 create mode 100644 skills/photo-prompt-image-generator/data/runs/fashion-fit-integration-20261008/arm_2/retrieval_replay_01/spans.replay.json
 create mode 100644 skills/photo-prompt-image-generator/data/runs/fashion-fit-integration-20261008/arm_2/retrieval_replay_01/workflow.json
 create mode 100644 skills/photo-prompt-image-generator/data/runs/fashion-fit-integration-20261008/arm_2/retrieval_replay_01_published/.staging/retrieve/private-error.json
 create mode 100644 skills/photo-prompt-image-generator/data/runs/fashion-fit-integration-20261008/arm_2/retrieval_replay_01_published/.staging/retrieve/transaction.json
 create mode 100644 skills/photo-prompt-image-generator/data/runs/fashion-fit-integration-20261008/arm_2/retrieval_replay_01_published/canonicalization.check.txt
 create mode 100644 skills/photo-prompt-image-generator/data/runs/fashion-fit-integration-20261008/arm_2/retrieval_replay_01_published/freeze_equivalence_receipt.json
 create mode 100644 skills/photo-prompt-image-generator/data/runs/fashion-fit-integration-20261008/arm_2/retrieval_replay_01_published/replay_preparation.json
 create mode 100644 skills/photo-prompt-image-generator/data/runs/fashion-fit-integration-20261008/arm_2/retrieval_replay_01_published/revisions/5bfa0c7ee9094f7ca68dffb2d0702a57/authoring_shapes.json
 create mode 100644 skills/photo-prompt-image-generator/data/runs/fashion-fit-integration-20261008/arm_2/retrieval_replay_01_published/revisions/5bfa0c7ee9094f7ca68dffb2d0702a57/request_envelope_input.json
 create mode 100644 skills/photo-prompt-image-generator/data/runs/fashion-fit-integration-20261008/arm_2/retrieval_replay_01_published/revisions/5bfa0c7ee9094f7ca68dffb2d0702a57/request_raw.json
 create mode 100644 skills/photo-prompt-image-generator/data/runs/fashion-fit-integration-20261008/arm_2/retrieval_replay_01_published/revisions/d76cf57e02884fd7abd2d3d04dfb2a88/authorial_core_input.json
 create mode 100644 skills/photo-prompt-image-generator/data/runs/fashion-fit-integration-20261008/arm_2/retrieval_replay_01_published/revisions/d76cf57e02884fd7abd2d3d04dfb2a88/authorial_core_normalized.json
 create mode 100644 skills/photo-prompt-image-generator/data/runs/fashion-fit-integration-20261008/arm_2/retrieval_replay_01_published/revisions/d76cf57e02884fd7abd2d3d04dfb2a88/baseline.txt
 create mode 100644 skills/photo-prompt-image-generator/data/runs/fashion-fit-integration-20261008/arm_2/retrieval_replay_01_published/revisions/d76cf57e02884fd7abd2d3d04dfb2a88/catalog.json
 create mode 100644 skills/photo-prompt-image-generator/data/runs/fashion-fit-integration-20261008/arm_2/retrieval_replay_01_published/revisions/d76cf57e02884fd7abd2d3d04dfb2a88/embodiment_review.json
 create mode 100644 skills/photo-prompt-image-generator/data/runs/fashion-fit-integration-20261008/arm_2/retrieval_replay_01_published/revisions/d76cf57e02884fd7abd2d3d04dfb2a88/feature_selection.json
 create mode 100644 skills/photo-prompt-image-generator/data/runs/fashion-fit-integration-20261008/arm_2/retrieval_replay_01_published/revisions/d76cf57e02884fd7abd2d3d04dfb2a88/feature_selection_audit.json
 create mode 100644 skills/photo-prompt-image-generator/data/runs/fashion-fit-integration-20261008/arm_2/retrieval_replay_01_published/revisions/d76cf57e02884fd7abd2d3d04dfb2a88/freeze_author_input_hashes.json
 create mode 100644 skills/photo-prompt-image-generator/data/runs/fashion-fit-integration-20261008/arm_2/retrieval_replay_01_published/revisions/d76cf57e02884fd7abd2d3d04dfb2a88/freeze_receipt.json
 create mode 100644 skills/photo-prompt-image-generator/data/runs/fashion-fit-integration-20261008/arm_2/retrieval_replay_01_published/revisions/d76cf57e02884fd7abd2d3d04dfb2a88/request_envelope_normalized.json
 create mode 100644 skills/photo-prompt-image-generator/data/runs/fashion-fit-integration-20261008/arm_2/retrieval_replay_01_published/revisions/f88880514ae945f2b49e6441a3d8dd69/creative_controls.json
 create mode 100644 skills/photo-prompt-image-generator/data/runs/fashion-fit-integration-20261008/arm_2/retrieval_replay_01_published/spans.replay.json
 create mode 100644 skills/photo-prompt-image-generator/data/runs/fashion-fit-integration-20261008/arm_2/retrieval_replay_01_published/workflow.json
 create mode 100644 skills/photo-prompt-image-generator/data/runs/fashion-fit-integration-20261008/arm_2/retrieval_replay_01_store_published/.staging/f073c7d1cb2a4b96815f1b1b775a354b.composed.json
 create mode 100644 skills/photo-prompt-image-generator/data/runs/fashion-fit-integration-20261008/arm_2/retrieval_replay_01_store_published/.staging/f1c6e4e13df04a1cb55823cd17822f70.request.json
 create mode 100644 skills/photo-prompt-image-generator/data/runs/fashion-fit-integration-20261008/arm_2/retrieval_replay_01_store_published/.staging/retrieve/pack.json
 create mode 100644 skills/photo-prompt-image-generator/data/runs/fashion-fit-integration-20261008/arm_2/retrieval_replay_01_store_published/.staging/retrieve/receipt.json
 create mode 100644 skills/photo-prompt-image-generator/data/runs/fashion-fit-integration-20261008/arm_2/retrieval_replay_01_store_published/.staging/retrieve/transaction.json
 create mode 100644 skills/photo-prompt-image-generator/data/runs/fashion-fit-integration-20261008/arm_2/retrieval_replay_01_store_published/authorization.scope.native-one.json
 create mode 100644 skills/photo-prompt-image-generator/data/runs/fashion-fit-integration-20261008/arm_2/retrieval_replay_01_store_published/candidate_exposure.final.agent.json
 create mode 100644 skills/photo-prompt-image-generator/data/runs/fashion-fit-integration-20261008/arm_2/retrieval_replay_01_store_published/canonicalization.check.txt
 create mode 100644 skills/photo-prompt-image-generator/data/runs/fashion-fit-integration-20261008/arm_2/retrieval_replay_01_store_published/composed.agent.json
 create mode 100644 skills/photo-prompt-image-generator/data/runs/fashion-fit-integration-20261008/arm_2/retrieval_replay_01_store_published/composer_view.compact.json
 create mode 100644 skills/photo-prompt-image-generator/data/runs/fashion-fit-integration-20261008/arm_2/retrieval_replay_01_store_published/composer_view.considered.json
 create mode 100644 skills/photo-prompt-image-generator/data/runs/fashion-fit-integration-20261008/arm_2/retrieval_replay_01_store_published/focal_coverage_check.agent.json
 create mode 100644 skills/photo-prompt-image-generator/data/runs/fashion-fit-integration-20261008/arm_2/retrieval_replay_01_store_published/freeze_equivalence_receipt.json
 create mode 100644 skills/photo-prompt-image-generator/data/runs/fashion-fit-integration-20261008/arm_2/retrieval_replay_01_store_published/image_copy_receipt.json
 create mode 100644 skills/photo-prompt-image-generator/data/runs/fashion-fit-integration-20261008/arm_2/retrieval_replay_01_store_published/independent_manifest_build_receipt.json
 create mode 100644 skills/photo-prompt-image-generator/data/runs/fashion-fit-integration-20261008/arm_2/retrieval_replay_01_store_published/native_result_observer_recovery.agent.json
 create mode 100644 skills/photo-prompt-image-generator/data/runs/fashion-fit-integration-20261008/arm_2/retrieval_replay_01_store_published/native_source_bindings.agent.json
 create mode 100644 skills/photo-prompt-image-generator/data/runs/fashion-fit-integration-20261008/arm_2/retrieval_replay_01_store_published/native_tool_request.exact.json
 create mode 100644 skills/photo-prompt-image-generator/data/runs/fashion-fit-integration-20261008/arm_2/retrieval_replay_01_store_published/operations/dc17520a33b44001a16f593977c03535.observation.json
 create mode 100644 skills/photo-prompt-image-generator/data/runs/fashion-fit-integration-20261008/arm_2/retrieval_replay_01_store_published/pixel_review.native.agent.json
 create mode 100644 skills/photo-prompt-image-generator/data/runs/fashion-fit-integration-20261008/arm_2/retrieval_replay_01_store_published/postcomposition_review.agent.json
 create mode 100644 skills/photo-prompt-image-generator/data/runs/fashion-fit-integration-20261008/arm_2/retrieval_replay_01_store_published/prompt.final.en.txt
 create mode 100644 skills/photo-prompt-image-generator/data/runs/fashion-fit-integration-20261008/arm_2/retrieval_replay_01_store_published/replay_preparation.json
 create mode 100644 skills/photo-prompt-image-generator/data/runs/fashion-fit-integration-20261008/arm_2/retrieval_replay_01_store_published/review_audit.result.agent.json
 create mode 100644 skills/photo-prompt-image-generator/data/runs/fashion-fit-integration-20261008/arm_2/retrieval_replay_01_store_published/review_shape.json
 create mode 100644 skills/photo-prompt-image-generator/data/runs/fashion-fit-integration-20261008/arm_2/retrieval_replay_01_store_published/revisions/157e3eba27da4fbabc402f05bb63fae0/visual_review_shape.json
 create mode 100644 skills/photo-prompt-image-generator/data/runs/fashion-fit-integration-20261008/arm_2/retrieval_replay_01_store_published/revisions/45e454c9ce154893b1e2b6e9e8d6f381/review_audit.json
 create mode 100644 skills/photo-prompt-image-generator/data/runs/fashion-fit-integration-20261008/arm_2/retrieval_replay_01_store_published/revisions/45e454c9ce154893b1e2b6e9e8d6f381/visual_review.json
 create mode 100644 skills/photo-prompt-image-generator/data/runs/fashion-fit-integration-20261008/arm_2/retrieval_replay_01_store_published/revisions/469d6fb6c19f469f970c2c31e8bb6ef8/composed.json
 create mode 100644 skills/photo-prompt-image-generator/data/runs/fashion-fit-integration-20261008/arm_2/retrieval_replay_01_store_published/revisions/469d6fb6c19f469f970c2c31e8bb6ef8/composed_audit.json
 create mode 100644 skills/photo-prompt-image-generator/data/runs/fashion-fit-integration-20261008/arm_2/retrieval_replay_01_store_published/revisions/4e26573e9a914196846631ba978d01fe/pack.json
 create mode 100644 skills/photo-prompt-image-generator/data/runs/fashion-fit-integration-20261008/arm_2/retrieval_replay_01_store_published/revisions/4e26573e9a914196846631ba978d01fe/runtime_receipt.json
 create mode 100644 skills/photo-prompt-image-generator/data/runs/fashion-fit-integration-20261008/arm_2/retrieval_replay_01_store_published/revisions/59b1e838ff314b6f9f4a974c8611958c/creative_controls.json
 create mode 100644 skills/photo-prompt-image-generator/data/runs/fashion-fit-integration-20261008/arm_2/retrieval_replay_01_store_published/revisions/907d7c5e1a67458b9cbaf9a4938385f0/authoring_shapes.json
 create mode 100644 skills/photo-prompt-image-generator/data/runs/fashion-fit-integration-20261008/arm_2/retrieval_replay_01_store_published/revisions/907d7c5e1a67458b9cbaf9a4938385f0/request_envelope_input.json
 create mode 100644 skills/photo-prompt-image-generator/data/runs/fashion-fit-integration-20261008/arm_2/retrieval_replay_01_store_published/revisions/907d7c5e1a67458b9cbaf9a4938385f0/request_raw.json
 create mode 100644 skills/photo-prompt-image-generator/data/runs/fashion-fit-integration-20261008/arm_2/retrieval_replay_01_store_published/revisions/b917cc66e073404baa1a2812bfeab221/native_plan.json
 create mode 100644 skills/photo-prompt-image-generator/data/runs/fashion-fit-integration-20261008/arm_2/retrieval_replay_01_store_published/revisions/cd305a88ea794148ab78cfc62084ccc1/render_request.json
 create mode 100644 skills/photo-prompt-image-generator/data/runs/fashion-fit-integration-20261008/arm_2/retrieval_replay_01_store_published/revisions/cd305a88ea794148ab78cfc62084ccc1/runtime_audit.json
 create mode 100644 skills/photo-prompt-image-generator/data/runs/fashion-fit-integration-20261008/arm_2/retrieval_replay_01_store_published/revisions/cdb1ba1d5d1145e89fe45d440eb87424/authorial_core_input.json
 create mode 100644 skills/photo-prompt-image-generator/data/runs/fashion-fit-integration-20261008/arm_2/retrieval_replay_01_store_published/revisions/cdb1ba1d5d1145e89fe45d440eb87424/authorial_core_normalized.json
 create mode 100644 skills/photo-prompt-image-generator/data/runs/fashion-fit-integration-20261008/arm_2/retrieval_replay_01_store_published/revisions/cdb1ba1d5d1145e89fe45d440eb87424/baseline.txt
 create mode 100644 skills/photo-prompt-image-generator/data/runs/fashion-fit-integration-20261008/arm_2/retrieval_replay_01_store_published/revisions/cdb1ba1d5d1145e89fe45d440eb87424/catalog.json
 create mode 100644 skills/photo-prompt-image-generator/data/runs/fashion-fit-integration-20261008/arm_2/retrieval_replay_01_store_published/revisions/cdb1ba1d5d1145e89fe45d440eb87424/embodiment_review.json
 create mode 100644 skills/photo-prompt-image-generator/data/runs/fashion-fit-integration-20261008/arm_2/retrieval_replay_01_store_published/revisions/cdb1ba1d5d1145e89fe45d440eb87424/feature_selection.json
 create mode 100644 skills/photo-prompt-image-generator/data/runs/fashion-fit-integration-20261008/arm_2/retrieval_replay_01_store_published/revisions/cdb1ba1d5d1145e89fe45d440eb87424/feature_selection_audit.json
 create mode 100644 skills/photo-prompt-image-generator/data/runs/fashion-fit-integration-20261008/arm_2/retrieval_replay_01_store_published/revisions/cdb1ba1d5d1145e89fe45d440eb87424/freeze_author_input_hashes.json
 create mode 100644 skills/photo-prompt-image-generator/data/runs/fashion-fit-integration-20261008/arm_2/retrieval_replay_01_store_published/revisions/cdb1ba1d5d1145e89fe45d440eb87424/freeze_receipt.json
 create mode 100644 skills/photo-prompt-image-generator/data/runs/fashion-fit-integration-20261008/arm_2/retrieval_replay_01_store_published/revisions/cdb1ba1d5d1145e89fe45d440eb87424/request_envelope_normalized.json
 create mode 100644 skills/photo-prompt-image-generator/data/runs/fashion-fit-integration-20261008/arm_2/retrieval_replay_01_store_published/spans.replay.json
 create mode 100644 skills/photo-prompt-image-generator/data/runs/fashion-fit-integration-20261008/arm_2/retrieval_replay_01_store_published/workflow.json
 create mode 100644 skills/photo-prompt-image-generator/data/runs/fashion-fit-integration-20261008/arm_2/revisions/357b2b10d67649b48175bfa746fbf1a0/authoring_shapes.json
 create mode 100644 skills/photo-prompt-image-generator/data/runs/fashion-fit-integration-20261008/arm_2/revisions/357b2b10d67649b48175bfa746fbf1a0/request_envelope_input.json
 create mode 100644 skills/photo-prompt-image-generator/data/runs/fashion-fit-integration-20261008/arm_2/revisions/357b2b10d67649b48175bfa746fbf1a0/request_raw.json
 create mode 100644 skills/photo-prompt-image-generator/data/runs/fashion-fit-integration-20261008/arm_2/revisions/7967261757f944e7800b8e0e2289ffd5/pack.json
 create mode 100644 skills/photo-prompt-image-generator/data/runs/fashion-fit-integration-20261008/arm_2/revisions/7967261757f944e7800b8e0e2289ffd5/runtime_receipt.json
 create mode 100644 skills/photo-prompt-image-generator/data/runs/fashion-fit-integration-20261008/arm_2/revisions/ca8135c5e1c64035a72a5e744ae6991d/creative_controls.json
 create mode 100644 skills/photo-prompt-image-generator/data/runs/fashion-fit-integration-20261008/arm_2/revisions/e4edb45aab0e4beca2860cfd64be99a0/authorial_core_input.json
 create mode 100644 skills/photo-prompt-image-generator/data/runs/fashion-fit-integration-20261008/arm_2/revisions/e4edb45aab0e4beca2860cfd64be99a0/authorial_core_normalized.json
 create mode 100644 skills/photo-prompt-image-generator/data/runs/fashion-fit-integration-20261008/arm_2/revisions/e4edb45aab0e4beca2860cfd64be99a0/baseline.txt
 create mode 100644 skills/photo-prompt-image-generator/data/runs/fashion-fit-integration-20261008/arm_2/revisions/e4edb45aab0e4beca2860cfd64be99a0/catalog.json
 create mode 100644 skills/photo-prompt-image-generator/data/runs/fashion-fit-integration-20261008/arm_2/revisions/e4edb45aab0e4beca2860cfd64be99a0/embodiment_review.json
 create mode 100644 skills/photo-prompt-image-generator/data/runs/fashion-fit-integration-20261008/arm_2/revisions/e4edb45aab0e4beca2860cfd64be99a0/feature_selection.json
 create mode 100644 skills/photo-prompt-image-generator/data/runs/fashion-fit-integration-20261008/arm_2/revisions/e4edb45aab0e4beca2860cfd64be99a0/feature_selection_audit.json
 create mode 100644 skills/photo-prompt-image-generator/data/runs/fashion-fit-integration-20261008/arm_2/revisions/e4edb45aab0e4beca2860cfd64be99a0/freeze_author_input_hashes.json
 create mode 100644 skills/photo-prompt-image-generator/data/runs/fashion-fit-integration-20261008/arm_2/revisions/e4edb45aab0e4beca2860cfd64be99a0/freeze_receipt.json
 create mode 100644 skills/photo-prompt-image-generator/data/runs/fashion-fit-integration-20261008/arm_2/revisions/e4edb45aab0e4beca2860cfd64be99a0/request_envelope_normalized.json
 create mode 100644 skills/photo-prompt-image-generator/data/runs/fashion-fit-integration-20261008/arm_2/run_manifest.json
 create mode 100644 skills/photo-prompt-image-generator/data/runs/fashion-fit-integration-20261008/arm_2/run_summary.json
 create mode 100644 skills/photo-prompt-image-generator/data/runs/fashion-fit-integration-20261008/arm_2/run_summary.md
 create mode 100644 skills/photo-prompt-image-generator/data/runs/fashion-fit-integration-20261008/arm_2/seed.agent.json
 create mode 100644 skills/photo-prompt-image-generator/data/runs/fashion-fit-integration-20261008/arm_2/terminal_verification.agent.json
 create mode 100644 skills/photo-prompt-image-generator/data/runs/fashion-fit-integration-20261008/arm_2/test_case.final.agent.json
 create mode 100644 skills/photo-prompt-image-generator/data/runs/fashion-fit-integration-20261008/arm_2/test_case.precore.agent.json
 create mode 100644 skills/photo-prompt-image-generator/data/runs/fashion-fit-integration-20261008/arm_2/transport.parameters.agent.json
 create mode 100644 skills/photo-prompt-image-generator/data/runs/fashion-fit-integration-20261008/arm_2/workflow.json
 create mode 100644 skills/photo-prompt-image-generator/data/runs/fashion-fit-integration-20261008/arm_3/.staging/cb340ab4aef14c65bc9b17b851125703.request.json
 create mode 100644 skills/photo-prompt-image-generator/data/runs/fashion-fit-integration-20261008/arm_3/.staging/d88dea6227c94abaa26aaacac47bc901.composed.json
 create mode 100644 skills/photo-prompt-image-generator/data/runs/fashion-fit-integration-20261008/arm_3/.staging/retrieve/pack.json
 create mode 100644 skills/photo-prompt-image-generator/data/runs/fashion-fit-integration-20261008/arm_3/.staging/retrieve/receipt.json
 create mode 100644 skills/photo-prompt-image-generator/data/runs/fashion-fit-integration-20261008/arm_3/.staging/retrieve/transaction.json
 create mode 100644 skills/photo-prompt-image-generator/data/runs/fashion-fit-integration-20261008/arm_3/attempt_1_ledger_preservation.json
 create mode 100644 skills/photo-prompt-image-generator/data/runs/fashion-fit-integration-20261008/arm_3/attempt_1_ledger_row.json
 create mode 100644 skills/photo-prompt-image-generator/data/runs/fashion-fit-integration-20261008/arm_3/attempt_1_ledger_snapshot.ndjson
 create mode 100644 skills/photo-prompt-image-generator/data/runs/fashion-fit-integration-20261008/arm_3/attempt_1_manifest.json
 create mode 100644 skills/photo-prompt-image-generator/data/runs/fashion-fit-integration-20261008/arm_3/attempt_2_manifest.json
 create mode 100644 skills/photo-prompt-image-generator/data/runs/fashion-fit-integration-20261008/arm_3/authorial_core_input.json
 create mode 100644 skills/photo-prompt-image-generator/data/runs/fashion-fit-integration-20261008/arm_3/authorization_scope.json
 create mode 100644 skills/photo-prompt-image-generator/data/runs/fashion-fit-integration-20261008/arm_3/baseline_canonical.txt
 create mode 100644 skills/photo-prompt-image-generator/data/runs/fashion-fit-integration-20261008/arm_3/baseline_draft.txt
 create mode 100644 skills/photo-prompt-image-generator/data/runs/fashion-fit-integration-20261008/arm_3/candidate_pack.json
 create mode 100644 skills/photo-prompt-image-generator/data/runs/fashion-fit-integration-20261008/arm_3/compose_audit_output.json
 create mode 100644 skills/photo-prompt-image-generator/data/runs/fashion-fit-integration-20261008/arm_3/composed_audit.json
 create mode 100644 skills/photo-prompt-image-generator/data/runs/fashion-fit-integration-20261008/arm_3/composed_prompt.json
 create mode 100644 skills/photo-prompt-image-generator/data/runs/fashion-fit-integration-20261008/arm_3/composed_prompt_input.json
 create mode 100644 skills/photo-prompt-image-generator/data/runs/fashion-fit-integration-20261008/arm_3/composer_view.json
 create mode 100644 skills/photo-prompt-image-generator/data/runs/fashion-fit-integration-20261008/arm_3/core_freeze_receipt.json
 create mode 100644 skills/photo-prompt-image-generator/data/runs/fashion-fit-integration-20261008/arm_3/creative_context_input.json
 create mode 100644 skills/photo-prompt-image-generator/data/runs/fashion-fit-integration-20261008/arm_3/data_effect_chain.json
 create mode 100644 skills/photo-prompt-image-generator/data/runs/fashion-fit-integration-20261008/arm_3/embodiment_review_input.json
 create mode 100644 skills/photo-prompt-image-generator/data/runs/fashion-fit-integration-20261008/arm_3/final_prompt_en.txt
 create mode 100644 skills/photo-prompt-image-generator/data/runs/fashion-fit-integration-20261008/arm_3/final_summary.json
 create mode 100644 skills/photo-prompt-image-generator/data/runs/fashion-fit-integration-20261008/arm_3/final_summary.md
 create mode 100644 skills/photo-prompt-image-generator/data/runs/fashion-fit-integration-20261008/arm_3/fit_pixel_review_attempt_1.json
 create mode 100644 skills/photo-prompt-image-generator/data/runs/fashion-fit-integration-20261008/arm_3/generated_images/native_attempt_1.png
 create mode 100644 skills/photo-prompt-image-generator/data/runs/fashion-fit-integration-20261008/arm_3/generated_images/native_attempt_2.png
 create mode 100644 skills/photo-prompt-image-generator/data/runs/fashion-fit-integration-20261008/arm_3/image_runs.ndjson
 create mode 100644 skills/photo-prompt-image-generator/data/runs/fashion-fit-integration-20261008/arm_3/image_runs.ndjson.retry-reservations.json
 create mode 100644 skills/photo-prompt-image-generator/data/runs/fashion-fit-integration-20261008/arm_3/integration_ready_record.json
 create mode 100644 skills/photo-prompt-image-generator/data/runs/fashion-fit-integration-20261008/arm_3/native_pixel_review_attempt_1.json
 create mode 100644 skills/photo-prompt-image-generator/data/runs/fashion-fit-integration-20261008/arm_3/native_plan.json
 create mode 100644 skills/photo-prompt-image-generator/data/runs/fashion-fit-integration-20261008/arm_3/native_plan_output.json
 create mode 100644 skills/photo-prompt-image-generator/data/runs/fashion-fit-integration-20261008/arm_3/native_tool_output_metadata.json
 create mode 100644 skills/photo-prompt-image-generator/data/runs/fashion-fit-integration-20261008/arm_3/native_tool_request.json
 create mode 100644 skills/photo-prompt-image-generator/data/runs/fashion-fit-integration-20261008/arm_3/new_candidate_details.json
 create mode 100644 skills/photo-prompt-image-generator/data/runs/fashion-fit-integration-20261008/arm_3/operations/814727d77ca34ce0869fff55f17c9c79.observation.json
 create mode 100644 skills/photo-prompt-image-generator/data/runs/fashion-fit-integration-20261008/arm_3/pre_retrieval_boundary_record.json
 create mode 100644 skills/photo-prompt-image-generator/data/runs/fashion-fit-integration-20261008/arm_3/precore_feature_selection_input.json
 create mode 100644 skills/photo-prompt-image-generator/data/runs/fashion-fit-integration-20261008/arm_3/random_concept_selection.json
 create mode 100644 skills/photo-prompt-image-generator/data/runs/fashion-fit-integration-20261008/arm_3/render_request.json
 create mode 100644 skills/photo-prompt-image-generator/data/runs/fashion-fit-integration-20261008/arm_3/render_review_audit.json
 create mode 100644 skills/photo-prompt-image-generator/data/runs/fashion-fit-integration-20261008/arm_3/render_review_audit_attempt_1.json
 create mode 100644 skills/photo-prompt-image-generator/data/runs/fashion-fit-integration-20261008/arm_3/repair_decision.json
 create mode 100644 skills/photo-prompt-image-generator/data/runs/fashion-fit-integration-20261008/arm_3/repair_prepare_output.json
 create mode 100644 skills/photo-prompt-image-generator/data/runs/fashion-fit-integration-20261008/arm_3/repair_projection/private/attempt.json
 create mode 100644 skills/photo-prompt-image-generator/data/runs/fashion-fit-integration-20261008/arm_3/repair_projection/private/current_envelope.json
 create mode 100644 skills/photo-prompt-image-generator/data/runs/fashion-fit-integration-20261008/arm_3/repair_projection/private/decision.json
 create mode 100644 skills/photo-prompt-image-generator/data/runs/fashion-fit-integration-20261008/arm_3/repair_projection/private/retry_coordinator_diagnostics.json
 create mode 100644 skills/photo-prompt-image-generator/data/runs/fashion-fit-integration-20261008/arm_3/repair_projection/retry_context.json
 create mode 100644 skills/photo-prompt-image-generator/data/runs/fashion-fit-integration-20261008/arm_3/repair_projection/retry_projection_audit.json
 create mode 100644 skills/photo-prompt-image-generator/data/runs/fashion-fit-integration-20261008/arm_3/repair_projection/retry_proof.json
 create mode 100644 skills/photo-prompt-image-generator/data/runs/fashion-fit-integration-20261008/arm_3/repair_proposal.json
 create mode 100644 skills/photo-prompt-image-generator/data/runs/fashion-fit-integration-20261008/arm_3/repair_raw_request.txt
 create mode 100644 skills/photo-prompt-image-generator/data/runs/fashion-fit-integration-20261008/arm_3/repair_request_envelope_input.json
 create mode 100644 skills/photo-prompt-image-generator/data/runs/fashion-fit-integration-20261008/arm_3/repair_request_spans.json
 create mode 100644 skills/photo-prompt-image-generator/data/runs/fashion-fit-integration-20261008/arm_3/repair_run/.staging/19f4a852726f46a8b2ba600409695c89.composed.json
 create mode 100644 skills/photo-prompt-image-generator/data/runs/fashion-fit-integration-20261008/arm_3/repair_run/.staging/6ccd68681be64610b92f63940891dffb.request.json
 create mode 100644 skills/photo-prompt-image-generator/data/runs/fashion-fit-integration-20261008/arm_3/repair_run/.staging/retrieve/pack.json
 create mode 100644 skills/photo-prompt-image-generator/data/runs/fashion-fit-integration-20261008/arm_3/repair_run/.staging/retrieve/receipt.json
 create mode 100644 skills/photo-prompt-image-generator/data/runs/fashion-fit-integration-20261008/arm_3/repair_run/.staging/retrieve/transaction.json
 create mode 100644 skills/photo-prompt-image-generator/data/runs/fashion-fit-integration-20261008/arm_3/repair_run/authorial_core_input.json
 create mode 100644 skills/photo-prompt-image-generator/data/runs/fashion-fit-integration-20261008/arm_3/repair_run/authorization_scope.json
 create mode 100644 skills/photo-prompt-image-generator/data/runs/fashion-fit-integration-20261008/arm_3/repair_run/baseline_canonical.txt
 create mode 100644 skills/photo-prompt-image-generator/data/runs/fashion-fit-integration-20261008/arm_3/repair_run/baseline_draft.txt
 create mode 100644 skills/photo-prompt-image-generator/data/runs/fashion-fit-integration-20261008/arm_3/repair_run/candidate_details.json
 create mode 100644 skills/photo-prompt-image-generator/data/runs/fashion-fit-integration-20261008/arm_3/repair_run/compose_output.json
 create mode 100644 skills/photo-prompt-image-generator/data/runs/fashion-fit-integration-20261008/arm_3/repair_run/composed.json
 create mode 100644 skills/photo-prompt-image-generator/data/runs/fashion-fit-integration-20261008/arm_3/repair_run/composed_audit.json
 create mode 100644 skills/photo-prompt-image-generator/data/runs/fashion-fit-integration-20261008/arm_3/repair_run/composed_input.json
 create mode 100644 skills/photo-prompt-image-generator/data/runs/fashion-fit-integration-20261008/arm_3/repair_run/composer_view.json
 create mode 100644 skills/photo-prompt-image-generator/data/runs/fashion-fit-integration-20261008/arm_3/repair_run/data_effect_chain.json
 create mode 100644 skills/photo-prompt-image-generator/data/runs/fashion-fit-integration-20261008/arm_3/repair_run/embodiment_review_input.json
 create mode 100644 skills/photo-prompt-image-generator/data/runs/fashion-fit-integration-20261008/arm_3/repair_run/final_prompt_en.txt
 create mode 100644 skills/photo-prompt-image-generator/data/runs/fashion-fit-integration-20261008/arm_3/repair_run/fit_pixel_review.json
 create mode 100644 skills/photo-prompt-image-generator/data/runs/fashion-fit-integration-20261008/arm_3/repair_run/freeze_receipt.json
 create mode 100644 skills/photo-prompt-image-generator/data/runs/fashion-fit-integration-20261008/arm_3/repair_run/generic_pixel_review.json
 create mode 100644 skills/photo-prompt-image-generator/data/runs/fashion-fit-integration-20261008/arm_3/repair_run/ledger_row.json
 create mode 100644 skills/photo-prompt-image-generator/data/runs/fashion-fit-integration-20261008/arm_3/repair_run/ledger_snapshot.ndjson
 create mode 100644 skills/photo-prompt-image-generator/data/runs/fashion-fit-integration-20261008/arm_3/repair_run/manifest_provenance.json
 create mode 100644 skills/photo-prompt-image-generator/data/runs/fashion-fit-integration-20261008/arm_3/repair_run/native_bridge_source.js
 create mode 100644 skills/photo-prompt-image-generator/data/runs/fashion-fit-integration-20261008/arm_3/repair_run/native_pixel_review.json
 create mode 100644 skills/photo-prompt-image-generator/data/runs/fashion-fit-integration-20261008/arm_3/repair_run/native_pixel_review_final.json
 create mode 100644 skills/photo-prompt-image-generator/data/runs/fashion-fit-integration-20261008/arm_3/repair_run/native_plan.json
 create mode 100644 skills/photo-prompt-image-generator/data/runs/fashion-fit-integration-20261008/arm_3/repair_run/native_plan_output.json
 create mode 100644 skills/photo-prompt-image-generator/data/runs/fashion-fit-integration-20261008/arm_3/repair_run/native_tool_output_metadata.json
 create mode 100644 skills/photo-prompt-image-generator/data/runs/fashion-fit-integration-20261008/arm_3/repair_run/native_tool_request.json
 create mode 100644 skills/photo-prompt-image-generator/data/runs/fashion-fit-integration-20261008/arm_3/repair_run/operations/63dffddf6be343fca228b56f92ea28a2.observation.json
 create mode 100644 skills/photo-prompt-image-generator/data/runs/fashion-fit-integration-20261008/arm_3/repair_run/pack.json
 create mode 100644 skills/photo-prompt-image-generator/data/runs/fashion-fit-integration-20261008/arm_3/repair_run/precore_feature_selection_input.json
 create mode 100644 skills/photo-prompt-image-generator/data/runs/fashion-fit-integration-20261008/arm_3/repair_run/prepare_render_output.json
 create mode 100644 skills/photo-prompt-image-generator/data/runs/fashion-fit-integration-20261008/arm_3/repair_run/render_request.json
 create mode 100644 skills/photo-prompt-image-generator/data/runs/fashion-fit-integration-20261008/arm_3/repair_run/render_review_audit.json
 create mode 100644 skills/photo-prompt-image-generator/data/runs/fashion-fit-integration-20261008/arm_3/repair_run/retrieve_output.json
 create mode 100644 skills/photo-prompt-image-generator/data/runs/fashion-fit-integration-20261008/arm_3/repair_run/retry_authoring_order.json
 create mode 100644 skills/photo-prompt-image-generator/data/runs/fashion-fit-integration-20261008/arm_3/repair_run/review_audit_final_output.json
 create mode 100644 skills/photo-prompt-image-generator/data/runs/fashion-fit-integration-20261008/arm_3/repair_run/review_audit_output.json
 create mode 100644 skills/photo-prompt-image-generator/data/runs/fashion-fit-integration-20261008/arm_3/repair_run/review_previews/native_attempt_2.png.png
 create mode 100644 skills/photo-prompt-image-generator/data/runs/fashion-fit-integration-20261008/arm_3/repair_run/review_record_enum_correction.json
 create mode 100644 skills/photo-prompt-image-generator/data/runs/fashion-fit-integration-20261008/arm_3/repair_run/review_record_validation_error.json
 create mode 100644 skills/photo-prompt-image-generator/data/runs/fashion-fit-integration-20261008/arm_3/repair_run/review_shape_output.json
 create mode 100644 skills/photo-prompt-image-generator/data/runs/fashion-fit-integration-20261008/arm_3/repair_run/revisions/34a8d6bb4d8f44e08e6dd0951b397e2b/generic_review.json
 create mode 100644 skills/photo-prompt-image-generator/data/runs/fashion-fit-integration-20261008/arm_3/repair_run/revisions/34a8d6bb4d8f44e08e6dd0951b397e2b/review_audit.json
 create mode 100644 skills/photo-prompt-image-generator/data/runs/fashion-fit-integration-20261008/arm_3/repair_run/revisions/34a8d6bb4d8f44e08e6dd0951b397e2b/visual_review.json
 create mode 100644 skills/photo-prompt-image-generator/data/runs/fashion-fit-integration-20261008/arm_3/repair_run/revisions/36bf5dd8746945d0ba12a27fb4332654/authorial_core_input.json
 create mode 100644 skills/photo-prompt-image-generator/data/runs/fashion-fit-integration-20261008/arm_3/repair_run/revisions/36bf5dd8746945d0ba12a27fb4332654/authorial_core_normalized.json
 create mode 100644 skills/photo-prompt-image-generator/data/runs/fashion-fit-integration-20261008/arm_3/repair_run/revisions/36bf5dd8746945d0ba12a27fb4332654/baseline.txt
 create mode 100644 skills/photo-prompt-image-generator/data/runs/fashion-fit-integration-20261008/arm_3/repair_run/revisions/36bf5dd8746945d0ba12a27fb4332654/catalog.json
 create mode 100644 skills/photo-prompt-image-generator/data/runs/fashion-fit-integration-20261008/arm_3/repair_run/revisions/36bf5dd8746945d0ba12a27fb4332654/embodiment_review.json
 create mode 100644 skills/photo-prompt-image-generator/data/runs/fashion-fit-integration-20261008/arm_3/repair_run/revisions/36bf5dd8746945d0ba12a27fb4332654/feature_selection.json
 create mode 100644 skills/photo-prompt-image-generator/data/runs/fashion-fit-integration-20261008/arm_3/repair_run/revisions/36bf5dd8746945d0ba12a27fb4332654/feature_selection_audit.json
 create mode 100644 skills/photo-prompt-image-generator/data/runs/fashion-fit-integration-20261008/arm_3/repair_run/revisions/36bf5dd8746945d0ba12a27fb4332654/freeze_author_input_hashes.json
 create mode 100644 skills/photo-prompt-image-generator/data/runs/fashion-fit-integration-20261008/arm_3/repair_run/revisions/36bf5dd8746945d0ba12a27fb4332654/freeze_receipt.json
 create mode 100644 skills/photo-prompt-image-generator/data/runs/fashion-fit-integration-20261008/arm_3/repair_run/revisions/36bf5dd8746945d0ba12a27fb4332654/request_envelope_normalized.json
 create mode 100644 skills/photo-prompt-image-generator/data/runs/fashion-fit-integration-20261008/arm_3/repair_run/revisions/7a025ec3d5fc40309ec94cc312481c63/retry_context.json
 create mode 100644 skills/photo-prompt-image-generator/data/runs/fashion-fit-integration-20261008/arm_3/repair_run/revisions/7a025ec3d5fc40309ec94cc312481c63/retry_proof.json
 create mode 100644 skills/photo-prompt-image-generator/data/runs/fashion-fit-integration-20261008/arm_3/repair_run/revisions/88a8fb80b6454b66bbb227be24727207/creative_controls.json
 create mode 100644 skills/photo-prompt-image-generator/data/runs/fashion-fit-integration-20261008/arm_3/repair_run/revisions/97051ce3d676427ca7c7f39ec218aacb/composed.json
 create mode 100644 skills/photo-prompt-image-generator/data/runs/fashion-fit-integration-20261008/arm_3/repair_run/revisions/97051ce3d676427ca7c7f39ec218aacb/composed_audit.json
 create mode 100644 skills/photo-prompt-image-generator/data/runs/fashion-fit-integration-20261008/arm_3/repair_run/revisions/a0ac320c17a841e0baece6dabe47e3e3/authoring_shapes.json
 create mode 100644 skills/photo-prompt-image-generator/data/runs/fashion-fit-integration-20261008/arm_3/repair_run/revisions/a0ac320c17a841e0baece6dabe47e3e3/request_envelope_input.json
 create mode 100644 skills/photo-prompt-image-generator/data/runs/fashion-fit-integration-20261008/arm_3/repair_run/revisions/a0ac320c17a841e0baece6dabe47e3e3/request_raw.json
 create mode 100644 skills/photo-prompt-image-generator/data/runs/fashion-fit-integration-20261008/arm_3/repair_run/revisions/a281ba3a80014d1b8c9efc2f925df7f2/pack.json
 create mode 100644 skills/photo-prompt-image-generator/data/runs/fashion-fit-integration-20261008/arm_3/repair_run/revisions/a281ba3a80014d1b8c9efc2f925df7f2/runtime_receipt.json
 create mode 100644 skills/photo-prompt-image-generator/data/runs/fashion-fit-integration-20261008/arm_3/repair_run/revisions/b509701708f048ff992f20c72acbfc5e/render_request.json
 create mode 100644 skills/photo-prompt-image-generator/data/runs/fashion-fit-integration-20261008/arm_3/repair_run/revisions/b509701708f048ff992f20c72acbfc5e/runtime_audit.json
 create mode 100644 skills/photo-prompt-image-generator/data/runs/fashion-fit-integration-20261008/arm_3/repair_run/revisions/bf83b143d9504484a74f5fa69258623f/native_plan.json
 create mode 100644 skills/photo-prompt-image-generator/data/runs/fashion-fit-integration-20261008/arm_3/repair_run/revisions/cad0b3dca1634a01ac24d0de46f87d69/generic_review_shape.json
 create mode 100644 skills/photo-prompt-image-generator/data/runs/fashion-fit-integration-20261008/arm_3/repair_run/revisions/cad0b3dca1634a01ac24d0de46f87d69/visual_review_shape.json
 create mode 100644 skills/photo-prompt-image-generator/data/runs/fashion-fit-integration-20261008/arm_3/repair_run/run_manifest.json
 create mode 100644 skills/photo-prompt-image-generator/data/runs/fashion-fit-integration-20261008/arm_3/repair_run/runtime_audit.json
 create mode 100644 skills/photo-prompt-image-generator/data/runs/fashion-fit-integration-20261008/arm_3/repair_run/runtime_receipt.json
 create mode 100644 skills/photo-prompt-image-generator/data/runs/fashion-fit-integration-20261008/arm_3/repair_run/runtime_source_hashes.json
 create mode 100644 skills/photo-prompt-image-generator/data/runs/fashion-fit-integration-20261008/arm_3/repair_run/save_native_return.py
 create mode 100644 skills/photo-prompt-image-generator/data/runs/fashion-fit-integration-20261008/arm_3/repair_run/test_case.json
 create mode 100644 skills/photo-prompt-image-generator/data/runs/fashion-fit-integration-20261008/arm_3/repair_run/thumbnail_observation.json
 create mode 100644 skills/photo-prompt-image-generator/data/runs/fashion-fit-integration-20261008/arm_3/repair_run/transport_parameters.json
 create mode 100644 skills/photo-prompt-image-generator/data/runs/fashion-fit-integration-20261008/arm_3/repair_run/whole_image_review.json
 create mode 100644 skills/photo-prompt-image-generator/data/runs/fashion-fit-integration-20261008/arm_3/repair_run/workflow.json
 create mode 100644 skills/photo-prompt-image-generator/data/runs/fashion-fit-integration-20261008/arm_3/repair_runtime_publication.json
 create mode 100644 skills/photo-prompt-image-generator/data/runs/fashion-fit-integration-20261008/arm_3/review_candidate_details.json
 create mode 100644 skills/photo-prompt-image-generator/data/runs/fashion-fit-integration-20261008/arm_3/review_shapes.json
 create mode 100644 skills/photo-prompt-image-generator/data/runs/fashion-fit-integration-20261008/arm_3/revisions/34c0a5bb0f264694b3a65996261dea56/render_request.json
 create mode 100644 skills/photo-prompt-image-generator/data/runs/fashion-fit-integration-20261008/arm_3/revisions/34c0a5bb0f264694b3a65996261dea56/runtime_audit.json
 create mode 100644 skills/photo-prompt-image-generator/data/runs/fashion-fit-integration-20261008/arm_3/revisions/51fe42b1d08743af8c589d522a70062d/creative_controls.json
 create mode 100644 skills/photo-prompt-image-generator/data/runs/fashion-fit-integration-20261008/arm_3/revisions/5b26bbe2dad5484193a12a79ba38213d/review_audit.json
 create mode 100644 skills/photo-prompt-image-generator/data/runs/fashion-fit-integration-20261008/arm_3/revisions/5b26bbe2dad5484193a12a79ba38213d/visual_review.json
 create mode 100644 skills/photo-prompt-image-generator/data/runs/fashion-fit-integration-20261008/arm_3/revisions/6233b95efde24241ada25617b99886f3/visual_review_shape.json
 create mode 100644 skills/photo-prompt-image-generator/data/runs/fashion-fit-integration-20261008/arm_3/revisions/7a4fd3badca144e6a2b331db9e28e2d2/authoring_shapes.json
 create mode 100644 skills/photo-prompt-image-generator/data/runs/fashion-fit-integration-20261008/arm_3/revisions/7a4fd3badca144e6a2b331db9e28e2d2/request_envelope_input.json
 create mode 100644 skills/photo-prompt-image-generator/data/runs/fashion-fit-integration-20261008/arm_3/revisions/7a4fd3badca144e6a2b331db9e28e2d2/request_raw.json
 create mode 100644 skills/photo-prompt-image-generator/data/runs/fashion-fit-integration-20261008/arm_3/revisions/a5f3e860cf824793b7c2c44aa85c30e1/authorial_core_input.json
 create mode 100644 skills/photo-prompt-image-generator/data/runs/fashion-fit-integration-20261008/arm_3/revisions/a5f3e860cf824793b7c2c44aa85c30e1/authorial_core_normalized.json
 create mode 100644 skills/photo-prompt-image-generator/data/runs/fashion-fit-integration-20261008/arm_3/revisions/a5f3e860cf824793b7c2c44aa85c30e1/baseline.txt
 create mode 100644 skills/photo-prompt-image-generator/data/runs/fashion-fit-integration-20261008/arm_3/revisions/a5f3e860cf824793b7c2c44aa85c30e1/catalog.json
 create mode 100644 skills/photo-prompt-image-generator/data/runs/fashion-fit-integration-20261008/arm_3/revisions/a5f3e860cf824793b7c2c44aa85c30e1/embodiment_review.json
 create mode 100644 skills/photo-prompt-image-generator/data/runs/fashion-fit-integration-20261008/arm_3/revisions/a5f3e860cf824793b7c2c44aa85c30e1/feature_selection.json
 create mode 100644 skills/photo-prompt-image-generator/data/runs/fashion-fit-integration-20261008/arm_3/revisions/a5f3e860cf824793b7c2c44aa85c30e1/feature_selection_audit.json
 create mode 100644 skills/photo-prompt-image-generator/data/runs/fashion-fit-integration-20261008/arm_3/revisions/a5f3e860cf824793b7c2c44aa85c30e1/freeze_author_input_hashes.json
 create mode 100644 skills/photo-prompt-image-generator/data/runs/fashion-fit-integration-20261008/arm_3/revisions/a5f3e860cf824793b7c2c44aa85c30e1/freeze_receipt.json
 create mode 100644 skills/photo-prompt-image-generator/data/runs/fashion-fit-integration-20261008/arm_3/revisions/a5f3e860cf824793b7c2c44aa85c30e1/request_envelope_normalized.json
 create mode 100644 skills/photo-prompt-image-generator/data/runs/fashion-fit-integration-20261008/arm_3/revisions/b75e55bade0b469ea9079e8c83eac948/pack.json
 create mode 100644 skills/photo-prompt-image-generator/data/runs/fashion-fit-integration-20261008/arm_3/revisions/b75e55bade0b469ea9079e8c83eac948/runtime_receipt.json
 create mode 100644 skills/photo-prompt-image-generator/data/runs/fashion-fit-integration-20261008/arm_3/revisions/b9b6907c80af46e0a2aba40952dab3d0/native_plan.json
 create mode 100644 skills/photo-prompt-image-generator/data/runs/fashion-fit-integration-20261008/arm_3/revisions/e5e55d8ea2664200a54343f39011bcbc/composed.json
 create mode 100644 skills/photo-prompt-image-generator/data/runs/fashion-fit-integration-20261008/arm_3/revisions/e5e55d8ea2664200a54343f39011bcbc/composed_audit.json
 create mode 100644 skills/photo-prompt-image-generator/data/runs/fashion-fit-integration-20261008/arm_3/run_manifest.json
 create mode 100644 skills/photo-prompt-image-generator/data/runs/fashion-fit-integration-20261008/arm_3/runtime_audit.json
 create mode 100644 skills/photo-prompt-image-generator/data/runs/fashion-fit-integration-20261008/arm_3/runtime_audit_output.json
 create mode 100644 skills/photo-prompt-image-generator/data/runs/fashion-fit-integration-20261008/arm_3/runtime_receipt.json
 create mode 100644 skills/photo-prompt-image-generator/data/runs/fashion-fit-integration-20261008/arm_3/runtime_source_hashes.json
 create mode 100644 skills/photo-prompt-image-generator/data/runs/fashion-fit-integration-20261008/arm_3/skill_snapshot.md
 create mode 100644 skills/photo-prompt-image-generator/data/runs/fashion-fit-integration-20261008/arm_3/source_successor_comparison.json
 create mode 100644 skills/photo-prompt-image-generator/data/runs/fashion-fit-integration-20261008/arm_3/test_case.json
 create mode 100644 skills/photo-prompt-image-generator/data/runs/fashion-fit-integration-20261008/arm_3/transport_parameters.json
 create mode 100644 skills/photo-prompt-image-generator/data/runs/fashion-fit-integration-20261008/arm_3/whole_image_review_attempt_1.json
 create mode 100644 skills/photo-prompt-image-generator/data/runs/fashion-fit-integration-20261008/arm_3/workflow.json
 create mode 100644 skills/photo-prompt-image-generator/data/runs/fashion-fit-integration-20261008/reference_control.jpeg
 create mode 100644 skills/photo-prompt-image-generator/data/runs/fashion-fit-integration-20261008/request.txt
 create mode 100644 skills/photo-prompt-image-generator/data/runs/fashion-fit-integration-20261008/results/arm1_attempt1.png
 create mode 100644 skills/photo-prompt-image-generator/data/runs/fashion-fit-integration-20261008/results/arm1_attempt2.png
 create mode 100644 skills/photo-prompt-image-generator/data/runs/fashion-fit-integration-20261008/results/arm2_attempt1.png
 create mode 100644 skills/photo-prompt-image-generator/data/runs/fashion-fit-integration-20261008/results/arm3_attempt1.png
 create mode 100644 skills/photo-prompt-image-generator/data/runs/fashion-fit-integration-20261008/results/arm3_attempt2.png
 create mode 100644 tests/test_photo_fashion_fit_semantics.py
